-- Generated by Craft v2.6.2974 on 02 мая 2017 г., 14:24:46.

--
-- Disable foreign key checks and autocommit.
--

SET FOREIGN_KEY_CHECKS = 0;
SET SQL_MODE = "NO_AUTO_VALUE_ON_ZERO";
SET AUTOCOMMIT = 0;
SET NAMES utf8;


DROP TABLE IF EXISTS `craft_assetfiles`;


--
-- Schema for table `craft_assetfiles`
--
CREATE TABLE `craft_assetfiles` (
  `id` int(11) NOT NULL,
  `sourceId` int(11) DEFAULT NULL,
  `folderId` int(11) NOT NULL,
  `filename` varchar(255) COLLATE utf8_unicode_ci NOT NULL,
  `kind` varchar(50) COLLATE utf8_unicode_ci NOT NULL DEFAULT 'unknown',
  `width` int(11) unsigned DEFAULT NULL,
  `height` int(11) unsigned DEFAULT NULL,
  `size` bigint(20) unsigned DEFAULT NULL,
  `dateModified` datetime DEFAULT NULL,
  `dateCreated` datetime NOT NULL,
  `dateUpdated` datetime NOT NULL,
  `uid` char(36) COLLATE utf8_unicode_ci NOT NULL DEFAULT '0',
  PRIMARY KEY (`id`),
  UNIQUE KEY `craft_assetfiles_filename_folderId_unq_idx` (`filename`,`folderId`),
  KEY `craft_assetfiles_sourceId_fk` (`sourceId`),
  KEY `craft_assetfiles_folderId_fk` (`folderId`)
) ENGINE=InnoDB DEFAULT CHARSET=utf8 COLLATE=utf8_unicode_ci;

DROP TABLE IF EXISTS `craft_assetfolders`;


--
-- Schema for table `craft_assetfolders`
--
CREATE TABLE `craft_assetfolders` (
  `id` int(11) NOT NULL AUTO_INCREMENT,
  `parentId` int(11) DEFAULT NULL,
  `sourceId` int(11) DEFAULT NULL,
  `name` varchar(255) COLLATE utf8_unicode_ci NOT NULL,
  `path` varchar(255) COLLATE utf8_unicode_ci DEFAULT NULL,
  `dateCreated` datetime NOT NULL,
  `dateUpdated` datetime NOT NULL,
  `uid` char(36) COLLATE utf8_unicode_ci NOT NULL DEFAULT '0',
  PRIMARY KEY (`id`),
  UNIQUE KEY `craft_assetfolders_name_parentId_sourceId_unq_idx` (`name`,`parentId`,`sourceId`),
  KEY `craft_assetfolders_parentId_fk` (`parentId`),
  KEY `craft_assetfolders_sourceId_fk` (`sourceId`)
) ENGINE=InnoDB AUTO_INCREMENT=7 DEFAULT CHARSET=utf8 COLLATE=utf8_unicode_ci;

--
-- Data for table `craft_assetfolders`
--

INSERT INTO `craft_assetfolders` (`id`, `parentId`, `sourceId`, `name`, `path`, `dateCreated`, `dateUpdated`, `uid`) VALUES
 ('1', NULL, '1', 'Документы', '', '2017-04-28 09:48:56', '2017-04-28 09:48:56', '13bf577c-00ca-42b0-8434-ad930b5c3830'),
 ('2', NULL, '2', 'Изображения', '', '2017-04-28 09:50:46', '2017-04-28 09:50:46', 'c0adbcd8-54e6-463a-b93c-ab4846cf5bb3'),
 ('3', NULL, NULL, 'Temporary source', NULL, '2017-04-28 09:57:30', '2017-04-28 09:57:30', 'b3b0fe48-3d14-4f99-a299-3e74d56d1d5f'),
 ('4', '3', NULL, 'user_1', 'user_1/', '2017-04-28 09:57:30', '2017-04-28 09:57:30', '6b1fc065-a3a4-4c38-80d4-af10fd20ddf6'),
 ('5', '4', NULL, 'field_33', 'user_1/field_33/', '2017-04-28 09:57:30', '2017-04-28 09:57:30', 'cefd491f-46f1-458d-9239-a40f7c56f654'),
 ('6', '2', '2', 'design', 'design/', '2017-04-28 09:58:10', '2017-04-28 09:58:10', '6933295c-bce0-4485-a7e1-8e308be2670e');



DROP TABLE IF EXISTS `craft_assetindexdata`;


--
-- Schema for table `craft_assetindexdata`
--
CREATE TABLE `craft_assetindexdata` (
  `id` int(11) NOT NULL AUTO_INCREMENT,
  `sessionId` varchar(36) COLLATE utf8_unicode_ci NOT NULL DEFAULT '',
  `sourceId` int(10) NOT NULL,
  `offset` int(10) NOT NULL,
  `uri` varchar(255) COLLATE utf8_unicode_ci DEFAULT NULL,
  `size` varchar(255) COLLATE utf8_unicode_ci DEFAULT NULL,
  `recordId` int(10) DEFAULT NULL,
  `dateCreated` datetime NOT NULL,
  `dateUpdated` datetime NOT NULL,
  `uid` char(36) COLLATE utf8_unicode_ci NOT NULL DEFAULT '0',
  PRIMARY KEY (`id`),
  UNIQUE KEY `craft_assetindexdata_sessionId_sourceId_offset_unq_idx` (`sessionId`,`sourceId`,`offset`),
  KEY `craft_assetindexdata_sourceId_fk` (`sourceId`)
) ENGINE=InnoDB DEFAULT CHARSET=utf8 COLLATE=utf8_unicode_ci;

DROP TABLE IF EXISTS `craft_assetsources`;


--
-- Schema for table `craft_assetsources`
--
CREATE TABLE `craft_assetsources` (
  `id` int(11) NOT NULL AUTO_INCREMENT,
  `name` varchar(255) COLLATE utf8_unicode_ci NOT NULL,
  `handle` varchar(255) COLLATE utf8_unicode_ci NOT NULL,
  `type` varchar(150) COLLATE utf8_unicode_ci NOT NULL,
  `settings` text COLLATE utf8_unicode_ci,
  `sortOrder` smallint(6) unsigned DEFAULT NULL,
  `fieldLayoutId` int(10) DEFAULT NULL,
  `dateCreated` datetime NOT NULL,
  `dateUpdated` datetime NOT NULL,
  `uid` char(36) COLLATE utf8_unicode_ci NOT NULL DEFAULT '0',
  PRIMARY KEY (`id`),
  UNIQUE KEY `craft_assetsources_name_unq_idx` (`name`),
  UNIQUE KEY `craft_assetsources_handle_unq_idx` (`handle`),
  KEY `craft_assetsources_fieldLayoutId_fk` (`fieldLayoutId`)
) ENGINE=InnoDB AUTO_INCREMENT=3 DEFAULT CHARSET=utf8 COLLATE=utf8_unicode_ci;

--
-- Data for table `craft_assetsources`
--

INSERT INTO `craft_assetsources` (`id`, `name`, `handle`, `type`, `settings`, `sortOrder`, `fieldLayoutId`, `dateCreated`, `dateUpdated`, `uid`) VALUES
 ('1', 'Документы', 'rDocs', 'Local', '{\"path\":\"{basePath}files\\/docs\\/\",\"publicURLs\":\"1\",\"url\":\"{baseUrl}files\\/docs\\/\"}', '1', '31', '2017-04-28 09:48:56', '2017-04-28 09:48:56', '67a45582-6789-4cfc-a699-071bb293bf3b'),
 ('2', 'Изображения', 'rPics', 'Local', '{\"path\":\"{basePath}img\\/pics\\/\",\"publicURLs\":\"1\",\"url\":\"{baseUrl}img\\/pics\\/\"}', '2', '32', '2017-04-28 09:50:46', '2017-04-28 09:50:46', '229fe1cf-dcb4-4fd3-b4fe-0591b1afdcb4');



DROP TABLE IF EXISTS `craft_assettransformindex`;


--
-- Schema for table `craft_assettransformindex`
--
CREATE TABLE `craft_assettransformindex` (
  `id` int(11) NOT NULL AUTO_INCREMENT,
  `fileId` int(11) NOT NULL,
  `filename` varchar(255) COLLATE utf8_unicode_ci DEFAULT NULL,
  `format` varchar(255) COLLATE utf8_unicode_ci DEFAULT NULL,
  `location` varchar(255) COLLATE utf8_unicode_ci NOT NULL,
  `sourceId` int(11) DEFAULT NULL,
  `fileExists` tinyint(1) DEFAULT NULL,
  `inProgress` tinyint(1) DEFAULT NULL,
  `dateIndexed` datetime DEFAULT NULL,
  `dateCreated` datetime NOT NULL,
  `dateUpdated` datetime NOT NULL,
  `uid` char(36) COLLATE utf8_unicode_ci NOT NULL DEFAULT '0',
  PRIMARY KEY (`id`),
  KEY `craft_assettransformindex_sourceId_fileId_location_idx` (`sourceId`,`fileId`,`location`)
) ENGINE=InnoDB DEFAULT CHARSET=utf8 COLLATE=utf8_unicode_ci;

DROP TABLE IF EXISTS `craft_assettransforms`;


--
-- Schema for table `craft_assettransforms`
--
CREATE TABLE `craft_assettransforms` (
  `id` int(11) NOT NULL AUTO_INCREMENT,
  `name` varchar(255) COLLATE utf8_unicode_ci NOT NULL,
  `handle` varchar(255) COLLATE utf8_unicode_ci NOT NULL,
  `mode` enum('stretch','fit','crop') COLLATE utf8_unicode_ci NOT NULL DEFAULT 'crop',
  `position` enum('top-left','top-center','top-right','center-left','center-center','center-right','bottom-left','bottom-center','bottom-right') COLLATE utf8_unicode_ci NOT NULL DEFAULT 'center-center',
  `height` int(10) DEFAULT NULL,
  `width` int(10) DEFAULT NULL,
  `format` varchar(255) COLLATE utf8_unicode_ci DEFAULT NULL,
  `quality` int(10) DEFAULT NULL,
  `dimensionChangeTime` datetime DEFAULT NULL,
  `dateCreated` datetime NOT NULL,
  `dateUpdated` datetime NOT NULL,
  `uid` char(36) COLLATE utf8_unicode_ci NOT NULL DEFAULT '0',
  PRIMARY KEY (`id`),
  UNIQUE KEY `craft_assettransforms_name_unq_idx` (`name`),
  UNIQUE KEY `craft_assettransforms_handle_unq_idx` (`handle`)
) ENGINE=InnoDB DEFAULT CHARSET=utf8 COLLATE=utf8_unicode_ci;

DROP TABLE IF EXISTS `craft_categories`;


--
-- Schema for table `craft_categories`
--
CREATE TABLE `craft_categories` (
  `id` int(11) NOT NULL,
  `groupId` int(11) NOT NULL,
  `dateCreated` datetime NOT NULL,
  `dateUpdated` datetime NOT NULL,
  `uid` char(36) COLLATE utf8_unicode_ci NOT NULL DEFAULT '0',
  PRIMARY KEY (`id`),
  KEY `craft_categories_groupId_fk` (`groupId`)
) ENGINE=InnoDB DEFAULT CHARSET=utf8 COLLATE=utf8_unicode_ci;

--
-- Data for table `craft_categories`
--

INSERT INTO `craft_categories` (`id`, `groupId`, `dateCreated`, `dateUpdated`, `uid`) VALUES
 ('4', '1', '2017-04-27 16:06:30', '2017-04-27 16:06:41', '576a3a1f-da7e-46d6-a62a-ebb8b6d7a31a'),
 ('5', '1', '2017-04-27 16:06:56', '2017-04-27 16:08:18', 'f1dc014a-fde1-4da6-84a9-3ca7e2cb8ddf'),
 ('6', '1', '2017-04-27 16:08:32', '2017-04-27 16:09:05', '6f81f531-4e64-43fe-b508-2e4ce6619e92'),
 ('7', '2', '2017-04-27 16:11:27', '2017-04-27 16:11:48', '363cd4a7-ffa9-498a-80ba-9a1037f6b283'),
 ('8', '2', '2017-04-27 16:12:12', '2017-04-27 16:12:19', '73a179f4-ff79-4b06-ad81-3a593df2d78f'),
 ('9', '2', '2017-04-27 16:13:21', '2017-04-27 16:13:31', '992973e3-a38d-46bb-9d28-f4bb97f19a77'),
 ('10', '2', '2017-04-27 16:14:05', '2017-04-27 16:14:19', 'ea54be89-614e-4074-8fd3-43d58bacebef');



DROP TABLE IF EXISTS `craft_categorygroups`;


--
-- Schema for table `craft_categorygroups`
--
CREATE TABLE `craft_categorygroups` (
  `id` int(11) NOT NULL AUTO_INCREMENT,
  `structureId` int(11) NOT NULL,
  `fieldLayoutId` int(11) DEFAULT NULL,
  `name` varchar(255) COLLATE utf8_unicode_ci NOT NULL,
  `handle` varchar(255) COLLATE utf8_unicode_ci NOT NULL,
  `hasUrls` tinyint(1) unsigned NOT NULL DEFAULT '1',
  `template` varchar(500) COLLATE utf8_unicode_ci DEFAULT NULL,
  `dateCreated` datetime NOT NULL,
  `dateUpdated` datetime NOT NULL,
  `uid` char(36) COLLATE utf8_unicode_ci NOT NULL DEFAULT '0',
  PRIMARY KEY (`id`),
  UNIQUE KEY `craft_categorygroups_name_unq_idx` (`name`),
  UNIQUE KEY `craft_categorygroups_handle_unq_idx` (`handle`),
  KEY `craft_categorygroups_structureId_fk` (`structureId`),
  KEY `craft_categorygroups_fieldLayoutId_fk` (`fieldLayoutId`)
) ENGINE=InnoDB AUTO_INCREMENT=3 DEFAULT CHARSET=utf8 COLLATE=utf8_unicode_ci;

--
-- Data for table `craft_categorygroups`
--

INSERT INTO `craft_categorygroups` (`id`, `structureId`, `fieldLayoutId`, `name`, `handle`, `hasUrls`, `template`, `dateCreated`, `dateUpdated`, `uid`) VALUES
 ('1', '2', '11', 'Команда', 'groupTeam', '1', 'persons/_category', '2017-04-27 16:04:31', '2017-04-27 21:59:18', 'cb1efbf5-784e-4401-8999-cc410f6e41ed'),
 ('2', '3', '8', 'Публикации', 'groupPublications', '1', 'publications/_category', '2017-04-27 16:05:29', '2017-04-27 16:05:29', '8e86b8c4-d93c-4e36-83eb-ea8c45ed3ccd');



DROP TABLE IF EXISTS `craft_categorygroups_i18n`;


--
-- Schema for table `craft_categorygroups_i18n`
--
CREATE TABLE `craft_categorygroups_i18n` (
  `id` int(11) NOT NULL AUTO_INCREMENT,
  `groupId` int(11) NOT NULL,
  `locale` char(12) COLLATE utf8_unicode_ci NOT NULL,
  `urlFormat` text COLLATE utf8_unicode_ci,
  `nestedUrlFormat` text COLLATE utf8_unicode_ci,
  `dateCreated` datetime NOT NULL,
  `dateUpdated` datetime NOT NULL,
  `uid` char(36) COLLATE utf8_unicode_ci NOT NULL DEFAULT '0',
  PRIMARY KEY (`id`),
  UNIQUE KEY `craft_categorygroups_i18n_groupId_locale_unq_idx` (`groupId`,`locale`),
  KEY `craft_categorygroups_i18n_locale_fk` (`locale`)
) ENGINE=InnoDB AUTO_INCREMENT=5 DEFAULT CHARSET=utf8 COLLATE=utf8_unicode_ci;

--
-- Data for table `craft_categorygroups_i18n`
--

INSERT INTO `craft_categorygroups_i18n` (`id`, `groupId`, `locale`, `urlFormat`, `nestedUrlFormat`, `dateCreated`, `dateUpdated`, `uid`) VALUES
 ('1', '1', 'ru', 'team/{slug}', '{parent.uri}/{slug}', '2017-04-27 16:04:31', '2017-04-27 21:59:18', '77fbf075-20c1-499e-8b0c-b50eb5cf7ef2'),
 ('2', '1', 'en_us', 'team/{slug}', '{parent.uri}/{slug}', '2017-04-27 16:04:31', '2017-04-27 21:59:18', 'fa40370b-8080-45c5-8285-2a45aeb958b9'),
 ('3', '2', 'ru', '{slug}', '{parent.uri}/{slug}', '2017-04-27 16:05:29', '2017-04-27 16:05:29', '344e7f52-bc7d-43d1-9bdd-9a1f51074e82'),
 ('4', '2', 'en_us', '{slug}', '{parent.uri}/{slug}', '2017-04-27 16:05:29', '2017-04-27 16:05:29', '3aa6c3fd-435e-4c11-b26a-a88773aca363');



DROP TABLE IF EXISTS `craft_content`;


--
-- Schema for table `craft_content`
--
CREATE TABLE `craft_content` (
  `id` int(11) NOT NULL AUTO_INCREMENT,
  `elementId` int(11) NOT NULL,
  `locale` char(12) COLLATE utf8_unicode_ci NOT NULL,
  `title` varchar(255) COLLATE utf8_unicode_ci DEFAULT NULL,
  `field_body` text COLLATE utf8_unicode_ci,
  `field_personFirstname` text COLLATE utf8_unicode_ci,
  `field_personLastname` text COLLATE utf8_unicode_ci,
  `field_personPosition` text COLLATE utf8_unicode_ci,
  `field_personBio` mediumtext COLLATE utf8_unicode_ci,
  `field_facebook` text COLLATE utf8_unicode_ci,
  `field_twitter` text COLLATE utf8_unicode_ci,
  `field_linkedin` text COLLATE utf8_unicode_ci,
  `field_contactEmail` text COLLATE utf8_unicode_ci,
  `field_contactSkype` text COLLATE utf8_unicode_ci,
  `field_contactAddress` text COLLATE utf8_unicode_ci,
  `field_contactTel1` text COLLATE utf8_unicode_ci,
  `field_contactTel2` text COLLATE utf8_unicode_ci,
  `field_contactTel3` text COLLATE utf8_unicode_ci,
  `field_contactFax` text COLLATE utf8_unicode_ci,
  `field_contactLocation` varchar(255) COLLATE utf8_unicode_ci DEFAULT NULL,
  `field_metaTitle` varchar(255) COLLATE utf8_unicode_ci DEFAULT NULL,
  `field_metaKeywords` varchar(255) COLLATE utf8_unicode_ci DEFAULT NULL,
  `field_metaDescription` text COLLATE utf8_unicode_ci,
  `field_menuText` text COLLATE utf8_unicode_ci,
  `field_quoteAuthor` text COLLATE utf8_unicode_ci,
  `field_quoteText` text COLLATE utf8_unicode_ci,
  `field_projectDescription` text COLLATE utf8_unicode_ci,
  `field_branchDescription` text COLLATE utf8_unicode_ci,
  `field_serviceDescription` text COLLATE utf8_unicode_ci,
  `dateCreated` datetime NOT NULL,
  `dateUpdated` datetime NOT NULL,
  `uid` char(36) COLLATE utf8_unicode_ci NOT NULL DEFAULT '0',
  PRIMARY KEY (`id`),
  UNIQUE KEY `craft_content_elementId_locale_unq_idx` (`elementId`,`locale`),
  KEY `craft_content_title_idx` (`title`),
  KEY `craft_content_locale_fk` (`locale`)
) ENGINE=InnoDB AUTO_INCREMENT=38 DEFAULT CHARSET=utf8 COLLATE=utf8_unicode_ci;

--
-- Data for table `craft_content`
--

INSERT INTO `craft_content` (`id`, `elementId`, `locale`, `title`, `field_body`, `field_personFirstname`, `field_personLastname`, `field_personPosition`, `field_personBio`, `field_facebook`, `field_twitter`, `field_linkedin`, `field_contactEmail`, `field_contactSkype`, `field_contactAddress`, `field_contactTel1`, `field_contactTel2`, `field_contactTel3`, `field_contactFax`, `field_contactLocation`, `field_metaTitle`, `field_metaKeywords`, `field_metaDescription`, `field_menuText`, `field_quoteAuthor`, `field_quoteText`, `field_projectDescription`, `field_branchDescription`, `field_serviceDescription`, `dateCreated`, `dateUpdated`, `uid`) VALUES
 ('1', '1', 'ru', NULL, NULL, NULL, NULL, NULL, NULL, NULL, NULL, NULL, NULL, NULL, NULL, NULL, NULL, NULL, NULL, NULL, NULL, NULL, NULL, NULL, NULL, NULL, NULL, NULL, NULL, '2017-04-27 15:30:00', '2017-04-27 15:30:00', '0a567a65-49bb-48fd-a073-df8330f38c3c'),
 ('2', '2', 'ru', 'Welcome to Bti2.dev!', '<p>It’s true, this site doesn’t have a whole lot of content yet, but don’t worry. Our web developers have just installed the CMS, and they’re setting things up for the content editors this very moment. Soon Bti2.dev will be an oasis of fresh perspectives, sharp analyses, and astute opinions that will keep you coming back again and again.</p>', NULL, NULL, NULL, NULL, NULL, NULL, NULL, NULL, NULL, NULL, NULL, NULL, NULL, NULL, NULL, NULL, NULL, NULL, NULL, NULL, NULL, NULL, NULL, NULL, '2017-04-27 15:30:05', '2017-04-27 15:38:55', '090c19c3-39cd-45e0-b4fb-1a0938037648'),
 ('3', '3', 'ru', 'We just installed Craft!', '<p>Craft is the CMS that’s powering Bti2.dev. It’s beautiful, powerful, flexible, and easy-to-use, and it’s made by Pixel &amp; Tonic. We can’t wait to dive in and see what it’s capable of!</p>\n<!--pagebreak-->\n<p>This is even more captivating content, which you couldn’t see on the News index page because it was entered after a Page Break, and the News index template only likes to show the content on the first page.</p>\n<p>Craft: a nice alternative to Word, if you’re making a website.</p>', NULL, NULL, NULL, NULL, NULL, NULL, NULL, NULL, NULL, NULL, NULL, NULL, NULL, NULL, NULL, NULL, NULL, NULL, NULL, NULL, NULL, NULL, NULL, NULL, '2017-04-27 15:30:05', '2017-04-28 09:58:29', 'e41747ff-6356-469a-8236-b3a12a50232c'),
 ('4', '4', 'ru', 'Партнеры', NULL, NULL, NULL, NULL, NULL, NULL, NULL, NULL, NULL, NULL, NULL, NULL, NULL, NULL, NULL, NULL, NULL, NULL, NULL, NULL, NULL, NULL, NULL, NULL, NULL, '2017-04-27 16:06:30', '2017-04-27 16:06:30', '5d59430e-b29c-493d-8f35-1badccc0706c'),
 ('5', '4', 'en_us', 'Partners', NULL, NULL, NULL, NULL, NULL, NULL, NULL, NULL, NULL, NULL, NULL, NULL, NULL, NULL, NULL, NULL, NULL, NULL, NULL, NULL, NULL, NULL, NULL, NULL, NULL, '2017-04-27 16:06:30', '2017-04-27 16:06:41', '7b332740-2138-4d48-892e-17276f164ea8'),
 ('6', '5', 'ru', 'Директора', NULL, NULL, NULL, NULL, NULL, NULL, NULL, NULL, NULL, NULL, NULL, NULL, NULL, NULL, NULL, NULL, NULL, NULL, NULL, NULL, NULL, NULL, NULL, NULL, NULL, '2017-04-27 16:06:56', '2017-04-27 16:08:18', '0bf44c9f-3031-447c-9d62-5ea9dfe6326b'),
 ('7', '5', 'en_us', 'Superintendents', NULL, NULL, NULL, NULL, NULL, NULL, NULL, NULL, NULL, NULL, NULL, NULL, NULL, NULL, NULL, NULL, NULL, NULL, NULL, NULL, NULL, NULL, NULL, NULL, NULL, '2017-04-27 16:06:56', '2017-04-27 16:08:07', '3a6a731d-67be-4df9-8893-6932fb81a0ae'),
 ('8', '6', 'ru', 'Менеджеры', NULL, NULL, NULL, NULL, NULL, NULL, NULL, NULL, NULL, NULL, NULL, NULL, NULL, NULL, NULL, NULL, NULL, NULL, NULL, NULL, NULL, NULL, NULL, NULL, NULL, '2017-04-27 16:08:32', '2017-04-27 16:09:05', 'f72f177f-4198-42f0-8fad-9985d56a2dda'),
 ('9', '6', 'en_us', 'Managers', NULL, NULL, NULL, NULL, NULL, NULL, NULL, NULL, NULL, NULL, NULL, NULL, NULL, NULL, NULL, NULL, NULL, NULL, NULL, NULL, NULL, NULL, NULL, NULL, NULL, '2017-04-27 16:08:32', '2017-04-27 16:09:00', '0efb4289-0b5b-4a44-a21c-3c77a3070d8f'),
 ('10', '7', 'ru', 'Новости', NULL, NULL, NULL, NULL, NULL, NULL, NULL, NULL, NULL, NULL, NULL, NULL, NULL, NULL, NULL, NULL, NULL, NULL, NULL, NULL, NULL, NULL, NULL, NULL, NULL, '2017-04-27 16:11:27', '2017-04-27 16:11:27', 'dbf85a6a-45a5-45dc-a68f-2008c64b7559'),
 ('11', '7', 'en_us', 'Our news', NULL, NULL, NULL, NULL, NULL, NULL, NULL, NULL, NULL, NULL, NULL, NULL, NULL, NULL, NULL, NULL, NULL, NULL, NULL, NULL, NULL, NULL, NULL, NULL, NULL, '2017-04-27 16:11:27', '2017-04-27 16:11:48', '5db29d9d-ea0c-47c8-944e-cef6ca66cffc'),
 ('12', '8', 'ru', 'Точка зрения', NULL, NULL, NULL, NULL, NULL, NULL, NULL, NULL, NULL, NULL, NULL, NULL, NULL, NULL, NULL, NULL, NULL, NULL, NULL, NULL, NULL, NULL, NULL, NULL, NULL, '2017-04-27 16:12:12', '2017-04-27 16:12:12', '10aeab2b-7105-492e-bcfc-0112ad96ce5a'),
 ('13', '8', 'en_us', 'Insights', NULL, NULL, NULL, NULL, NULL, NULL, NULL, NULL, NULL, NULL, NULL, NULL, NULL, NULL, NULL, NULL, NULL, NULL, NULL, NULL, NULL, NULL, NULL, NULL, NULL, '2017-04-27 16:12:12', '2017-04-27 16:12:19', 'a3fb7408-95ae-4e5e-8bb4-61c2bbac63c6'),
 ('14', '9', 'ru', 'Пресс-релизы', NULL, NULL, NULL, NULL, NULL, NULL, NULL, NULL, NULL, NULL, NULL, NULL, NULL, NULL, NULL, NULL, NULL, NULL, NULL, NULL, NULL, NULL, NULL, NULL, NULL, '2017-04-27 16:13:20', '2017-04-27 16:13:20', '1a4de827-e315-4e47-bd01-2ca807c66133'),
 ('15', '9', 'en_us', ' Press releases', NULL, NULL, NULL, NULL, NULL, NULL, NULL, NULL, NULL, NULL, NULL, NULL, NULL, NULL, NULL, NULL, NULL, NULL, NULL, NULL, NULL, NULL, NULL, NULL, NULL, '2017-04-27 16:13:21', '2017-04-27 16:13:31', 'c4a6f84f-61a3-4da7-9acf-53842670cd18'),
 ('16', '10', 'ru', 'Налоговые обзоры', NULL, NULL, NULL, NULL, NULL, NULL, NULL, NULL, NULL, NULL, NULL, NULL, NULL, NULL, NULL, NULL, NULL, NULL, NULL, NULL, NULL, NULL, NULL, NULL, NULL, '2017-04-27 16:14:05', '2017-04-27 16:14:05', 'd4c1d8d2-fb65-4c19-9213-d2ce9ef5eabc'),
 ('17', '10', 'en_us', 'Tax Reviews', NULL, NULL, NULL, NULL, NULL, NULL, NULL, NULL, NULL, NULL, NULL, NULL, NULL, NULL, NULL, NULL, NULL, NULL, NULL, NULL, NULL, NULL, NULL, NULL, NULL, '2017-04-27 16:14:05', '2017-04-27 16:14:18', 'ec8b667d-0f18-4d07-bc67-918f9d7300bb'),
 ('24', '16', 'ru', 'asdasd', NULL, '', '', '', NULL, NULL, NULL, NULL, NULL, NULL, NULL, NULL, NULL, NULL, NULL, NULL, NULL, NULL, NULL, NULL, NULL, NULL, NULL, NULL, NULL, '2017-04-27 16:23:45', '2017-04-28 09:45:39', 'da192d1d-2ed1-413c-a180-418116350c41'),
 ('25', '16', 'en_us', 'asdasd', NULL, '', '', '', NULL, NULL, NULL, NULL, NULL, NULL, NULL, NULL, NULL, NULL, NULL, NULL, NULL, NULL, NULL, NULL, NULL, NULL, NULL, NULL, NULL, '2017-04-27 16:23:46', '2017-04-28 09:45:39', '13bf9983-60e1-49d0-9a1f-b58583ca2c99'),
 ('26', '17', 'ru', 'wrewrwer', NULL, '', '', '', NULL, NULL, NULL, NULL, NULL, NULL, NULL, NULL, NULL, NULL, NULL, NULL, NULL, NULL, NULL, NULL, NULL, NULL, NULL, NULL, NULL, '2017-04-27 16:25:23', '2017-04-28 09:45:40', '01967b88-401e-434c-b594-6c8755651a29'),
 ('27', '17', 'en_us', 'wrewrwer', NULL, '', '', '', NULL, NULL, NULL, NULL, NULL, NULL, NULL, NULL, NULL, NULL, NULL, NULL, NULL, NULL, NULL, NULL, NULL, NULL, NULL, NULL, NULL, '2017-04-27 16:25:23', '2017-04-28 09:45:40', 'f15b2ed8-dd29-4ac2-a2aa-4d6deda11510'),
 ('28', '18', 'ru', 'test menu', NULL, NULL, NULL, NULL, NULL, NULL, NULL, NULL, NULL, NULL, NULL, NULL, NULL, NULL, NULL, NULL, NULL, NULL, NULL, 'test', NULL, NULL, NULL, NULL, NULL, '2017-04-27 22:24:29', '2017-04-27 22:24:29', '258b992f-ff4e-45d9-b1da-8722966f2ca7'),
 ('29', '18', 'en_us', 'test menu', NULL, NULL, NULL, NULL, NULL, NULL, NULL, NULL, NULL, NULL, NULL, NULL, NULL, NULL, NULL, NULL, NULL, NULL, NULL, 'test', NULL, NULL, NULL, NULL, NULL, '2017-04-27 22:24:30', '2017-04-27 22:24:30', '60f2e5bf-2429-49b5-8383-8be75b3cf752'),
 ('36', '23', 'ru', 'Тестовый', NULL, NULL, NULL, NULL, NULL, NULL, NULL, NULL, NULL, NULL, NULL, NULL, NULL, NULL, NULL, NULL, NULL, NULL, NULL, NULL, NULL, NULL, NULL, NULL, NULL, '2017-04-28 11:25:37', '2017-04-28 11:25:37', 'a09187ed-c58c-4a04-92d5-072b7e7432f1'),
 ('37', '23', 'en_us', 'Тестовый', NULL, NULL, NULL, NULL, NULL, NULL, NULL, NULL, NULL, NULL, NULL, NULL, NULL, NULL, NULL, NULL, NULL, NULL, NULL, NULL, NULL, NULL, NULL, NULL, NULL, '2017-04-28 11:25:37', '2017-04-28 11:25:37', '7f263d16-d6ca-470e-b13e-817f69b86143');



DROP TABLE IF EXISTS `craft_deprecationerrors`;


--
-- Schema for table `craft_deprecationerrors`
--
CREATE TABLE `craft_deprecationerrors` (
  `id` int(11) NOT NULL AUTO_INCREMENT,
  `key` varchar(255) COLLATE utf8_unicode_ci NOT NULL,
  `fingerprint` varchar(255) COLLATE utf8_unicode_ci NOT NULL,
  `lastOccurrence` datetime NOT NULL,
  `file` varchar(255) COLLATE utf8_unicode_ci NOT NULL,
  `line` smallint(6) unsigned NOT NULL,
  `class` varchar(255) COLLATE utf8_unicode_ci DEFAULT NULL,
  `method` varchar(255) COLLATE utf8_unicode_ci DEFAULT NULL,
  `template` varchar(255) COLLATE utf8_unicode_ci DEFAULT NULL,
  `templateLine` smallint(6) unsigned DEFAULT NULL,
  `message` varchar(255) COLLATE utf8_unicode_ci DEFAULT NULL,
  `traces` text COLLATE utf8_unicode_ci,
  `dateCreated` datetime NOT NULL,
  `dateUpdated` datetime NOT NULL,
  `uid` char(36) COLLATE utf8_unicode_ci NOT NULL DEFAULT '0',
  PRIMARY KEY (`id`),
  UNIQUE KEY `craft_deprecationerrors_key_fingerprint_unq_idx` (`key`,`fingerprint`)
) ENGINE=InnoDB DEFAULT CHARSET=utf8 COLLATE=utf8_unicode_ci;

DROP TABLE IF EXISTS `craft_elementindexsettings`;


--
-- Schema for table `craft_elementindexsettings`
--
CREATE TABLE `craft_elementindexsettings` (
  `id` int(11) NOT NULL AUTO_INCREMENT,
  `type` varchar(150) COLLATE utf8_unicode_ci NOT NULL,
  `settings` text COLLATE utf8_unicode_ci,
  `dateCreated` datetime NOT NULL,
  `dateUpdated` datetime NOT NULL,
  `uid` char(36) COLLATE utf8_unicode_ci NOT NULL DEFAULT '0',
  PRIMARY KEY (`id`),
  UNIQUE KEY `craft_elementindexsettings_type_unq_idx` (`type`)
) ENGINE=InnoDB AUTO_INCREMENT=5 DEFAULT CHARSET=utf8 COLLATE=utf8_unicode_ci;

--
-- Data for table `craft_elementindexsettings`
--

INSERT INTO `craft_elementindexsettings` (`id`, `type`, `settings`, `dateCreated`, `dateUpdated`, `uid`) VALUES
 ('1', 'Category', '{\"sources\":{\"group:2\":{\"tableAttributes\":{\"1\":\"link\",\"2\":\"uri\"}}}}', '2017-04-27 16:14:32', '2017-04-27 16:14:32', 'ecf6e544-d400-4fe0-9a06-d491741520fe'),
 ('2', 'Entry', '{\"sources\":{\"section:3\":{\"tableAttributes\":{\"1\":\"postDate\",\"2\":\"expiryDate\",\"3\":\"author\",\"4\":\"link\",\"5\":\"uri\"}},\"section:4\":{\"tableAttributes\":{\"1\":\"postDate\",\"2\":\"expiryDate\",\"3\":\"author\",\"4\":\"link\",\"5\":\"type\"}}}}', '2017-04-27 16:15:05', '2017-04-27 22:25:06', '5178f7ae-2359-4260-a088-d085a41c4361');



DROP TABLE IF EXISTS `craft_elements`;


--
-- Schema for table `craft_elements`
--
CREATE TABLE `craft_elements` (
  `id` int(11) NOT NULL AUTO_INCREMENT,
  `type` varchar(150) COLLATE utf8_unicode_ci NOT NULL,
  `enabled` tinyint(1) unsigned NOT NULL DEFAULT '1',
  `archived` tinyint(1) unsigned NOT NULL DEFAULT '0',
  `dateCreated` datetime NOT NULL,
  `dateUpdated` datetime NOT NULL,
  `uid` char(36) COLLATE utf8_unicode_ci NOT NULL DEFAULT '0',
  PRIMARY KEY (`id`),
  KEY `craft_elements_type_idx` (`type`),
  KEY `craft_elements_enabled_idx` (`enabled`),
  KEY `craft_elements_archived_dateCreated_idx` (`archived`,`dateCreated`)
) ENGINE=InnoDB AUTO_INCREMENT=24 DEFAULT CHARSET=utf8 COLLATE=utf8_unicode_ci;

--
-- Data for table `craft_elements`
--

INSERT INTO `craft_elements` (`id`, `type`, `enabled`, `archived`, `dateCreated`, `dateUpdated`, `uid`) VALUES
 ('1', 'User', '1', '0', '2017-04-27 15:30:00', '2017-04-27 15:30:00', '8dae7373-6b33-410f-82f7-3dbe98d274c7'),
 ('2', 'Entry', '1', '0', '2017-04-27 15:30:05', '2017-04-27 15:38:55', '65f67759-2bf0-4527-aa7b-4f2f8526f7c5'),
 ('3', 'Entry', '1', '0', '2017-04-27 15:30:05', '2017-04-28 09:58:29', 'a43ed5a6-3f81-4296-a3d2-7560d88bf911'),
 ('4', 'Category', '1', '0', '2017-04-27 16:06:30', '2017-04-27 16:06:41', 'e3e508a8-b36c-4b69-9b24-7ad0a2dd5a2c'),
 ('5', 'Category', '1', '0', '2017-04-27 16:06:56', '2017-04-27 16:08:18', 'de9beb13-822c-424c-87ff-00fc6ac5e689'),
 ('6', 'Category', '1', '0', '2017-04-27 16:08:32', '2017-04-27 16:09:05', '710ea3e5-1e16-4b4a-9790-ae71e64d6760'),
 ('7', 'Category', '1', '0', '2017-04-27 16:11:27', '2017-04-27 16:11:48', '56ea270c-6b22-4a18-8b29-492368385478'),
 ('8', 'Category', '1', '0', '2017-04-27 16:12:12', '2017-04-27 16:12:19', '0ea4fe76-42c8-4a16-a70b-7d50b989a9d7'),
 ('9', 'Category', '1', '0', '2017-04-27 16:13:20', '2017-04-27 16:13:31', '3896f483-9b7a-4e76-a4ee-72b6f3a279cc'),
 ('10', 'Category', '1', '0', '2017-04-27 16:14:05', '2017-04-27 16:14:18', '57145298-ad99-4241-9165-f690eed75f61'),
 ('16', 'Entry', '1', '0', '2017-04-27 16:23:45', '2017-04-28 09:45:39', '283697ef-d5a2-43af-b598-0170ff79da17'),
 ('17', 'Entry', '1', '0', '2017-04-27 16:25:23', '2017-04-28 09:45:40', '2d706d6d-cf9b-4b3c-b242-18c297e607a6'),
 ('18', 'Entry', '1', '0', '2017-04-27 22:24:29', '2017-04-27 22:24:29', '76b67a95-ae86-40e7-a7ef-8bae944c20d4'),
 ('19', 'MatrixBlock', '1', '0', '2017-04-27 22:24:30', '2017-04-27 22:24:30', 'bd6deec4-1624-4716-9568-403f59591f78'),
 ('23', 'Entry', '1', '0', '2017-04-28 11:25:37', '2017-04-28 11:25:37', '61a161ab-525d-4398-b1cd-6caa7f9ad212');



DROP TABLE IF EXISTS `craft_elements_i18n`;


--
-- Schema for table `craft_elements_i18n`
--
CREATE TABLE `craft_elements_i18n` (
  `id` int(11) NOT NULL AUTO_INCREMENT,
  `elementId` int(11) NOT NULL,
  `locale` char(12) COLLATE utf8_unicode_ci NOT NULL,
  `slug` varchar(255) COLLATE utf8_unicode_ci DEFAULT NULL,
  `uri` varchar(255) COLLATE utf8_unicode_ci DEFAULT NULL,
  `enabled` tinyint(1) unsigned NOT NULL DEFAULT '1',
  `dateCreated` datetime NOT NULL,
  `dateUpdated` datetime NOT NULL,
  `uid` char(36) COLLATE utf8_unicode_ci NOT NULL DEFAULT '0',
  PRIMARY KEY (`id`),
  UNIQUE KEY `craft_elements_i18n_elementId_locale_unq_idx` (`elementId`,`locale`),
  UNIQUE KEY `craft_elements_i18n_uri_locale_unq_idx` (`uri`,`locale`),
  KEY `craft_elements_i18n_slug_locale_idx` (`slug`,`locale`),
  KEY `craft_elements_i18n_enabled_idx` (`enabled`),
  KEY `craft_elements_i18n_locale_fk` (`locale`)
) ENGINE=InnoDB AUTO_INCREMENT=35 DEFAULT CHARSET=utf8 COLLATE=utf8_unicode_ci;

--
-- Data for table `craft_elements_i18n`
--

INSERT INTO `craft_elements_i18n` (`id`, `elementId`, `locale`, `slug`, `uri`, `enabled`, `dateCreated`, `dateUpdated`, `uid`) VALUES
 ('1', '1', 'ru', '', NULL, '1', '2017-04-27 15:30:00', '2017-04-27 15:30:00', '7c27e491-7d99-4da1-8346-3b59aee312d2'),
 ('2', '2', 'ru', 'homepage', '__home__', '1', '2017-04-27 15:30:05', '2017-04-27 15:38:55', '0a172c8d-a0fa-4fc3-a2a9-798227aafec8'),
 ('3', '3', 'ru', 'we-just-installed-craft', 'news/2017/we-just-installed-craft', '1', '2017-04-27 15:30:05', '2017-04-28 09:58:29', '30264386-1634-4192-aef2-4bb346394721'),
 ('4', '4', 'ru', 'partners', 'team/partners', '1', '2017-04-27 16:06:30', '2017-04-27 21:59:18', '39409609-5adf-4e80-9f29-7df781125909'),
 ('5', '4', 'en_us', 'partners', 'team/partners', '1', '2017-04-27 16:06:30', '2017-04-27 21:59:18', 'e071622d-9ca2-48f5-9b5a-a4ab6bc03d97'),
 ('6', '5', 'ru', 'superintendents', 'team/superintendents', '1', '2017-04-27 16:06:56', '2017-04-27 21:59:18', 'bc9e3f27-f602-42ba-ac16-6dad4d79e040'),
 ('7', '5', 'en_us', 'superintendents', 'team/superintendents', '1', '2017-04-27 16:06:56', '2017-04-27 21:59:18', 'c89aab90-2c7f-428d-a2a9-f509c2f17d2d'),
 ('8', '6', 'ru', 'managers', 'team/managers', '1', '2017-04-27 16:08:32', '2017-04-27 21:59:18', 'ec9fa87f-961e-4713-aa8a-30c04f3d8b97'),
 ('9', '6', 'en_us', 'managers', 'team/managers', '1', '2017-04-27 16:08:32', '2017-04-27 21:59:19', '189f3089-e558-4e3f-b38e-aa9ec2064af0'),
 ('10', '7', 'ru', 'news', 'news', '1', '2017-04-27 16:11:27', '2017-04-27 16:11:48', 'afce9e4e-afc9-49cc-b48d-96839c77a555'),
 ('11', '7', 'en_us', 'news', 'news', '1', '2017-04-27 16:11:27', '2017-04-27 16:11:48', '15f83da5-ed48-46b9-823e-56b633567387'),
 ('12', '8', 'ru', 'insights', 'insights', '1', '2017-04-27 16:12:12', '2017-04-27 16:12:19', 'ca37b71b-6792-4368-b507-54c60553d08f'),
 ('13', '8', 'en_us', 'insights', 'insights', '1', '2017-04-27 16:12:12', '2017-04-27 16:12:19', '39a24bd9-8c7b-401f-bb5d-936a050085a6'),
 ('14', '9', 'ru', 'press-releases', 'press-releases', '1', '2017-04-27 16:13:21', '2017-04-27 16:13:31', '25dff4e6-6eb8-4f1c-acd9-540a249a25b0'),
 ('15', '9', 'en_us', 'press-releases', 'press-releases', '1', '2017-04-27 16:13:21', '2017-04-27 16:13:31', '594c1ed4-cac0-4013-aab3-5643c6cbaabf'),
 ('16', '10', 'ru', 'tax-reviews', 'tax-reviews', '1', '2017-04-27 16:14:05', '2017-04-27 16:14:18', '07592256-c3a4-4f04-a835-b308ae3146b3'),
 ('17', '10', 'en_us', 'tax-reviews', 'tax-reviews', '1', '2017-04-27 16:14:05', '2017-04-27 16:14:18', '74661319-9d5f-49a6-afd3-2db663dcc079'),
 ('20', '16', 'ru', 'asdasd', 'team/managers/asdasd', '1', '2017-04-27 16:23:46', '2017-04-28 09:45:40', 'a1961d0d-9257-4740-88b8-df8617acb296'),
 ('21', '16', 'en_us', 'asdasd', 'team/managers/asdasd', '1', '2017-04-27 16:23:46', '2017-04-28 09:45:40', 'babf0c09-0604-4472-9d1f-83224cccbb5b'),
 ('22', '17', 'ru', 'wrewrwer', 'team/partners/wrewrwer', '1', '2017-04-27 16:25:23', '2017-04-28 09:45:40', 'e74ffc65-6b9b-40fc-bc2d-534085217a3d'),
 ('23', '17', 'en_us', 'wrewrwer', 'team/partners/wrewrwer', '1', '2017-04-27 16:25:23', '2017-04-28 09:45:40', '3da80aa4-9917-48e5-a39c-e5b4350bc61e'),
 ('24', '18', 'ru', 'test-menu', NULL, '1', '2017-04-27 22:24:30', '2017-04-27 22:24:31', '11611b30-5f65-4a7e-a5b4-613efea15f5a'),
 ('25', '18', 'en_us', 'test-menu', NULL, '1', '2017-04-27 22:24:30', '2017-04-27 22:24:31', '6195a911-3f40-4cba-9392-1d964c87ba5b'),
 ('26', '19', 'ru', '', NULL, '1', '2017-04-27 22:24:30', '2017-04-27 22:24:30', 'bfd19b70-49ac-4425-b0a8-56032eeab1b6'),
 ('33', '23', 'ru', 'тестовый', 'tester', '1', '2017-04-28 11:25:37', '2017-04-28 11:25:37', 'cac94436-1af0-4a6a-9cec-dcf896a7e852'),
 ('34', '23', 'en_us', 'тестовый', 'tester', '1', '2017-04-28 11:25:37', '2017-04-28 11:25:37', 'a08b45d8-ab00-4df6-891b-bd28f911e820');



DROP TABLE IF EXISTS `craft_emailmessages`;


--
-- Schema for table `craft_emailmessages`
--
CREATE TABLE `craft_emailmessages` (
  `id` int(11) NOT NULL AUTO_INCREMENT,
  `key` char(150) COLLATE utf8_unicode_ci NOT NULL,
  `locale` char(12) COLLATE utf8_unicode_ci NOT NULL,
  `subject` varchar(1000) COLLATE utf8_unicode_ci NOT NULL,
  `body` text COLLATE utf8_unicode_ci NOT NULL,
  `dateCreated` datetime NOT NULL,
  `dateUpdated` datetime NOT NULL,
  `uid` char(36) COLLATE utf8_unicode_ci NOT NULL DEFAULT '0',
  PRIMARY KEY (`id`),
  UNIQUE KEY `craft_emailmessages_key_locale_unq_idx` (`key`,`locale`),
  KEY `craft_emailmessages_locale_fk` (`locale`)
) ENGINE=InnoDB DEFAULT CHARSET=utf8 COLLATE=utf8_unicode_ci;

DROP TABLE IF EXISTS `craft_entries`;


--
-- Schema for table `craft_entries`
--
CREATE TABLE `craft_entries` (
  `id` int(11) NOT NULL,
  `sectionId` int(11) NOT NULL,
  `typeId` int(11) DEFAULT NULL,
  `authorId` int(11) DEFAULT NULL,
  `postDate` datetime DEFAULT NULL,
  `expiryDate` datetime DEFAULT NULL,
  `dateCreated` datetime NOT NULL,
  `dateUpdated` datetime NOT NULL,
  `uid` char(36) COLLATE utf8_unicode_ci NOT NULL DEFAULT '0',
  PRIMARY KEY (`id`),
  KEY `craft_entries_sectionId_idx` (`sectionId`),
  KEY `craft_entries_typeId_idx` (`typeId`),
  KEY `craft_entries_postDate_idx` (`postDate`),
  KEY `craft_entries_expiryDate_idx` (`expiryDate`),
  KEY `craft_entries_authorId_fk` (`authorId`)
) ENGINE=InnoDB DEFAULT CHARSET=utf8 COLLATE=utf8_unicode_ci;

--
-- Data for table `craft_entries`
--

INSERT INTO `craft_entries` (`id`, `sectionId`, `typeId`, `authorId`, `postDate`, `expiryDate`, `dateCreated`, `dateUpdated`, `uid`) VALUES
 ('2', '1', NULL, NULL, '2017-04-27 15:30:04', NULL, '2017-04-27 15:30:05', '2017-04-27 15:30:05', '51340ee6-e056-40b7-b559-781fdbd2ca03'),
 ('3', '2', '2', '1', '2017-04-27 15:30:00', NULL, '2017-04-27 15:30:05', '2017-04-28 09:58:29', '77ebe056-c7e3-435d-b4ab-12163b4a0770'),
 ('16', '3', '3', '1', '2017-04-27 16:23:45', NULL, '2017-04-27 16:23:46', '2017-04-27 16:23:46', '43c6e29f-be11-4d06-b2fb-cf42b7f35618'),
 ('17', '3', '3', '1', '2017-04-27 16:25:23', NULL, '2017-04-27 16:25:23', '2017-04-27 16:25:23', '2b3f29c7-aedf-4b4e-9034-14f57dd4a508'),
 ('18', '4', '4', '1', '2017-04-27 22:24:29', NULL, '2017-04-27 22:24:30', '2017-04-27 22:24:30', '2a7cc64a-0a0f-4ec2-9311-c0e6dfa9c024'),
 ('23', '7', NULL, NULL, '2017-04-28 11:25:37', NULL, '2017-04-28 11:25:37', '2017-04-28 11:25:37', '5a5e350c-0e5e-48a8-8533-6a7b79259758');



DROP TABLE IF EXISTS `craft_entrydrafts`;


--
-- Schema for table `craft_entrydrafts`
--
CREATE TABLE `craft_entrydrafts` (
  `id` int(11) NOT NULL AUTO_INCREMENT,
  `entryId` int(11) NOT NULL,
  `sectionId` int(11) NOT NULL,
  `creatorId` int(11) NOT NULL,
  `locale` char(12) COLLATE utf8_unicode_ci NOT NULL,
  `name` varchar(255) COLLATE utf8_unicode_ci NOT NULL,
  `notes` tinytext COLLATE utf8_unicode_ci,
  `data` mediumtext COLLATE utf8_unicode_ci NOT NULL,
  `dateCreated` datetime NOT NULL,
  `dateUpdated` datetime NOT NULL,
  `uid` char(36) COLLATE utf8_unicode_ci NOT NULL DEFAULT '0',
  PRIMARY KEY (`id`),
  KEY `craft_entrydrafts_entryId_locale_idx` (`entryId`,`locale`),
  KEY `craft_entrydrafts_sectionId_fk` (`sectionId`),
  KEY `craft_entrydrafts_creatorId_fk` (`creatorId`),
  KEY `craft_entrydrafts_locale_fk` (`locale`)
) ENGINE=InnoDB DEFAULT CHARSET=utf8 COLLATE=utf8_unicode_ci;

DROP TABLE IF EXISTS `craft_entrytypes`;


--
-- Schema for table `craft_entrytypes`
--
CREATE TABLE `craft_entrytypes` (
  `id` int(11) NOT NULL AUTO_INCREMENT,
  `sectionId` int(11) NOT NULL,
  `fieldLayoutId` int(11) DEFAULT NULL,
  `name` varchar(255) COLLATE utf8_unicode_ci NOT NULL,
  `handle` varchar(255) COLLATE utf8_unicode_ci NOT NULL,
  `hasTitleField` tinyint(1) unsigned NOT NULL DEFAULT '1',
  `titleLabel` varchar(255) COLLATE utf8_unicode_ci DEFAULT 'Title',
  `titleFormat` varchar(255) COLLATE utf8_unicode_ci DEFAULT NULL,
  `sortOrder` smallint(6) unsigned DEFAULT NULL,
  `dateCreated` datetime NOT NULL,
  `dateUpdated` datetime NOT NULL,
  `uid` char(36) COLLATE utf8_unicode_ci NOT NULL DEFAULT '0',
  PRIMARY KEY (`id`),
  UNIQUE KEY `craft_entrytypes_name_sectionId_unq_idx` (`name`,`sectionId`),
  UNIQUE KEY `craft_entrytypes_handle_sectionId_unq_idx` (`handle`,`sectionId`),
  KEY `craft_entrytypes_sectionId_fk` (`sectionId`),
  KEY `craft_entrytypes_fieldLayoutId_fk` (`fieldLayoutId`)
) ENGINE=InnoDB AUTO_INCREMENT=10 DEFAULT CHARSET=utf8 COLLATE=utf8_unicode_ci;

--
-- Data for table `craft_entrytypes`
--

INSERT INTO `craft_entrytypes` (`id`, `sectionId`, `fieldLayoutId`, `name`, `handle`, `hasTitleField`, `titleLabel`, `titleFormat`, `sortOrder`, `dateCreated`, `dateUpdated`, `uid`) VALUES
 ('1', '1', '3', 'Homepage', 'homepage', '1', 'Title', NULL, '1', '2017-04-27 15:30:04', '2017-04-27 15:30:05', '2e84ff68-2168-40c8-a6fd-cef7ea7d4a9c'),
 ('2', '2', '35', 'News', 'news', '1', 'Название', NULL, '1', '2017-04-27 15:30:05', '2017-04-28 10:02:01', '5f186284-a45d-4c0d-99ef-a63d5a488ccd'),
 ('3', '3', '27', 'Персоны', 'typePersons', '1', 'Название', NULL, '1', '2017-04-27 16:03:14', '2017-04-28 09:31:07', '25102cbe-15cd-47b8-bc4b-49dbdf25b281'),
 ('4', '4', '16', 'Навигация', 'typeMenu', '1', 'Название', NULL, '1', '2017-04-27 22:20:29', '2017-04-27 22:20:52', 'edb44a1b-02d2-44ec-81a8-475b2819ccc7'),
 ('5', '5', '30', 'Цитаты', 'typeQoutes', '1', 'Автор', NULL, '1', '2017-04-28 09:28:10', '2017-04-28 09:39:23', '52b7bf85-3307-4525-84b9-aae975c99dcf'),
 ('6', '6', '29', 'Проекты', 'typeProjects', '1', 'Название', NULL, '1', '2017-04-28 09:38:17', '2017-04-28 09:38:50', 'cc3aa262-f5e7-4d62-abcf-ba061a5664a6'),
 ('7', '7', '36', 'Тестовый', 'tester', '0', NULL, '{section.name|raw}', '1', '2017-04-28 11:25:37', '2017-04-28 11:25:37', 'b4aef0cb-6c2b-4dc8-83fe-5579e4126c31'),
 ('8', '8', '40', 'Услуги', 'typeServices', '1', 'Название', NULL, '1', '2017-05-02 14:22:00', '2017-05-02 14:24:18', 'a8805889-d92e-40c7-952a-7d0915de1d3e'),
 ('9', '9', '39', 'Отрасли', 'typeBranches', '1', 'Название', NULL, '1', '2017-05-02 14:22:38', '2017-05-02 14:23:31', '2edbc31e-24bd-46d5-ab09-4f09d58642d7');



DROP TABLE IF EXISTS `craft_entryversions`;


--
-- Schema for table `craft_entryversions`
--
CREATE TABLE `craft_entryversions` (
  `id` int(11) NOT NULL AUTO_INCREMENT,
  `entryId` int(11) NOT NULL,
  `sectionId` int(11) NOT NULL,
  `creatorId` int(11) DEFAULT NULL,
  `locale` char(12) COLLATE utf8_unicode_ci NOT NULL,
  `num` smallint(6) unsigned NOT NULL,
  `notes` tinytext COLLATE utf8_unicode_ci,
  `data` mediumtext COLLATE utf8_unicode_ci NOT NULL,
  `dateCreated` datetime NOT NULL,
  `dateUpdated` datetime NOT NULL,
  `uid` char(36) COLLATE utf8_unicode_ci NOT NULL DEFAULT '0',
  PRIMARY KEY (`id`),
  KEY `craft_entryversions_entryId_locale_idx` (`entryId`,`locale`),
  KEY `craft_entryversions_sectionId_fk` (`sectionId`),
  KEY `craft_entryversions_creatorId_fk` (`creatorId`),
  KEY `craft_entryversions_locale_fk` (`locale`)
) ENGINE=InnoDB AUTO_INCREMENT=11 DEFAULT CHARSET=utf8 COLLATE=utf8_unicode_ci;

--
-- Data for table `craft_entryversions`
--

INSERT INTO `craft_entryversions` (`id`, `entryId`, `sectionId`, `creatorId`, `locale`, `num`, `notes`, `data`, `dateCreated`, `dateUpdated`, `uid`) VALUES
 ('1', '2', '1', '1', 'ru', '1', NULL, '{\"typeId\":\"1\",\"authorId\":null,\"title\":\"Homepage\",\"slug\":\"homepage\",\"postDate\":1493307004,\"expiryDate\":null,\"enabled\":1,\"parentId\":null,\"fields\":[]}', '2017-04-27 15:30:05', '2017-04-27 15:30:05', '4954b86b-fc0a-43a3-8f65-c458ba0871e9'),
 ('2', '2', '1', '1', 'ru', '2', NULL, '{\"typeId\":null,\"authorId\":null,\"title\":\"Welcome to Bti2.dev!\",\"slug\":\"homepage\",\"postDate\":1493307004,\"expiryDate\":null,\"enabled\":\"1\",\"parentId\":null,\"fields\":{\"1\":\"<p>It\\u2019s true, this site doesn\\u2019t have a whole lot of content yet, but don\\u2019t worry. Our web developers have just installed the CMS, and they\\u2019re setting things up for the content editors this very moment. Soon Bti2.dev will be an oasis of fresh perspectives, sharp analyses, and astute opinions that will keep you coming back again and again.<\\/p>\"}}', '2017-04-27 15:30:05', '2017-04-27 15:30:05', '07879e37-ebbf-4a80-ad6b-f4e5a68408d7'),
 ('3', '3', '2', '1', 'ru', '1', NULL, '{\"typeId\":\"2\",\"authorId\":\"1\",\"title\":\"We just installed Craft!\",\"slug\":\"we-just-installed-craft\",\"postDate\":1493307005,\"expiryDate\":null,\"enabled\":1,\"parentId\":null,\"fields\":[]}', '2017-04-27 15:30:05', '2017-04-27 15:30:05', '474d6aa9-6ce5-4cfd-b28c-3d2cb2dfff97'),
 ('5', '16', '3', '1', 'ru', '1', '', '{\"typeId\":null,\"authorId\":\"1\",\"title\":\"asdasd\",\"slug\":\"asdasd\",\"postDate\":1493310225,\"expiryDate\":null,\"enabled\":1,\"parentId\":null,\"fields\":{\"4\":\"\",\"6\":\"\",\"7\":[\"6\"],\"5\":\"\"}}', '2017-04-27 16:23:46', '2017-04-27 16:23:46', '648b1d52-5805-42a8-b1f2-03ef24f1163e'),
 ('6', '17', '3', '1', 'ru', '1', '', '{\"typeId\":null,\"authorId\":\"1\",\"title\":\"wrewrwer\",\"slug\":\"wrewrwer\",\"postDate\":1493310323,\"expiryDate\":null,\"enabled\":1,\"parentId\":null,\"fields\":{\"4\":\"\",\"6\":\"\",\"7\":[\"4\",\"5\"],\"5\":\"\"}}', '2017-04-27 16:25:23', '2017-04-27 16:25:23', '36b4e1b5-cdd2-4c40-bca7-792809bb5fb6'),
 ('7', '18', '4', '1', 'ru', '1', '', '{\"typeId\":null,\"authorId\":\"1\",\"title\":\"test menu\",\"slug\":\"test-menu\",\"postDate\":1493331869,\"expiryDate\":null,\"enabled\":1,\"parentId\":\"\",\"fields\":{\"24\":{\"new2\":{\"type\":\"blockTypeEntryLink\",\"enabled\":\"1\",\"fields\":{\"toEntry\":[\"17\",\"16\"]}}},\"23\":\"test\"}}', '2017-04-27 22:24:30', '2017-04-27 22:24:30', 'e1aae3ae-b888-4653-a0fd-44d6c5d33420'),
 ('8', '3', '2', '1', 'ru', '2', '', '{\"typeId\":\"2\",\"authorId\":\"1\",\"title\":\"We just installed Craft!\",\"slug\":\"we-just-installed-craft\",\"postDate\":1493307000,\"expiryDate\":null,\"enabled\":1,\"parentId\":null,\"fields\":{\"1\":\"<p>Craft is the CMS that\\u2019s powering Bti2.dev. It\\u2019s beautiful, powerful, flexible, and easy-to-use, and it\\u2019s made by Pixel & Tonic. We can\\u2019t wait to dive in and see what it\\u2019s capable of!<\\/p>\\r\\n<hr class=\\\"redactor_pagebreak\\\" style=\\\"display:none\\\" unselectable=\\\"on\\\" contenteditable=\\\"false\\\">\\r\\n<p>This is even more captivating content, which you couldn\\u2019t see on the News index page because it was entered after a Page Break, and the News index template only likes to show the content on the first page.<\\/p>\\r\\n<p>Craft: a nice alternative to Word, if you\\u2019re making a website.<\\/p>\",\"2\":\"\",\"33\":[\"22\"]}}', '2017-04-28 09:58:10', '2017-04-28 09:58:10', '51143691-4119-4e44-9bc2-3e91798eac08'),
 ('9', '3', '2', '1', 'ru', '3', '', '{\"typeId\":\"2\",\"authorId\":\"1\",\"title\":\"We just installed Craft!\",\"slug\":\"we-just-installed-craft\",\"postDate\":1493307000,\"expiryDate\":null,\"enabled\":1,\"parentId\":null,\"fields\":{\"1\":\"<p>Craft is the CMS that\\u2019s powering Bti2.dev. It\\u2019s beautiful, powerful, flexible, and easy-to-use, and it\\u2019s made by Pixel & Tonic. We can\\u2019t wait to dive in and see what it\\u2019s capable of!<\\/p>\\r\\n<hr class=\\\"redactor_pagebreak\\\" style=\\\"display:none\\\" unselectable=\\\"on\\\" contenteditable=\\\"false\\\">\\r\\n<p>This is even more captivating content, which you couldn\\u2019t see on the News index page because it was entered after a Page Break, and the News index template only likes to show the content on the first page.<\\/p>\\r\\n<p>Craft: a nice alternative to Word, if you\\u2019re making a website.<\\/p>\",\"2\":\"\",\"33\":\"\"}}', '2017-04-28 09:58:29', '2017-04-28 09:58:29', '1c54a02b-733f-424b-afb8-7c4007a5720f'),
 ('10', '23', '7', '1', 'ru', '1', NULL, '{\"typeId\":\"7\",\"authorId\":null,\"title\":\"\\u0422\\u0435\\u0441\\u0442\\u043e\\u0432\\u044b\\u0439\",\"slug\":\"\\u0442\\u0435\\u0441\\u0442\\u043e\\u0432\\u044b\\u0439\",\"postDate\":1493378737,\"expiryDate\":null,\"enabled\":1,\"parentId\":null,\"fields\":[]}', '2017-04-28 11:25:37', '2017-04-28 11:25:37', '24b03a9d-4640-4f63-a0b0-93b63a4bfe96');



DROP TABLE IF EXISTS `craft_fieldgroups`;


--
-- Schema for table `craft_fieldgroups`
--
CREATE TABLE `craft_fieldgroups` (
  `id` int(11) NOT NULL AUTO_INCREMENT,
  `name` varchar(255) COLLATE utf8_unicode_ci NOT NULL,
  `dateCreated` datetime NOT NULL,
  `dateUpdated` datetime NOT NULL,
  `uid` char(36) COLLATE utf8_unicode_ci NOT NULL DEFAULT '0',
  PRIMARY KEY (`id`),
  UNIQUE KEY `craft_fieldgroups_name_unq_idx` (`name`)
) ENGINE=InnoDB AUTO_INCREMENT=13 DEFAULT CHARSET=utf8 COLLATE=utf8_unicode_ci;

--
-- Data for table `craft_fieldgroups`
--

INSERT INTO `craft_fieldgroups` (`id`, `name`, `dateCreated`, `dateUpdated`, `uid`) VALUES
 ('1', 'Default', '2017-04-27 15:30:04', '2017-04-27 15:30:04', '50e4e79b-d654-486f-a273-8164d95b50f2'),
 ('2', 'Персоны', '2017-04-27 15:58:45', '2017-04-27 15:58:45', '38687ff0-8d0e-44d3-bc94-0c8577cf634d'),
 ('3', 'Контакты', '2017-04-27 16:59:01', '2017-04-27 16:59:01', 'b420c4f9-2cb5-40a5-98ef-3ca0ab3471b6'),
 ('4', 'Социальные сети', '2017-04-27 16:59:29', '2017-04-27 16:59:29', '0e69bee3-d226-44b3-9e1a-90028287f166'),
 ('5', 'Меню', '2017-04-27 22:03:20', '2017-04-27 22:03:20', '3633782b-1ff9-4e84-b078-a7bc8f58b124'),
 ('6', 'META', '2017-04-27 22:03:27', '2017-04-27 22:03:27', '89e9828d-c247-4c2e-80c2-3926ead7e20a'),
 ('7', 'Стиль страницы', '2017-04-27 22:08:24', '2017-04-27 22:08:24', 'bd807b92-d544-47b6-a3fd-9bd34ed7172a'),
 ('8', 'Цитаты', '2017-04-28 09:25:00', '2017-04-28 09:25:00', '096a2542-0cdb-45e7-bee8-8bea8c82e3fa'),
 ('9', 'Проекты', '2017-04-28 09:32:25', '2017-04-28 09:32:25', '954511c3-fba3-4273-88d7-0c587e42d767'),
 ('10', 'Элемент в списках', '2017-04-28 09:52:53', '2017-04-28 09:56:05', '12b2fc2b-aadd-400d-9544-44ca4f3de272'),
 ('11', 'Отрасли', '2017-05-02 14:19:32', '2017-05-02 14:19:32', '9ba524f1-51d8-4652-a7c8-9d3a666a2a0c'),
 ('12', 'Услуги', '2017-05-02 14:20:20', '2017-05-02 14:20:20', 'd9d65414-57f7-468b-b585-0e937d847bd7');



DROP TABLE IF EXISTS `craft_fieldlayoutfields`;


--
-- Schema for table `craft_fieldlayoutfields`
--
CREATE TABLE `craft_fieldlayoutfields` (
  `id` int(11) NOT NULL AUTO_INCREMENT,
  `layoutId` int(11) NOT NULL,
  `tabId` int(11) NOT NULL,
  `fieldId` int(11) NOT NULL,
  `required` tinyint(1) unsigned NOT NULL DEFAULT '0',
  `sortOrder` smallint(6) unsigned DEFAULT NULL,
  `dateCreated` datetime NOT NULL,
  `dateUpdated` datetime NOT NULL,
  `uid` char(36) COLLATE utf8_unicode_ci NOT NULL DEFAULT '0',
  PRIMARY KEY (`id`),
  UNIQUE KEY `craft_fieldlayoutfields_layoutId_fieldId_unq_idx` (`layoutId`,`fieldId`),
  KEY `craft_fieldlayoutfields_sortOrder_idx` (`sortOrder`),
  KEY `craft_fieldlayoutfields_tabId_fk` (`tabId`),
  KEY `craft_fieldlayoutfields_fieldId_fk` (`fieldId`)
) ENGINE=InnoDB AUTO_INCREMENT=68 DEFAULT CHARSET=utf8 COLLATE=utf8_unicode_ci;

--
-- Data for table `craft_fieldlayoutfields`
--

INSERT INTO `craft_fieldlayoutfields` (`id`, `layoutId`, `tabId`, `fieldId`, `required`, `sortOrder`, `dateCreated`, `dateUpdated`, `uid`) VALUES
 ('1', '3', '1', '1', '1', '1', '2017-04-27 15:30:05', '2017-04-27 15:30:05', 'b744fa69-b308-44e1-9166-b5123e2bc335'),
 ('25', '16', '10', '24', '0', '1', '2017-04-27 22:20:52', '2017-04-27 22:20:52', '31f21a87-526d-4234-845f-d004f2605019'),
 ('26', '16', '10', '23', '0', '2', '2017-04-27 22:20:52', '2017-04-27 22:20:52', '04aad86e-8141-4d49-a6e3-10346262bf57'),
 ('30', '20', '14', '25', '0', '1', '2017-04-27 22:23:33', '2017-04-27 22:23:33', '0109a600-3f07-46ee-9351-ab4a8c4fde0c'),
 ('31', '21', '15', '26', '0', '1', '2017-04-27 22:23:33', '2017-04-27 22:23:33', 'f1e57460-8d90-4103-a63c-7c4e20731040'),
 ('32', '22', '16', '27', '0', '1', '2017-04-27 22:23:34', '2017-04-27 22:23:34', '616f32bc-d298-4f80-9d38-4f97cb36cd86'),
 ('39', '27', '20', '4', '0', '1', '2017-04-28 09:31:07', '2017-04-28 09:31:07', '1d4b1189-fb2f-4e6c-a6a2-7d9262ec04ff'),
 ('40', '27', '20', '5', '0', '2', '2017-04-28 09:31:07', '2017-04-28 09:31:07', 'cc85c54d-9829-43f1-a34f-784263d395b1'),
 ('41', '27', '20', '6', '0', '3', '2017-04-28 09:31:07', '2017-04-28 09:31:07', '0aa1cc69-854d-47d2-acce-1d07ec303693'),
 ('42', '27', '20', '7', '0', '4', '2017-04-28 09:31:07', '2017-04-28 09:31:07', '15c85e3a-8f82-4512-b653-e224aa9e55ee'),
 ('43', '27', '20', '3', '0', '5', '2017-04-28 09:31:07', '2017-04-28 09:31:07', 'a60e2870-6621-4ae3-ab8b-8f76145f1b1c'),
 ('44', '27', '20', '8', '0', '6', '2017-04-28 09:31:07', '2017-04-28 09:31:07', 'd498833e-f5c3-4f7b-bbeb-ddea259f3cba'),
 ('45', '27', '21', '12', '0', '1', '2017-04-28 09:31:07', '2017-04-28 09:31:07', '05fcf259-90cf-4bb1-a1f6-a74506dd3b95'),
 ('46', '27', '21', '13', '0', '2', '2017-04-28 09:31:07', '2017-04-28 09:31:07', '99183bf3-6cc0-46e4-a79b-f63be478c7eb'),
 ('47', '27', '21', '15', '0', '3', '2017-04-28 09:31:07', '2017-04-28 09:31:07', '88fa7144-ace4-45b9-8677-b6dcac03b8a4'),
 ('48', '27', '21', '16', '0', '4', '2017-04-28 09:31:07', '2017-04-28 09:31:07', 'c0e1a252-02a9-4c86-9ddd-8fbf0096d393'),
 ('49', '27', '22', '9', '0', '1', '2017-04-28 09:31:07', '2017-04-28 09:31:07', '3d4a11c7-a977-4643-8e3a-06e8fbb2f4d4'),
 ('50', '27', '22', '11', '0', '2', '2017-04-28 09:31:07', '2017-04-28 09:31:07', 'c9b812b0-a861-41fe-b71f-140837724f4a'),
 ('51', '27', '22', '10', '0', '3', '2017-04-28 09:31:07', '2017-04-28 09:31:07', 'eb0ff416-701e-4148-a359-c892f0bd20a5'),
 ('52', '29', '23', '30', '0', '1', '2017-04-28 09:38:50', '2017-04-28 09:38:50', 'eeb1515f-4286-4db7-9dfe-d9aef5aae774'),
 ('53', '29', '23', '32', '0', '2', '2017-04-28 09:38:50', '2017-04-28 09:38:50', '3233a543-4d7d-4e91-a6c4-d6f04af3cb99'),
 ('54', '29', '23', '31', '0', '3', '2017-04-28 09:38:50', '2017-04-28 09:38:50', '08413085-83a0-4837-92b6-ecf093f0f034'),
 ('55', '30', '24', '29', '0', '1', '2017-04-28 09:39:23', '2017-04-28 09:39:23', '4815be9c-94c1-45bd-b713-6b9b0d2e4ff5'),
 ('63', '35', '29', '1', '1', '1', '2017-04-28 10:02:01', '2017-04-28 10:02:01', '52d773ea-d13b-4944-86eb-6747b66a820e'),
 ('64', '35', '29', '2', '0', '2', '2017-04-28 10:02:01', '2017-04-28 10:02:01', '9848d113-15fc-4d01-bcc8-74793a87d2f5'),
 ('65', '35', '30', '33', '0', '1', '2017-04-28 10:02:01', '2017-04-28 10:02:01', '7f5d0697-e102-4ebe-8888-6f0b659b1531'),
 ('66', '39', '31', '35', '0', '1', '2017-05-02 14:23:31', '2017-05-02 14:23:31', 'e6437e74-c1d4-4ac7-8aae-02dca75856fe'),
 ('67', '40', '32', '36', '0', '1', '2017-05-02 14:24:18', '2017-05-02 14:24:18', 'd8122eb9-a0ab-40c8-97cc-5c390d6fa3c5');



DROP TABLE IF EXISTS `craft_fieldlayouts`;


--
-- Schema for table `craft_fieldlayouts`
--
CREATE TABLE `craft_fieldlayouts` (
  `id` int(11) NOT NULL AUTO_INCREMENT,
  `type` varchar(150) COLLATE utf8_unicode_ci NOT NULL,
  `dateCreated` datetime NOT NULL,
  `dateUpdated` datetime NOT NULL,
  `uid` char(36) COLLATE utf8_unicode_ci NOT NULL DEFAULT '0',
  PRIMARY KEY (`id`),
  KEY `craft_fieldlayouts_type_idx` (`type`)
) ENGINE=InnoDB AUTO_INCREMENT=41 DEFAULT CHARSET=utf8 COLLATE=utf8_unicode_ci;

--
-- Data for table `craft_fieldlayouts`
--

INSERT INTO `craft_fieldlayouts` (`id`, `type`, `dateCreated`, `dateUpdated`, `uid`) VALUES
 ('1', 'Tag', '2017-04-27 15:30:04', '2017-04-27 15:30:04', '14413ff4-0f4c-42b8-a2a8-f290ff947ce3'),
 ('3', 'Entry', '2017-04-27 15:30:05', '2017-04-27 15:30:05', '4775a0a1-506b-4917-baa8-e0111fef684e'),
 ('8', 'Category', '2017-04-27 16:05:29', '2017-04-27 16:05:29', '3d44c264-13e6-49ab-a61b-146397b0a18f'),
 ('11', 'Category', '2017-04-27 21:59:18', '2017-04-27 21:59:18', 'a57293a1-fed3-434a-8d8a-b4a7940e81ed'),
 ('16', 'Entry', '2017-04-27 22:20:52', '2017-04-27 22:20:52', 'b0a3eada-2eea-4d6d-8ceb-45d51e1a9f26'),
 ('20', 'MatrixBlock', '2017-04-27 22:23:33', '2017-04-27 22:23:33', '45d74a10-9703-4c75-b9f9-9d593f0837da'),
 ('21', 'MatrixBlock', '2017-04-27 22:23:33', '2017-04-27 22:23:33', '14fd5644-0a0f-4374-941b-09124331989e'),
 ('22', 'MatrixBlock', '2017-04-27 22:23:34', '2017-04-27 22:23:34', 'f4ce4204-87a2-490c-a91e-701027279edb'),
 ('27', 'Entry', '2017-04-28 09:31:07', '2017-04-28 09:31:07', '69dc460e-adf6-4162-8346-b27d79421b0b'),
 ('29', 'Entry', '2017-04-28 09:38:50', '2017-04-28 09:38:50', 'a8ca6bdd-7d10-491d-8454-b99c18a4b899'),
 ('30', 'Entry', '2017-04-28 09:39:23', '2017-04-28 09:39:23', '0cfea184-4b00-4b3a-be68-156601066bce'),
 ('31', 'Asset', '2017-04-28 09:48:56', '2017-04-28 09:48:56', 'b2c109ca-840b-438f-b928-70cfeb7dc10c'),
 ('32', 'Asset', '2017-04-28 09:50:46', '2017-04-28 09:50:46', 'bf06e2dc-956e-4138-a5b1-eb3ad8e9e78a'),
 ('35', 'Entry', '2017-04-28 10:02:01', '2017-04-28 10:02:01', 'bfd24c3d-c6fe-4ffc-bc19-305a4f5bd7a6'),
 ('36', 'Entry', '2017-04-28 11:25:37', '2017-04-28 11:25:37', 'cb07341c-28ee-4c3a-af15-fd1932c995b2'),
 ('39', 'Entry', '2017-05-02 14:23:30', '2017-05-02 14:23:30', '3aba16d3-afcd-43f0-8ae0-a1002c517f31'),
 ('40', 'Entry', '2017-05-02 14:24:18', '2017-05-02 14:24:18', '127e664d-760f-4f43-92f5-3f87aad0c5ac');



DROP TABLE IF EXISTS `craft_fieldlayouttabs`;


--
-- Schema for table `craft_fieldlayouttabs`
--
CREATE TABLE `craft_fieldlayouttabs` (
  `id` int(11) NOT NULL AUTO_INCREMENT,
  `layoutId` int(11) NOT NULL,
  `name` varchar(255) COLLATE utf8_unicode_ci NOT NULL,
  `sortOrder` smallint(6) unsigned DEFAULT NULL,
  `dateCreated` datetime NOT NULL,
  `dateUpdated` datetime NOT NULL,
  `uid` char(36) COLLATE utf8_unicode_ci NOT NULL DEFAULT '0',
  PRIMARY KEY (`id`),
  KEY `craft_fieldlayouttabs_sortOrder_idx` (`sortOrder`),
  KEY `craft_fieldlayouttabs_layoutId_fk` (`layoutId`)
) ENGINE=InnoDB AUTO_INCREMENT=33 DEFAULT CHARSET=utf8 COLLATE=utf8_unicode_ci;

--
-- Data for table `craft_fieldlayouttabs`
--

INSERT INTO `craft_fieldlayouttabs` (`id`, `layoutId`, `name`, `sortOrder`, `dateCreated`, `dateUpdated`, `uid`) VALUES
 ('1', '3', 'Content', '1', '2017-04-27 15:30:05', '2017-04-27 15:30:05', 'f7a55dae-37a2-4095-95af-5c9fd25998e2'),
 ('10', '16', 'Меню', '1', '2017-04-27 22:20:52', '2017-04-27 22:20:52', '496c8b82-eb4e-4d4e-b691-c15d454a99b6'),
 ('14', '20', 'Content', '1', '2017-04-27 22:23:33', '2017-04-27 22:23:33', '593e9e71-04b2-4a7e-84e7-a1894deb2c07'),
 ('15', '21', 'Content', '1', '2017-04-27 22:23:33', '2017-04-27 22:23:33', '63753dcd-6836-4056-95c4-148771b26ae1'),
 ('16', '22', 'Content', '1', '2017-04-27 22:23:34', '2017-04-27 22:23:34', 'e6c5f8c6-da9b-4ff8-83d4-1a3c1bdde96e'),
 ('20', '27', 'Персоны', '1', '2017-04-28 09:31:07', '2017-04-28 09:31:07', '0332fd45-858f-4e42-9347-58b09be0c1aa'),
 ('21', '27', 'Контакты', '2', '2017-04-28 09:31:07', '2017-04-28 09:31:07', '5e897105-6885-4d25-95ef-669921e387c6'),
 ('22', '27', 'Социальные сети', '3', '2017-04-28 09:31:07', '2017-04-28 09:31:07', '573a7512-5ad0-48f2-b4c7-06b15aa3137f'),
 ('23', '29', 'Проекты', '1', '2017-04-28 09:38:50', '2017-04-28 09:38:50', '99331c8a-4409-429d-bb7a-71857af99f2d'),
 ('24', '30', 'Цитаты', '1', '2017-04-28 09:39:23', '2017-04-28 09:39:23', '17764fce-39e0-4014-8171-d68d734aec4e'),
 ('29', '35', 'Content', '1', '2017-04-28 10:02:01', '2017-04-28 10:02:01', '178c06a9-03a6-4ea3-b2c7-9874d465a9a3'),
 ('30', '35', 'Элемент в списках', '2', '2017-04-28 10:02:01', '2017-04-28 10:02:01', 'b221a179-01b6-4276-bfab-b05717d5a634'),
 ('31', '39', 'Отрасли', '1', '2017-05-02 14:23:31', '2017-05-02 14:23:31', 'e1c40ee3-40b9-45a8-8a79-a982bb432da5'),
 ('32', '40', 'Услуги', '1', '2017-05-02 14:24:18', '2017-05-02 14:24:18', '2f578923-e3f0-4f02-9353-302e9c1b3b9b');



DROP TABLE IF EXISTS `craft_fields`;


--
-- Schema for table `craft_fields`
--
CREATE TABLE `craft_fields` (
  `id` int(11) NOT NULL AUTO_INCREMENT,
  `groupId` int(11) DEFAULT NULL,
  `name` varchar(255) COLLATE utf8_unicode_ci NOT NULL,
  `handle` varchar(58) COLLATE utf8_unicode_ci NOT NULL,
  `context` varchar(255) COLLATE utf8_unicode_ci NOT NULL DEFAULT 'global',
  `instructions` text COLLATE utf8_unicode_ci,
  `translatable` tinyint(1) unsigned NOT NULL DEFAULT '0',
  `type` varchar(150) COLLATE utf8_unicode_ci NOT NULL,
  `settings` text COLLATE utf8_unicode_ci,
  `dateCreated` datetime NOT NULL,
  `dateUpdated` datetime NOT NULL,
  `uid` char(36) COLLATE utf8_unicode_ci NOT NULL DEFAULT '0',
  PRIMARY KEY (`id`),
  UNIQUE KEY `craft_fields_handle_context_unq_idx` (`handle`,`context`),
  KEY `craft_fields_context_idx` (`context`),
  KEY `craft_fields_groupId_fk` (`groupId`)
) ENGINE=InnoDB AUTO_INCREMENT=37 DEFAULT CHARSET=utf8 COLLATE=utf8_unicode_ci;

--
-- Data for table `craft_fields`
--

INSERT INTO `craft_fields` (`id`, `groupId`, `name`, `handle`, `context`, `instructions`, `translatable`, `type`, `settings`, `dateCreated`, `dateUpdated`, `uid`) VALUES
 ('1', '1', 'Body', 'body', 'global', NULL, '1', 'RichText', '{\"configFile\":\"Standard.json\",\"columnType\":\"text\"}', '2017-04-27 15:30:04', '2017-04-27 15:30:04', 'a5ead197-313e-4f9d-9c67-88205dca5afa'),
 ('2', '1', 'Tags', 'tags', 'global', NULL, '0', 'Tags', '{\"source\":\"taggroup:1\"}', '2017-04-27 15:30:04', '2017-04-27 15:30:04', 'a1b0fe0c-dca5-4320-9375-9d9ac988ce96'),
 ('3', '2', 'Фотография', 'personPhoto', 'global', '', '0', 'Assets', '{\"useSingleFolder\":\"\",\"defaultUploadLocationSubpath\":\"\",\"singleUploadLocationSubpath\":\"\",\"restrictFiles\":\"\",\"targetLocale\":\"\",\"limit\":\"1\",\"viewMode\":\"large\",\"selectionLabel\":\"\"}', '2017-04-27 15:59:44', '2017-04-27 17:26:46', 'ffbf9f29-aa39-47a9-a4d7-2e6cc7a8e6c8'),
 ('4', '2', 'Имя', 'personFirstname', 'global', '', '1', 'PlainText', '{\"placeholder\":\"\",\"maxLength\":\"\",\"multiline\":\"\",\"initialRows\":\"4\"}', '2017-04-27 16:00:41', '2017-04-27 16:00:41', '60165420-6e23-4940-9929-f5321c54a1c8'),
 ('5', '2', 'Фамилия', 'personLastname', 'global', '', '1', 'PlainText', '{\"placeholder\":\"\",\"maxLength\":\"\",\"multiline\":\"\",\"initialRows\":\"4\"}', '2017-04-27 16:01:08', '2017-04-27 16:01:08', '623ab677-2e83-4aa0-9f38-eb4ec873f54b'),
 ('6', '2', 'Описание должности', 'personPosition', 'global', '', '1', 'PlainText', '{\"placeholder\":\"\",\"maxLength\":\"\",\"multiline\":\"\",\"initialRows\":\"4\"}', '2017-04-27 16:01:54', '2017-04-27 16:01:54', '1af1778f-5e58-488e-88a6-cad967fc5dd3'),
 ('7', '2', 'Статус', 'personStatus', 'global', '', '0', 'Categories', '{\"source\":\"group:1\",\"targetLocale\":\"\",\"limit\":\"1\",\"selectionLabel\":\"\"}', '2017-04-27 16:16:42', '2017-04-27 16:25:46', '771ea783-4e3f-40aa-bff2-b412a2f8d0cc'),
 ('8', '2', 'Биография', 'personBio', 'global', '', '1', 'RichText', '{\"configFile\":\"\",\"availableAssetSources\":\"*\",\"availableTransforms\":\"*\",\"cleanupHtml\":\"1\",\"purifyHtml\":\"1\",\"purifierConfig\":\"\",\"columnType\":\"mediumtext\"}', '2017-04-27 16:58:51', '2017-04-27 16:58:51', '8d86475f-e2ca-4cf5-b920-c371a6486147'),
 ('9', '4', 'Facebook', 'facebook', 'global', '', '0', 'PlainText', '{\"placeholder\":\"\",\"maxLength\":\"\",\"multiline\":\"\",\"initialRows\":\"4\"}', '2017-04-27 16:59:49', '2017-04-27 16:59:49', 'f410cbaf-d0d6-43ac-a6b4-4b0d011ddec1'),
 ('10', '4', 'Twitter', 'twitter', 'global', '', '0', 'PlainText', '{\"placeholder\":\"\",\"maxLength\":\"\",\"multiline\":\"\",\"initialRows\":\"4\"}', '2017-04-27 17:00:00', '2017-04-27 17:00:00', 'a9715d8d-8538-4b2d-8816-e5c272072204'),
 ('11', '4', 'LinkedIn', 'linkedin', 'global', '', '0', 'PlainText', '{\"placeholder\":\"\",\"maxLength\":\"\",\"multiline\":\"\",\"initialRows\":\"4\"}', '2017-04-27 17:00:10', '2017-04-27 17:00:10', '6887f41b-8e4f-4050-b47e-e79615eb8641'),
 ('12', '3', 'E-mail', 'contactEmail', 'global', '', '0', 'PlainText', '{\"placeholder\":\"\",\"maxLength\":\"\",\"multiline\":\"\",\"initialRows\":\"4\"}', '2017-04-27 17:00:34', '2017-04-27 17:02:01', '4d70fee6-cd7d-4d98-9df6-85c0d4c5ac68'),
 ('13', '3', 'Skype', 'contactSkype', 'global', '', '0', 'PlainText', '{\"placeholder\":\"\",\"maxLength\":\"\",\"multiline\":\"\",\"initialRows\":\"4\"}', '2017-04-27 17:00:49', '2017-04-27 17:01:51', '96cb5f27-aa78-4339-8f13-e11a765cc474'),
 ('14', '3', 'Адрес', 'contactAddress', 'global', '', '1', 'PlainText', '{\"placeholder\":\"\",\"maxLength\":\"\",\"multiline\":\"\",\"initialRows\":\"4\"}', '2017-04-27 17:01:18', '2017-04-27 17:01:41', '7d1f329e-9757-4df2-b516-48cb1cfb1563'),
 ('15', '3', 'Телефон 1', 'contactTel1', 'global', '', '0', 'PlainText', '{\"placeholder\":\"\",\"maxLength\":\"\",\"multiline\":\"\",\"initialRows\":\"4\"}', '2017-04-27 17:02:39', '2017-04-27 17:03:50', '29755322-38ff-4606-b5f6-c994c2f62f83'),
 ('16', '3', 'Телефон 2', 'contactTel2', 'global', '', '0', 'PlainText', '{\"placeholder\":\"\",\"maxLength\":\"\",\"multiline\":\"\",\"initialRows\":\"4\"}', '2017-04-27 17:02:50', '2017-04-27 17:03:40', 'bf05a970-cdd8-4923-beba-27b5879ce1a3'),
 ('17', '3', 'Телефон 3', 'contactTel3', 'global', '', '0', 'PlainText', '{\"placeholder\":\"\",\"maxLength\":\"\",\"multiline\":\"\",\"initialRows\":\"4\"}', '2017-04-27 17:03:03', '2017-04-27 17:03:32', 'b345c9ec-d049-41c7-a65d-ad7d1616bcd0'),
 ('18', '3', 'Факс', 'contactFax', 'global', '', '0', 'PlainText', '{\"placeholder\":\"\",\"maxLength\":\"\",\"multiline\":\"\",\"initialRows\":\"4\"}', '2017-04-27 17:03:20', '2017-04-27 17:03:20', 'f26338d2-662c-4e56-82ec-71944b5225dc'),
 ('19', '3', 'Локация', 'contactLocation', 'global', '', '1', 'Dropdown', '{\"options\":[{\"label\":\"\\u041c\\u043e\\u0441\\u043a\\u0432\\u0430\",\"value\":\"Moscow\",\"default\":\"\"},{\"label\":\"\\u0421\\u0430\\u043d\\u043a\\u0442-\\u041f\\u0435\\u0442\\u0435\\u0440\\u0431\\u0443\\u0440\\u0433\",\"value\":\"Saint-Petersburg\",\"default\":\"\"},{\"label\":\"\\u041a\\u0430\\u0437\\u0430\\u043d\\u044c\",\"value\":\"Kazan\",\"default\":\"\"},{\"label\":\"\\u0422\\u0432\\u0435\\u0440\\u044c\",\"value\":\"Tver\",\"default\":\"\"},{\"label\":\"\\u041d\\u0438\\u0436\\u043d\\u0438\\u0439 \\u041d\\u043e\\u0432\\u0433\\u043e\\u0440\\u043e\\u0434\",\"value\":\"Nizhny Novgorod\",\"default\":\"\"}]}', '2017-04-27 17:06:48', '2017-04-27 17:06:48', 'a2d51161-6af6-4acc-b7c1-cc9b34d7a6c0'),
 ('20', '6', 'TITLE', 'metaTitle', 'global', '', '1', 'PlainText', '{\"placeholder\":\"\",\"maxLength\":\"255\",\"multiline\":\"\",\"initialRows\":\"4\"}', '2017-04-27 22:05:46', '2017-04-27 22:06:36', 'dfbba541-b773-4eb8-928f-6865cc1c829b'),
 ('21', '6', 'Keywords', 'metaKeywords', 'global', '', '1', 'PlainText', '{\"placeholder\":\"\",\"maxLength\":\"255\",\"multiline\":\"\",\"initialRows\":\"4\"}', '2017-04-27 22:06:13', '2017-04-27 22:07:15', 'b0ca63b7-bf90-44fc-b40c-43397b525d50'),
 ('22', '6', 'Description', 'metaDescription', 'global', '', '1', 'PlainText', '{\"placeholder\":\"\",\"maxLength\":\"500\",\"multiline\":\"\",\"initialRows\":\"4\"}', '2017-04-27 22:07:09', '2017-04-27 22:07:09', 'a93c9f61-a393-4b05-9e51-2ddaa8e8da43'),
 ('23', '5', 'Текст ссылки', 'menuText', 'global', '', '1', 'PlainText', '{\"placeholder\":\"\",\"maxLength\":\"\",\"multiline\":\"\",\"initialRows\":\"4\"}', '2017-04-27 22:09:57', '2017-04-27 22:09:57', 'd0aa239f-ebff-4a0e-a863-5fd1f747e4d2'),
 ('24', '5', 'Ссылка', 'menuItem', 'global', '', '1', 'Matrix', '{\"maxBlocks\":\"1\"}', '2017-04-27 22:18:49', '2017-04-27 22:23:33', '7b7ee76a-86df-4629-87ad-e9b403366951'),
 ('25', NULL, 'Категория', 'toCategory', 'matrixBlockType:1', '', '0', 'Categories', '{\"source\":\"group:1\",\"targetLocale\":\"\",\"limit\":\"\",\"selectionLabel\":\"\"}', '2017-04-27 22:18:50', '2017-04-27 22:23:33', '9ac4b640-f3f8-46d6-a860-651979d657f4'),
 ('26', NULL, 'Объект', 'toEntry', 'matrixBlockType:2', '', '0', 'Entries', '{\"sources\":\"*\",\"targetLocale\":\"\",\"limit\":\"\",\"selectionLabel\":\"\"}', '2017-04-27 22:18:51', '2017-04-27 22:23:33', 'fdf1de3f-e416-46b0-aee6-c5cdee0d7e31'),
 ('27', NULL, 'URL', 'toUrl', 'matrixBlockType:3', '', '0', 'PlainText', '{\"placeholder\":\"\",\"maxLength\":\"\",\"multiline\":\"\",\"initialRows\":\"4\"}', '2017-04-27 22:18:52', '2017-04-27 22:23:34', '25950ee4-e64b-4d88-be2c-4012fcab5d19'),
 ('28', '8', 'Автор', 'quoteAuthor', 'global', '', '1', 'PlainText', '{\"placeholder\":\"\",\"maxLength\":\"\",\"multiline\":\"\",\"initialRows\":\"4\"}', '2017-04-28 09:26:56', '2017-04-28 09:26:56', '80548792-72e3-4284-aff5-6218e282aa11'),
 ('29', '8', 'Текст цитаты', 'quoteText', 'global', '', '0', 'RichText', '{\"configFile\":\"\",\"availableAssetSources\":\"*\",\"availableTransforms\":\"*\",\"cleanupHtml\":\"1\",\"purifyHtml\":\"1\",\"purifierConfig\":\"\",\"columnType\":\"text\"}', '2017-04-28 09:27:19', '2017-04-28 09:27:19', '4f03378b-ba16-454c-a79e-b11abad26d68'),
 ('30', '9', 'Описание', 'projectDescription', 'global', '', '1', 'RichText', '{\"configFile\":\"\",\"availableAssetSources\":\"*\",\"availableTransforms\":\"*\",\"cleanupHtml\":\"1\",\"purifyHtml\":\"1\",\"purifierConfig\":\"\",\"columnType\":\"text\"}', '2017-04-28 09:33:42', '2017-04-28 09:35:06', 'cd62e22a-fa19-4be1-8aff-35ba87c1da97'),
 ('31', '9', 'Файл с описанием для загрузки', 'projectFile', 'global', '', '1', 'Assets', '{\"useSingleFolder\":\"\",\"defaultUploadLocationSubpath\":\"\",\"singleUploadLocationSubpath\":\"\",\"restrictFiles\":\"1\",\"allowedKinds\":[\"pdf\",\"powerpoint\",\"word\"],\"targetLocale\":\"\",\"limit\":\"1\",\"viewMode\":\"list\",\"selectionLabel\":\"\"}', '2017-04-28 09:35:00', '2017-04-28 09:35:00', '6a3b6a8b-cb26-48da-b4b6-b7014651ae50'),
 ('32', '9', 'Ссылка на публикацию', 'projectLink', 'global', '', '1', 'Entries', '{\"sources\":\"*\",\"targetLocale\":\"\",\"limit\":\"1\",\"selectionLabel\":\"\"}', '2017-04-28 09:36:33', '2017-04-28 09:36:33', 'be92b7d7-1dc7-4c7e-88cb-bffc3ea60ee3'),
 ('33', '10', 'Изображение карточки', 'cardPic', 'global', '', '0', 'Assets', '{\"useSingleFolder\":\"1\",\"sources\":[\"folder:2\"],\"defaultUploadLocationSource\":\"2\",\"defaultUploadLocationSubpath\":\"cards\",\"singleUploadLocationSource\":\"2\",\"singleUploadLocationSubpath\":\"design\",\"restrictFiles\":\"1\",\"allowedKinds\":[\"image\"],\"targetLocale\":\"\",\"limit\":\"1\",\"viewMode\":\"large\",\"selectionLabel\":\"\"}', '2017-04-28 09:55:29', '2017-04-28 09:56:14', 'ffe289b9-53a2-444f-b458-f827855beb17'),
 ('35', '11', 'Преамбула', 'branchDescription', 'global', '', '1', 'RichText', '{\"configFile\":\"\",\"availableAssetSources\":\"*\",\"availableTransforms\":\"*\",\"cleanupHtml\":\"1\",\"purifyHtml\":\"1\",\"purifierConfig\":\"\",\"columnType\":\"text\"}', '2017-05-02 14:20:12', '2017-05-02 14:21:04', '42c48bf1-2199-465c-8fa8-399b11f7a742'),
 ('36', '12', 'Преамбула', 'serviceDescription', 'global', '', '1', 'RichText', '{\"configFile\":\"\",\"availableAssetSources\":\"*\",\"availableTransforms\":\"*\",\"cleanupHtml\":\"1\",\"purifyHtml\":\"1\",\"purifierConfig\":\"\",\"columnType\":\"text\"}', '2017-05-02 14:20:51', '2017-05-02 14:20:51', '461a1ffd-2a6a-4f8f-84b5-d786e281d188');



DROP TABLE IF EXISTS `craft_globalsets`;


--
-- Schema for table `craft_globalsets`
--
CREATE TABLE `craft_globalsets` (
  `id` int(11) NOT NULL,
  `name` varchar(255) COLLATE utf8_unicode_ci NOT NULL,
  `handle` varchar(255) COLLATE utf8_unicode_ci NOT NULL,
  `fieldLayoutId` int(10) DEFAULT NULL,
  `dateCreated` datetime NOT NULL,
  `dateUpdated` datetime NOT NULL,
  `uid` char(36) COLLATE utf8_unicode_ci NOT NULL DEFAULT '0',
  PRIMARY KEY (`id`),
  UNIQUE KEY `craft_globalsets_name_unq_idx` (`name`),
  UNIQUE KEY `craft_globalsets_handle_unq_idx` (`handle`),
  KEY `craft_globalsets_fieldLayoutId_fk` (`fieldLayoutId`)
) ENGINE=InnoDB DEFAULT CHARSET=utf8 COLLATE=utf8_unicode_ci;

DROP TABLE IF EXISTS `craft_info`;


--
-- Schema for table `craft_info`
--
CREATE TABLE `craft_info` (
  `id` int(11) NOT NULL AUTO_INCREMENT,
  `version` varchar(50) COLLATE utf8_unicode_ci NOT NULL,
  `schemaVersion` varchar(15) COLLATE utf8_unicode_ci NOT NULL,
  `edition` tinyint(1) unsigned NOT NULL DEFAULT '0',
  `siteName` varchar(100) COLLATE utf8_unicode_ci NOT NULL,
  `siteUrl` varchar(255) COLLATE utf8_unicode_ci NOT NULL,
  `timezone` varchar(30) COLLATE utf8_unicode_ci DEFAULT NULL,
  `on` tinyint(1) unsigned NOT NULL DEFAULT '0',
  `maintenance` tinyint(1) unsigned NOT NULL DEFAULT '0',
  `dateCreated` datetime NOT NULL,
  `dateUpdated` datetime NOT NULL,
  `uid` char(36) COLLATE utf8_unicode_ci NOT NULL DEFAULT '0',
  PRIMARY KEY (`id`)
) ENGINE=InnoDB AUTO_INCREMENT=2 DEFAULT CHARSET=utf8 COLLATE=utf8_unicode_ci;

--
-- Data for table `craft_info`
--

INSERT INTO `craft_info` (`id`, `version`, `schemaVersion`, `edition`, `siteName`, `siteUrl`, `timezone`, `on`, `maintenance`, `dateCreated`, `dateUpdated`, `uid`) VALUES
 ('1', '2.6.2974', '2.6.9', '2', 'Бейкер Тилли Россия', 'http://bti2.dev', 'UTC', '1', '1', '2017-04-27 15:29:56', '2017-05-02 14:24:46', '4e2ee895-cbe9-47b6-972d-abeb691a17f2');



DROP TABLE IF EXISTS `craft_locales`;


--
-- Schema for table `craft_locales`
--
CREATE TABLE `craft_locales` (
  `locale` char(12) COLLATE utf8_unicode_ci NOT NULL,
  `sortOrder` smallint(6) unsigned DEFAULT NULL,
  `dateCreated` datetime NOT NULL,
  `dateUpdated` datetime NOT NULL,
  `uid` char(36) COLLATE utf8_unicode_ci NOT NULL DEFAULT '0',
  PRIMARY KEY (`locale`),
  KEY `craft_locales_sortOrder_idx` (`sortOrder`)
) ENGINE=InnoDB DEFAULT CHARSET=utf8 COLLATE=utf8_unicode_ci;

--
-- Data for table `craft_locales`
--

INSERT INTO `craft_locales` (`locale`, `sortOrder`, `dateCreated`, `dateUpdated`, `uid`) VALUES
 ('en_us', '2', '2017-04-27 15:38:54', '2017-04-27 15:38:54', 'b31edd95-8afd-4704-a210-84d7ac9ea834'),
 ('ru', '1', '2017-04-27 15:29:58', '2017-04-27 15:29:58', '717a3b5c-9803-41d2-b3c3-e16501880982');



DROP TABLE IF EXISTS `craft_matrixblocks`;


--
-- Schema for table `craft_matrixblocks`
--
CREATE TABLE `craft_matrixblocks` (
  `id` int(11) NOT NULL,
  `ownerId` int(11) NOT NULL,
  `fieldId` int(11) NOT NULL,
  `typeId` int(11) DEFAULT NULL,
  `sortOrder` smallint(6) unsigned DEFAULT NULL,
  `ownerLocale` char(12) COLLATE utf8_unicode_ci DEFAULT NULL,
  `dateCreated` datetime NOT NULL,
  `dateUpdated` datetime NOT NULL,
  `uid` char(36) COLLATE utf8_unicode_ci NOT NULL DEFAULT '0',
  PRIMARY KEY (`id`),
  KEY `craft_matrixblocks_ownerId_idx` (`ownerId`),
  KEY `craft_matrixblocks_fieldId_idx` (`fieldId`),
  KEY `craft_matrixblocks_typeId_idx` (`typeId`),
  KEY `craft_matrixblocks_sortOrder_idx` (`sortOrder`),
  KEY `craft_matrixblocks_ownerLocale_fk` (`ownerLocale`)
) ENGINE=InnoDB DEFAULT CHARSET=utf8 COLLATE=utf8_unicode_ci;

--
-- Data for table `craft_matrixblocks`
--

INSERT INTO `craft_matrixblocks` (`id`, `ownerId`, `fieldId`, `typeId`, `sortOrder`, `ownerLocale`, `dateCreated`, `dateUpdated`, `uid`) VALUES
 ('19', '18', '24', '2', '1', 'ru', '2017-04-27 22:24:30', '2017-04-27 22:24:30', '00e46692-ba7b-4330-9975-5bac4939597f');



DROP TABLE IF EXISTS `craft_matrixblocktypes`;


--
-- Schema for table `craft_matrixblocktypes`
--
CREATE TABLE `craft_matrixblocktypes` (
  `id` int(11) NOT NULL AUTO_INCREMENT,
  `fieldId` int(11) NOT NULL,
  `fieldLayoutId` int(11) DEFAULT NULL,
  `name` varchar(255) COLLATE utf8_unicode_ci NOT NULL,
  `handle` varchar(255) COLLATE utf8_unicode_ci NOT NULL,
  `sortOrder` smallint(6) unsigned DEFAULT NULL,
  `dateCreated` datetime NOT NULL,
  `dateUpdated` datetime NOT NULL,
  `uid` char(36) COLLATE utf8_unicode_ci NOT NULL DEFAULT '0',
  PRIMARY KEY (`id`),
  UNIQUE KEY `craft_matrixblocktypes_name_fieldId_unq_idx` (`name`,`fieldId`),
  UNIQUE KEY `craft_matrixblocktypes_handle_fieldId_unq_idx` (`handle`,`fieldId`),
  KEY `craft_matrixblocktypes_fieldId_fk` (`fieldId`),
  KEY `craft_matrixblocktypes_fieldLayoutId_fk` (`fieldLayoutId`)
) ENGINE=InnoDB AUTO_INCREMENT=4 DEFAULT CHARSET=utf8 COLLATE=utf8_unicode_ci;

--
-- Data for table `craft_matrixblocktypes`
--

INSERT INTO `craft_matrixblocktypes` (`id`, `fieldId`, `fieldLayoutId`, `name`, `handle`, `sortOrder`, `dateCreated`, `dateUpdated`, `uid`) VALUES
 ('1', '24', '20', 'Ссылка на Категорию', 'blockTypeCategoryLink', '1', '2017-04-27 22:18:50', '2017-04-27 22:23:33', 'ead1d667-8a48-48d2-bbe2-210cad39b278'),
 ('2', '24', '21', 'Ссылка на Объект', 'blockTypeEntryLink', '2', '2017-04-27 22:18:51', '2017-04-27 22:23:33', 'e1786bdb-fa5a-4145-9713-f7525db67841'),
 ('3', '24', '22', 'URL', 'blockTypeUrl', '3', '2017-04-27 22:18:51', '2017-04-27 22:23:34', '28b0ed4d-3c39-41c1-b939-72bcc841178e');



DROP TABLE IF EXISTS `craft_matrixcontent_menuitem`;


--
-- Schema for table `craft_matrixcontent_menuitem`
--
CREATE TABLE `craft_matrixcontent_menuitem` (
  `id` int(11) NOT NULL AUTO_INCREMENT,
  `elementId` int(11) NOT NULL,
  `locale` char(12) COLLATE utf8_unicode_ci NOT NULL,
  `field_blockTypeUrl_toUrl` text COLLATE utf8_unicode_ci,
  `dateCreated` datetime NOT NULL,
  `dateUpdated` datetime NOT NULL,
  `uid` char(36) COLLATE utf8_unicode_ci NOT NULL DEFAULT '0',
  PRIMARY KEY (`id`),
  UNIQUE KEY `craft_matrixcontent_menuitem_elementId_locale_unq_idx` (`elementId`,`locale`),
  KEY `craft_matrixcontent_menuitem_locale_fk` (`locale`)
) ENGINE=InnoDB AUTO_INCREMENT=2 DEFAULT CHARSET=utf8 COLLATE=utf8_unicode_ci;

--
-- Data for table `craft_matrixcontent_menuitem`
--

INSERT INTO `craft_matrixcontent_menuitem` (`id`, `elementId`, `locale`, `field_blockTypeUrl_toUrl`, `dateCreated`, `dateUpdated`, `uid`) VALUES
 ('1', '19', 'ru', NULL, '2017-04-27 22:24:30', '2017-04-27 22:24:30', '518bd578-e0d1-48c3-9cef-3d9702a6c52d');



DROP TABLE IF EXISTS `craft_migrations`;


--
-- Schema for table `craft_migrations`
--
CREATE TABLE `craft_migrations` (
  `id` int(11) NOT NULL AUTO_INCREMENT,
  `pluginId` int(11) DEFAULT NULL,
  `version` varchar(255) COLLATE utf8_unicode_ci NOT NULL,
  `applyTime` datetime NOT NULL,
  `dateCreated` datetime NOT NULL,
  `dateUpdated` datetime NOT NULL,
  `uid` char(36) COLLATE utf8_unicode_ci NOT NULL DEFAULT '0',
  PRIMARY KEY (`id`),
  UNIQUE KEY `craft_migrations_version_unq_idx` (`version`),
  KEY `craft_migrations_pluginId_fk` (`pluginId`)
) ENGINE=InnoDB AUTO_INCREMENT=39 DEFAULT CHARSET=utf8 COLLATE=utf8_unicode_ci;

--
-- Data for table `craft_migrations`
--

INSERT INTO `craft_migrations` (`id`, `pluginId`, `version`, `applyTime`, `dateCreated`, `dateUpdated`, `uid`) VALUES
 ('1', NULL, 'm000000_000000_base', '2017-04-27 15:29:57', '2017-04-27 15:29:57', '2017-04-27 15:29:57', 'a30f4846-9bc2-4f40-ae41-8073a3bdf1d9'),
 ('2', NULL, 'm140730_000001_add_filename_and_format_to_transformindex', '2017-04-27 15:29:57', '2017-04-27 15:29:57', '2017-04-27 15:29:57', 'c87f509c-9113-4c78-98cd-a061fa74881a'),
 ('3', NULL, 'm140815_000001_add_format_to_transforms', '2017-04-27 15:29:57', '2017-04-27 15:29:57', '2017-04-27 15:29:57', '6fb46b96-8f9a-414a-906f-fc94af32db10'),
 ('4', NULL, 'm140822_000001_allow_more_than_128_items_per_field', '2017-04-27 15:29:57', '2017-04-27 15:29:57', '2017-04-27 15:29:57', 'f310ef92-36a0-4d07-9953-8df8794b122b'),
 ('5', NULL, 'm140829_000001_single_title_formats', '2017-04-27 15:29:57', '2017-04-27 15:29:57', '2017-04-27 15:29:57', '42c0e366-1edd-4a1e-be4c-61038d7e5afb'),
 ('6', NULL, 'm140831_000001_extended_cache_keys', '2017-04-27 15:29:57', '2017-04-27 15:29:57', '2017-04-27 15:29:57', 'fc952d95-c277-41f3-a4f2-921babc3fcc2'),
 ('7', NULL, 'm140922_000001_delete_orphaned_matrix_blocks', '2017-04-27 15:29:57', '2017-04-27 15:29:57', '2017-04-27 15:29:57', 'f07af365-fbdb-437f-bf69-860a25172da0'),
 ('8', NULL, 'm141008_000001_elements_index_tune', '2017-04-27 15:29:57', '2017-04-27 15:29:57', '2017-04-27 15:29:57', '66fa14fb-f02a-41c8-885a-b3cfb1f37de9'),
 ('9', NULL, 'm141009_000001_assets_source_handle', '2017-04-27 15:29:57', '2017-04-27 15:29:57', '2017-04-27 15:29:57', 'f0aa527e-68ac-4f52-95f0-8e603f893b77'),
 ('10', NULL, 'm141024_000001_field_layout_tabs', '2017-04-27 15:29:57', '2017-04-27 15:29:57', '2017-04-27 15:29:57', '16426155-cd8e-4bd7-8297-da519f5d56e5'),
 ('11', NULL, 'm141030_000000_plugin_schema_versions', '2017-04-27 15:29:57', '2017-04-27 15:29:57', '2017-04-27 15:29:57', '8c4907f6-a7bc-4aa7-80a6-6f4634acd153'),
 ('12', NULL, 'm141030_000001_drop_structure_move_permission', '2017-04-27 15:29:57', '2017-04-27 15:29:57', '2017-04-27 15:29:57', '17d563d2-b1ff-4c1d-aaa3-b2919fd85004'),
 ('13', NULL, 'm141103_000001_tag_titles', '2017-04-27 15:29:57', '2017-04-27 15:29:57', '2017-04-27 15:29:57', '9b077ab6-e012-458b-aa53-820a1a3ecc14'),
 ('14', NULL, 'm141109_000001_user_status_shuffle', '2017-04-27 15:29:57', '2017-04-27 15:29:57', '2017-04-27 15:29:57', 'a4bd0743-0a5b-4942-a987-6314b1c20f5a'),
 ('15', NULL, 'm141126_000001_user_week_start_day', '2017-04-27 15:29:57', '2017-04-27 15:29:57', '2017-04-27 15:29:57', '3084e1a3-4649-4618-859d-00d6ad43b917'),
 ('16', NULL, 'm150210_000001_adjust_user_photo_size', '2017-04-27 15:29:57', '2017-04-27 15:29:57', '2017-04-27 15:29:57', '10d547f3-6389-4b54-8786-bbeb70d8bc6e'),
 ('17', NULL, 'm150724_000001_adjust_quality_settings', '2017-04-27 15:29:57', '2017-04-27 15:29:57', '2017-04-27 15:29:57', '4afe61e4-7ff8-4690-a46a-6c45109409af'),
 ('18', NULL, 'm150827_000000_element_index_settings', '2017-04-27 15:29:57', '2017-04-27 15:29:57', '2017-04-27 15:29:57', '9b1f8a95-7d1b-4ae0-8d21-4643adc4ff6a'),
 ('19', NULL, 'm150918_000001_add_colspan_to_widgets', '2017-04-27 15:29:57', '2017-04-27 15:29:57', '2017-04-27 15:29:57', 'bdde9cbb-ae46-4335-ade9-3ceae20201ad'),
 ('20', NULL, 'm151007_000000_clear_asset_caches', '2017-04-27 15:29:57', '2017-04-27 15:29:57', '2017-04-27 15:29:57', '9573c252-a7b7-45b8-a257-77b66f9b14f5'),
 ('21', NULL, 'm151109_000000_text_url_formats', '2017-04-27 15:29:57', '2017-04-27 15:29:57', '2017-04-27 15:29:57', '9706c049-4754-40f5-a46c-c66958dd9979'),
 ('22', NULL, 'm151110_000000_move_logo', '2017-04-27 15:29:57', '2017-04-27 15:29:57', '2017-04-27 15:29:57', '3bbf0f8e-ea7f-4c5b-86fc-f0de24fccd83'),
 ('23', NULL, 'm151117_000000_adjust_image_widthheight', '2017-04-27 15:29:57', '2017-04-27 15:29:57', '2017-04-27 15:29:57', '64ad42a4-baf4-4153-bb7e-1c47c5400b68'),
 ('24', NULL, 'm151127_000000_clear_license_key_status', '2017-04-27 15:29:57', '2017-04-27 15:29:57', '2017-04-27 15:29:57', '9fc84b32-12b5-477b-96de-d52dd3a61945'),
 ('25', NULL, 'm151127_000000_plugin_license_keys', '2017-04-27 15:29:57', '2017-04-27 15:29:57', '2017-04-27 15:29:57', '2580a810-dfbb-4c64-a4fb-22e81759c050'),
 ('26', NULL, 'm151130_000000_update_pt_widget_feeds', '2017-04-27 15:29:57', '2017-04-27 15:29:57', '2017-04-27 15:29:57', '7a64ebb1-cdcd-438b-8e4d-de5522f68e92'),
 ('27', NULL, 'm160114_000000_asset_sources_public_url_default_true', '2017-04-27 15:29:57', '2017-04-27 15:29:57', '2017-04-27 15:29:57', 'ffcac3df-1659-46d7-82e0-ba052f5a0bbe'),
 ('28', NULL, 'm160223_000000_sortorder_to_smallint', '2017-04-27 15:29:57', '2017-04-27 15:29:57', '2017-04-27 15:29:57', 'cc523bf4-d902-483f-9029-4648a1ef11e0'),
 ('29', NULL, 'm160229_000000_set_default_entry_statuses', '2017-04-27 15:29:57', '2017-04-27 15:29:57', '2017-04-27 15:29:57', '2b48bab0-31ce-4758-86f1-4f8b29869380'),
 ('30', NULL, 'm160304_000000_client_permissions', '2017-04-27 15:29:57', '2017-04-27 15:29:57', '2017-04-27 15:29:57', '048348e8-1152-41c8-b649-6ae779ac7edf'),
 ('31', NULL, 'm160322_000000_asset_filesize', '2017-04-27 15:29:57', '2017-04-27 15:29:57', '2017-04-27 15:29:57', '6ea05654-0bbc-4038-987a-3dd1847b8477'),
 ('32', NULL, 'm160503_000000_orphaned_fieldlayouts', '2017-04-27 15:29:57', '2017-04-27 15:29:57', '2017-04-27 15:29:57', 'c72f16e6-2c6e-431b-92d0-e3233a90f0e6'),
 ('33', NULL, 'm160510_000000_tasksettings', '2017-04-27 15:29:57', '2017-04-27 15:29:57', '2017-04-27 15:29:57', '26cabe88-886e-4e53-9cdf-fc27f80c6151'),
 ('34', NULL, 'm160829_000000_pending_user_content_cleanup', '2017-04-27 15:29:57', '2017-04-27 15:29:57', '2017-04-27 15:29:57', '8e2512b7-531c-4d15-905d-e8407440ae29'),
 ('35', NULL, 'm160830_000000_asset_index_uri_increase', '2017-04-27 15:29:57', '2017-04-27 15:29:57', '2017-04-27 15:29:57', '1b37b2e2-be3d-4e28-b1b5-a1a85fbb42cf'),
 ('36', NULL, 'm160919_000000_usergroup_handle_title_unique', '2017-04-27 15:29:57', '2017-04-27 15:29:57', '2017-04-27 15:29:57', '43aa3808-6a37-48b8-8d9b-afe0b9d829b8'),
 ('37', NULL, 'm161108_000000_new_version_format', '2017-04-27 15:29:57', '2017-04-27 15:29:57', '2017-04-27 15:29:57', '102102c5-71dc-4e01-a50e-7136e00fcc14'),
 ('38', NULL, 'm161109_000000_index_shuffle', '2017-04-27 15:29:57', '2017-04-27 15:29:57', '2017-04-27 15:29:57', '09699f1f-5c4f-44ec-b9bd-f7b9fe8e2000');



DROP TABLE IF EXISTS `craft_plugins`;


--
-- Schema for table `craft_plugins`
--
CREATE TABLE `craft_plugins` (
  `id` int(11) NOT NULL AUTO_INCREMENT,
  `class` varchar(150) COLLATE utf8_unicode_ci NOT NULL,
  `version` varchar(15) COLLATE utf8_unicode_ci NOT NULL,
  `schemaVersion` varchar(15) COLLATE utf8_unicode_ci DEFAULT NULL,
  `licenseKey` char(24) COLLATE utf8_unicode_ci DEFAULT NULL,
  `licenseKeyStatus` enum('valid','invalid','mismatched','unknown') COLLATE utf8_unicode_ci NOT NULL DEFAULT 'unknown',
  `enabled` tinyint(1) unsigned NOT NULL DEFAULT '0',
  `settings` text COLLATE utf8_unicode_ci,
  `installDate` datetime NOT NULL,
  `dateCreated` datetime NOT NULL,
  `dateUpdated` datetime NOT NULL,
  `uid` char(36) COLLATE utf8_unicode_ci NOT NULL DEFAULT '0',
  PRIMARY KEY (`id`)
) ENGINE=InnoDB DEFAULT CHARSET=utf8 COLLATE=utf8_unicode_ci;

DROP TABLE IF EXISTS `craft_rackspaceaccess`;


--
-- Schema for table `craft_rackspaceaccess`
--
CREATE TABLE `craft_rackspaceaccess` (
  `id` int(11) NOT NULL AUTO_INCREMENT,
  `connectionKey` varchar(255) COLLATE utf8_unicode_ci NOT NULL,
  `token` varchar(255) COLLATE utf8_unicode_ci NOT NULL,
  `storageUrl` varchar(255) COLLATE utf8_unicode_ci NOT NULL,
  `cdnUrl` varchar(255) COLLATE utf8_unicode_ci NOT NULL,
  `dateCreated` datetime NOT NULL,
  `dateUpdated` datetime NOT NULL,
  `uid` char(36) COLLATE utf8_unicode_ci NOT NULL DEFAULT '0',
  PRIMARY KEY (`id`),
  UNIQUE KEY `craft_rackspaceaccess_connectionKey_unq_idx` (`connectionKey`)
) ENGINE=InnoDB DEFAULT CHARSET=utf8 COLLATE=utf8_unicode_ci;

DROP TABLE IF EXISTS `craft_relations`;


--
-- Schema for table `craft_relations`
--
CREATE TABLE `craft_relations` (
  `id` int(11) NOT NULL AUTO_INCREMENT,
  `fieldId` int(11) NOT NULL,
  `sourceId` int(11) NOT NULL,
  `sourceLocale` char(12) COLLATE utf8_unicode_ci DEFAULT NULL,
  `targetId` int(11) NOT NULL,
  `sortOrder` smallint(6) DEFAULT NULL,
  `dateCreated` datetime NOT NULL,
  `dateUpdated` datetime NOT NULL,
  `uid` char(36) COLLATE utf8_unicode_ci NOT NULL DEFAULT '0',
  PRIMARY KEY (`id`),
  UNIQUE KEY `craft_relations_fieldId_sourceId_sourceLocale_targetId_unq_idx` (`fieldId`,`sourceId`,`sourceLocale`,`targetId`),
  KEY `craft_relations_sourceId_fk` (`sourceId`),
  KEY `craft_relations_sourceLocale_fk` (`sourceLocale`),
  KEY `craft_relations_targetId_fk` (`targetId`)
) ENGINE=InnoDB AUTO_INCREMENT=7 DEFAULT CHARSET=utf8 COLLATE=utf8_unicode_ci;

--
-- Data for table `craft_relations`
--

INSERT INTO `craft_relations` (`id`, `fieldId`, `sourceId`, `sourceLocale`, `targetId`, `sortOrder`, `dateCreated`, `dateUpdated`, `uid`) VALUES
 ('1', '7', '16', NULL, '6', '1', '2017-04-27 16:23:46', '2017-04-27 16:23:46', 'c58dd16a-bd1e-4f4b-ac84-a85d12d1a115'),
 ('2', '7', '17', NULL, '4', '1', '2017-04-27 16:25:23', '2017-04-27 16:25:23', '505432ab-e3f7-4b05-8697-21e9ebb29be3'),
 ('3', '7', '17', NULL, '5', '2', '2017-04-27 16:25:23', '2017-04-27 16:25:23', '1a88650c-cad5-4f08-99ff-2ea649fb6618'),
 ('4', '26', '19', NULL, '17', '1', '2017-04-27 22:24:30', '2017-04-27 22:24:30', 'c99b5f9d-23ae-4235-a370-86206b8296aa'),
 ('5', '26', '19', NULL, '16', '2', '2017-04-27 22:24:30', '2017-04-27 22:24:30', '40ea89ea-f618-4270-ac21-9aee33f0bed2');



DROP TABLE IF EXISTS `craft_routes`;


--
-- Schema for table `craft_routes`
--
CREATE TABLE `craft_routes` (
  `id` int(11) NOT NULL AUTO_INCREMENT,
  `locale` char(12) COLLATE utf8_unicode_ci DEFAULT NULL,
  `urlParts` varchar(255) COLLATE utf8_unicode_ci NOT NULL,
  `urlPattern` varchar(255) COLLATE utf8_unicode_ci NOT NULL,
  `template` varchar(255) COLLATE utf8_unicode_ci NOT NULL,
  `sortOrder` smallint(6) unsigned DEFAULT NULL,
  `dateCreated` datetime NOT NULL,
  `dateUpdated` datetime NOT NULL,
  `uid` char(36) COLLATE utf8_unicode_ci NOT NULL DEFAULT '0',
  PRIMARY KEY (`id`),
  UNIQUE KEY `craft_routes_urlPattern_unq_idx` (`urlPattern`),
  KEY `craft_routes_locale_idx` (`locale`)
) ENGINE=InnoDB DEFAULT CHARSET=utf8 COLLATE=utf8_unicode_ci;

DROP TABLE IF EXISTS `craft_searchindex`;


--
-- Schema for table `craft_searchindex`
--
CREATE TABLE `craft_searchindex` (
  `elementId` int(11) NOT NULL,
  `attribute` varchar(25) COLLATE utf8_unicode_ci NOT NULL,
  `fieldId` int(11) NOT NULL,
  `locale` char(12) COLLATE utf8_unicode_ci NOT NULL,
  `keywords` text COLLATE utf8_unicode_ci NOT NULL,
  PRIMARY KEY (`elementId`,`attribute`,`fieldId`,`locale`),
  FULLTEXT KEY `craft_searchindex_keywords_idx` (`keywords`)
) ENGINE=MyISAM DEFAULT CHARSET=utf8 COLLATE=utf8_unicode_ci;

--
-- Data for table `craft_searchindex`
--

INSERT INTO `craft_searchindex` (`elementId`, `attribute`, `fieldId`, `locale`, `keywords`) VALUES
 ('1', 'username', '0', 'ru', ' admin '),
 ('1', 'firstname', '0', 'ru', ''),
 ('1', 'lastname', '0', 'ru', ''),
 ('1', 'fullname', '0', 'ru', ''),
 ('1', 'email', '0', 'ru', ' admin segmental ru '),
 ('1', 'slug', '0', 'ru', ''),
 ('2', 'slug', '0', 'ru', ' homepage '),
 ('2', 'title', '0', 'ru', ' welcome to bti2 dev '),
 ('2', 'field', '1', 'ru', ' it s true this site doesn t have a whole lot of content yet but don t worry our web developers have just installed the cms and they re setting things up for the content editors this very moment soon bti2 dev will be an oasis of fresh perspectives sharp analyses and astute opinions that will keep you coming back again and again '),
 ('3', 'field', '1', 'ru', ' craft is the cms that s powering bti2 dev it s beautiful powerful flexible and easy to use and it s made by pixel tonic we can t wait to dive in and see what it s capable of this is even more captivating content which you couldn t see on the news index page because it was entered after a page break and the news index template only likes to show the content on the first page craft a nice alternative to word if you re making a website '),
 ('3', 'field', '2', 'ru', ''),
 ('3', 'slug', '0', 'ru', ' we just installed craft '),
 ('3', 'title', '0', 'ru', ' we just installed craft '),
 ('4', 'slug', '0', 'ru', ' partners '),
 ('4', 'title', '0', 'ru', ' партнеры '),
 ('4', 'slug', '0', 'en_us', ' partners '),
 ('4', 'title', '0', 'en_us', ' partners '),
 ('5', 'slug', '0', 'ru', ' superintendents '),
 ('5', 'title', '0', 'ru', ' директора '),
 ('5', 'slug', '0', 'en_us', ' superintendents '),
 ('5', 'title', '0', 'en_us', ' superintendents '),
 ('6', 'slug', '0', 'ru', ' managers '),
 ('6', 'title', '0', 'ru', ' менеджеры '),
 ('6', 'slug', '0', 'en_us', ' managers '),
 ('6', 'title', '0', 'en_us', ' managers '),
 ('7', 'slug', '0', 'ru', ' news '),
 ('7', 'title', '0', 'ru', ' новости '),
 ('7', 'slug', '0', 'en_us', ' news '),
 ('7', 'title', '0', 'en_us', ' our news '),
 ('8', 'slug', '0', 'ru', ' insights '),
 ('8', 'title', '0', 'ru', ' точка зрения '),
 ('8', 'slug', '0', 'en_us', ' insights '),
 ('8', 'title', '0', 'en_us', ' insights '),
 ('9', 'slug', '0', 'ru', ' press releases '),
 ('9', 'title', '0', 'ru', ' пресс релизы '),
 ('9', 'slug', '0', 'en_us', ' press releases '),
 ('9', 'title', '0', 'en_us', ' press releases '),
 ('10', 'slug', '0', 'ru', ' tax reviews '),
 ('10', 'title', '0', 'ru', ' налоговые обзоры '),
 ('10', 'slug', '0', 'en_us', ' tax reviews '),
 ('10', 'title', '0', 'en_us', ' tax reviews '),
 ('13', 'field', '4', 'ru', ''),
 ('12', 'slug', '0', 'ru', ' ivan '),
 ('12', 'title', '0', 'ru', ' ivan '),
 ('13', 'field', '6', 'ru', ''),
 ('13', 'field', '7', 'ru', ' партнеры '),
 ('13', 'field', '5', 'ru', ''),
 ('13', 'field', '3', 'ru', ''),
 ('13', 'slug', '0', 'ru', ' ivan '),
 ('13', 'title', '0', 'ru', ' ivan '),
 ('14', 'field', '4', 'ru', ''),
 ('14', 'field', '6', 'ru', ''),
 ('14', 'field', '7', 'ru', ' партнеры '),
 ('14', 'field', '5', 'ru', ''),
 ('14', 'field', '3', 'ru', ''),
 ('14', 'slug', '0', 'ru', ' ivan '),
 ('14', 'title', '0', 'ru', ' ivan '),
 ('15', 'field', '4', 'ru', ''),
 ('15', 'field', '6', 'ru', ''),
 ('15', 'field', '7', 'ru', ' менеджеры '),
 ('15', 'field', '5', 'ru', ''),
 ('15', 'field', '3', 'ru', ''),
 ('15', 'slug', '0', 'ru', ' qweqwe '),
 ('15', 'title', '0', 'ru', ' qweqwe '),
 ('16', 'field', '4', 'ru', ''),
 ('16', 'field', '6', 'ru', ''),
 ('16', 'field', '7', 'ru', ' менеджеры '),
 ('16', 'field', '5', 'ru', ''),
 ('16', 'field', '3', 'ru', ''),
 ('16', 'slug', '0', 'ru', ' asdasd '),
 ('16', 'title', '0', 'ru', ' asdasd '),
 ('16', 'field', '4', 'en_us', ''),
 ('16', 'field', '6', 'en_us', ''),
 ('16', 'field', '7', 'en_us', ' managers '),
 ('16', 'field', '5', 'en_us', ''),
 ('16', 'field', '3', 'en_us', ''),
 ('16', 'slug', '0', 'en_us', ' asdasd '),
 ('16', 'title', '0', 'en_us', ' asdasd '),
 ('17', 'field', '4', 'ru', ''),
 ('17', 'field', '6', 'ru', ''),
 ('17', 'field', '7', 'ru', ' партнеры '),
 ('17', 'field', '5', 'ru', ''),
 ('17', 'field', '3', 'ru', ''),
 ('17', 'slug', '0', 'ru', ' wrewrwer '),
 ('17', 'title', '0', 'ru', ' wrewrwer '),
 ('17', 'field', '4', 'en_us', ''),
 ('17', 'field', '6', 'en_us', ''),
 ('17', 'field', '7', 'en_us', ' partners superintendents '),
 ('17', 'field', '5', 'en_us', ''),
 ('17', 'field', '3', 'en_us', ''),
 ('17', 'slug', '0', 'en_us', ' wrewrwer '),
 ('17', 'title', '0', 'en_us', ' wrewrwer '),
 ('16', 'field', '8', 'ru', ''),
 ('16', 'field', '12', 'ru', ''),
 ('16', 'field', '13', 'ru', ''),
 ('16', 'field', '15', 'ru', ''),
 ('16', 'field', '16', 'ru', ''),
 ('16', 'field', '9', 'ru', ''),
 ('16', 'field', '11', 'ru', ''),
 ('16', 'field', '10', 'ru', '');
INSERT INTO `craft_searchindex` (`elementId`, `attribute`, `fieldId`, `locale`, `keywords`) VALUES
 ('16', 'field', '12', 'en_us', ''),
 ('16', 'field', '13', 'en_us', ''),
 ('16', 'field', '15', 'en_us', ''),
 ('16', 'field', '16', 'en_us', ''),
 ('16', 'field', '9', 'en_us', ''),
 ('16', 'field', '11', 'en_us', ''),
 ('16', 'field', '10', 'en_us', ''),
 ('17', 'field', '8', 'ru', ''),
 ('17', 'field', '12', 'ru', ''),
 ('17', 'field', '13', 'ru', ''),
 ('17', 'field', '15', 'ru', ''),
 ('17', 'field', '16', 'ru', ''),
 ('17', 'field', '9', 'ru', ''),
 ('17', 'field', '11', 'ru', ''),
 ('17', 'field', '10', 'ru', ''),
 ('17', 'field', '12', 'en_us', ''),
 ('17', 'field', '13', 'en_us', ''),
 ('17', 'field', '15', 'en_us', ''),
 ('17', 'field', '16', 'en_us', ''),
 ('17', 'field', '9', 'en_us', ''),
 ('17', 'field', '11', 'en_us', ''),
 ('17', 'field', '10', 'en_us', ''),
 ('18', 'field', '24', 'ru', ' wrewrwer asdasd '),
 ('18', 'field', '23', 'ru', ' test '),
 ('18', 'slug', '0', 'ru', ' test menu '),
 ('18', 'title', '0', 'ru', ' test menu '),
 ('18', 'field', '24', 'en_us', ' wrewrwer asdasd '),
 ('18', 'field', '23', 'en_us', ' test '),
 ('18', 'slug', '0', 'en_us', ' test menu '),
 ('18', 'title', '0', 'en_us', ' test menu '),
 ('19', 'field', '26', 'ru', ' wrewrwer asdasd '),
 ('19', 'slug', '0', 'ru', ''),
 ('23', 'slug', '0', 'ru', ' тестовый '),
 ('23', 'title', '0', 'ru', ' тестовый '),
 ('23', 'slug', '0', 'en_us', ' тестовый '),
 ('23', 'title', '0', 'en_us', ' тестовый '),
 ('3', 'field', '33', 'ru', '');



DROP TABLE IF EXISTS `craft_sections`;


--
-- Schema for table `craft_sections`
--
CREATE TABLE `craft_sections` (
  `id` int(11) NOT NULL AUTO_INCREMENT,
  `structureId` int(11) DEFAULT NULL,
  `name` varchar(255) COLLATE utf8_unicode_ci NOT NULL,
  `handle` varchar(255) COLLATE utf8_unicode_ci NOT NULL,
  `type` enum('single','channel','structure') COLLATE utf8_unicode_ci NOT NULL DEFAULT 'channel',
  `hasUrls` tinyint(1) unsigned NOT NULL DEFAULT '1',
  `template` varchar(500) COLLATE utf8_unicode_ci DEFAULT NULL,
  `enableVersioning` tinyint(1) unsigned NOT NULL DEFAULT '0',
  `dateCreated` datetime NOT NULL,
  `dateUpdated` datetime NOT NULL,
  `uid` char(36) COLLATE utf8_unicode_ci NOT NULL DEFAULT '0',
  PRIMARY KEY (`id`),
  UNIQUE KEY `craft_sections_name_unq_idx` (`name`),
  UNIQUE KEY `craft_sections_handle_unq_idx` (`handle`),
  KEY `craft_sections_structureId_fk` (`structureId`)
) ENGINE=InnoDB AUTO_INCREMENT=10 DEFAULT CHARSET=utf8 COLLATE=utf8_unicode_ci;

--
-- Data for table `craft_sections`
--

INSERT INTO `craft_sections` (`id`, `structureId`, `name`, `handle`, `type`, `hasUrls`, `template`, `enableVersioning`, `dateCreated`, `dateUpdated`, `uid`) VALUES
 ('1', NULL, 'Homepage', 'homepage', 'single', '1', 'index', '1', '2017-04-27 15:30:04', '2017-04-27 15:30:04', '585d0e7e-8fd8-46f8-a59a-4bb871449229'),
 ('2', NULL, 'News', 'news', 'channel', '1', 'news/_entry', '1', '2017-04-27 15:30:05', '2017-04-27 15:30:05', '4e7f1b1a-e4d6-48bd-8ec5-1976a56f0eee'),
 ('3', '1', 'Персоны', 'persons', 'structure', '1', 'persons/_entry', '1', '2017-04-27 16:03:14', '2017-04-28 09:45:38', 'acd7124a-7be6-4d28-bb75-0ef097d51607'),
 ('4', '4', 'Навигация', 'menu', 'structure', '0', NULL, '1', '2017-04-27 22:20:29', '2017-04-27 22:20:29', 'a4749f77-5234-4998-811b-0c6c2d357e2f'),
 ('5', NULL, 'Цитаты', 'qoutes', 'channel', '0', NULL, '1', '2017-04-28 09:28:10', '2017-04-28 09:45:31', '2326878a-40f7-4e06-8ec4-d8186eceb31e'),
 ('6', NULL, 'Проекты', 'projects', 'channel', '0', NULL, '1', '2017-04-28 09:38:17', '2017-04-28 09:45:25', '22352a3e-037a-43e0-868d-f1b26dfdaacc'),
 ('7', NULL, 'Тестовый', 'tester', 'single', '1', 'tester/_entry.html', '1', '2017-04-28 11:25:37', '2017-04-28 11:25:37', 'f84752f4-0a5f-45ad-ba97-fa5b338f9c12'),
 ('8', '5', 'Услуги', 'services', 'structure', '1', 'services/_entry', '1', '2017-05-02 14:22:00', '2017-05-02 14:23:45', 'cb69e027-bc4c-4cf9-81db-d79f02cddc0c'),
 ('9', '6', 'Отрасли', 'branches', 'structure', '1', 'branches/_entry', '1', '2017-05-02 14:22:38', '2017-05-02 14:22:38', '29ea94dd-7c0f-4f0e-b572-776e2ccd8a6c');



DROP TABLE IF EXISTS `craft_sections_i18n`;


--
-- Schema for table `craft_sections_i18n`
--
CREATE TABLE `craft_sections_i18n` (
  `id` int(11) NOT NULL AUTO_INCREMENT,
  `sectionId` int(11) NOT NULL,
  `locale` char(12) COLLATE utf8_unicode_ci NOT NULL,
  `enabledByDefault` tinyint(1) unsigned NOT NULL DEFAULT '1',
  `urlFormat` text COLLATE utf8_unicode_ci,
  `nestedUrlFormat` text COLLATE utf8_unicode_ci,
  `dateCreated` datetime NOT NULL,
  `dateUpdated` datetime NOT NULL,
  `uid` char(36) COLLATE utf8_unicode_ci NOT NULL DEFAULT '0',
  PRIMARY KEY (`id`),
  UNIQUE KEY `craft_sections_i18n_sectionId_locale_unq_idx` (`sectionId`,`locale`),
  KEY `craft_sections_i18n_locale_fk` (`locale`)
) ENGINE=InnoDB AUTO_INCREMENT=17 DEFAULT CHARSET=utf8 COLLATE=utf8_unicode_ci;

--
-- Data for table `craft_sections_i18n`
--

INSERT INTO `craft_sections_i18n` (`id`, `sectionId`, `locale`, `enabledByDefault`, `urlFormat`, `nestedUrlFormat`, `dateCreated`, `dateUpdated`, `uid`) VALUES
 ('1', '1', 'ru', '1', '__home__', NULL, '2017-04-27 15:30:04', '2017-04-27 15:30:04', 'b7355b10-6723-4185-be94-e5dff533cbd0'),
 ('2', '2', 'ru', '1', 'news/{postDate.year}/{slug}', NULL, '2017-04-27 15:30:05', '2017-04-27 15:30:05', '80533aeb-5f07-4b32-90c0-0dd0ca557720'),
 ('3', '3', 'ru', '1', 'team/{personStatus.first.slug}/{slug}', NULL, '2017-04-27 16:03:14', '2017-04-27 16:24:54', '60e551d8-2df8-464d-a6e8-cab08f532523'),
 ('4', '3', 'en_us', '0', 'team/{personStatus.first.slug}/{slug}', NULL, '2017-04-27 16:03:14', '2017-04-28 09:45:38', 'f2e224d8-4598-423d-b534-c8116fb091c1'),
 ('5', '4', 'ru', '1', NULL, NULL, '2017-04-27 22:20:29', '2017-04-27 22:20:29', '515682f9-0a3d-4d5f-9d17-e85873e64089'),
 ('6', '4', 'en_us', '1', NULL, NULL, '2017-04-27 22:20:29', '2017-04-27 22:20:29', '0b30ae83-d4ee-490b-9bc5-576692bdaab3'),
 ('7', '5', 'ru', '1', NULL, NULL, '2017-04-28 09:28:10', '2017-04-28 09:28:10', '04cb9226-e79d-40df-92c0-11940ad124f1'),
 ('8', '5', 'en_us', '0', NULL, NULL, '2017-04-28 09:28:10', '2017-04-28 09:45:31', '846afbf3-d9ec-4f87-b96e-e45c31701f45'),
 ('9', '6', 'ru', '1', NULL, NULL, '2017-04-28 09:38:17', '2017-04-28 09:38:17', 'b1871658-a916-4518-b62f-2f5b59c197bf'),
 ('10', '6', 'en_us', '0', NULL, NULL, '2017-04-28 09:38:17', '2017-04-28 09:45:25', '947dce77-2ac9-43a7-8b8b-8839621a6f3e'),
 ('11', '7', 'ru', '1', 'tester', NULL, '2017-04-28 11:25:37', '2017-04-28 11:25:37', '3876a3a5-6ab1-46e8-b86a-660a439375c8'),
 ('12', '7', 'en_us', '1', 'tester', NULL, '2017-04-28 11:25:37', '2017-04-28 11:25:37', '50c66297-aed5-4ded-82c2-8876dfa776a0'),
 ('13', '8', 'ru', '1', 'services/{slug}', '{parent.uri}/{slug}', '2017-05-02 14:22:00', '2017-05-02 14:23:45', '894d325b-c6fc-4e8e-b629-f9abacabad1d'),
 ('14', '8', 'en_us', '1', 'services/{slug}', '{parent.uri}/{slug}', '2017-05-02 14:22:00', '2017-05-02 14:23:45', '9ce334bc-cee9-4bba-8260-5f66ebc8d02a'),
 ('15', '9', 'ru', '1', 'branches/{slug}', NULL, '2017-05-02 14:22:38', '2017-05-02 14:22:38', '88c2c081-24d9-4b1a-af62-2c5b5b99727b'),
 ('16', '9', 'en_us', '1', 'branches/{slug}', NULL, '2017-05-02 14:22:38', '2017-05-02 14:22:38', '5ab91adb-83be-40cf-b6d1-4a85d3534e0e');



DROP TABLE IF EXISTS `craft_sessions`;


--
-- Schema for table `craft_sessions`
--
CREATE TABLE `craft_sessions` (
  `id` int(11) NOT NULL AUTO_INCREMENT,
  `userId` int(11) NOT NULL,
  `token` char(100) COLLATE utf8_unicode_ci NOT NULL,
  `dateCreated` datetime NOT NULL,
  `dateUpdated` datetime NOT NULL,
  `uid` char(36) COLLATE utf8_unicode_ci NOT NULL DEFAULT '0',
  PRIMARY KEY (`id`),
  KEY `craft_sessions_uid_idx` (`uid`),
  KEY `craft_sessions_token_idx` (`token`),
  KEY `craft_sessions_dateUpdated_idx` (`dateUpdated`),
  KEY `craft_sessions_userId_fk` (`userId`)
) ENGINE=InnoDB AUTO_INCREMENT=7 DEFAULT CHARSET=utf8 COLLATE=utf8_unicode_ci;

DROP TABLE IF EXISTS `craft_shunnedmessages`;


--
-- Schema for table `craft_shunnedmessages`
--
CREATE TABLE `craft_shunnedmessages` (
  `id` int(11) NOT NULL AUTO_INCREMENT,
  `userId` int(11) NOT NULL,
  `message` varchar(255) COLLATE utf8_unicode_ci NOT NULL,
  `expiryDate` datetime DEFAULT NULL,
  `dateCreated` datetime NOT NULL,
  `dateUpdated` datetime NOT NULL,
  `uid` char(36) COLLATE utf8_unicode_ci NOT NULL DEFAULT '0',
  PRIMARY KEY (`id`),
  UNIQUE KEY `craft_shunnedmessages_userId_message_unq_idx` (`userId`,`message`)
) ENGINE=InnoDB DEFAULT CHARSET=utf8 COLLATE=utf8_unicode_ci;

DROP TABLE IF EXISTS `craft_structureelements`;


--
-- Schema for table `craft_structureelements`
--
CREATE TABLE `craft_structureelements` (
  `id` int(11) NOT NULL AUTO_INCREMENT,
  `structureId` int(11) NOT NULL,
  `elementId` int(11) DEFAULT NULL,
  `root` int(11) unsigned DEFAULT NULL,
  `lft` int(11) unsigned NOT NULL,
  `rgt` int(11) unsigned NOT NULL,
  `level` smallint(6) unsigned NOT NULL,
  `dateCreated` datetime NOT NULL,
  `dateUpdated` datetime NOT NULL,
  `uid` char(36) COLLATE utf8_unicode_ci NOT NULL DEFAULT '0',
  PRIMARY KEY (`id`),
  UNIQUE KEY `craft_structureelements_structureId_elementId_unq_idx` (`structureId`,`elementId`),
  KEY `craft_structureelements_root_idx` (`root`),
  KEY `craft_structureelements_lft_idx` (`lft`),
  KEY `craft_structureelements_rgt_idx` (`rgt`),
  KEY `craft_structureelements_level_idx` (`level`),
  KEY `craft_structureelements_elementId_fk` (`elementId`)
) ENGINE=InnoDB AUTO_INCREMENT=16 DEFAULT CHARSET=utf8 COLLATE=utf8_unicode_ci;

--
-- Data for table `craft_structureelements`
--

INSERT INTO `craft_structureelements` (`id`, `structureId`, `elementId`, `root`, `lft`, `rgt`, `level`, `dateCreated`, `dateUpdated`, `uid`) VALUES
 ('1', '2', NULL, '1', '1', '8', '0', '2017-04-27 16:06:30', '2017-04-27 16:06:30', 'c1753305-2452-4e64-95e5-671af4e08cb0'),
 ('2', '2', '4', '1', '2', '3', '1', '2017-04-27 16:06:30', '2017-04-27 16:06:30', 'c8c12d2f-2078-43f2-ac9b-d16d666cec84'),
 ('3', '2', '5', '1', '4', '5', '1', '2017-04-27 16:06:56', '2017-04-27 16:06:56', '8fa235ce-4d37-4d60-9332-7656f8760638'),
 ('4', '2', '6', '1', '6', '7', '1', '2017-04-27 16:08:32', '2017-04-27 16:08:32', '624d8f9b-a5c3-4717-80ff-ef51a879fcb8'),
 ('5', '3', NULL, '5', '1', '10', '0', '2017-04-27 16:11:27', '2017-04-27 16:11:27', '442b0a4a-a86b-4db3-a932-ce5c84ca993f'),
 ('6', '3', '7', '5', '2', '3', '1', '2017-04-27 16:11:27', '2017-04-27 16:11:27', '6a737f76-c80e-4664-8870-7c62349aa12b'),
 ('7', '3', '8', '5', '4', '5', '1', '2017-04-27 16:12:12', '2017-04-27 16:12:12', 'b4939fe6-9dbf-42bd-9dfe-cfdf67f911d3'),
 ('8', '3', '9', '5', '6', '7', '1', '2017-04-27 16:13:21', '2017-04-27 16:13:21', '5aacb94e-eaae-46fa-8a0f-25d79731636f'),
 ('9', '3', '10', '5', '8', '9', '1', '2017-04-27 16:14:05', '2017-04-27 16:14:05', 'f3263b6d-46f9-4d8b-80c0-2da2cb593b81'),
 ('10', '1', NULL, '10', '1', '6', '0', '2017-04-27 16:14:56', '2017-04-27 16:14:56', 'd837a950-07d5-4aa0-bce8-1968a06bf425'),
 ('12', '1', '16', '10', '2', '3', '1', '2017-04-27 16:23:46', '2017-04-27 16:23:46', '109c43f8-b1e4-48a8-ae02-10b6d5877ffc'),
 ('13', '1', '17', '10', '4', '5', '1', '2017-04-27 16:25:23', '2017-04-27 16:25:23', 'd06b3228-61da-4da3-8fb6-63793b4bd972'),
 ('14', '4', NULL, '14', '1', '4', '0', '2017-04-27 22:24:30', '2017-04-27 22:24:30', '7be880f1-9904-4fb7-97ca-1e4f7d22bb26'),
 ('15', '4', '18', '14', '2', '3', '1', '2017-04-27 22:24:30', '2017-04-27 22:24:30', '14be53d3-4742-46ae-8a51-5556a9f91371');



DROP TABLE IF EXISTS `craft_structures`;


--
-- Schema for table `craft_structures`
--
CREATE TABLE `craft_structures` (
  `id` int(11) NOT NULL AUTO_INCREMENT,
  `maxLevels` smallint(6) unsigned DEFAULT NULL,
  `dateCreated` datetime NOT NULL,
  `dateUpdated` datetime NOT NULL,
  `uid` char(36) COLLATE utf8_unicode_ci NOT NULL DEFAULT '0',
  PRIMARY KEY (`id`)
) ENGINE=InnoDB AUTO_INCREMENT=7 DEFAULT CHARSET=utf8 COLLATE=utf8_unicode_ci;

--
-- Data for table `craft_structures`
--

INSERT INTO `craft_structures` (`id`, `maxLevels`, `dateCreated`, `dateUpdated`, `uid`) VALUES
 ('1', '1', '2017-04-27 16:03:14', '2017-04-28 09:45:38', '2e85d387-9ff0-45b2-920e-16f6a329fdf7'),
 ('2', NULL, '2017-04-27 16:04:31', '2017-04-27 21:59:18', '201a0748-87c3-46d0-9031-29d4932ab006'),
 ('3', NULL, '2017-04-27 16:05:29', '2017-04-27 16:05:29', 'af96c351-71a7-4a25-bb98-120ea2cb1462'),
 ('4', '2', '2017-04-27 22:20:29', '2017-04-27 22:20:29', '7e45993d-1848-4ff4-a4e7-99c937e2a554'),
 ('5', NULL, '2017-05-02 14:22:00', '2017-05-02 14:23:45', 'd96175aa-faf0-41e4-bb08-02f2a3b3ce85'),
 ('6', '1', '2017-05-02 14:22:38', '2017-05-02 14:22:38', '44bf8c37-7bf1-45bf-bf05-aeae9e88f810');



DROP TABLE IF EXISTS `craft_systemsettings`;


--
-- Schema for table `craft_systemsettings`
--
CREATE TABLE `craft_systemsettings` (
  `id` int(11) NOT NULL AUTO_INCREMENT,
  `category` varchar(15) COLLATE utf8_unicode_ci NOT NULL,
  `settings` text COLLATE utf8_unicode_ci,
  `dateCreated` datetime NOT NULL,
  `dateUpdated` datetime NOT NULL,
  `uid` char(36) COLLATE utf8_unicode_ci NOT NULL DEFAULT '0',
  PRIMARY KEY (`id`),
  UNIQUE KEY `craft_systemsettings_category_unq_idx` (`category`)
) ENGINE=InnoDB AUTO_INCREMENT=2 DEFAULT CHARSET=utf8 COLLATE=utf8_unicode_ci;

--
-- Data for table `craft_systemsettings`
--

INSERT INTO `craft_systemsettings` (`id`, `category`, `settings`, `dateCreated`, `dateUpdated`, `uid`) VALUES
 ('1', 'email', '{\"protocol\":\"php\",\"emailAddress\":\"admin@segmental.ru\",\"senderName\":\"\\u0411\\u0435\\u0439\\u043a\\u0435\\u0440 \\u0422\\u0438\\u043b\\u043b\\u0438 \\u0420\\u043e\\u0441\\u0441\\u0438\\u044f\"}', '2017-04-27 15:30:04', '2017-04-27 15:30:04', '533125ef-059e-4b9c-ae01-6edbde680460');



DROP TABLE IF EXISTS `craft_taggroups`;


--
-- Schema for table `craft_taggroups`
--
CREATE TABLE `craft_taggroups` (
  `id` int(11) NOT NULL AUTO_INCREMENT,
  `name` varchar(255) COLLATE utf8_unicode_ci NOT NULL,
  `handle` varchar(255) COLLATE utf8_unicode_ci NOT NULL,
  `fieldLayoutId` int(10) DEFAULT NULL,
  `dateCreated` datetime NOT NULL,
  `dateUpdated` datetime NOT NULL,
  `uid` char(36) COLLATE utf8_unicode_ci NOT NULL DEFAULT '0',
  PRIMARY KEY (`id`),
  UNIQUE KEY `craft_taggroups_name_unq_idx` (`name`),
  UNIQUE KEY `craft_taggroups_handle_unq_idx` (`handle`),
  KEY `craft_taggroups_fieldLayoutId_fk` (`fieldLayoutId`)
) ENGINE=InnoDB AUTO_INCREMENT=2 DEFAULT CHARSET=utf8 COLLATE=utf8_unicode_ci;

--
-- Data for table `craft_taggroups`
--

INSERT INTO `craft_taggroups` (`id`, `name`, `handle`, `fieldLayoutId`, `dateCreated`, `dateUpdated`, `uid`) VALUES
 ('1', 'Default', 'default', '1', '2017-04-27 15:30:04', '2017-04-27 15:30:04', '72c9acf5-2b84-4d7b-8e22-10b2d6af607b');



DROP TABLE IF EXISTS `craft_tags`;


--
-- Schema for table `craft_tags`
--
CREATE TABLE `craft_tags` (
  `id` int(11) NOT NULL,
  `groupId` int(11) NOT NULL,
  `dateCreated` datetime NOT NULL,
  `dateUpdated` datetime NOT NULL,
  `uid` char(36) COLLATE utf8_unicode_ci NOT NULL DEFAULT '0',
  PRIMARY KEY (`id`),
  KEY `craft_tags_groupId_fk` (`groupId`)
) ENGINE=InnoDB DEFAULT CHARSET=utf8 COLLATE=utf8_unicode_ci;

DROP TABLE IF EXISTS `craft_tasks`;


--
-- Schema for table `craft_tasks`
--
CREATE TABLE `craft_tasks` (
  `id` int(11) NOT NULL AUTO_INCREMENT,
  `root` int(11) unsigned DEFAULT NULL,
  `lft` int(11) unsigned NOT NULL,
  `rgt` int(11) unsigned NOT NULL,
  `level` smallint(6) unsigned NOT NULL,
  `currentStep` int(11) unsigned DEFAULT NULL,
  `totalSteps` int(11) unsigned DEFAULT NULL,
  `status` enum('pending','error','running') COLLATE utf8_unicode_ci DEFAULT NULL,
  `type` varchar(150) COLLATE utf8_unicode_ci NOT NULL,
  `description` varchar(255) COLLATE utf8_unicode_ci DEFAULT NULL,
  `settings` mediumtext COLLATE utf8_unicode_ci,
  `dateCreated` datetime NOT NULL,
  `dateUpdated` datetime NOT NULL,
  `uid` char(36) COLLATE utf8_unicode_ci NOT NULL DEFAULT '0',
  PRIMARY KEY (`id`),
  KEY `craft_tasks_root_idx` (`root`),
  KEY `craft_tasks_lft_idx` (`lft`),
  KEY `craft_tasks_rgt_idx` (`rgt`),
  KEY `craft_tasks_level_idx` (`level`)
) ENGINE=InnoDB AUTO_INCREMENT=70 DEFAULT CHARSET=utf8 COLLATE=utf8_unicode_ci;

DROP TABLE IF EXISTS `craft_templatecachecriteria`;


--
-- Schema for table `craft_templatecachecriteria`
--
CREATE TABLE `craft_templatecachecriteria` (
  `id` int(11) NOT NULL AUTO_INCREMENT,
  `cacheId` int(11) NOT NULL,
  `type` varchar(150) COLLATE utf8_unicode_ci NOT NULL,
  `criteria` text COLLATE utf8_unicode_ci NOT NULL,
  PRIMARY KEY (`id`),
  KEY `craft_templatecachecriteria_cacheId_fk` (`cacheId`),
  KEY `craft_templatecachecriteria_type_idx` (`type`)
) ENGINE=InnoDB DEFAULT CHARSET=utf8 COLLATE=utf8_unicode_ci;

DROP TABLE IF EXISTS `craft_templatecacheelements`;


--
-- Schema for table `craft_templatecacheelements`
--
CREATE TABLE `craft_templatecacheelements` (
  `cacheId` int(11) NOT NULL,
  `elementId` int(11) NOT NULL,
  KEY `craft_templatecacheelements_cacheId_fk` (`cacheId`),
  KEY `craft_templatecacheelements_elementId_fk` (`elementId`)
) ENGINE=InnoDB DEFAULT CHARSET=utf8 COLLATE=utf8_unicode_ci;

DROP TABLE IF EXISTS `craft_templatecaches`;


--
-- Schema for table `craft_templatecaches`
--
CREATE TABLE `craft_templatecaches` (
  `id` int(11) NOT NULL AUTO_INCREMENT,
  `cacheKey` varchar(255) COLLATE utf8_unicode_ci NOT NULL,
  `locale` char(12) COLLATE utf8_unicode_ci NOT NULL,
  `path` varchar(255) COLLATE utf8_unicode_ci DEFAULT NULL,
  `expiryDate` datetime NOT NULL,
  `body` mediumtext COLLATE utf8_unicode_ci NOT NULL,
  PRIMARY KEY (`id`),
  KEY `craft_templatecaches_expiryDate_cacheKey_locale_path_idx` (`expiryDate`,`cacheKey`,`locale`,`path`),
  KEY `craft_templatecaches_locale_fk` (`locale`)
) ENGINE=InnoDB DEFAULT CHARSET=utf8 COLLATE=utf8_unicode_ci;

DROP TABLE IF EXISTS `craft_tokens`;


--
-- Schema for table `craft_tokens`
--
CREATE TABLE `craft_tokens` (
  `id` int(11) NOT NULL AUTO_INCREMENT,
  `token` char(32) COLLATE utf8_unicode_ci NOT NULL,
  `route` text COLLATE utf8_unicode_ci,
  `usageLimit` tinyint(3) unsigned DEFAULT NULL,
  `usageCount` tinyint(3) unsigned DEFAULT NULL,
  `expiryDate` datetime NOT NULL,
  `dateCreated` datetime NOT NULL,
  `dateUpdated` datetime NOT NULL,
  `uid` char(36) COLLATE utf8_unicode_ci NOT NULL DEFAULT '0',
  PRIMARY KEY (`id`),
  UNIQUE KEY `craft_tokens_token_unq_idx` (`token`),
  KEY `craft_tokens_expiryDate_idx` (`expiryDate`)
) ENGINE=InnoDB DEFAULT CHARSET=utf8 COLLATE=utf8_unicode_ci;

DROP TABLE IF EXISTS `craft_usergroups`;


--
-- Schema for table `craft_usergroups`
--
CREATE TABLE `craft_usergroups` (
  `id` int(11) NOT NULL AUTO_INCREMENT,
  `name` varchar(255) COLLATE utf8_unicode_ci NOT NULL,
  `handle` varchar(255) COLLATE utf8_unicode_ci NOT NULL,
  `dateCreated` datetime NOT NULL,
  `dateUpdated` datetime NOT NULL,
  `uid` char(36) COLLATE utf8_unicode_ci NOT NULL DEFAULT '0',
  PRIMARY KEY (`id`),
  UNIQUE KEY `craft_usergroups_name_unq_idx` (`name`),
  UNIQUE KEY `craft_usergroups_handle_unq_idx` (`handle`)
) ENGINE=InnoDB DEFAULT CHARSET=utf8 COLLATE=utf8_unicode_ci;

DROP TABLE IF EXISTS `craft_usergroups_users`;


--
-- Schema for table `craft_usergroups_users`
--
CREATE TABLE `craft_usergroups_users` (
  `id` int(11) NOT NULL AUTO_INCREMENT,
  `groupId` int(11) NOT NULL,
  `userId` int(11) NOT NULL,
  `dateCreated` datetime NOT NULL,
  `dateUpdated` datetime NOT NULL,
  `uid` char(36) COLLATE utf8_unicode_ci NOT NULL DEFAULT '0',
  PRIMARY KEY (`id`),
  UNIQUE KEY `craft_usergroups_users_groupId_userId_unq_idx` (`groupId`,`userId`),
  KEY `craft_usergroups_users_userId_fk` (`userId`)
) ENGINE=InnoDB DEFAULT CHARSET=utf8 COLLATE=utf8_unicode_ci;

DROP TABLE IF EXISTS `craft_userpermissions`;


--
-- Schema for table `craft_userpermissions`
--
CREATE TABLE `craft_userpermissions` (
  `id` int(11) NOT NULL AUTO_INCREMENT,
  `name` varchar(255) COLLATE utf8_unicode_ci NOT NULL,
  `dateCreated` datetime NOT NULL,
  `dateUpdated` datetime NOT NULL,
  `uid` char(36) COLLATE utf8_unicode_ci NOT NULL DEFAULT '0',
  PRIMARY KEY (`id`),
  UNIQUE KEY `craft_userpermissions_name_unq_idx` (`name`)
) ENGINE=InnoDB DEFAULT CHARSET=utf8 COLLATE=utf8_unicode_ci;

DROP TABLE IF EXISTS `craft_userpermissions_usergroups`;


--
-- Schema for table `craft_userpermissions_usergroups`
--
CREATE TABLE `craft_userpermissions_usergroups` (
  `id` int(11) NOT NULL AUTO_INCREMENT,
  `permissionId` int(11) NOT NULL,
  `groupId` int(11) NOT NULL,
  `dateCreated` datetime NOT NULL,
  `dateUpdated` datetime NOT NULL,
  `uid` char(36) COLLATE utf8_unicode_ci NOT NULL DEFAULT '0',
  PRIMARY KEY (`id`),
  UNIQUE KEY `craft_userpermissions_usergroups_permissionId_groupId_unq_idx` (`permissionId`,`groupId`),
  KEY `craft_userpermissions_usergroups_groupId_fk` (`groupId`)
) ENGINE=InnoDB DEFAULT CHARSET=utf8 COLLATE=utf8_unicode_ci;

DROP TABLE IF EXISTS `craft_userpermissions_users`;


--
-- Schema for table `craft_userpermissions_users`
--
CREATE TABLE `craft_userpermissions_users` (
  `id` int(11) NOT NULL AUTO_INCREMENT,
  `permissionId` int(11) NOT NULL,
  `userId` int(11) NOT NULL,
  `dateCreated` datetime NOT NULL,
  `dateUpdated` datetime NOT NULL,
  `uid` char(36) COLLATE utf8_unicode_ci NOT NULL DEFAULT '0',
  PRIMARY KEY (`id`),
  UNIQUE KEY `craft_userpermissions_users_permissionId_userId_unq_idx` (`permissionId`,`userId`),
  KEY `craft_userpermissions_users_userId_fk` (`userId`)
) ENGINE=InnoDB DEFAULT CHARSET=utf8 COLLATE=utf8_unicode_ci;

DROP TABLE IF EXISTS `craft_users`;


--
-- Schema for table `craft_users`
--
CREATE TABLE `craft_users` (
  `id` int(11) NOT NULL,
  `username` varchar(100) COLLATE utf8_unicode_ci NOT NULL,
  `photo` varchar(100) COLLATE utf8_unicode_ci DEFAULT NULL,
  `firstName` varchar(100) COLLATE utf8_unicode_ci DEFAULT NULL,
  `lastName` varchar(100) COLLATE utf8_unicode_ci DEFAULT NULL,
  `email` varchar(255) COLLATE utf8_unicode_ci NOT NULL,
  `password` char(255) COLLATE utf8_unicode_ci DEFAULT NULL,
  `preferredLocale` char(12) COLLATE utf8_unicode_ci DEFAULT NULL,
  `weekStartDay` tinyint(1) unsigned NOT NULL DEFAULT '0',
  `admin` tinyint(1) unsigned NOT NULL DEFAULT '0',
  `client` tinyint(1) unsigned NOT NULL DEFAULT '0',
  `locked` tinyint(1) unsigned NOT NULL DEFAULT '0',
  `suspended` tinyint(1) unsigned NOT NULL DEFAULT '0',
  `pending` tinyint(1) unsigned NOT NULL DEFAULT '0',
  `archived` tinyint(1) unsigned NOT NULL DEFAULT '0',
  `lastLoginDate` datetime DEFAULT NULL,
  `lastLoginAttemptIPAddress` varchar(45) COLLATE utf8_unicode_ci DEFAULT NULL,
  `invalidLoginWindowStart` datetime DEFAULT NULL,
  `invalidLoginCount` tinyint(4) unsigned DEFAULT NULL,
  `lastInvalidLoginDate` datetime DEFAULT NULL,
  `lockoutDate` datetime DEFAULT NULL,
  `verificationCode` char(100) COLLATE utf8_unicode_ci DEFAULT NULL,
  `verificationCodeIssuedDate` datetime DEFAULT NULL,
  `unverifiedEmail` varchar(255) COLLATE utf8_unicode_ci DEFAULT NULL,
  `passwordResetRequired` tinyint(1) unsigned NOT NULL DEFAULT '0',
  `lastPasswordChangeDate` datetime DEFAULT NULL,
  `dateCreated` datetime NOT NULL,
  `dateUpdated` datetime NOT NULL,
  `uid` char(36) COLLATE utf8_unicode_ci NOT NULL DEFAULT '0',
  PRIMARY KEY (`id`),
  UNIQUE KEY `craft_users_username_unq_idx` (`username`),
  UNIQUE KEY `craft_users_email_unq_idx` (`email`),
  KEY `craft_users_verificationCode_idx` (`verificationCode`),
  KEY `craft_users_uid_idx` (`uid`),
  KEY `craft_users_preferredLocale_fk` (`preferredLocale`)
) ENGINE=InnoDB DEFAULT CHARSET=utf8 COLLATE=utf8_unicode_ci;

--
-- Data for table `craft_users`
--

INSERT INTO `craft_users` (`id`, `username`, `photo`, `firstName`, `lastName`, `email`, `password`, `preferredLocale`, `weekStartDay`, `admin`, `client`, `locked`, `suspended`, `pending`, `archived`, `lastLoginDate`, `lastLoginAttemptIPAddress`, `invalidLoginWindowStart`, `invalidLoginCount`, `lastInvalidLoginDate`, `lockoutDate`, `verificationCode`, `verificationCodeIssuedDate`, `unverifiedEmail`, `passwordResetRequired`, `lastPasswordChangeDate`, `dateCreated`, `dateUpdated`, `uid`) VALUES
 ('1', 'admin', NULL, NULL, NULL, 'admin@segmental.ru', '$2y$13$/B6yQJUdZAPg3.JgfxbZhOJwXyJOPDnHWF1JI.SH7x1Qe6bNF7EHS', NULL, '0', '1', '0', '0', '0', '0', '0', '2017-05-02 13:45:04', '::1', NULL, NULL, NULL, NULL, NULL, NULL, NULL, '0', '2017-04-27 15:30:00', '2017-04-27 15:30:00', '2017-05-02 13:45:04', 'f166f5e1-9aed-4b3f-a13f-9e4a69aee873');



DROP TABLE IF EXISTS `craft_widgets`;


--
-- Schema for table `craft_widgets`
--
CREATE TABLE `craft_widgets` (
  `id` int(11) NOT NULL AUTO_INCREMENT,
  `userId` int(11) NOT NULL,
  `type` varchar(150) COLLATE utf8_unicode_ci NOT NULL,
  `sortOrder` smallint(6) unsigned DEFAULT NULL,
  `colspan` tinyint(4) unsigned DEFAULT NULL,
  `settings` text COLLATE utf8_unicode_ci,
  `enabled` tinyint(1) unsigned NOT NULL DEFAULT '1',
  `dateCreated` datetime NOT NULL,
  `dateUpdated` datetime NOT NULL,
  `uid` char(36) COLLATE utf8_unicode_ci NOT NULL DEFAULT '0',
  PRIMARY KEY (`id`),
  KEY `craft_widgets_userId_fk` (`userId`)
) ENGINE=InnoDB AUTO_INCREMENT=5 DEFAULT CHARSET=utf8 COLLATE=utf8_unicode_ci;

--
-- Data for table `craft_widgets`
--

INSERT INTO `craft_widgets` (`id`, `userId`, `type`, `sortOrder`, `colspan`, `settings`, `enabled`, `dateCreated`, `dateUpdated`, `uid`) VALUES
 ('1', '1', 'RecentEntries', '1', NULL, NULL, '1', '2017-04-27 15:36:33', '2017-04-27 15:36:33', '1debe177-f78b-4a37-ad3a-df422f59b590'),
 ('2', '1', 'GetHelp', '2', NULL, NULL, '1', '2017-04-27 15:36:33', '2017-04-27 15:36:33', '7c241abf-dd5e-4db1-97b8-215dc3dd5270'),
 ('3', '1', 'Updates', '3', NULL, NULL, '1', '2017-04-27 15:36:33', '2017-04-27 15:36:33', '42991c41-8ff6-43fc-98d8-77c9c66429e7'),
 ('4', '1', 'Feed', '4', NULL, '{\"url\":\"https:\\/\\/craftcms.com\\/news.rss\",\"title\":\"Craft News\"}', '1', '2017-04-27 15:36:33', '2017-04-27 15:36:33', 'b8321a55-0896-4b2a-9c52-6f00c70eecf5');


--
-- Constraints for tables
--


--
-- Constraints for table `craft_assetfiles`
--
ALTER TABLE `craft_assetfiles`
	ADD CONSTRAINT `craft_assetfiles_folderId_fk` FOREIGN KEY (`folderId`) REFERENCES `craft_assetfolders` (`id`) ON DELETE CASCADE,
	ADD CONSTRAINT `craft_assetfiles_id_fk` FOREIGN KEY (`id`) REFERENCES `craft_elements` (`id`) ON DELETE CASCADE,
	ADD CONSTRAINT `craft_assetfiles_sourceId_fk` FOREIGN KEY (`sourceId`) REFERENCES `craft_assetsources` (`id`) ON DELETE CASCADE;

--
-- Constraints for table `craft_assetfolders`
--
ALTER TABLE `craft_assetfolders`
	ADD CONSTRAINT `craft_assetfolders_sourceId_fk` FOREIGN KEY (`sourceId`) REFERENCES `craft_assetsources` (`id`) ON DELETE CASCADE,
	ADD CONSTRAINT `craft_assetfolders_parentId_fk` FOREIGN KEY (`parentId`) REFERENCES `craft_assetfolders` (`id`) ON DELETE CASCADE;

--
-- Constraints for table `craft_assetindexdata`
--
ALTER TABLE `craft_assetindexdata`
	ADD CONSTRAINT `craft_assetindexdata_sourceId_fk` FOREIGN KEY (`sourceId`) REFERENCES `craft_assetsources` (`id`) ON DELETE CASCADE;

--
-- Constraints for table `craft_assetsources`
--
ALTER TABLE `craft_assetsources`
	ADD CONSTRAINT `craft_assetsources_fieldLayoutId_fk` FOREIGN KEY (`fieldLayoutId`) REFERENCES `craft_fieldlayouts` (`id`) ON DELETE SET NULL;

--
-- Constraints for table `craft_categories`
--
ALTER TABLE `craft_categories`
	ADD CONSTRAINT `craft_categories_groupId_fk` FOREIGN KEY (`groupId`) REFERENCES `craft_categorygroups` (`id`) ON DELETE CASCADE,
	ADD CONSTRAINT `craft_categories_id_fk` FOREIGN KEY (`id`) REFERENCES `craft_elements` (`id`) ON DELETE CASCADE;

--
-- Constraints for table `craft_categorygroups`
--
ALTER TABLE `craft_categorygroups`
	ADD CONSTRAINT `craft_categorygroups_fieldLayoutId_fk` FOREIGN KEY (`fieldLayoutId`) REFERENCES `craft_fieldlayouts` (`id`) ON DELETE SET NULL,
	ADD CONSTRAINT `craft_categorygroups_structureId_fk` FOREIGN KEY (`structureId`) REFERENCES `craft_structures` (`id`) ON DELETE CASCADE;

--
-- Constraints for table `craft_categorygroups_i18n`
--
ALTER TABLE `craft_categorygroups_i18n`
	ADD CONSTRAINT `craft_categorygroups_i18n_locale_fk` FOREIGN KEY (`locale`) REFERENCES `craft_locales` (`locale`) ON DELETE CASCADE ON UPDATE CASCADE,
	ADD CONSTRAINT `craft_categorygroups_i18n_groupId_fk` FOREIGN KEY (`groupId`) REFERENCES `craft_categorygroups` (`id`) ON DELETE CASCADE;

--
-- Constraints for table `craft_content`
--
ALTER TABLE `craft_content`
	ADD CONSTRAINT `craft_content_elementId_fk` FOREIGN KEY (`elementId`) REFERENCES `craft_elements` (`id`) ON DELETE CASCADE,
	ADD CONSTRAINT `craft_content_locale_fk` FOREIGN KEY (`locale`) REFERENCES `craft_locales` (`locale`) ON DELETE CASCADE ON UPDATE CASCADE;

--
-- Constraints for table `craft_elements_i18n`
--
ALTER TABLE `craft_elements_i18n`
	ADD CONSTRAINT `craft_elements_i18n_locale_fk` FOREIGN KEY (`locale`) REFERENCES `craft_locales` (`locale`) ON DELETE CASCADE ON UPDATE CASCADE,
	ADD CONSTRAINT `craft_elements_i18n_elementId_fk` FOREIGN KEY (`elementId`) REFERENCES `craft_elements` (`id`) ON DELETE CASCADE;

--
-- Constraints for table `craft_emailmessages`
--
ALTER TABLE `craft_emailmessages`
	ADD CONSTRAINT `craft_emailmessages_locale_fk` FOREIGN KEY (`locale`) REFERENCES `craft_locales` (`locale`) ON DELETE CASCADE ON UPDATE CASCADE;

--
-- Constraints for table `craft_entries`
--
ALTER TABLE `craft_entries`
	ADD CONSTRAINT `craft_entries_authorId_fk` FOREIGN KEY (`authorId`) REFERENCES `craft_users` (`id`) ON DELETE CASCADE,
	ADD CONSTRAINT `craft_entries_id_fk` FOREIGN KEY (`id`) REFERENCES `craft_elements` (`id`) ON DELETE CASCADE,
	ADD CONSTRAINT `craft_entries_sectionId_fk` FOREIGN KEY (`sectionId`) REFERENCES `craft_sections` (`id`) ON DELETE CASCADE,
	ADD CONSTRAINT `craft_entries_typeId_fk` FOREIGN KEY (`typeId`) REFERENCES `craft_entrytypes` (`id`) ON DELETE CASCADE;

--
-- Constraints for table `craft_entrydrafts`
--
ALTER TABLE `craft_entrydrafts`
	ADD CONSTRAINT `craft_entrydrafts_locale_fk` FOREIGN KEY (`locale`) REFERENCES `craft_locales` (`locale`) ON DELETE CASCADE ON UPDATE CASCADE,
	ADD CONSTRAINT `craft_entrydrafts_creatorId_fk` FOREIGN KEY (`creatorId`) REFERENCES `craft_users` (`id`) ON DELETE CASCADE,
	ADD CONSTRAINT `craft_entrydrafts_entryId_fk` FOREIGN KEY (`entryId`) REFERENCES `craft_entries` (`id`) ON DELETE CASCADE,
	ADD CONSTRAINT `craft_entrydrafts_sectionId_fk` FOREIGN KEY (`sectionId`) REFERENCES `craft_sections` (`id`) ON DELETE CASCADE;

--
-- Constraints for table `craft_entrytypes`
--
ALTER TABLE `craft_entrytypes`
	ADD CONSTRAINT `craft_entrytypes_fieldLayoutId_fk` FOREIGN KEY (`fieldLayoutId`) REFERENCES `craft_fieldlayouts` (`id`) ON DELETE SET NULL,
	ADD CONSTRAINT `craft_entrytypes_sectionId_fk` FOREIGN KEY (`sectionId`) REFERENCES `craft_sections` (`id`) ON DELETE CASCADE;

--
-- Constraints for table `craft_entryversions`
--
ALTER TABLE `craft_entryversions`
	ADD CONSTRAINT `craft_entryversions_locale_fk` FOREIGN KEY (`locale`) REFERENCES `craft_locales` (`locale`) ON DELETE CASCADE ON UPDATE CASCADE,
	ADD CONSTRAINT `craft_entryversions_creatorId_fk` FOREIGN KEY (`creatorId`) REFERENCES `craft_users` (`id`) ON DELETE SET NULL,
	ADD CONSTRAINT `craft_entryversions_entryId_fk` FOREIGN KEY (`entryId`) REFERENCES `craft_entries` (`id`) ON DELETE CASCADE,
	ADD CONSTRAINT `craft_entryversions_sectionId_fk` FOREIGN KEY (`sectionId`) REFERENCES `craft_sections` (`id`) ON DELETE CASCADE;

--
-- Constraints for table `craft_fieldlayoutfields`
--
ALTER TABLE `craft_fieldlayoutfields`
	ADD CONSTRAINT `craft_fieldlayoutfields_fieldId_fk` FOREIGN KEY (`fieldId`) REFERENCES `craft_fields` (`id`) ON DELETE CASCADE,
	ADD CONSTRAINT `craft_fieldlayoutfields_layoutId_fk` FOREIGN KEY (`layoutId`) REFERENCES `craft_fieldlayouts` (`id`) ON DELETE CASCADE,
	ADD CONSTRAINT `craft_fieldlayoutfields_tabId_fk` FOREIGN KEY (`tabId`) REFERENCES `craft_fieldlayouttabs` (`id`) ON DELETE CASCADE;

--
-- Constraints for table `craft_fieldlayouttabs`
--
ALTER TABLE `craft_fieldlayouttabs`
	ADD CONSTRAINT `craft_fieldlayouttabs_layoutId_fk` FOREIGN KEY (`layoutId`) REFERENCES `craft_fieldlayouts` (`id`) ON DELETE CASCADE;

--
-- Constraints for table `craft_fields`
--
ALTER TABLE `craft_fields`
	ADD CONSTRAINT `craft_fields_groupId_fk` FOREIGN KEY (`groupId`) REFERENCES `craft_fieldgroups` (`id`) ON DELETE CASCADE;

--
-- Constraints for table `craft_globalsets`
--
ALTER TABLE `craft_globalsets`
	ADD CONSTRAINT `craft_globalsets_fieldLayoutId_fk` FOREIGN KEY (`fieldLayoutId`) REFERENCES `craft_fieldlayouts` (`id`) ON DELETE SET NULL,
	ADD CONSTRAINT `craft_globalsets_id_fk` FOREIGN KEY (`id`) REFERENCES `craft_elements` (`id`) ON DELETE CASCADE;

--
-- Constraints for table `craft_matrixblocks`
--
ALTER TABLE `craft_matrixblocks`
	ADD CONSTRAINT `craft_matrixblocks_typeId_fk` FOREIGN KEY (`typeId`) REFERENCES `craft_matrixblocktypes` (`id`) ON DELETE CASCADE,
	ADD CONSTRAINT `craft_matrixblocks_fieldId_fk` FOREIGN KEY (`fieldId`) REFERENCES `craft_fields` (`id`) ON DELETE CASCADE,
	ADD CONSTRAINT `craft_matrixblocks_id_fk` FOREIGN KEY (`id`) REFERENCES `craft_elements` (`id`) ON DELETE CASCADE,
	ADD CONSTRAINT `craft_matrixblocks_ownerId_fk` FOREIGN KEY (`ownerId`) REFERENCES `craft_elements` (`id`) ON DELETE CASCADE,
	ADD CONSTRAINT `craft_matrixblocks_ownerLocale_fk` FOREIGN KEY (`ownerLocale`) REFERENCES `craft_locales` (`locale`) ON DELETE CASCADE ON UPDATE CASCADE;

--
-- Constraints for table `craft_matrixblocktypes`
--
ALTER TABLE `craft_matrixblocktypes`
	ADD CONSTRAINT `craft_matrixblocktypes_fieldLayoutId_fk` FOREIGN KEY (`fieldLayoutId`) REFERENCES `craft_fieldlayouts` (`id`) ON DELETE SET NULL,
	ADD CONSTRAINT `craft_matrixblocktypes_fieldId_fk` FOREIGN KEY (`fieldId`) REFERENCES `craft_fields` (`id`) ON DELETE CASCADE;

--
-- Constraints for table `craft_matrixcontent_menuitem`
--
ALTER TABLE `craft_matrixcontent_menuitem`
	ADD CONSTRAINT `craft_matrixcontent_menuitem_elementId_fk` FOREIGN KEY (`elementId`) REFERENCES `craft_elements` (`id`) ON DELETE CASCADE,
	ADD CONSTRAINT `craft_matrixcontent_menuitem_locale_fk` FOREIGN KEY (`locale`) REFERENCES `craft_locales` (`locale`) ON DELETE CASCADE ON UPDATE CASCADE;

--
-- Constraints for table `craft_migrations`
--
ALTER TABLE `craft_migrations`
	ADD CONSTRAINT `craft_migrations_pluginId_fk` FOREIGN KEY (`pluginId`) REFERENCES `craft_plugins` (`id`) ON DELETE CASCADE;

--
-- Constraints for table `craft_relations`
--
ALTER TABLE `craft_relations`
	ADD CONSTRAINT `craft_relations_targetId_fk` FOREIGN KEY (`targetId`) REFERENCES `craft_elements` (`id`) ON DELETE CASCADE,
	ADD CONSTRAINT `craft_relations_fieldId_fk` FOREIGN KEY (`fieldId`) REFERENCES `craft_fields` (`id`) ON DELETE CASCADE,
	ADD CONSTRAINT `craft_relations_sourceId_fk` FOREIGN KEY (`sourceId`) REFERENCES `craft_elements` (`id`) ON DELETE CASCADE,
	ADD CONSTRAINT `craft_relations_sourceLocale_fk` FOREIGN KEY (`sourceLocale`) REFERENCES `craft_locales` (`locale`) ON DELETE CASCADE ON UPDATE CASCADE;

--
-- Constraints for table `craft_routes`
--
ALTER TABLE `craft_routes`
	ADD CONSTRAINT `craft_routes_locale_fk` FOREIGN KEY (`locale`) REFERENCES `craft_locales` (`locale`) ON DELETE CASCADE ON UPDATE CASCADE;

--
-- Constraints for table `craft_sections`
--
ALTER TABLE `craft_sections`
	ADD CONSTRAINT `craft_sections_structureId_fk` FOREIGN KEY (`structureId`) REFERENCES `craft_structures` (`id`) ON DELETE SET NULL;

--
-- Constraints for table `craft_sections_i18n`
--
ALTER TABLE `craft_sections_i18n`
	ADD CONSTRAINT `craft_sections_i18n_locale_fk` FOREIGN KEY (`locale`) REFERENCES `craft_locales` (`locale`) ON DELETE CASCADE ON UPDATE CASCADE,
	ADD CONSTRAINT `craft_sections_i18n_sectionId_fk` FOREIGN KEY (`sectionId`) REFERENCES `craft_sections` (`id`) ON DELETE CASCADE;

--
-- Constraints for table `craft_sessions`
--
ALTER TABLE `craft_sessions`
	ADD CONSTRAINT `craft_sessions_userId_fk` FOREIGN KEY (`userId`) REFERENCES `craft_users` (`id`) ON DELETE CASCADE;

--
-- Constraints for table `craft_shunnedmessages`
--
ALTER TABLE `craft_shunnedmessages`
	ADD CONSTRAINT `craft_shunnedmessages_userId_fk` FOREIGN KEY (`userId`) REFERENCES `craft_users` (`id`) ON DELETE CASCADE;

--
-- Constraints for table `craft_structureelements`
--
ALTER TABLE `craft_structureelements`
	ADD CONSTRAINT `craft_structureelements_elementId_fk` FOREIGN KEY (`elementId`) REFERENCES `craft_elements` (`id`) ON DELETE CASCADE,
	ADD CONSTRAINT `craft_structureelements_structureId_fk` FOREIGN KEY (`structureId`) REFERENCES `craft_structures` (`id`) ON DELETE CASCADE;

--
-- Constraints for table `craft_taggroups`
--
ALTER TABLE `craft_taggroups`
	ADD CONSTRAINT `craft_taggroups_fieldLayoutId_fk` FOREIGN KEY (`fieldLayoutId`) REFERENCES `craft_fieldlayouts` (`id`) ON DELETE SET NULL;

--
-- Constraints for table `craft_tags`
--
ALTER TABLE `craft_tags`
	ADD CONSTRAINT `craft_tags_groupId_fk` FOREIGN KEY (`groupId`) REFERENCES `craft_taggroups` (`id`) ON DELETE CASCADE,
	ADD CONSTRAINT `craft_tags_id_fk` FOREIGN KEY (`id`) REFERENCES `craft_elements` (`id`) ON DELETE CASCADE;

--
-- Constraints for table `craft_templatecachecriteria`
--
ALTER TABLE `craft_templatecachecriteria`
	ADD CONSTRAINT `craft_templatecachecriteria_cacheId_fk` FOREIGN KEY (`cacheId`) REFERENCES `craft_templatecaches` (`id`) ON DELETE CASCADE;

--
-- Constraints for table `craft_templatecacheelements`
--
ALTER TABLE `craft_templatecacheelements`
	ADD CONSTRAINT `craft_templatecacheelements_elementId_fk` FOREIGN KEY (`elementId`) REFERENCES `craft_elements` (`id`) ON DELETE CASCADE,
	ADD CONSTRAINT `craft_templatecacheelements_cacheId_fk` FOREIGN KEY (`cacheId`) REFERENCES `craft_templatecaches` (`id`) ON DELETE CASCADE;

--
-- Constraints for table `craft_templatecaches`
--
ALTER TABLE `craft_templatecaches`
	ADD CONSTRAINT `craft_templatecaches_locale_fk` FOREIGN KEY (`locale`) REFERENCES `craft_locales` (`locale`) ON DELETE CASCADE ON UPDATE CASCADE;

--
-- Constraints for table `craft_usergroups_users`
--
ALTER TABLE `craft_usergroups_users`
	ADD CONSTRAINT `craft_usergroups_users_userId_fk` FOREIGN KEY (`userId`) REFERENCES `craft_users` (`id`) ON DELETE CASCADE,
	ADD CONSTRAINT `craft_usergroups_users_groupId_fk` FOREIGN KEY (`groupId`) REFERENCES `craft_usergroups` (`id`) ON DELETE CASCADE;

--
-- Constraints for table `craft_userpermissions_usergroups`
--
ALTER TABLE `craft_userpermissions_usergroups`
	ADD CONSTRAINT `craft_userpermissions_usergroups_groupId_fk` FOREIGN KEY (`groupId`) REFERENCES `craft_usergroups` (`id`) ON DELETE CASCADE,
	ADD CONSTRAINT `craft_userpermissions_usergroups_permissionId_fk` FOREIGN KEY (`permissionId`) REFERENCES `craft_userpermissions` (`id`) ON DELETE CASCADE;

--
-- Constraints for table `craft_userpermissions_users`
--
ALTER TABLE `craft_userpermissions_users`
	ADD CONSTRAINT `craft_userpermissions_users_userId_fk` FOREIGN KEY (`userId`) REFERENCES `craft_users` (`id`) ON DELETE CASCADE,
	ADD CONSTRAINT `craft_userpermissions_users_permissionId_fk` FOREIGN KEY (`permissionId`) REFERENCES `craft_userpermissions` (`id`) ON DELETE CASCADE;

--
-- Constraints for table `craft_users`
--
ALTER TABLE `craft_users`
	ADD CONSTRAINT `craft_users_preferredLocale_fk` FOREIGN KEY (`preferredLocale`) REFERENCES `craft_locales` (`locale`) ON DELETE SET NULL ON UPDATE CASCADE,
	ADD CONSTRAINT `craft_users_id_fk` FOREIGN KEY (`id`) REFERENCES `craft_elements` (`id`) ON DELETE CASCADE;

--
-- Constraints for table `craft_widgets`
--
ALTER TABLE `craft_widgets`
	ADD CONSTRAINT `craft_widgets_userId_fk` FOREIGN KEY (`userId`) REFERENCES `craft_users` (`id`) ON DELETE CASCADE;

SET FOREIGN_KEY_CHECKS = 1;
