-- Generated by Craft v2.6.2978 on 04 мая 2017 г., 14:25:10.

--
-- Disable foreign key checks and autocommit.
--

SET FOREIGN_KEY_CHECKS = 0;
SET SQL_MODE = "NO_AUTO_VALUE_ON_ZERO";
SET AUTOCOMMIT = 0;
SET NAMES utf8;


DROP TABLE IF EXISTS `craft_assetfiles`;


--
-- Schema for table `craft_assetfiles`
--
CREATE TABLE `craft_assetfiles` (
  `id` int(11) NOT NULL,
  `sourceId` int(11) DEFAULT NULL,
  `folderId` int(11) NOT NULL,
  `filename` varchar(255) COLLATE utf8_unicode_ci NOT NULL,
  `kind` varchar(50) COLLATE utf8_unicode_ci NOT NULL DEFAULT 'unknown',
  `width` int(11) unsigned DEFAULT NULL,
  `height` int(11) unsigned DEFAULT NULL,
  `size` bigint(20) unsigned DEFAULT NULL,
  `dateModified` datetime DEFAULT NULL,
  `dateCreated` datetime NOT NULL,
  `dateUpdated` datetime NOT NULL,
  `uid` char(36) COLLATE utf8_unicode_ci NOT NULL DEFAULT '0',
  PRIMARY KEY (`id`),
  UNIQUE KEY `craft_assetfiles_filename_folderId_unq_idx` (`filename`,`folderId`),
  KEY `craft_assetfiles_sourceId_fk` (`sourceId`),
  KEY `craft_assetfiles_folderId_fk` (`folderId`)
) ENGINE=InnoDB DEFAULT CHARSET=utf8 COLLATE=utf8_unicode_ci;

--
-- Data for table `craft_assetfiles`
--

INSERT INTO `craft_assetfiles` (`id`, `sourceId`, `folderId`, `filename`, `kind`, `width`, `height`, `size`, `dateModified`, `dateCreated`, `dateUpdated`, `uid`) VALUES
 ('46', '1', '1', 'Дина-Мария-Ийнбор.jpg', 'image', '853', '853', '208889', '2017-05-02 15:29:04', '2017-05-02 15:29:04', '2017-05-02 15:29:04', '5bd1bfb9-a0b0-42d5-8207-630c1c12f7a9');



DROP TABLE IF EXISTS `craft_assetfolders`;


--
-- Schema for table `craft_assetfolders`
--
CREATE TABLE `craft_assetfolders` (
  `id` int(11) NOT NULL AUTO_INCREMENT,
  `parentId` int(11) DEFAULT NULL,
  `sourceId` int(11) DEFAULT NULL,
  `name` varchar(255) COLLATE utf8_unicode_ci NOT NULL,
  `path` varchar(255) COLLATE utf8_unicode_ci DEFAULT NULL,
  `dateCreated` datetime NOT NULL,
  `dateUpdated` datetime NOT NULL,
  `uid` char(36) COLLATE utf8_unicode_ci NOT NULL DEFAULT '0',
  PRIMARY KEY (`id`),
  UNIQUE KEY `craft_assetfolders_name_parentId_sourceId_unq_idx` (`name`,`parentId`,`sourceId`),
  KEY `craft_assetfolders_parentId_fk` (`parentId`),
  KEY `craft_assetfolders_sourceId_fk` (`sourceId`)
) ENGINE=InnoDB AUTO_INCREMENT=7 DEFAULT CHARSET=utf8 COLLATE=utf8_unicode_ci;

--
-- Data for table `craft_assetfolders`
--

INSERT INTO `craft_assetfolders` (`id`, `parentId`, `sourceId`, `name`, `path`, `dateCreated`, `dateUpdated`, `uid`) VALUES
 ('1', NULL, '1', 'Документы', '', '2017-04-28 09:48:56', '2017-04-28 09:48:56', '13bf577c-00ca-42b0-8434-ad930b5c3830'),
 ('2', NULL, '2', 'Изображения', '', '2017-04-28 09:50:46', '2017-04-28 09:50:46', 'c0adbcd8-54e6-463a-b93c-ab4846cf5bb3'),
 ('3', NULL, NULL, 'Temporary source', NULL, '2017-04-28 09:57:30', '2017-04-28 09:57:30', 'b3b0fe48-3d14-4f99-a299-3e74d56d1d5f'),
 ('4', '3', NULL, 'user_1', 'user_1/', '2017-04-28 09:57:30', '2017-04-28 09:57:30', '6b1fc065-a3a4-4c38-80d4-af10fd20ddf6'),
 ('5', '4', NULL, 'field_33', 'user_1/field_33/', '2017-04-28 09:57:30', '2017-04-28 09:57:30', 'cefd491f-46f1-458d-9239-a40f7c56f654'),
 ('6', '2', '2', 'design', 'design/', '2017-04-28 09:58:10', '2017-04-28 09:58:10', '6933295c-bce0-4485-a7e1-8e308be2670e');



DROP TABLE IF EXISTS `craft_assetindexdata`;


--
-- Schema for table `craft_assetindexdata`
--
CREATE TABLE `craft_assetindexdata` (
  `id` int(11) NOT NULL AUTO_INCREMENT,
  `sessionId` varchar(36) COLLATE utf8_unicode_ci NOT NULL DEFAULT '',
  `sourceId` int(10) NOT NULL,
  `offset` int(10) NOT NULL,
  `uri` varchar(255) COLLATE utf8_unicode_ci DEFAULT NULL,
  `size` varchar(255) COLLATE utf8_unicode_ci DEFAULT NULL,
  `recordId` int(10) DEFAULT NULL,
  `dateCreated` datetime NOT NULL,
  `dateUpdated` datetime NOT NULL,
  `uid` char(36) COLLATE utf8_unicode_ci NOT NULL DEFAULT '0',
  PRIMARY KEY (`id`),
  UNIQUE KEY `craft_assetindexdata_sessionId_sourceId_offset_unq_idx` (`sessionId`,`sourceId`,`offset`),
  KEY `craft_assetindexdata_sourceId_fk` (`sourceId`)
) ENGINE=InnoDB DEFAULT CHARSET=utf8 COLLATE=utf8_unicode_ci;

DROP TABLE IF EXISTS `craft_assetsources`;


--
-- Schema for table `craft_assetsources`
--
CREATE TABLE `craft_assetsources` (
  `id` int(11) NOT NULL AUTO_INCREMENT,
  `name` varchar(255) COLLATE utf8_unicode_ci NOT NULL,
  `handle` varchar(255) COLLATE utf8_unicode_ci NOT NULL,
  `type` varchar(150) COLLATE utf8_unicode_ci NOT NULL,
  `settings` text COLLATE utf8_unicode_ci,
  `sortOrder` smallint(6) unsigned DEFAULT NULL,
  `fieldLayoutId` int(10) DEFAULT NULL,
  `dateCreated` datetime NOT NULL,
  `dateUpdated` datetime NOT NULL,
  `uid` char(36) COLLATE utf8_unicode_ci NOT NULL DEFAULT '0',
  PRIMARY KEY (`id`),
  UNIQUE KEY `craft_assetsources_name_unq_idx` (`name`),
  UNIQUE KEY `craft_assetsources_handle_unq_idx` (`handle`),
  KEY `craft_assetsources_fieldLayoutId_fk` (`fieldLayoutId`)
) ENGINE=InnoDB AUTO_INCREMENT=3 DEFAULT CHARSET=utf8 COLLATE=utf8_unicode_ci;

--
-- Data for table `craft_assetsources`
--

INSERT INTO `craft_assetsources` (`id`, `name`, `handle`, `type`, `settings`, `sortOrder`, `fieldLayoutId`, `dateCreated`, `dateUpdated`, `uid`) VALUES
 ('1', 'Документы', 'rDocs', 'Local', '{\"path\":\"{basePath}files\\/docs\\/\",\"publicURLs\":\"1\",\"url\":\"{baseUrl}files\\/docs\\/\"}', '1', '31', '2017-04-28 09:48:56', '2017-04-28 09:48:56', '67a45582-6789-4cfc-a699-071bb293bf3b'),
 ('2', 'Изображения', 'rPics', 'Local', '{\"path\":\"{basePath}img\\/pics\\/\",\"publicURLs\":\"1\",\"url\":\"{baseUrl}img\\/pics\\/\"}', '2', '32', '2017-04-28 09:50:46', '2017-04-28 09:50:46', '229fe1cf-dcb4-4fd3-b4fe-0591b1afdcb4');



DROP TABLE IF EXISTS `craft_assettransformindex`;


--
-- Schema for table `craft_assettransformindex`
--
CREATE TABLE `craft_assettransformindex` (
  `id` int(11) NOT NULL AUTO_INCREMENT,
  `fileId` int(11) NOT NULL,
  `filename` varchar(255) COLLATE utf8_unicode_ci DEFAULT NULL,
  `format` varchar(255) COLLATE utf8_unicode_ci DEFAULT NULL,
  `location` varchar(255) COLLATE utf8_unicode_ci NOT NULL,
  `sourceId` int(11) DEFAULT NULL,
  `fileExists` tinyint(1) DEFAULT NULL,
  `inProgress` tinyint(1) DEFAULT NULL,
  `dateIndexed` datetime DEFAULT NULL,
  `dateCreated` datetime NOT NULL,
  `dateUpdated` datetime NOT NULL,
  `uid` char(36) COLLATE utf8_unicode_ci NOT NULL DEFAULT '0',
  PRIMARY KEY (`id`),
  KEY `craft_assettransformindex_sourceId_fileId_location_idx` (`sourceId`,`fileId`,`location`)
) ENGINE=InnoDB DEFAULT CHARSET=utf8 COLLATE=utf8_unicode_ci;

DROP TABLE IF EXISTS `craft_assettransforms`;


--
-- Schema for table `craft_assettransforms`
--
CREATE TABLE `craft_assettransforms` (
  `id` int(11) NOT NULL AUTO_INCREMENT,
  `name` varchar(255) COLLATE utf8_unicode_ci NOT NULL,
  `handle` varchar(255) COLLATE utf8_unicode_ci NOT NULL,
  `mode` enum('stretch','fit','crop') COLLATE utf8_unicode_ci NOT NULL DEFAULT 'crop',
  `position` enum('top-left','top-center','top-right','center-left','center-center','center-right','bottom-left','bottom-center','bottom-right') COLLATE utf8_unicode_ci NOT NULL DEFAULT 'center-center',
  `height` int(10) DEFAULT NULL,
  `width` int(10) DEFAULT NULL,
  `format` varchar(255) COLLATE utf8_unicode_ci DEFAULT NULL,
  `quality` int(10) DEFAULT NULL,
  `dimensionChangeTime` datetime DEFAULT NULL,
  `dateCreated` datetime NOT NULL,
  `dateUpdated` datetime NOT NULL,
  `uid` char(36) COLLATE utf8_unicode_ci NOT NULL DEFAULT '0',
  PRIMARY KEY (`id`),
  UNIQUE KEY `craft_assettransforms_name_unq_idx` (`name`),
  UNIQUE KEY `craft_assettransforms_handle_unq_idx` (`handle`)
) ENGINE=InnoDB DEFAULT CHARSET=utf8 COLLATE=utf8_unicode_ci;

DROP TABLE IF EXISTS `craft_categories`;


--
-- Schema for table `craft_categories`
--
CREATE TABLE `craft_categories` (
  `id` int(11) NOT NULL,
  `groupId` int(11) NOT NULL,
  `dateCreated` datetime NOT NULL,
  `dateUpdated` datetime NOT NULL,
  `uid` char(36) COLLATE utf8_unicode_ci NOT NULL DEFAULT '0',
  PRIMARY KEY (`id`),
  KEY `craft_categories_groupId_fk` (`groupId`)
) ENGINE=InnoDB DEFAULT CHARSET=utf8 COLLATE=utf8_unicode_ci;

--
-- Data for table `craft_categories`
--

INSERT INTO `craft_categories` (`id`, `groupId`, `dateCreated`, `dateUpdated`, `uid`) VALUES
 ('4', '1', '2017-04-27 16:06:30', '2017-05-03 10:45:44', '576a3a1f-da7e-46d6-a62a-ebb8b6d7a31a'),
 ('5', '1', '2017-04-27 16:06:56', '2017-05-03 10:46:38', 'f1dc014a-fde1-4da6-84a9-3ca7e2cb8ddf'),
 ('6', '1', '2017-04-27 16:08:32', '2017-05-03 10:53:47', '6f81f531-4e64-43fe-b508-2e4ce6619e92'),
 ('7', '2', '2017-04-27 16:11:27', '2017-04-27 16:11:48', '363cd4a7-ffa9-498a-80ba-9a1037f6b283'),
 ('8', '2', '2017-04-27 16:12:12', '2017-04-27 16:12:19', '73a179f4-ff79-4b06-ad81-3a593df2d78f'),
 ('9', '2', '2017-04-27 16:13:21', '2017-04-27 16:13:31', '992973e3-a38d-46bb-9d28-f4bb97f19a77'),
 ('10', '2', '2017-04-27 16:14:05', '2017-04-27 16:14:19', 'ea54be89-614e-4074-8fd3-43d58bacebef'),
 ('95', '3', '2017-05-04 10:58:45', '2017-05-04 10:58:45', '53e44c69-76e3-4e15-b695-98625fc81e16'),
 ('96', '3', '2017-05-04 10:59:03', '2017-05-04 10:59:03', 'e715a3ee-7aee-44fa-be45-7b8b2fce390e'),
 ('102', '3', '2017-05-04 11:14:28', '2017-05-04 11:14:28', '9c1c5d03-e020-4339-9665-3d8325821977'),
 ('108', '4', '2017-05-04 11:27:57', '2017-05-04 11:27:57', 'ad58b21f-e0a4-4a1c-b26f-b2eedd021987'),
 ('116', '4', '2017-05-04 11:47:43', '2017-05-04 11:47:43', '2680baed-39f2-4831-8657-d11ed911a3c9');



DROP TABLE IF EXISTS `craft_categorygroups`;


--
-- Schema for table `craft_categorygroups`
--
CREATE TABLE `craft_categorygroups` (
  `id` int(11) NOT NULL AUTO_INCREMENT,
  `structureId` int(11) NOT NULL,
  `fieldLayoutId` int(11) DEFAULT NULL,
  `name` varchar(255) COLLATE utf8_unicode_ci NOT NULL,
  `handle` varchar(255) COLLATE utf8_unicode_ci NOT NULL,
  `hasUrls` tinyint(1) unsigned NOT NULL DEFAULT '1',
  `template` varchar(500) COLLATE utf8_unicode_ci DEFAULT NULL,
  `dateCreated` datetime NOT NULL,
  `dateUpdated` datetime NOT NULL,
  `uid` char(36) COLLATE utf8_unicode_ci NOT NULL DEFAULT '0',
  PRIMARY KEY (`id`),
  UNIQUE KEY `craft_categorygroups_name_unq_idx` (`name`),
  UNIQUE KEY `craft_categorygroups_handle_unq_idx` (`handle`),
  KEY `craft_categorygroups_structureId_fk` (`structureId`),
  KEY `craft_categorygroups_fieldLayoutId_fk` (`fieldLayoutId`)
) ENGINE=InnoDB AUTO_INCREMENT=6 DEFAULT CHARSET=utf8 COLLATE=utf8_unicode_ci;

--
-- Data for table `craft_categorygroups`
--

INSERT INTO `craft_categorygroups` (`id`, `structureId`, `fieldLayoutId`, `name`, `handle`, `hasUrls`, `template`, `dateCreated`, `dateUpdated`, `uid`) VALUES
 ('1', '2', '53', 'Команда', 'groupPersons', '1', 'persons/_category', '2017-04-27 16:04:31', '2017-05-04 10:50:13', 'cb1efbf5-784e-4401-8999-cc410f6e41ed'),
 ('2', '3', '8', 'Публикации', 'groupPublications', '1', 'publications/_category', '2017-04-27 16:05:29', '2017-04-27 16:05:29', '8e86b8c4-d93c-4e36-83eb-ea8c45ed3ccd'),
 ('3', '9', '52', 'Инфографика', 'groupInfogs', '0', NULL, '2017-05-04 10:49:42', '2017-05-04 10:49:42', '32ed0161-4436-4612-90e5-0b6fee8543cd'),
 ('4', '10', '54', 'Проекты', 'groupProjects', '0', NULL, '2017-05-04 10:51:16', '2017-05-04 10:51:16', 'c951e63e-e6d2-4cc4-815c-eaa3fd9f7272'),
 ('5', '11', '55', 'Цитаты', 'groupQuotes', '0', NULL, '2017-05-04 10:51:50', '2017-05-04 10:51:50', 'aad1cadc-050a-4e75-892a-596607a8bb1f');



DROP TABLE IF EXISTS `craft_categorygroups_i18n`;


--
-- Schema for table `craft_categorygroups_i18n`
--
CREATE TABLE `craft_categorygroups_i18n` (
  `id` int(11) NOT NULL AUTO_INCREMENT,
  `groupId` int(11) NOT NULL,
  `locale` char(12) COLLATE utf8_unicode_ci NOT NULL,
  `urlFormat` text COLLATE utf8_unicode_ci,
  `nestedUrlFormat` text COLLATE utf8_unicode_ci,
  `dateCreated` datetime NOT NULL,
  `dateUpdated` datetime NOT NULL,
  `uid` char(36) COLLATE utf8_unicode_ci NOT NULL DEFAULT '0',
  PRIMARY KEY (`id`),
  UNIQUE KEY `craft_categorygroups_i18n_groupId_locale_unq_idx` (`groupId`,`locale`),
  KEY `craft_categorygroups_i18n_locale_fk` (`locale`)
) ENGINE=InnoDB AUTO_INCREMENT=11 DEFAULT CHARSET=utf8 COLLATE=utf8_unicode_ci;

--
-- Data for table `craft_categorygroups_i18n`
--

INSERT INTO `craft_categorygroups_i18n` (`id`, `groupId`, `locale`, `urlFormat`, `nestedUrlFormat`, `dateCreated`, `dateUpdated`, `uid`) VALUES
 ('1', '1', 'ru', 'team/{slug}', '{parent.uri}/{slug}', '2017-04-27 16:04:31', '2017-04-27 21:59:18', '77fbf075-20c1-499e-8b0c-b50eb5cf7ef2'),
 ('2', '1', 'en_us', 'team/{slug}', '{parent.uri}/{slug}', '2017-04-27 16:04:31', '2017-04-27 21:59:18', 'fa40370b-8080-45c5-8285-2a45aeb958b9'),
 ('3', '2', 'ru', '{slug}', '{parent.uri}/{slug}', '2017-04-27 16:05:29', '2017-04-27 16:05:29', '344e7f52-bc7d-43d1-9bdd-9a1f51074e82'),
 ('4', '2', 'en_us', '{slug}', '{parent.uri}/{slug}', '2017-04-27 16:05:29', '2017-04-27 16:05:29', '3aa6c3fd-435e-4c11-b26a-a88773aca363'),
 ('5', '3', 'ru', NULL, NULL, '2017-05-04 10:49:42', '2017-05-04 10:49:42', '73f6edd1-4e24-426b-b6af-ed5f99492c04'),
 ('6', '3', 'en_us', NULL, NULL, '2017-05-04 10:49:42', '2017-05-04 10:49:42', '1031a102-bad3-4c10-8561-a77a286b5a0f'),
 ('7', '4', 'ru', NULL, NULL, '2017-05-04 10:51:16', '2017-05-04 10:51:16', '615d1ec1-91dd-4e53-9092-0eedc8bc1ba6'),
 ('8', '4', 'en_us', NULL, NULL, '2017-05-04 10:51:16', '2017-05-04 10:51:16', '901f277c-911d-4927-9dde-6bca2706fdf3'),
 ('9', '5', 'ru', NULL, NULL, '2017-05-04 10:51:50', '2017-05-04 10:51:50', 'c8ec7443-270d-422a-93c4-775f75c0dc25'),
 ('10', '5', 'en_us', NULL, NULL, '2017-05-04 10:51:50', '2017-05-04 10:51:50', 'e57ea2ab-bb8c-42a4-a686-d9263437ec13');



DROP TABLE IF EXISTS `craft_content`;


--
-- Schema for table `craft_content`
--
CREATE TABLE `craft_content` (
  `id` int(11) NOT NULL AUTO_INCREMENT,
  `elementId` int(11) NOT NULL,
  `locale` char(12) COLLATE utf8_unicode_ci NOT NULL,
  `title` varchar(255) COLLATE utf8_unicode_ci DEFAULT NULL,
  `field_body` text COLLATE utf8_unicode_ci,
  `field_personFirstname` text COLLATE utf8_unicode_ci,
  `field_personLastname` text COLLATE utf8_unicode_ci,
  `field_personPosition` text COLLATE utf8_unicode_ci,
  `field_personBio` mediumtext COLLATE utf8_unicode_ci,
  `field_facebook` text COLLATE utf8_unicode_ci,
  `field_twitter` text COLLATE utf8_unicode_ci,
  `field_linkedin` text COLLATE utf8_unicode_ci,
  `field_contactEmail` text COLLATE utf8_unicode_ci,
  `field_contactSkype` text COLLATE utf8_unicode_ci,
  `field_contactAddress` text COLLATE utf8_unicode_ci,
  `field_contactTel1` text COLLATE utf8_unicode_ci,
  `field_contactTel2` text COLLATE utf8_unicode_ci,
  `field_contactTel3` text COLLATE utf8_unicode_ci,
  `field_contactFax` text COLLATE utf8_unicode_ci,
  `field_contactLocation` varchar(255) COLLATE utf8_unicode_ci DEFAULT NULL,
  `field_metaTitle` varchar(255) COLLATE utf8_unicode_ci DEFAULT NULL,
  `field_metaKeywords` varchar(255) COLLATE utf8_unicode_ci DEFAULT NULL,
  `field_metaDescription` text COLLATE utf8_unicode_ci,
  `field_menuText` text COLLATE utf8_unicode_ci,
  `field_quoteAuthor` text COLLATE utf8_unicode_ci,
  `field_quoteText` text COLLATE utf8_unicode_ci,
  `field_projectDescription` text COLLATE utf8_unicode_ci,
  `field_branchDescription` text COLLATE utf8_unicode_ci,
  `field_serviceDescription` text COLLATE utf8_unicode_ci,
  `field_iconHeader` text COLLATE utf8_unicode_ci,
  `field_pictoAlign` varchar(255) COLLATE utf8_unicode_ci DEFAULT NULL,
  `field_blockHeight` varchar(255) COLLATE utf8_unicode_ci DEFAULT 'height--standart',
  `field_groupTeamStatus` text COLLATE utf8_unicode_ci,
  `field_personStatusOver` text COLLATE utf8_unicode_ci,
  `field_infogBig` varchar(16) COLLATE utf8_unicode_ci DEFAULT NULL,
  `field_infogText` text COLLATE utf8_unicode_ci,
  `field_infogIcon` text COLLATE utf8_unicode_ci,
  `dateCreated` datetime NOT NULL,
  `dateUpdated` datetime NOT NULL,
  `uid` char(36) COLLATE utf8_unicode_ci NOT NULL DEFAULT '0',
  PRIMARY KEY (`id`),
  UNIQUE KEY `craft_content_elementId_locale_unq_idx` (`elementId`,`locale`),
  KEY `craft_content_title_idx` (`title`),
  KEY `craft_content_locale_fk` (`locale`)
) ENGINE=InnoDB AUTO_INCREMENT=323 DEFAULT CHARSET=utf8 COLLATE=utf8_unicode_ci;

--
-- Data for table `craft_content`
--

INSERT INTO `craft_content` (`id`, `elementId`, `locale`, `title`, `field_body`, `field_personFirstname`, `field_personLastname`, `field_personPosition`, `field_personBio`, `field_facebook`, `field_twitter`, `field_linkedin`, `field_contactEmail`, `field_contactSkype`, `field_contactAddress`, `field_contactTel1`, `field_contactTel2`, `field_contactTel3`, `field_contactFax`, `field_contactLocation`, `field_metaTitle`, `field_metaKeywords`, `field_metaDescription`, `field_menuText`, `field_quoteAuthor`, `field_quoteText`, `field_projectDescription`, `field_branchDescription`, `field_serviceDescription`, `field_iconHeader`, `field_pictoAlign`, `field_blockHeight`, `field_groupTeamStatus`, `field_personStatusOver`, `field_infogBig`, `field_infogText`, `field_infogIcon`, `dateCreated`, `dateUpdated`, `uid`) VALUES
 ('1', '1', 'ru', NULL, NULL, NULL, NULL, NULL, NULL, NULL, NULL, NULL, NULL, NULL, NULL, NULL, NULL, NULL, NULL, NULL, NULL, NULL, NULL, NULL, NULL, NULL, NULL, NULL, NULL, NULL, NULL, 'height--standart', NULL, NULL, NULL, NULL, NULL, '2017-04-27 15:30:00', '2017-04-27 15:30:00', '0a567a65-49bb-48fd-a073-df8330f38c3c'),
 ('2', '2', 'ru', 'Welcome to Bti2.dev!', '<p>It’s true, this site doesn’t have a whole lot of content yet, but don’t worry. Our web developers have just installed the CMS, and they’re setting things up for the content editors this very moment. Soon Bti2.dev will be an oasis of fresh perspectives, sharp analyses, and astute opinions that will keep you coming back again and again.</p>', NULL, NULL, NULL, NULL, NULL, NULL, NULL, NULL, NULL, NULL, NULL, NULL, NULL, NULL, NULL, NULL, NULL, NULL, NULL, NULL, NULL, NULL, NULL, NULL, NULL, NULL, 'height--standart', NULL, NULL, NULL, NULL, NULL, '2017-04-27 15:30:05', '2017-04-27 15:38:55', '090c19c3-39cd-45e0-b4fb-1a0938037648'),
 ('3', '3', 'ru', 'We just installed Craft!', '<p>Craft is the CMS that’s powering Bti2.dev. It’s beautiful, powerful, flexible, and easy-to-use, and it’s made by Pixel &amp; Tonic. We can’t wait to dive in and see what it’s capable of!</p>\n<!--pagebreak-->\n<p>This is even more captivating content, which you couldn’t see on the News index page because it was entered after a Page Break, and the News index template only likes to show the content on the first page.</p>\n<p>Craft: a nice alternative to Word, if you’re making a website.</p>', NULL, NULL, NULL, NULL, NULL, NULL, NULL, NULL, NULL, NULL, NULL, NULL, NULL, NULL, NULL, NULL, NULL, NULL, NULL, NULL, NULL, NULL, NULL, NULL, NULL, NULL, 'height--standart', NULL, NULL, NULL, NULL, NULL, '2017-04-27 15:30:05', '2017-04-28 09:58:29', 'e41747ff-6356-469a-8236-b3a12a50232c'),
 ('4', '4', 'ru', 'Партнеры', NULL, NULL, NULL, NULL, NULL, NULL, NULL, NULL, NULL, NULL, NULL, NULL, NULL, NULL, NULL, NULL, NULL, NULL, NULL, NULL, NULL, NULL, NULL, NULL, NULL, NULL, NULL, 'height--standart', 'Партнер', NULL, NULL, NULL, NULL, '2017-04-27 16:06:30', '2017-05-03 10:45:31', '5d59430e-b29c-493d-8f35-1badccc0706c'),
 ('5', '4', 'en_us', 'Partners', NULL, NULL, NULL, NULL, NULL, NULL, NULL, NULL, NULL, NULL, NULL, NULL, NULL, NULL, NULL, NULL, NULL, NULL, NULL, NULL, NULL, NULL, NULL, NULL, NULL, NULL, NULL, 'height--standart', 'Partner', NULL, NULL, NULL, NULL, '2017-04-27 16:06:30', '2017-05-03 10:45:44', '7b332740-2138-4d48-892e-17276f164ea8'),
 ('6', '5', 'ru', 'Директора', NULL, NULL, NULL, NULL, NULL, NULL, NULL, NULL, NULL, NULL, NULL, NULL, NULL, NULL, NULL, NULL, NULL, NULL, NULL, NULL, NULL, NULL, NULL, NULL, NULL, NULL, NULL, 'height--standart', 'Директор', NULL, NULL, NULL, NULL, '2017-04-27 16:06:56', '2017-05-03 10:45:57', '0bf44c9f-3031-447c-9d62-5ea9dfe6326b'),
 ('7', '5', 'en_us', 'Superintendents', NULL, NULL, NULL, NULL, NULL, NULL, NULL, NULL, NULL, NULL, NULL, NULL, NULL, NULL, NULL, NULL, NULL, NULL, NULL, NULL, NULL, NULL, NULL, NULL, NULL, NULL, NULL, 'height--standart', 'Superintendent', NULL, NULL, NULL, NULL, '2017-04-27 16:06:56', '2017-05-03 10:46:38', '3a6a731d-67be-4df9-8893-6932fb81a0ae'),
 ('8', '6', 'ru', 'Менеджеры', NULL, NULL, NULL, NULL, NULL, NULL, NULL, NULL, NULL, NULL, NULL, NULL, NULL, NULL, NULL, NULL, NULL, NULL, NULL, NULL, NULL, NULL, NULL, NULL, NULL, NULL, NULL, 'height--standart', 'Старший менеджер', NULL, NULL, NULL, NULL, '2017-04-27 16:08:32', '2017-05-03 10:53:47', 'f72f177f-4198-42f0-8fad-9985d56a2dda'),
 ('9', '6', 'en_us', 'Managers', NULL, NULL, NULL, NULL, NULL, NULL, NULL, NULL, NULL, NULL, NULL, NULL, NULL, NULL, NULL, NULL, NULL, NULL, NULL, NULL, NULL, NULL, NULL, NULL, NULL, NULL, NULL, 'height--standart', 'Manager', NULL, NULL, NULL, NULL, '2017-04-27 16:08:32', '2017-05-03 10:46:30', '0efb4289-0b5b-4a44-a21c-3c77a3070d8f'),
 ('10', '7', 'ru', 'Новости', NULL, NULL, NULL, NULL, NULL, NULL, NULL, NULL, NULL, NULL, NULL, NULL, NULL, NULL, NULL, NULL, NULL, NULL, NULL, NULL, NULL, NULL, NULL, NULL, NULL, NULL, NULL, 'height--standart', NULL, NULL, NULL, NULL, NULL, '2017-04-27 16:11:27', '2017-04-27 16:11:27', 'dbf85a6a-45a5-45dc-a68f-2008c64b7559'),
 ('11', '7', 'en_us', 'Our news', NULL, NULL, NULL, NULL, NULL, NULL, NULL, NULL, NULL, NULL, NULL, NULL, NULL, NULL, NULL, NULL, NULL, NULL, NULL, NULL, NULL, NULL, NULL, NULL, NULL, NULL, NULL, 'height--standart', NULL, NULL, NULL, NULL, NULL, '2017-04-27 16:11:27', '2017-04-27 16:11:48', '5db29d9d-ea0c-47c8-944e-cef6ca66cffc'),
 ('12', '8', 'ru', 'Точка зрения', NULL, NULL, NULL, NULL, NULL, NULL, NULL, NULL, NULL, NULL, NULL, NULL, NULL, NULL, NULL, NULL, NULL, NULL, NULL, NULL, NULL, NULL, NULL, NULL, NULL, NULL, NULL, 'height--standart', NULL, NULL, NULL, NULL, NULL, '2017-04-27 16:12:12', '2017-04-27 16:12:12', '10aeab2b-7105-492e-bcfc-0112ad96ce5a'),
 ('13', '8', 'en_us', 'Insights', NULL, NULL, NULL, NULL, NULL, NULL, NULL, NULL, NULL, NULL, NULL, NULL, NULL, NULL, NULL, NULL, NULL, NULL, NULL, NULL, NULL, NULL, NULL, NULL, NULL, NULL, NULL, 'height--standart', NULL, NULL, NULL, NULL, NULL, '2017-04-27 16:12:12', '2017-04-27 16:12:19', 'a3fb7408-95ae-4e5e-8bb4-61c2bbac63c6'),
 ('14', '9', 'ru', 'Пресс-релизы', NULL, NULL, NULL, NULL, NULL, NULL, NULL, NULL, NULL, NULL, NULL, NULL, NULL, NULL, NULL, NULL, NULL, NULL, NULL, NULL, NULL, NULL, NULL, NULL, NULL, NULL, NULL, 'height--standart', NULL, NULL, NULL, NULL, NULL, '2017-04-27 16:13:20', '2017-04-27 16:13:20', '1a4de827-e315-4e47-bd01-2ca807c66133'),
 ('15', '9', 'en_us', ' Press releases', NULL, NULL, NULL, NULL, NULL, NULL, NULL, NULL, NULL, NULL, NULL, NULL, NULL, NULL, NULL, NULL, NULL, NULL, NULL, NULL, NULL, NULL, NULL, NULL, NULL, NULL, NULL, 'height--standart', NULL, NULL, NULL, NULL, NULL, '2017-04-27 16:13:21', '2017-04-27 16:13:31', 'c4a6f84f-61a3-4da7-9acf-53842670cd18'),
 ('16', '10', 'ru', 'Налоговые обзоры', NULL, NULL, NULL, NULL, NULL, NULL, NULL, NULL, NULL, NULL, NULL, NULL, NULL, NULL, NULL, NULL, NULL, NULL, NULL, NULL, NULL, NULL, NULL, NULL, NULL, NULL, NULL, 'height--standart', NULL, NULL, NULL, NULL, NULL, '2017-04-27 16:14:05', '2017-04-27 16:14:05', 'd4c1d8d2-fb65-4c19-9213-d2ce9ef5eabc'),
 ('17', '10', 'en_us', 'Tax Reviews', NULL, NULL, NULL, NULL, NULL, NULL, NULL, NULL, NULL, NULL, NULL, NULL, NULL, NULL, NULL, NULL, NULL, NULL, NULL, NULL, NULL, NULL, NULL, NULL, NULL, NULL, NULL, 'height--standart', NULL, NULL, NULL, NULL, NULL, '2017-04-27 16:14:05', '2017-04-27 16:14:18', 'ec8b667d-0f18-4d07-bc67-918f9d7300bb'),
 ('28', '18', 'ru', 'test menu', NULL, NULL, NULL, NULL, NULL, NULL, NULL, NULL, NULL, NULL, NULL, NULL, NULL, NULL, NULL, NULL, NULL, NULL, NULL, 'test', NULL, NULL, NULL, NULL, NULL, NULL, NULL, 'height--standart', NULL, NULL, NULL, NULL, NULL, '2017-04-27 22:24:29', '2017-04-27 22:24:29', '258b992f-ff4e-45d9-b1da-8722966f2ca7'),
 ('29', '18', 'en_us', 'test menu', NULL, NULL, NULL, NULL, NULL, NULL, NULL, NULL, NULL, NULL, NULL, NULL, NULL, NULL, NULL, NULL, NULL, NULL, NULL, 'test', NULL, NULL, NULL, NULL, NULL, NULL, NULL, 'height--standart', NULL, NULL, NULL, NULL, NULL, '2017-04-27 22:24:30', '2017-04-27 22:24:30', '60f2e5bf-2429-49b5-8383-8be75b3cf752'),
 ('36', '23', 'ru', 'Тестовый', NULL, NULL, NULL, NULL, NULL, NULL, NULL, NULL, NULL, NULL, NULL, NULL, NULL, NULL, NULL, NULL, NULL, NULL, NULL, NULL, NULL, NULL, NULL, NULL, NULL, NULL, NULL, 'height--standart', NULL, NULL, NULL, NULL, NULL, '2017-04-28 11:25:37', '2017-04-28 11:25:37', 'a09187ed-c58c-4a04-92d5-072b7e7432f1'),
 ('37', '23', 'en_us', 'Тестовый', NULL, NULL, NULL, NULL, NULL, NULL, NULL, NULL, NULL, NULL, NULL, NULL, NULL, NULL, NULL, NULL, NULL, NULL, NULL, NULL, NULL, NULL, NULL, NULL, NULL, NULL, NULL, 'height--standart', NULL, NULL, NULL, NULL, NULL, '2017-04-28 11:25:37', '2017-04-28 11:25:37', '7f263d16-d6ca-470e-b13e-817f69b86143'),
 ('38', '24', 'ru', 'Аудиторские услуги', NULL, NULL, NULL, NULL, NULL, NULL, NULL, NULL, NULL, NULL, NULL, NULL, NULL, NULL, NULL, NULL, NULL, NULL, NULL, NULL, NULL, NULL, NULL, NULL, '<ul><li>Аудит финансовой отчетности, подготовленной в соответствии с международными стандартами IFRS и US GAAP</li><li>Аудит бухгалтерской отчетности, подготовленной в соответствии с требованиями российского законодательства</li><li>Подготовка финансовой отчетности в соответствии с международными стандартами</li><li>Консультирование по IFRS и US GAAP</li><li>Услуги внутреннего аудита</li><li>Оценка системы внутреннего контроля </li></ul>', NULL, NULL, 'height--standart', NULL, NULL, NULL, NULL, NULL, '2017-05-02 15:22:09', '2017-05-04 11:54:07', 'ccad9edc-305d-46f2-9ede-d4edf510b59a'),
 ('39', '24', 'en_us', 'Аудиторские услуги', NULL, NULL, NULL, NULL, NULL, NULL, NULL, NULL, NULL, NULL, NULL, NULL, NULL, NULL, NULL, NULL, NULL, NULL, NULL, NULL, NULL, NULL, NULL, NULL, '', NULL, NULL, 'height--standart', NULL, NULL, NULL, NULL, NULL, '2017-05-02 15:22:09', '2017-05-02 15:22:09', 'c7624955-3cde-42df-82c8-40e6cad1bd9a'),
 ('40', '25', 'ru', 'Бухгалтерские услуги', NULL, NULL, NULL, NULL, NULL, NULL, NULL, NULL, NULL, NULL, NULL, NULL, NULL, NULL, NULL, NULL, NULL, NULL, NULL, NULL, NULL, NULL, NULL, NULL, '<ul><li>Ведение бухгалтерского учета по стандартам РСБУ</li><li>Ведение бухгалтерского учета по стандартам клиента</li><li>Подготовка финансовой отчетности по стандартам РСБУ</li><li>Подготовка финансовой отчетности по стандартам клиента</li><li>Подготовка налоговых деклараций</li><li>Расчет заработной платы</li><li>Кадровое делопроизводство</li><li>Консультации по вопросам бухгалтерского учета</li><li>Консультации по оптимизации бухгалтерских служб</li><li>Аутсорсинг отдельных учетных процессов</li></ul>', NULL, NULL, 'height--standart', NULL, NULL, NULL, NULL, NULL, '2017-05-02 15:22:22', '2017-05-04 11:53:28', '8c3f96d9-3bbc-4b33-ab85-ff516576af22'),
 ('41', '25', 'en_us', 'Бухгалтерские услуги', NULL, NULL, NULL, NULL, NULL, NULL, NULL, NULL, NULL, NULL, NULL, NULL, NULL, NULL, NULL, NULL, NULL, NULL, NULL, NULL, NULL, NULL, NULL, NULL, '', NULL, NULL, 'height--standart', NULL, NULL, NULL, NULL, NULL, '2017-05-02 15:22:22', '2017-05-02 15:22:22', 'bdf61822-6767-4722-9be8-ce9825afd6e3'),
 ('42', '26', 'ru', 'Консалтинг', NULL, NULL, NULL, NULL, NULL, NULL, NULL, NULL, NULL, NULL, NULL, NULL, NULL, NULL, NULL, NULL, NULL, NULL, NULL, NULL, NULL, NULL, NULL, NULL, '', NULL, NULL, 'height--standart', NULL, NULL, NULL, NULL, NULL, '2017-05-02 15:22:31', '2017-05-02 15:22:31', 'd0b1f2a8-9225-43f7-93a6-268fc3936628'),
 ('43', '26', 'en_us', 'Консалтинг', NULL, NULL, NULL, NULL, NULL, NULL, NULL, NULL, NULL, NULL, NULL, NULL, NULL, NULL, NULL, NULL, NULL, NULL, NULL, NULL, NULL, NULL, NULL, NULL, '', NULL, NULL, 'height--standart', NULL, NULL, NULL, NULL, NULL, '2017-05-02 15:22:31', '2017-05-02 15:22:31', '6b4e6a03-5d45-4818-b6b8-df8df2b0d47e'),
 ('44', '27', 'ru', 'Корпоративные финансы', NULL, NULL, NULL, NULL, NULL, NULL, NULL, NULL, NULL, NULL, NULL, NULL, NULL, NULL, NULL, NULL, NULL, NULL, NULL, NULL, NULL, NULL, NULL, NULL, '', NULL, NULL, 'height--standart', NULL, NULL, NULL, NULL, NULL, '2017-05-02 15:22:40', '2017-05-02 15:22:40', '6f1a3d56-4958-4777-894c-fe167456a606'),
 ('45', '27', 'en_us', 'Корпоративные финансы', NULL, NULL, NULL, NULL, NULL, NULL, NULL, NULL, NULL, NULL, NULL, NULL, NULL, NULL, NULL, NULL, NULL, NULL, NULL, NULL, NULL, NULL, NULL, NULL, '', NULL, NULL, 'height--standart', NULL, NULL, NULL, NULL, NULL, '2017-05-02 15:22:40', '2017-05-02 15:22:40', '5d04720a-ef37-442e-b4b3-f2647ccdbb4d'),
 ('46', '28', 'ru', 'Налоговое консультирование', NULL, NULL, NULL, NULL, NULL, NULL, NULL, NULL, NULL, NULL, NULL, NULL, NULL, NULL, NULL, NULL, NULL, NULL, NULL, NULL, NULL, NULL, NULL, NULL, '', NULL, NULL, 'height--standart', NULL, NULL, NULL, NULL, NULL, '2017-05-02 15:22:49', '2017-05-02 15:22:49', 'c9f4dcd6-02be-4e42-9179-fdfdb1f6fa68'),
 ('47', '28', 'en_us', 'Налоговое консультирование', NULL, NULL, NULL, NULL, NULL, NULL, NULL, NULL, NULL, NULL, NULL, NULL, NULL, NULL, NULL, NULL, NULL, NULL, NULL, NULL, NULL, NULL, NULL, NULL, '', NULL, NULL, 'height--standart', NULL, NULL, NULL, NULL, NULL, '2017-05-02 15:22:49', '2017-05-02 15:22:49', '90cbd763-b172-4a9b-8710-ccbd6788ee4b'),
 ('48', '29', 'ru', 'Оценочные услуги', NULL, NULL, NULL, NULL, NULL, NULL, NULL, NULL, NULL, NULL, NULL, NULL, NULL, NULL, NULL, NULL, NULL, NULL, NULL, NULL, NULL, NULL, NULL, NULL, '<p>Быстроизменяющиеся факторы на рынке, заставляют бизнес быть более оперативными, реагировать на внешние вызовы. Скорость и верность принимаемых решений собственником определяют темп развития бизнеса, его возможность успешно решать стоящие перед ним задачи, а зачастую от этого зависит и само существование бизнеса. Международная команда опытных экспертов, используя свои знания, богатый опыт и творческий подход вот уже более 20 лет разрабатывает практические советы и решения в области оценки и финансового моделирования для всех отраслей экономики. Уникальные знания и опыт, инновационное мышление и индивидуальный подход позволяют нам решать задачи любого уровня сложности.</p>', NULL, NULL, 'height--standart', NULL, NULL, NULL, NULL, NULL, '2017-05-02 15:22:57', '2017-05-04 14:18:30', 'f72ab67e-508c-46a3-a882-2fc73d4bf240'),
 ('49', '29', 'en_us', 'Оценочные услуги', NULL, NULL, NULL, NULL, NULL, NULL, NULL, NULL, NULL, NULL, NULL, NULL, NULL, NULL, NULL, NULL, NULL, NULL, NULL, NULL, NULL, NULL, NULL, NULL, '', NULL, NULL, 'height--standart', NULL, NULL, NULL, NULL, NULL, '2017-05-02 15:22:57', '2017-05-02 15:22:57', '5d40f59a-7005-4496-85eb-2e2ac0d0ac85'),
 ('50', '30', 'ru', 'Финансовые расследования', NULL, NULL, NULL, NULL, NULL, NULL, NULL, NULL, NULL, NULL, NULL, NULL, NULL, NULL, NULL, NULL, NULL, NULL, NULL, NULL, NULL, NULL, NULL, NULL, '', NULL, NULL, 'height--standart', NULL, NULL, NULL, NULL, NULL, '2017-05-02 15:23:06', '2017-05-02 15:23:06', 'a9dcc411-17e4-4d08-80ad-b6fa94947790'),
 ('51', '30', 'en_us', 'Финансовые расследования', NULL, NULL, NULL, NULL, NULL, NULL, NULL, NULL, NULL, NULL, NULL, NULL, NULL, NULL, NULL, NULL, NULL, NULL, NULL, NULL, NULL, NULL, NULL, NULL, '', NULL, NULL, 'height--standart', NULL, NULL, NULL, NULL, NULL, '2017-05-02 15:23:06', '2017-05-02 15:23:06', '2fee42d5-858d-4c81-b89c-f08f9ec4bb40'),
 ('52', '31', 'ru', 'Юридические услуги', NULL, NULL, NULL, NULL, NULL, NULL, NULL, NULL, NULL, NULL, NULL, NULL, NULL, NULL, NULL, NULL, NULL, NULL, NULL, NULL, NULL, NULL, NULL, NULL, '', NULL, NULL, 'height--standart', NULL, NULL, NULL, NULL, NULL, '2017-05-02 15:23:16', '2017-05-02 15:23:16', 'b7a94dd9-b3cb-4d5e-b05b-fc2268287890'),
 ('53', '31', 'en_us', 'Юридические услуги', NULL, NULL, NULL, NULL, NULL, NULL, NULL, NULL, NULL, NULL, NULL, NULL, NULL, NULL, NULL, NULL, NULL, NULL, NULL, NULL, NULL, NULL, NULL, NULL, '', NULL, NULL, 'height--standart', NULL, NULL, NULL, NULL, NULL, '2017-05-02 15:23:16', '2017-05-02 15:23:16', '4b472de9-ff57-438c-a806-e8aedb56827a'),
 ('54', '32', 'ru', 'Авиационная промышленность (ОАК, воздушные суда, производство комплектующих)', NULL, NULL, NULL, NULL, NULL, NULL, NULL, NULL, NULL, NULL, NULL, NULL, NULL, NULL, NULL, NULL, NULL, NULL, NULL, NULL, NULL, NULL, NULL, '', NULL, NULL, NULL, 'height--standart', NULL, NULL, NULL, NULL, NULL, '2017-05-02 15:24:52', '2017-05-02 15:24:52', '099032b3-47da-450c-94e0-39d97c33998b'),
 ('55', '32', 'en_us', 'Авиационная промышленность (ОАК, воздушные суда, производство комплектующих)', NULL, NULL, NULL, NULL, NULL, NULL, NULL, NULL, NULL, NULL, NULL, NULL, NULL, NULL, NULL, NULL, NULL, NULL, NULL, NULL, NULL, NULL, NULL, '', NULL, NULL, NULL, 'height--standart', NULL, NULL, NULL, NULL, NULL, '2017-05-02 15:24:52', '2017-05-02 15:24:52', 'b3e25754-42b3-41bf-9374-2ee3c29da2db'),
 ('56', '33', 'ru', 'Атомная промышленность (включая производство оборудования) ', NULL, NULL, NULL, NULL, NULL, NULL, NULL, NULL, NULL, NULL, NULL, NULL, NULL, NULL, NULL, NULL, NULL, NULL, NULL, NULL, NULL, NULL, NULL, '', NULL, NULL, NULL, 'height--standart', NULL, NULL, NULL, NULL, NULL, '2017-05-02 15:25:02', '2017-05-02 15:25:02', '542bfecc-f4e7-4b38-a7b2-69b15608d426'),
 ('57', '33', 'en_us', 'Атомная промышленность (включая производство оборудования) ', NULL, NULL, NULL, NULL, NULL, NULL, NULL, NULL, NULL, NULL, NULL, NULL, NULL, NULL, NULL, NULL, NULL, NULL, NULL, NULL, NULL, NULL, NULL, '', NULL, NULL, NULL, 'height--standart', NULL, NULL, NULL, NULL, NULL, '2017-05-02 15:25:02', '2017-05-02 15:25:02', '2407e1d0-c53d-4946-ab3a-4cb5c0ee6f5b'),
 ('58', '34', 'ru', 'Атомная промышленность (включая производство оборудования) ', NULL, NULL, NULL, NULL, NULL, NULL, NULL, NULL, NULL, NULL, NULL, NULL, NULL, NULL, NULL, NULL, NULL, NULL, NULL, NULL, NULL, NULL, NULL, '', NULL, NULL, NULL, 'height--standart', NULL, NULL, NULL, NULL, NULL, '2017-05-02 15:25:15', '2017-05-02 15:25:15', '8d2cdf79-a3da-4117-8061-c388ba1457f7'),
 ('59', '34', 'en_us', 'Атомная промышленность (включая производство оборудования) ', NULL, NULL, NULL, NULL, NULL, NULL, NULL, NULL, NULL, NULL, NULL, NULL, NULL, NULL, NULL, NULL, NULL, NULL, NULL, NULL, NULL, NULL, NULL, '', NULL, NULL, NULL, 'height--standart', NULL, NULL, NULL, NULL, NULL, '2017-05-02 15:25:15', '2017-05-02 15:25:15', '2d3125bf-f9f9-48ec-944c-b3f4892d8c15'),
 ('60', '35', 'ru', 'Машиностроение, судостроение, станкостроение', NULL, NULL, NULL, NULL, NULL, NULL, NULL, NULL, NULL, NULL, NULL, NULL, NULL, NULL, NULL, NULL, NULL, NULL, NULL, NULL, NULL, NULL, NULL, '', NULL, NULL, NULL, 'height--standart', NULL, NULL, NULL, NULL, NULL, '2017-05-02 15:25:39', '2017-05-02 15:25:39', '59334ad0-98ee-43fe-88ac-40fae0fb7e77'),
 ('61', '35', 'en_us', 'Машиностроение, судостроение, станкостроение', NULL, NULL, NULL, NULL, NULL, NULL, NULL, NULL, NULL, NULL, NULL, NULL, NULL, NULL, NULL, NULL, NULL, NULL, NULL, NULL, NULL, NULL, NULL, '', NULL, NULL, NULL, 'height--standart', NULL, NULL, NULL, NULL, NULL, '2017-05-02 15:25:39', '2017-05-02 15:25:39', '5f379136-47b6-442e-b00b-479a401a4142'),
 ('62', '36', 'ru', 'Недвижимость и строительство (включая производство строительных материалов)', NULL, NULL, NULL, NULL, NULL, NULL, NULL, NULL, NULL, NULL, NULL, NULL, NULL, NULL, NULL, NULL, NULL, NULL, NULL, NULL, NULL, NULL, NULL, '<p>Строительная отрасль в России традиционно чувствительна к изменениям макроэкономического состояния, особенно это связано с изменениями на рынке капиталов. Помимо этого, дополнительное влияние на отрасль имеют рассматриваемые государственными органами проекты законов. Это вносит дополнительную неопределенность в вектор развития отрасли и ее участников. Как следствие компании сталкиваются со снижением финансовых результатов деятельности и вынуждены адаптироваться к текущим условиям посредством пересмотра бизнес стратегии.</p>\n<p>Специалисты нашей компании непрерывно следят за состоянием и развитием строительной отрасли. В совокупности с накопленным опытом это дает нам возможность оказывать компаниям отрасли содействие в поиске решений, которые позволят повысить эффективность бизнеса. Для этого мы на протяжении более чем 20 лет успешно оказываем услуги по аудиту и подготовке финансовой отчетности, оформленной в соответствии со стандартами РСБУ и МСФО, оценке недвижимости и незавершённого строительства, консультированию по вопросам корпоративных финансов и управленческого учета.\n  </p>', NULL, NULL, NULL, 'height--standart', NULL, NULL, NULL, NULL, NULL, '2017-05-02 15:25:48', '2017-05-04 11:26:42', '9848d227-8881-4fd1-b4f1-3a0a612bd6a4'),
 ('63', '36', 'en_us', 'Недвижимость и строительство (включая производство строительных материалов)', NULL, NULL, NULL, NULL, NULL, NULL, NULL, NULL, NULL, NULL, NULL, NULL, NULL, NULL, NULL, NULL, NULL, NULL, NULL, NULL, NULL, NULL, NULL, '', NULL, NULL, NULL, 'height--standart', NULL, NULL, NULL, NULL, NULL, '2017-05-02 15:25:48', '2017-05-02 15:25:48', 'b0b54b6d-0b71-43e7-a523-f568c4b90eb1'),
 ('64', '37', 'ru', 'Нефтегазовая отрасль', NULL, NULL, NULL, NULL, NULL, NULL, NULL, NULL, NULL, NULL, NULL, NULL, NULL, NULL, NULL, NULL, NULL, NULL, NULL, NULL, NULL, NULL, NULL, '', NULL, NULL, NULL, 'height--standart', NULL, NULL, NULL, NULL, NULL, '2017-05-02 15:25:56', '2017-05-02 15:25:56', '911b1ee4-a2e7-40fe-885c-0480e4410b1f'),
 ('65', '37', 'en_us', 'Нефтегазовая отрасль', NULL, NULL, NULL, NULL, NULL, NULL, NULL, NULL, NULL, NULL, NULL, NULL, NULL, NULL, NULL, NULL, NULL, NULL, NULL, NULL, NULL, NULL, NULL, '', NULL, NULL, NULL, 'height--standart', NULL, NULL, NULL, NULL, NULL, '2017-05-02 15:25:56', '2017-05-02 15:25:56', 'e3b8023e-5c81-485a-9557-2c1f717371fe'),
 ('66', '38', 'ru', 'Сельское хозяйство и пищевая промышленность', NULL, NULL, NULL, NULL, NULL, NULL, NULL, NULL, NULL, NULL, NULL, NULL, NULL, NULL, NULL, NULL, NULL, NULL, NULL, NULL, NULL, NULL, NULL, '', NULL, NULL, NULL, 'height--standart', NULL, NULL, NULL, NULL, NULL, '2017-05-02 15:26:30', '2017-05-02 15:26:30', '8847494c-42d0-411f-9982-63e4030eef9a'),
 ('67', '38', 'en_us', 'Сельское хозяйство и пищевая промышленность', NULL, NULL, NULL, NULL, NULL, NULL, NULL, NULL, NULL, NULL, NULL, NULL, NULL, NULL, NULL, NULL, NULL, NULL, NULL, NULL, NULL, NULL, NULL, '', NULL, NULL, NULL, 'height--standart', NULL, NULL, NULL, NULL, NULL, '2017-05-02 15:26:30', '2017-05-02 15:26:30', 'e10ec41d-6626-492c-a5c4-b605bc853055'),
 ('68', '39', 'ru', 'Сфера развлечений и гостеприимства', NULL, NULL, NULL, NULL, NULL, NULL, NULL, NULL, NULL, NULL, NULL, NULL, NULL, NULL, NULL, NULL, NULL, NULL, NULL, NULL, NULL, NULL, NULL, '', NULL, NULL, NULL, 'height--standart', NULL, NULL, NULL, NULL, NULL, '2017-05-02 15:27:07', '2017-05-02 15:27:07', 'c0d7872a-7428-4af1-8476-75845d72a1e0'),
 ('69', '39', 'en_us', 'Сфера развлечений и гостеприимства', NULL, NULL, NULL, NULL, NULL, NULL, NULL, NULL, NULL, NULL, NULL, NULL, NULL, NULL, NULL, NULL, NULL, NULL, NULL, NULL, NULL, NULL, NULL, '', NULL, NULL, NULL, 'height--standart', NULL, NULL, NULL, NULL, NULL, '2017-05-02 15:27:07', '2017-05-02 15:27:07', 'ed6d60c4-e4d5-4dda-a748-5f0eeb593a1b'),
 ('70', '40', 'ru', 'Телеком, ИТ и медиа', NULL, NULL, NULL, NULL, NULL, NULL, NULL, NULL, NULL, NULL, NULL, NULL, NULL, NULL, NULL, NULL, NULL, NULL, NULL, NULL, NULL, NULL, NULL, '', NULL, NULL, NULL, 'height--standart', NULL, NULL, NULL, NULL, NULL, '2017-05-02 15:27:13', '2017-05-02 15:27:13', '2b311a32-185c-4c20-8c17-ce8786161b34'),
 ('71', '40', 'en_us', 'Телеком, ИТ и медиа', NULL, NULL, NULL, NULL, NULL, NULL, NULL, NULL, NULL, NULL, NULL, NULL, NULL, NULL, NULL, NULL, NULL, NULL, NULL, NULL, NULL, NULL, NULL, '', NULL, NULL, NULL, 'height--standart', NULL, NULL, NULL, NULL, NULL, '2017-05-02 15:27:13', '2017-05-02 15:27:13', '1f6403c2-35ed-42f6-be7e-48f54346a8fb'),
 ('72', '41', 'ru', 'Торговля оптовая и розничная', NULL, NULL, NULL, NULL, NULL, NULL, NULL, NULL, NULL, NULL, NULL, NULL, NULL, NULL, NULL, NULL, NULL, NULL, NULL, NULL, NULL, NULL, NULL, '', NULL, NULL, NULL, 'height--standart', NULL, NULL, NULL, NULL, NULL, '2017-05-02 15:27:21', '2017-05-02 15:27:21', '88fc37ec-1140-460d-ab52-8f8d504e84e3'),
 ('73', '41', 'en_us', 'Торговля оптовая и розничная', NULL, NULL, NULL, NULL, NULL, NULL, NULL, NULL, NULL, NULL, NULL, NULL, NULL, NULL, NULL, NULL, NULL, NULL, NULL, NULL, NULL, NULL, NULL, '', NULL, NULL, NULL, 'height--standart', NULL, NULL, NULL, NULL, NULL, '2017-05-02 15:27:21', '2017-05-02 15:27:21', '67914259-26ab-4961-b2e1-465bb8c9ad2f'),
 ('74', '42', 'ru', 'Транспорт и логистика. Инфраструктурные проекты', NULL, NULL, NULL, NULL, NULL, NULL, NULL, NULL, NULL, NULL, NULL, NULL, NULL, NULL, NULL, NULL, NULL, NULL, NULL, NULL, NULL, NULL, NULL, '', NULL, NULL, NULL, 'height--standart', NULL, NULL, NULL, NULL, NULL, '2017-05-02 15:27:32', '2017-05-02 15:27:32', '8c9c6a5b-9c7c-4003-98cb-16af03e7f1a4'),
 ('75', '42', 'en_us', 'Транспорт и логистика. Инфраструктурные проекты', NULL, NULL, NULL, NULL, NULL, NULL, NULL, NULL, NULL, NULL, NULL, NULL, NULL, NULL, NULL, NULL, NULL, NULL, NULL, NULL, NULL, NULL, NULL, '', NULL, NULL, NULL, 'height--standart', NULL, NULL, NULL, NULL, NULL, '2017-05-02 15:27:32', '2017-05-02 15:27:32', 'fa3af79a-eac0-49b9-94b9-c5e2741211c9'),
 ('76', '43', 'ru', 'Фармацевтика. Медицина', NULL, NULL, NULL, NULL, NULL, NULL, NULL, NULL, NULL, NULL, NULL, NULL, NULL, NULL, NULL, NULL, NULL, NULL, NULL, NULL, NULL, NULL, NULL, '', NULL, NULL, NULL, 'height--standart', NULL, NULL, NULL, NULL, NULL, '2017-05-02 15:27:41', '2017-05-02 15:27:41', 'aceea2d0-f772-4254-9577-5b3eb1725459'),
 ('77', '43', 'en_us', 'Фармацевтика. Медицина', NULL, NULL, NULL, NULL, NULL, NULL, NULL, NULL, NULL, NULL, NULL, NULL, NULL, NULL, NULL, NULL, NULL, NULL, NULL, NULL, NULL, NULL, NULL, '', NULL, NULL, NULL, 'height--standart', NULL, NULL, NULL, NULL, NULL, '2017-05-02 15:27:41', '2017-05-02 15:27:41', '6041dc66-9bef-4f1d-b7a6-d561376bc464'),
 ('78', '44', 'ru', 'Финансовый сектор', NULL, NULL, NULL, NULL, NULL, NULL, NULL, NULL, NULL, NULL, NULL, NULL, NULL, NULL, NULL, NULL, NULL, NULL, NULL, NULL, NULL, NULL, NULL, '', NULL, NULL, NULL, 'height--standart', NULL, NULL, NULL, NULL, NULL, '2017-05-02 15:27:50', '2017-05-02 15:27:50', '9b57c77a-e225-4813-9b4e-c2642fade536'),
 ('79', '44', 'en_us', 'Финансовый сектор', NULL, NULL, NULL, NULL, NULL, NULL, NULL, NULL, NULL, NULL, NULL, NULL, NULL, NULL, NULL, NULL, NULL, NULL, NULL, NULL, NULL, NULL, NULL, '', NULL, NULL, NULL, 'height--standart', NULL, NULL, NULL, NULL, NULL, '2017-05-02 15:27:50', '2017-05-02 15:27:50', 'c200c3e4-1f3a-4a6a-bca6-935edfb8848d'),
 ('80', '45', 'ru', 'Энергетика', NULL, NULL, NULL, NULL, NULL, NULL, NULL, NULL, NULL, NULL, NULL, NULL, NULL, NULL, NULL, NULL, NULL, NULL, NULL, NULL, NULL, NULL, NULL, '', NULL, NULL, NULL, 'height--standart', NULL, NULL, NULL, NULL, NULL, '2017-05-02 15:27:58', '2017-05-02 15:27:58', 'ad067fd0-6cba-48ff-b403-5af483518ccf'),
 ('81', '45', 'en_us', 'Энергетика', NULL, NULL, NULL, NULL, NULL, NULL, NULL, NULL, NULL, NULL, NULL, NULL, NULL, NULL, NULL, NULL, NULL, NULL, NULL, NULL, NULL, NULL, NULL, '', NULL, NULL, NULL, 'height--standart', NULL, NULL, NULL, NULL, NULL, '2017-05-02 15:27:58', '2017-05-02 15:27:58', '6a352743-f61a-4b70-8428-a00d66672263'),
 ('82', '46', 'ru', 'Дина Мария Ийнбор', NULL, NULL, NULL, NULL, NULL, NULL, NULL, NULL, NULL, NULL, NULL, NULL, NULL, NULL, NULL, NULL, NULL, NULL, NULL, NULL, NULL, NULL, NULL, NULL, NULL, NULL, NULL, 'height--standart', NULL, NULL, NULL, NULL, NULL, '2017-05-02 15:29:04', '2017-05-02 15:29:04', '75bafdeb-5fca-44f5-a8a7-10dd0278fdb0'),
 ('83', '46', 'en_us', 'Дина Мария Ийнбор', NULL, NULL, NULL, NULL, NULL, NULL, NULL, NULL, NULL, NULL, NULL, NULL, NULL, NULL, NULL, NULL, NULL, NULL, NULL, NULL, NULL, NULL, NULL, NULL, NULL, NULL, NULL, 'height--standart', NULL, NULL, NULL, NULL, NULL, '2017-05-02 15:29:04', '2017-05-02 15:29:04', 'ab03d079-f971-4118-a30b-6dd8849002a0'),
 ('95', '53', 'ru', 'Иванов Александр', NULL, 'Александр', 'Иванов', '', '', '', '', '', '', '', NULL, '', '', NULL, NULL, NULL, NULL, NULL, NULL, NULL, NULL, NULL, NULL, NULL, NULL, NULL, NULL, 'height--standart', NULL, NULL, NULL, NULL, NULL, '2017-05-03 10:09:46', '2017-05-03 10:11:33', '18a3c71d-6fde-450a-91c8-0d42f6076f3e'),
 ('96', '53', 'en_us', 'Александр Иванов', NULL, 'Александр', 'Иванов', '', '', '', '', '', '', '', NULL, '', '', NULL, NULL, NULL, NULL, NULL, NULL, NULL, NULL, NULL, NULL, NULL, NULL, NULL, NULL, 'height--standart', NULL, NULL, NULL, NULL, NULL, '2017-05-03 10:09:47', '2017-05-03 10:11:33', '6b793531-b01d-40b3-959b-2549dfe1cf5c'),
 ('97', '54', 'ru', 'Малков Александр', NULL, '', '', '', '', '', '', '', '', '', NULL, '', '', NULL, NULL, NULL, NULL, NULL, NULL, NULL, NULL, NULL, NULL, NULL, NULL, NULL, NULL, 'height--standart', NULL, '', NULL, NULL, NULL, '2017-05-03 10:11:05', '2017-05-03 10:57:10', '5a33a39a-e6a8-4470-9bd9-c99dade16c6b'),
 ('98', '54', 'en_us', 'Малков Александр', NULL, '', '', '', '', '', '', '', '', '', NULL, '', '', NULL, NULL, NULL, NULL, NULL, NULL, NULL, NULL, NULL, NULL, NULL, NULL, NULL, NULL, 'height--standart', NULL, NULL, NULL, NULL, NULL, '2017-05-03 10:11:05', '2017-05-03 10:57:10', '3f69b77f-b1b0-479d-bb97-0fbf214f2891'),
 ('99', '55', 'ru', 'Калинин Сергей', NULL, '', '', '', '', '', '', '', '', '', NULL, '', '', NULL, NULL, NULL, NULL, NULL, NULL, NULL, NULL, NULL, NULL, NULL, NULL, NULL, NULL, 'height--standart', NULL, NULL, NULL, NULL, NULL, '2017-05-03 10:11:16', '2017-05-03 10:12:06', 'ab67133b-8dad-460f-b5fd-c66c3778727f'),
 ('100', '55', 'en_us', 'Калинин Сергей', NULL, '', '', '', '', '', '', '', '', '', NULL, '', '', NULL, NULL, NULL, NULL, NULL, NULL, NULL, NULL, NULL, NULL, NULL, NULL, NULL, NULL, 'height--standart', NULL, NULL, NULL, NULL, NULL, '2017-05-03 10:11:16', '2017-05-03 10:12:06', 'ba52ff22-7e59-463d-9bed-79acc08c211d'),
 ('101', '56', 'ru', 'Засимова Анна', NULL, '', '', '', '', '', '', '', '', '', NULL, '', '', NULL, NULL, NULL, NULL, NULL, NULL, NULL, NULL, NULL, NULL, NULL, NULL, NULL, NULL, 'height--standart', NULL, NULL, NULL, NULL, NULL, '2017-05-03 10:11:54', '2017-05-03 10:11:54', 'bc99ed8b-4bfb-489b-b668-ecadce4e24d8'),
 ('102', '56', 'en_us', 'Засимова Анна', NULL, '', '', '', '', '', '', '', '', '', NULL, '', '', NULL, NULL, NULL, NULL, NULL, NULL, NULL, NULL, NULL, NULL, NULL, NULL, NULL, NULL, 'height--standart', NULL, NULL, NULL, NULL, NULL, '2017-05-03 10:11:54', '2017-05-03 10:11:54', '21e020bd-a218-40c8-9766-e80b0b564f6f'),
 ('103', '57', 'ru', 'Дмитриева Елена', NULL, '', '', '', '', '', '', '', '', '', NULL, '', '', NULL, NULL, NULL, NULL, NULL, NULL, NULL, NULL, NULL, NULL, NULL, NULL, NULL, NULL, 'height--standart', NULL, NULL, NULL, NULL, NULL, '2017-05-03 10:12:24', '2017-05-03 10:12:24', '8b2965d7-3ccb-4e43-a7d4-bfcfe4ccb63a'),
 ('104', '57', 'en_us', 'Дмитриева Елена', NULL, '', '', '', '', '', '', '', '', '', NULL, '', '', NULL, NULL, NULL, NULL, NULL, NULL, NULL, NULL, NULL, NULL, NULL, NULL, NULL, NULL, 'height--standart', NULL, NULL, NULL, NULL, NULL, '2017-05-03 10:12:24', '2017-05-03 10:12:24', '5bb7b39b-b5e5-4475-8dd2-f06c40fd6012'),
 ('105', '58', 'ru', 'Князева Татьяна', NULL, '', '', '', '', '', '', '', '', '', NULL, '', '', NULL, NULL, NULL, NULL, NULL, NULL, NULL, NULL, NULL, NULL, NULL, NULL, NULL, NULL, 'height--standart', NULL, NULL, NULL, NULL, NULL, '2017-05-03 10:12:39', '2017-05-03 10:12:39', '93b7a7a9-47ca-40a5-9a76-9825de3b6b04'),
 ('106', '58', 'en_us', 'Князева Татьяна', NULL, '', '', '', '', '', '', '', '', '', NULL, '', '', NULL, NULL, NULL, NULL, NULL, NULL, NULL, NULL, NULL, NULL, NULL, NULL, NULL, NULL, 'height--standart', NULL, NULL, NULL, NULL, NULL, '2017-05-03 10:12:39', '2017-05-03 10:12:39', '1a47bba6-0cb4-4622-98f3-3947e81f40be'),
 ('107', '59', 'ru', 'Тишаков Сергей', NULL, '', '', '', '', '', '', '', '', '', NULL, '', '', NULL, NULL, NULL, NULL, NULL, NULL, NULL, NULL, NULL, NULL, NULL, NULL, NULL, NULL, 'height--standart', NULL, NULL, NULL, NULL, NULL, '2017-05-03 10:13:32', '2017-05-03 10:13:32', '3a8e183a-9004-40d1-bd2b-6c1ed6c02aff'),
 ('108', '59', 'en_us', 'Тишаков Сергей', NULL, '', '', '', '', '', '', '', '', '', NULL, '', '', NULL, NULL, NULL, NULL, NULL, NULL, NULL, NULL, NULL, NULL, NULL, NULL, NULL, NULL, 'height--standart', NULL, NULL, NULL, NULL, NULL, '2017-05-03 10:13:32', '2017-05-03 10:13:32', '12026801-111b-497f-a314-6f20de3c975c'),
 ('109', '60', 'ru', 'Сидоренко Александр', NULL, '', '', '', '', '', '', '', '', '', NULL, '', '', NULL, NULL, NULL, NULL, NULL, NULL, NULL, NULL, NULL, NULL, NULL, NULL, NULL, NULL, 'height--standart', NULL, NULL, NULL, NULL, NULL, '2017-05-03 10:14:27', '2017-05-03 10:14:27', '0cf9ad1f-6614-479f-93cb-8061863dd687'),
 ('110', '60', 'en_us', 'Сидоренко Александр', NULL, '', '', '', '', '', '', '', '', '', NULL, '', '', NULL, NULL, NULL, NULL, NULL, NULL, NULL, NULL, NULL, NULL, NULL, NULL, NULL, NULL, 'height--standart', NULL, NULL, NULL, NULL, NULL, '2017-05-03 10:14:27', '2017-05-03 10:14:27', '2ea5d3ac-7bf2-4ee6-9a9d-354ad6069b43'),
 ('111', '61', 'ru', 'Писарев Андрей', NULL, '', '', '', '', '', '', '', '', '', NULL, '', '', NULL, NULL, NULL, NULL, NULL, NULL, NULL, NULL, NULL, NULL, NULL, NULL, NULL, NULL, 'height--standart', NULL, NULL, NULL, NULL, NULL, '2017-05-03 10:22:34', '2017-05-03 10:22:34', '91c8f1d5-53b5-4420-9062-642992ca2ae9'),
 ('112', '61', 'en_us', 'Писарев Андрей', NULL, '', '', '', '', '', '', '', '', '', NULL, '', '', NULL, NULL, NULL, NULL, NULL, NULL, NULL, NULL, NULL, NULL, NULL, NULL, NULL, NULL, 'height--standart', NULL, NULL, NULL, NULL, NULL, '2017-05-03 10:22:35', '2017-05-03 10:22:35', '2a931459-eab6-4384-8d09-8626e31ce388'),
 ('113', '62', 'ru', 'Деев Максим', NULL, '', '', '', '', '', '', '', '', '', NULL, '', '', NULL, NULL, NULL, NULL, NULL, NULL, NULL, NULL, NULL, NULL, NULL, NULL, NULL, NULL, 'height--standart', NULL, NULL, NULL, NULL, NULL, '2017-05-03 10:23:34', '2017-05-03 10:23:34', 'e93e0c47-53bd-414d-aec0-2c33c20512fc'),
 ('114', '62', 'en_us', 'Деев Максим', NULL, '', '', '', '', '', '', '', '', '', NULL, '', '', NULL, NULL, NULL, NULL, NULL, NULL, NULL, NULL, NULL, NULL, NULL, NULL, NULL, NULL, 'height--standart', NULL, NULL, NULL, NULL, NULL, '2017-05-03 10:23:34', '2017-05-03 10:23:34', 'f92dd62b-6014-473c-9df8-e787a893ffef'),
 ('115', '63', 'ru', 'Шалумов Захар', NULL, '', '', '', '', '', '', '', '', '', NULL, '', '', NULL, NULL, NULL, NULL, NULL, NULL, NULL, NULL, NULL, NULL, NULL, NULL, NULL, NULL, 'height--standart', NULL, NULL, NULL, NULL, NULL, '2017-05-03 10:24:58', '2017-05-03 10:24:58', 'b87cb3b7-e3fb-4233-a4a9-3eb03367b4a9'),
 ('116', '63', 'en_us', 'Шалумов Захар', NULL, '', '', '', '', '', '', '', '', '', NULL, '', '', NULL, NULL, NULL, NULL, NULL, NULL, NULL, NULL, NULL, NULL, NULL, NULL, NULL, NULL, 'height--standart', NULL, NULL, NULL, NULL, NULL, '2017-05-03 10:24:59', '2017-05-03 10:24:59', '60e4aab8-293f-4426-b28b-98d4ee623558'),
 ('117', '64', 'ru', 'Карапетян Мэри', NULL, '', '', '', '', '', '', '', '', '', NULL, '', '', NULL, NULL, NULL, NULL, NULL, NULL, NULL, NULL, NULL, NULL, NULL, NULL, NULL, NULL, 'height--standart', NULL, NULL, NULL, NULL, NULL, '2017-05-03 10:25:17', '2017-05-03 10:25:17', '493f4735-67aa-459c-b5e6-9640dbda6dc6'),
 ('118', '64', 'en_us', 'Карапетян Мэри', NULL, '', '', '', '', '', '', '', '', '', NULL, '', '', NULL, NULL, NULL, NULL, NULL, NULL, NULL, NULL, NULL, NULL, NULL, NULL, NULL, NULL, 'height--standart', NULL, NULL, NULL, NULL, NULL, '2017-05-03 10:25:17', '2017-05-03 10:25:17', 'e47d216d-e467-4aed-a48a-3af19433864c'),
 ('119', '65', 'ru', 'Кучер Дмитрий', NULL, '', '', '', '', '', '', '', '', '', NULL, '', '', NULL, NULL, NULL, NULL, NULL, NULL, NULL, NULL, NULL, NULL, NULL, NULL, NULL, NULL, 'height--standart', NULL, NULL, NULL, NULL, NULL, '2017-05-03 10:25:38', '2017-05-03 10:25:38', '533a3006-e80b-4699-afee-95fed60806c7'),
 ('120', '65', 'en_us', 'Кучер Дмитрий', NULL, '', '', '', '', '', '', '', '', '', NULL, '', '', NULL, NULL, NULL, NULL, NULL, NULL, NULL, NULL, NULL, NULL, NULL, NULL, NULL, NULL, 'height--standart', NULL, NULL, NULL, NULL, NULL, '2017-05-03 10:25:38', '2017-05-03 10:25:38', '8602cfb8-f539-4cc5-a664-0fa7926fbc31'),
 ('121', '66', 'ru', 'Ланда Леонид', NULL, '', '', '', '', '', '', '', '', '', NULL, '', '', NULL, NULL, NULL, NULL, NULL, NULL, NULL, NULL, NULL, NULL, NULL, NULL, NULL, NULL, 'height--standart', NULL, NULL, NULL, NULL, NULL, '2017-05-03 10:25:49', '2017-05-03 10:25:49', '85c32af2-8810-42d4-9c1e-9a500a16e1ca'),
 ('122', '66', 'en_us', 'Ланда Леонид', NULL, '', '', '', '', '', '', '', '', '', NULL, '', '', NULL, NULL, NULL, NULL, NULL, NULL, NULL, NULL, NULL, NULL, NULL, NULL, NULL, NULL, 'height--standart', NULL, NULL, NULL, NULL, NULL, '2017-05-03 10:25:49', '2017-05-03 10:25:49', 'e38c007d-b900-4ecc-88f8-f812a3666973'),
 ('123', '67', 'ru', 'Живчиков Денис', NULL, '', '', '', '', '', '', '', '', '', NULL, '', '', NULL, NULL, NULL, NULL, NULL, NULL, NULL, NULL, NULL, NULL, NULL, NULL, NULL, NULL, 'height--standart', NULL, NULL, NULL, NULL, NULL, '2017-05-03 10:26:00', '2017-05-03 10:26:00', 'd02c165e-6bd4-4f0f-afe3-a915d604cba7'),
 ('124', '67', 'en_us', 'Живчиков Денис', NULL, '', '', '', '', '', '', '', '', '', NULL, '', '', NULL, NULL, NULL, NULL, NULL, NULL, NULL, NULL, NULL, NULL, NULL, NULL, NULL, NULL, 'height--standart', NULL, NULL, NULL, NULL, NULL, '2017-05-03 10:26:01', '2017-05-03 10:26:01', '892efe5f-fa79-4584-8c56-406c50812805'),
 ('125', '68', 'ru', 'Трифаненкова Марина', NULL, '', '', '', '', '', '', '', '', '', NULL, '', '', NULL, NULL, NULL, NULL, NULL, NULL, NULL, NULL, NULL, NULL, NULL, NULL, NULL, NULL, 'height--standart', NULL, NULL, NULL, NULL, NULL, '2017-05-03 10:26:19', '2017-05-03 10:26:19', '5a17746b-f428-4d69-9c1a-585963cc2f4b'),
 ('126', '68', 'en_us', 'Трифаненкова Марина', NULL, '', '', '', '', '', '', '', '', '', NULL, '', '', NULL, NULL, NULL, NULL, NULL, NULL, NULL, NULL, NULL, NULL, NULL, NULL, NULL, NULL, 'height--standart', NULL, NULL, NULL, NULL, NULL, '2017-05-03 10:26:19', '2017-05-03 10:26:19', '5200d1e7-2db9-41ba-8d75-04bb39560ae8'),
 ('127', '69', 'ru', 'Боровикова Алена', NULL, '', '', '', '', '', '', '', '', '', NULL, '', '', NULL, NULL, NULL, NULL, NULL, NULL, NULL, NULL, NULL, NULL, NULL, NULL, NULL, NULL, 'height--standart', NULL, NULL, NULL, NULL, NULL, '2017-05-03 10:27:26', '2017-05-03 10:27:26', '6183c27f-550c-41ac-aac9-0888cdcc60d8');
INSERT INTO `craft_content` (`id`, `elementId`, `locale`, `title`, `field_body`, `field_personFirstname`, `field_personLastname`, `field_personPosition`, `field_personBio`, `field_facebook`, `field_twitter`, `field_linkedin`, `field_contactEmail`, `field_contactSkype`, `field_contactAddress`, `field_contactTel1`, `field_contactTel2`, `field_contactTel3`, `field_contactFax`, `field_contactLocation`, `field_metaTitle`, `field_metaKeywords`, `field_metaDescription`, `field_menuText`, `field_quoteAuthor`, `field_quoteText`, `field_projectDescription`, `field_branchDescription`, `field_serviceDescription`, `field_iconHeader`, `field_pictoAlign`, `field_blockHeight`, `field_groupTeamStatus`, `field_personStatusOver`, `field_infogBig`, `field_infogText`, `field_infogIcon`, `dateCreated`, `dateUpdated`, `uid`) VALUES
 ('128', '69', 'en_us', 'Боровикова Алена', NULL, '', '', '', '', '', '', '', '', '', NULL, '', '', NULL, NULL, NULL, NULL, NULL, NULL, NULL, NULL, NULL, NULL, NULL, NULL, NULL, NULL, 'height--standart', NULL, NULL, NULL, NULL, NULL, '2017-05-03 10:27:26', '2017-05-03 10:27:26', 'bfe1bb53-d56c-4e59-8bf8-943dc2002762'),
 ('129', '70', 'ru', 'Закоян Марина', NULL, 'Марина', 'Закоян', '', '', '', '', '', '', '', NULL, '', '', NULL, NULL, NULL, NULL, NULL, NULL, NULL, NULL, NULL, NULL, NULL, NULL, NULL, NULL, 'height--standart', NULL, 'Старший юрист', NULL, NULL, NULL, '2017-05-03 10:52:22', '2017-05-03 10:52:22', 'b7b1677b-64ec-4c22-bb1e-6caaeed77d32'),
 ('130', '70', 'en_us', 'Закоян Марина', NULL, 'Марина', 'Закоян', '', '', '', '', '', '', '', NULL, '', '', NULL, NULL, NULL, NULL, NULL, NULL, NULL, NULL, NULL, NULL, NULL, NULL, NULL, NULL, 'height--standart', NULL, 'Старший юрист', NULL, NULL, NULL, '2017-05-03 10:52:22', '2017-05-03 10:52:22', '90ca980f-bca6-46e2-a90e-873cffa93e62'),
 ('131', '71', 'ru', 'Новикова Анна', NULL, '', '', '', '', '', '', '', '', '', NULL, '', '', NULL, NULL, NULL, NULL, NULL, NULL, NULL, NULL, NULL, NULL, NULL, NULL, NULL, NULL, 'height--standart', NULL, '', NULL, NULL, NULL, '2017-05-03 10:54:26', '2017-05-03 10:54:26', '5a66e92c-367d-4616-94cf-9ec8bd65d38b'),
 ('132', '71', 'en_us', 'Новикова Анна', NULL, '', '', '', '', '', '', '', '', '', NULL, '', '', NULL, NULL, NULL, NULL, NULL, NULL, NULL, NULL, NULL, NULL, NULL, NULL, NULL, NULL, 'height--standart', NULL, '', NULL, NULL, NULL, '2017-05-03 10:54:26', '2017-05-03 10:54:26', '1370e9c8-07e0-43ef-807c-310db70dc68f'),
 ('133', '72', 'ru', 'Егошина Виктория', NULL, '', '', '', '', '', '', '', 'victoria.egoshina@bakertilly.ru', '', NULL, '244', '2342342', NULL, NULL, NULL, NULL, NULL, NULL, NULL, NULL, NULL, NULL, NULL, NULL, NULL, NULL, 'height--standart', NULL, '', NULL, NULL, NULL, '2017-05-03 10:54:42', '2017-05-03 11:32:01', '6bfb0c50-5829-45aa-b0e0-d13723452e41'),
 ('134', '72', 'en_us', 'Егошина Виктория', NULL, '', '', '', '', '', '', '', 'victoria.egoshina@bakertilly.ru', '', NULL, '244', '2342342', NULL, NULL, NULL, NULL, NULL, NULL, NULL, NULL, NULL, NULL, NULL, NULL, NULL, NULL, 'height--standart', NULL, '', NULL, NULL, NULL, '2017-05-03 10:54:43', '2017-05-03 11:32:01', 'c5a8bd85-3d3f-42f0-9140-4d9e48514fc0'),
 ('135', '73', 'ru', NULL, NULL, NULL, NULL, NULL, NULL, NULL, NULL, NULL, 'info@bakertilly.ru', NULL, NULL, '+7495 258 9990', '', NULL, NULL, NULL, NULL, NULL, NULL, NULL, NULL, NULL, NULL, NULL, NULL, NULL, NULL, 'height--standart', NULL, NULL, NULL, NULL, NULL, '2017-05-03 10:57:34', '2017-05-03 11:00:21', '5c67777e-df4e-4557-9c97-e8ac6af9581c'),
 ('136', '73', 'en_us', NULL, NULL, NULL, NULL, NULL, NULL, NULL, NULL, NULL, 'info@bakertilly.ru', NULL, NULL, '+7495 258 9990', '', NULL, NULL, NULL, NULL, NULL, NULL, NULL, NULL, NULL, NULL, NULL, NULL, NULL, NULL, 'height--standart', NULL, NULL, NULL, NULL, NULL, '2017-05-03 10:57:34', '2017-05-03 11:00:21', 'b690d397-1749-4c86-8aca-7fc5861b72fc'),
 ('137', '74', 'ru', 'Главная страница', NULL, NULL, NULL, NULL, NULL, NULL, NULL, NULL, NULL, NULL, NULL, NULL, NULL, NULL, NULL, NULL, NULL, NULL, NULL, NULL, NULL, NULL, NULL, NULL, NULL, NULL, NULL, 'height--standart', NULL, NULL, NULL, NULL, NULL, '2017-05-03 13:01:25', '2017-05-03 13:01:25', '9f8a163e-c1e5-41e2-af2f-2493b011f28c'),
 ('138', '74', 'en_us', 'Главная страница', NULL, NULL, NULL, NULL, NULL, NULL, NULL, NULL, NULL, NULL, NULL, NULL, NULL, NULL, NULL, NULL, NULL, NULL, NULL, NULL, NULL, NULL, NULL, NULL, NULL, NULL, NULL, 'height--standart', NULL, NULL, NULL, NULL, NULL, '2017-05-03 13:01:25', '2017-05-03 13:01:25', '62e23935-df8c-4c15-9f1e-cda449fc3857'),
 ('139', '75', 'ru', 'Услуги', NULL, NULL, NULL, NULL, NULL, NULL, NULL, NULL, NULL, NULL, NULL, NULL, NULL, NULL, NULL, NULL, NULL, NULL, NULL, NULL, NULL, NULL, NULL, NULL, NULL, NULL, NULL, 'height--standart', NULL, NULL, NULL, NULL, NULL, '2017-05-03 13:02:06', '2017-05-03 13:02:06', '91701e5f-7f4d-4eb5-818c-285fbd2f6ebe'),
 ('140', '75', 'en_us', 'Услуги', NULL, NULL, NULL, NULL, NULL, NULL, NULL, NULL, NULL, NULL, NULL, NULL, NULL, NULL, NULL, NULL, NULL, NULL, NULL, NULL, NULL, NULL, NULL, NULL, NULL, NULL, NULL, 'height--standart', NULL, NULL, NULL, NULL, NULL, '2017-05-03 13:02:06', '2017-05-03 13:02:06', 'a42767aa-ac36-45c5-8ef6-2c8f693f38fe'),
 ('141', '76', 'ru', 'Отрасли', NULL, NULL, NULL, NULL, NULL, NULL, NULL, NULL, NULL, NULL, NULL, NULL, NULL, NULL, NULL, NULL, NULL, NULL, NULL, NULL, NULL, NULL, NULL, NULL, NULL, NULL, NULL, 'height--standart', NULL, NULL, NULL, NULL, NULL, '2017-05-03 13:11:14', '2017-05-03 13:11:14', '133a34e8-0a9e-4883-9ff3-472bb5889f33'),
 ('142', '76', 'en_us', 'Отрасли', NULL, NULL, NULL, NULL, NULL, NULL, NULL, NULL, NULL, NULL, NULL, NULL, NULL, NULL, NULL, NULL, NULL, NULL, NULL, NULL, NULL, NULL, NULL, NULL, NULL, NULL, NULL, 'height--standart', NULL, NULL, NULL, NULL, NULL, '2017-05-03 13:11:14', '2017-05-03 13:11:14', 'ed23b6ce-a9e0-45f5-b2c8-10603cb5f7ba'),
 ('143', '77', 'ru', 'Новости', NULL, NULL, NULL, NULL, NULL, NULL, NULL, NULL, NULL, NULL, NULL, NULL, NULL, NULL, NULL, NULL, NULL, NULL, NULL, NULL, NULL, NULL, NULL, NULL, NULL, NULL, NULL, 'height--standart', NULL, NULL, NULL, NULL, NULL, '2017-05-03 13:11:27', '2017-05-03 13:11:27', '76e562bd-a846-4f7c-9f21-60e470b4e60d'),
 ('144', '77', 'en_us', 'Новости', NULL, NULL, NULL, NULL, NULL, NULL, NULL, NULL, NULL, NULL, NULL, NULL, NULL, NULL, NULL, NULL, NULL, NULL, NULL, NULL, NULL, NULL, NULL, NULL, NULL, NULL, NULL, 'height--standart', NULL, NULL, NULL, NULL, NULL, '2017-05-03 13:11:27', '2017-05-03 13:11:27', '14d74a57-0f3d-4224-a5a2-c8298ef9b8ed'),
 ('147', '79', 'ru', 'Точка зрения', NULL, NULL, NULL, NULL, NULL, NULL, NULL, NULL, NULL, NULL, NULL, NULL, NULL, NULL, NULL, NULL, NULL, NULL, NULL, NULL, NULL, NULL, NULL, NULL, NULL, NULL, NULL, 'height--standart', NULL, NULL, NULL, NULL, NULL, '2017-05-03 13:11:56', '2017-05-03 13:11:56', 'c7c14a85-b1c2-4a9b-936a-2c6d3cee8171'),
 ('148', '79', 'en_us', 'Точка зрения', NULL, NULL, NULL, NULL, NULL, NULL, NULL, NULL, NULL, NULL, NULL, NULL, NULL, NULL, NULL, NULL, NULL, NULL, NULL, NULL, NULL, NULL, NULL, NULL, NULL, NULL, NULL, 'height--standart', NULL, NULL, NULL, NULL, NULL, '2017-05-03 13:11:56', '2017-05-03 13:11:56', '7fcf102f-5627-473a-be65-04ade5a2200b'),
 ('149', '80', 'ru', 'Налоговые обзоры', NULL, NULL, NULL, NULL, NULL, NULL, NULL, NULL, NULL, NULL, NULL, NULL, NULL, NULL, NULL, NULL, NULL, NULL, NULL, NULL, NULL, NULL, NULL, NULL, NULL, NULL, NULL, 'height--standart', NULL, NULL, NULL, NULL, NULL, '2017-05-03 13:12:23', '2017-05-03 13:12:23', 'aebcaea1-0bf2-4bfa-8bf6-67fa2d0911fb'),
 ('150', '80', 'en_us', 'Налоговые обзоры', NULL, NULL, NULL, NULL, NULL, NULL, NULL, NULL, NULL, NULL, NULL, NULL, NULL, NULL, NULL, NULL, NULL, NULL, NULL, NULL, NULL, NULL, NULL, NULL, NULL, NULL, NULL, 'height--standart', NULL, NULL, NULL, NULL, NULL, '2017-05-03 13:12:23', '2017-05-03 13:12:23', 'dd341edd-547f-4027-ba80-b2819c27409f'),
 ('153', '82', 'ru', 'Партнеры', NULL, NULL, NULL, NULL, NULL, NULL, NULL, NULL, NULL, NULL, NULL, NULL, NULL, NULL, NULL, NULL, NULL, NULL, NULL, NULL, NULL, NULL, NULL, NULL, NULL, NULL, NULL, 'height--standart', NULL, NULL, NULL, NULL, NULL, '2017-05-03 13:17:50', '2017-05-03 13:22:47', '414d32b8-e76a-4267-82ff-8c39ca71567a'),
 ('154', '82', 'en_us', 'Партнеры', NULL, NULL, NULL, NULL, NULL, NULL, NULL, NULL, NULL, NULL, NULL, NULL, NULL, NULL, NULL, NULL, NULL, NULL, NULL, NULL, NULL, NULL, NULL, NULL, NULL, NULL, NULL, 'height--standart', NULL, NULL, NULL, NULL, NULL, '2017-05-03 13:17:50', '2017-05-03 13:17:50', 'dc6201b8-f9e9-44e0-aaee-2d49d89e6b94'),
 ('155', '83', 'ru', 'Команда', NULL, NULL, NULL, NULL, NULL, NULL, NULL, NULL, NULL, NULL, NULL, NULL, NULL, NULL, NULL, NULL, NULL, NULL, NULL, NULL, NULL, NULL, NULL, NULL, NULL, NULL, NULL, 'height--standart', NULL, NULL, NULL, NULL, NULL, '2017-05-03 13:18:47', '2017-05-03 13:18:47', '2593bbe8-bcba-4e36-ad56-0306852738cb'),
 ('156', '83', 'en_us', 'Команда', NULL, NULL, NULL, NULL, NULL, NULL, NULL, NULL, NULL, NULL, NULL, NULL, NULL, NULL, NULL, NULL, NULL, NULL, NULL, NULL, NULL, NULL, NULL, NULL, NULL, NULL, NULL, 'height--standart', NULL, NULL, NULL, NULL, NULL, '2017-05-03 13:18:47', '2017-05-03 13:18:47', '4bd466d0-d9ee-4868-9f8d-a9eb5e9c590d'),
 ('157', '84', 'ru', 'Юрасова Екатерина', NULL, '', '', '', '', '', '', '', '', '', NULL, '', '', NULL, NULL, NULL, NULL, NULL, NULL, NULL, NULL, NULL, NULL, NULL, NULL, NULL, NULL, 'height--standart', NULL, '', NULL, NULL, NULL, '2017-05-04 09:25:06', '2017-05-04 09:25:06', '66e7c222-6218-44e8-b516-81d5be5467a5'),
 ('158', '84', 'en_us', 'Юрасова Екатерина', NULL, '', '', '', '', '', '', '', '', '', NULL, '', '', NULL, NULL, NULL, NULL, NULL, NULL, NULL, NULL, NULL, NULL, NULL, NULL, NULL, NULL, 'height--standart', NULL, '', NULL, NULL, NULL, '2017-05-04 09:25:06', '2017-05-04 09:25:06', '242fcb86-52d1-469c-915b-79455d0f0313'),
 ('159', '85', 'ru', 'Мазаева Наталья', NULL, '', '', '', '', '', '', '', '', '', NULL, '', '', NULL, NULL, NULL, NULL, NULL, NULL, NULL, NULL, NULL, NULL, NULL, NULL, NULL, NULL, 'height--standart', NULL, '', NULL, NULL, NULL, '2017-05-04 09:27:55', '2017-05-04 09:27:55', 'e96bd568-a8cc-4ab8-9e1c-13beeb521e4c'),
 ('160', '85', 'en_us', 'Мазаева Наталья', NULL, '', '', '', '', '', '', '', '', '', NULL, '', '', NULL, NULL, NULL, NULL, NULL, NULL, NULL, NULL, NULL, NULL, NULL, NULL, NULL, NULL, 'height--standart', NULL, '', NULL, NULL, NULL, '2017-05-04 09:27:56', '2017-05-04 09:27:56', 'b6682750-172b-44cb-a2ee-453cd2e4eb14'),
 ('161', '86', 'ru', 'Лидогостер Ольга', NULL, '', '', '', '', '', '', '', '', '', NULL, '', '', NULL, NULL, NULL, NULL, NULL, NULL, NULL, NULL, NULL, NULL, NULL, NULL, NULL, NULL, 'height--standart', NULL, '', NULL, NULL, NULL, '2017-05-04 09:28:38', '2017-05-04 09:28:38', '45e80602-11fe-4756-8d6d-b3f9c6dd2cfb'),
 ('162', '86', 'en_us', 'Лидогостер Ольга', NULL, '', '', '', '', '', '', '', '', '', NULL, '', '', NULL, NULL, NULL, NULL, NULL, NULL, NULL, NULL, NULL, NULL, NULL, NULL, NULL, NULL, 'height--standart', NULL, '', NULL, NULL, NULL, '2017-05-04 09:28:38', '2017-05-04 09:28:38', '9b2402ae-49af-41ba-a54e-8619ebc1ab27'),
 ('163', '87', 'ru', 'Аносова Татьяна', NULL, '', '', '', '', '', '', '', '', '', NULL, '', '', NULL, NULL, NULL, NULL, NULL, NULL, NULL, NULL, NULL, NULL, NULL, NULL, NULL, NULL, 'height--standart', NULL, '', NULL, NULL, NULL, '2017-05-04 09:29:43', '2017-05-04 09:29:43', 'f3399bef-0246-457c-a1ef-ec7a68766dc6'),
 ('164', '87', 'en_us', 'Аносова Татьяна', NULL, '', '', '', '', '', '', '', '', '', NULL, '', '', NULL, NULL, NULL, NULL, NULL, NULL, NULL, NULL, NULL, NULL, NULL, NULL, NULL, NULL, 'height--standart', NULL, '', NULL, NULL, NULL, '2017-05-04 09:29:43', '2017-05-04 09:29:43', '84e418d8-6a29-4ada-a327-7efca529d9ed'),
 ('165', '88', 'ru', 'Журавлев Антон', NULL, '', '', '', '', '', '', '', '', '', NULL, '', '', NULL, NULL, NULL, NULL, NULL, NULL, NULL, NULL, NULL, NULL, NULL, NULL, NULL, NULL, 'height--standart', NULL, '', NULL, NULL, NULL, '2017-05-04 09:30:17', '2017-05-04 09:30:17', 'a20aff3c-eff2-47fa-8281-8874518af58d'),
 ('166', '88', 'en_us', 'Журавлев Антон', NULL, '', '', '', '', '', '', '', '', '', NULL, '', '', NULL, NULL, NULL, NULL, NULL, NULL, NULL, NULL, NULL, NULL, NULL, NULL, NULL, NULL, 'height--standart', NULL, '', NULL, NULL, NULL, '2017-05-04 09:30:18', '2017-05-04 09:30:18', '79f711f4-82c7-468f-bdee-7b91c269861c'),
 ('167', '89', 'ru', 'Симонова Ольга', NULL, '', '', '', '', '', '', '', '', '', NULL, '', '', NULL, NULL, NULL, NULL, NULL, NULL, NULL, NULL, NULL, NULL, NULL, NULL, NULL, NULL, 'height--standart', NULL, '', NULL, NULL, NULL, '2017-05-04 09:30:33', '2017-05-04 09:30:33', '141c477a-f7e7-4c55-a3ea-eaf7739062ad'),
 ('168', '89', 'en_us', 'Симонова Ольга', NULL, '', '', '', '', '', '', '', '', '', NULL, '', '', NULL, NULL, NULL, NULL, NULL, NULL, NULL, NULL, NULL, NULL, NULL, NULL, NULL, NULL, 'height--standart', NULL, '', NULL, NULL, NULL, '2017-05-04 09:30:33', '2017-05-04 09:30:33', 'a9116e7e-842f-4c06-b39f-2fcaa4f626a9'),
 ('169', '90', 'ru', 'Головщинская Альфия', NULL, '', '', '', '', '', '', '', '', '', NULL, '', '', NULL, NULL, NULL, NULL, NULL, NULL, NULL, NULL, NULL, NULL, NULL, NULL, NULL, NULL, 'height--standart', NULL, '', NULL, NULL, NULL, '2017-05-04 09:30:53', '2017-05-04 09:30:53', 'a1455433-9180-4886-8632-303109860756'),
 ('170', '90', 'en_us', 'Головщинская Альфия', NULL, '', '', '', '', '', '', '', '', '', NULL, '', '', NULL, NULL, NULL, NULL, NULL, NULL, NULL, NULL, NULL, NULL, NULL, NULL, NULL, NULL, 'height--standart', NULL, '', NULL, NULL, NULL, '2017-05-04 09:30:53', '2017-05-04 09:30:53', '1e08e89e-c687-4518-a0dc-266a4868c3f7'),
 ('171', '91', 'ru', 'Панина Марина', NULL, '', '', '', '', '', '', '', '', '', NULL, '', '', NULL, NULL, NULL, NULL, NULL, NULL, NULL, NULL, NULL, NULL, NULL, NULL, NULL, NULL, 'height--standart', NULL, '', NULL, NULL, NULL, '2017-05-04 09:31:20', '2017-05-04 09:31:20', 'efcbb335-8932-484b-a768-d68dd5fb96b7'),
 ('172', '91', 'en_us', 'Панина Марина', NULL, '', '', '', '', '', '', '', '', '', NULL, '', '', NULL, NULL, NULL, NULL, NULL, NULL, NULL, NULL, NULL, NULL, NULL, NULL, NULL, NULL, 'height--standart', NULL, '', NULL, NULL, NULL, '2017-05-04 09:31:20', '2017-05-04 09:31:20', 'af7e516d-430b-4eef-b86f-b2a6786cb7a0'),
 ('173', '92', 'ru', 'Салман Зульфия', NULL, '', '', '', '', '', '', '', '', '', NULL, '', '', NULL, NULL, NULL, NULL, NULL, NULL, NULL, NULL, NULL, NULL, NULL, NULL, NULL, NULL, 'height--standart', NULL, '', NULL, NULL, NULL, '2017-05-04 09:31:36', '2017-05-04 09:31:36', '90ec98cf-114b-479b-8a1f-88e96ca0763d'),
 ('174', '92', 'en_us', 'Салман Зульфия', NULL, '', '', '', '', '', '', '', '', '', NULL, '', '', NULL, NULL, NULL, NULL, NULL, NULL, NULL, NULL, NULL, NULL, NULL, NULL, NULL, NULL, 'height--standart', NULL, '', NULL, NULL, NULL, '2017-05-04 09:31:36', '2017-05-04 09:31:36', 'dc1ed177-a100-4485-847a-7fc4dcab775d'),
 ('175', '93', 'ru', 'Хухрина Екатерина', NULL, '', '', '', '', '', '', '', '', '', NULL, '', '', NULL, NULL, NULL, NULL, NULL, NULL, NULL, NULL, NULL, NULL, NULL, NULL, NULL, NULL, 'height--standart', NULL, '', NULL, NULL, NULL, '2017-05-04 09:31:55', '2017-05-04 09:31:55', 'f2a1f711-35ea-4fa3-b5bf-737e390577b9'),
 ('176', '93', 'en_us', 'Хухрина Екатерина', NULL, '', '', '', '', '', '', '', '', '', NULL, '', '', NULL, NULL, NULL, NULL, NULL, NULL, NULL, NULL, NULL, NULL, NULL, NULL, NULL, NULL, 'height--standart', NULL, '', NULL, NULL, NULL, '2017-05-04 09:31:55', '2017-05-04 09:31:55', '0a7ecee3-b0ea-4a3c-8242-77d844c599e9'),
 ('177', '94', 'ru', 'Мишкина Елена', NULL, '', '', '', '', '', '', '', '', '', NULL, '', '', NULL, NULL, NULL, NULL, NULL, NULL, NULL, NULL, NULL, NULL, NULL, NULL, NULL, NULL, 'height--standart', NULL, '', NULL, NULL, NULL, '2017-05-04 09:32:14', '2017-05-04 09:32:14', 'c0bd7d0b-9192-402b-8792-289eddae7976'),
 ('178', '94', 'en_us', 'Мишкина Елена', NULL, '', '', '', '', '', '', '', '', '', NULL, '', '', NULL, NULL, NULL, NULL, NULL, NULL, NULL, NULL, NULL, NULL, NULL, NULL, NULL, NULL, 'height--standart', NULL, '', NULL, NULL, NULL, '2017-05-04 09:32:14', '2017-05-04 09:32:14', 'bc780d2a-62db-43ce-9d12-746fe9a44835'),
 ('179', '95', 'ru', 'Рейтинги', NULL, NULL, NULL, NULL, NULL, NULL, NULL, NULL, NULL, NULL, NULL, NULL, NULL, NULL, NULL, NULL, NULL, NULL, NULL, NULL, NULL, NULL, NULL, NULL, NULL, NULL, NULL, 'height--standart', NULL, NULL, NULL, NULL, NULL, '2017-05-04 10:58:45', '2017-05-04 10:58:45', 'e0ab3e99-5f86-4f9e-b414-0a1c45a83709'),
 ('180', '95', 'en_us', 'Рейтинги', NULL, NULL, NULL, NULL, NULL, NULL, NULL, NULL, NULL, NULL, NULL, NULL, NULL, NULL, NULL, NULL, NULL, NULL, NULL, NULL, NULL, NULL, NULL, NULL, NULL, NULL, NULL, 'height--standart', NULL, NULL, NULL, NULL, NULL, '2017-05-04 10:58:45', '2017-05-04 10:58:45', '1e9472cf-1203-46c8-8152-3ef7299d6994'),
 ('181', '96', 'ru', 'Для всего', NULL, NULL, NULL, NULL, NULL, NULL, NULL, NULL, NULL, NULL, NULL, NULL, NULL, NULL, NULL, NULL, NULL, NULL, NULL, NULL, NULL, NULL, NULL, NULL, NULL, NULL, NULL, 'height--standart', NULL, NULL, NULL, NULL, NULL, '2017-05-04 10:59:03', '2017-05-04 10:59:03', 'f5a79e52-a3b5-413b-9777-c0e5afc2f767'),
 ('182', '96', 'en_us', 'Для всего', NULL, NULL, NULL, NULL, NULL, NULL, NULL, NULL, NULL, NULL, NULL, NULL, NULL, NULL, NULL, NULL, NULL, NULL, NULL, NULL, NULL, NULL, NULL, NULL, NULL, NULL, NULL, 'height--standart', NULL, NULL, NULL, NULL, NULL, '2017-05-04 10:59:03', '2017-05-04 10:59:03', '0db95584-f9d7-491f-b346-c60624f109cf'),
 ('183', '97', 'ru', 'Аудит инвестиционных институтов – 3 место', NULL, NULL, NULL, NULL, NULL, NULL, NULL, NULL, NULL, NULL, NULL, NULL, NULL, NULL, NULL, NULL, NULL, NULL, NULL, NULL, NULL, NULL, NULL, NULL, NULL, NULL, NULL, 'height--standart', NULL, NULL, '3 место', 'В рейтинге RAEX (Эксперт РА) в сегменте Аудит инвестиционных институтов', NULL, '2017-05-04 11:02:35', '2017-05-04 11:08:38', '574a67a5-60ec-419b-b1e0-b5026dee23d2'),
 ('184', '97', 'en_us', 'Аудит инвестиционных институтов – 3 место', NULL, NULL, NULL, NULL, NULL, NULL, NULL, NULL, NULL, NULL, NULL, NULL, NULL, NULL, NULL, NULL, NULL, NULL, NULL, NULL, NULL, NULL, NULL, NULL, NULL, NULL, NULL, 'height--standart', NULL, NULL, '3 место', 'Аудит инвестиционных институтов cогласно рейтингу RAEX (Эксперт РА)', NULL, '2017-05-04 11:02:35', '2017-05-04 11:08:38', '6d82b057-293d-4951-a3ca-2febada687b8'),
 ('185', '98', 'ru', 'Аудит банков – 6 место', NULL, NULL, NULL, NULL, NULL, NULL, NULL, NULL, NULL, NULL, NULL, NULL, NULL, NULL, NULL, NULL, NULL, NULL, NULL, NULL, NULL, NULL, NULL, NULL, NULL, NULL, NULL, 'height--standart', NULL, NULL, '6 место', 'В рейтинге RAEX (Эксперт РА) в сегменте Аудит банков', NULL, '2017-05-04 11:04:09', '2017-05-04 11:06:26', 'f3733316-d029-4580-967b-acad611e3eed'),
 ('186', '98', 'en_us', 'Аудит банков – 6 место', NULL, NULL, NULL, NULL, NULL, NULL, NULL, NULL, NULL, NULL, NULL, NULL, NULL, NULL, NULL, NULL, NULL, NULL, NULL, NULL, NULL, NULL, NULL, NULL, NULL, NULL, NULL, 'height--standart', NULL, NULL, '6 место', '', NULL, '2017-05-04 11:04:09', '2017-05-04 11:06:26', 'cfee83dd-bb3a-4361-8c7d-93e0f895784a'),
 ('187', '99', 'ru', 'Услуги в области МСФО – 6 место', NULL, NULL, NULL, NULL, NULL, NULL, NULL, NULL, NULL, NULL, NULL, NULL, NULL, NULL, NULL, NULL, NULL, NULL, NULL, NULL, NULL, NULL, NULL, NULL, NULL, NULL, NULL, 'height--standart', NULL, NULL, '6 место', 'В рейтинге RAEX (Эксперт РА) в сегменте Услуги в области МСФО', NULL, '2017-05-04 11:07:25', '2017-05-04 11:07:25', 'd47a2ba8-d568-4388-a08b-7136ecdbb48c'),
 ('188', '99', 'en_us', 'Услуги в области МСФО – 6 место', NULL, NULL, NULL, NULL, NULL, NULL, NULL, NULL, NULL, NULL, NULL, NULL, NULL, NULL, NULL, NULL, NULL, NULL, NULL, NULL, NULL, NULL, NULL, NULL, NULL, NULL, NULL, 'height--standart', NULL, NULL, '6 место', 'В рейтинге RAEX (Эксперт РА) в сегменте Услуги в области МСФО', NULL, '2017-05-04 11:07:25', '2017-05-04 11:07:25', 'a263c6a8-1879-4519-a995-2f4938e40356'),
 ('189', '100', 'ru', 'Оценка и стоимостное консультирование - 8 место', NULL, NULL, NULL, NULL, NULL, NULL, NULL, NULL, NULL, NULL, NULL, NULL, NULL, NULL, NULL, NULL, NULL, NULL, NULL, NULL, NULL, NULL, NULL, NULL, NULL, NULL, NULL, 'height--standart', NULL, NULL, '8 место', 'В рейтинге RAEX (Эксперт РА) в сегменте Оценка и стоимостное консультирование', NULL, '2017-05-04 11:09:35', '2017-05-04 11:09:35', '4661c2bc-b401-4de8-85cd-1717b03cfd14'),
 ('190', '100', 'en_us', 'Оценка и стоимостное консультирование - 8 место', NULL, NULL, NULL, NULL, NULL, NULL, NULL, NULL, NULL, NULL, NULL, NULL, NULL, NULL, NULL, NULL, NULL, NULL, NULL, NULL, NULL, NULL, NULL, NULL, NULL, NULL, NULL, 'height--standart', NULL, NULL, '8 место', 'В рейтинге RAEX (Эксперт РА) в сегменте Оценка и стоимостное консультирование', NULL, '2017-05-04 11:09:35', '2017-05-04 11:09:35', '5d8e6fc8-0884-4cbb-982a-eda36000ff4d'),
 ('191', '101', 'ru', 'Услуги в области финансового управления – 9 место', NULL, NULL, NULL, NULL, NULL, NULL, NULL, NULL, NULL, NULL, NULL, NULL, NULL, NULL, NULL, NULL, NULL, NULL, NULL, NULL, NULL, NULL, NULL, NULL, NULL, NULL, NULL, 'height--standart', NULL, NULL, '9 место', 'В рейтинге RAEX (Эксперт РА) в сегменте Услуги в области финансового управления ', NULL, '2017-05-04 11:10:20', '2017-05-04 11:10:20', '6b21b5d6-d0ff-4aef-81e4-b2cf039ab37b'),
 ('192', '101', 'en_us', 'Услуги в области финансового управления – 9 место', NULL, NULL, NULL, NULL, NULL, NULL, NULL, NULL, NULL, NULL, NULL, NULL, NULL, NULL, NULL, NULL, NULL, NULL, NULL, NULL, NULL, NULL, NULL, NULL, NULL, NULL, NULL, 'height--standart', NULL, NULL, '9 место', 'В рейтинге RAEX (Эксперт РА) в сегменте Услуги в области финансового управления ', NULL, '2017-05-04 11:10:20', '2017-05-04 11:10:20', '9da71a32-5048-4498-87ec-7cad8433d1ad'),
 ('193', '102', 'ru', 'Недвижимость и строительство', NULL, NULL, NULL, NULL, NULL, NULL, NULL, NULL, NULL, NULL, NULL, NULL, NULL, NULL, NULL, NULL, NULL, NULL, NULL, NULL, NULL, NULL, NULL, NULL, NULL, NULL, NULL, 'height--standart', NULL, NULL, NULL, NULL, NULL, '2017-05-04 11:14:28', '2017-05-04 11:14:28', '86e5442e-99ae-4d00-a074-8b12d689ff9a'),
 ('194', '102', 'en_us', 'Недвижимость и строительство', NULL, NULL, NULL, NULL, NULL, NULL, NULL, NULL, NULL, NULL, NULL, NULL, NULL, NULL, NULL, NULL, NULL, NULL, NULL, NULL, NULL, NULL, NULL, NULL, NULL, NULL, NULL, 'height--standart', NULL, NULL, NULL, NULL, NULL, '2017-05-04 11:14:28', '2017-05-04 11:14:28', '67be777b-ffe8-4605-971e-715a419a8acc'),
 ('195', '103', 'ru', '22 года специализации в отрасли', NULL, NULL, NULL, NULL, NULL, NULL, NULL, NULL, NULL, NULL, NULL, NULL, NULL, NULL, NULL, NULL, NULL, NULL, NULL, NULL, NULL, NULL, NULL, NULL, NULL, NULL, NULL, 'height--standart', NULL, NULL, '22', '22 года специализации в отрасли', NULL, '2017-05-04 11:15:26', '2017-05-04 11:15:26', '4de9eeb5-0b49-4198-94d8-45a97d596c40'),
 ('196', '103', 'en_us', '22 года специализации в отрасли', NULL, NULL, NULL, NULL, NULL, NULL, NULL, NULL, NULL, NULL, NULL, NULL, NULL, NULL, NULL, NULL, NULL, NULL, NULL, NULL, NULL, NULL, NULL, NULL, NULL, NULL, NULL, 'height--standart', NULL, NULL, '22', '22 года специализации в отрасли', NULL, '2017-05-04 11:15:27', '2017-05-04 11:15:27', 'c57923d0-67ab-4647-a67a-d257cbb37144'),
 ('197', '104', 'ru', 'Более 50 000 отчетов об оценке объектов недвижимости и более 1 000 отчетов об оценке инвестиционных проектов и предприятий как имущественных комплексов.', NULL, NULL, NULL, NULL, NULL, NULL, NULL, NULL, NULL, NULL, NULL, NULL, NULL, NULL, NULL, NULL, NULL, NULL, NULL, NULL, NULL, NULL, NULL, NULL, NULL, NULL, NULL, 'height--standart', NULL, NULL, '50 000', 'Более 50 000 отчетов об оценке объектов недвижимости и более 1 000 отчетов об оценке инвестиционных проектов и предприятий как имущественных комплексов.', NULL, '2017-05-04 11:16:14', '2017-05-04 11:16:14', 'db57bab6-9451-445f-8476-2f631b939f33'),
 ('198', '104', 'en_us', 'Более 50 000 отчетов об оценке объектов недвижимости и более 1 000 отчетов об оценке инвестиционных проектов и предприятий как имущественных комплексов.', NULL, NULL, NULL, NULL, NULL, NULL, NULL, NULL, NULL, NULL, NULL, NULL, NULL, NULL, NULL, NULL, NULL, NULL, NULL, NULL, NULL, NULL, NULL, NULL, NULL, NULL, NULL, 'height--standart', NULL, NULL, '50 000', 'Более 50 000 отчетов об оценке объектов недвижимости и более 1 000 отчетов об оценке инвестиционных проектов и предприятий как имущественных комплексов.', NULL, '2017-05-04 11:16:14', '2017-05-04 11:16:14', 'e09f5a6d-75d1-4d3b-b504-0a3af2cc95f8'),
 ('199', '105', 'ru', '60 клиентов отрасли пользуется нашими услугами', NULL, NULL, NULL, NULL, NULL, NULL, NULL, NULL, NULL, NULL, NULL, NULL, NULL, NULL, NULL, NULL, NULL, NULL, NULL, NULL, NULL, NULL, NULL, NULL, NULL, NULL, NULL, 'height--standart', NULL, NULL, '60', '60 клиентов отрасли пользуется нашими услугами', NULL, '2017-05-04 11:17:32', '2017-05-04 11:17:32', 'b8d10c7a-4c05-4d42-9905-19b168c981e2'),
 ('200', '105', 'en_us', '60 клиентов отрасли пользуется нашими услугами', NULL, NULL, NULL, NULL, NULL, NULL, NULL, NULL, NULL, NULL, NULL, NULL, NULL, NULL, NULL, NULL, NULL, NULL, NULL, NULL, NULL, NULL, NULL, NULL, NULL, NULL, NULL, 'height--standart', NULL, NULL, '60', '60 клиентов отрасли пользуется нашими услугами', NULL, '2017-05-04 11:17:32', '2017-05-04 11:17:32', '12116a13-027d-438d-b333-26210bc449f0'),
 ('201', '106', 'ru', '3 клиента являются частью крупнейших международных сетей гостиниц', NULL, NULL, NULL, NULL, NULL, NULL, NULL, NULL, NULL, NULL, NULL, NULL, NULL, NULL, NULL, NULL, NULL, NULL, NULL, NULL, NULL, NULL, NULL, NULL, NULL, NULL, NULL, 'height--standart', NULL, NULL, '3', '3 клиента являются частью крупнейших международных сетей гостиниц', NULL, '2017-05-04 11:18:06', '2017-05-04 11:18:06', '5ace4037-752b-4af7-b06e-8708955de005'),
 ('202', '106', 'en_us', '3 клиента являются частью крупнейших международных сетей гостиниц', NULL, NULL, NULL, NULL, NULL, NULL, NULL, NULL, NULL, NULL, NULL, NULL, NULL, NULL, NULL, NULL, NULL, NULL, NULL, NULL, NULL, NULL, NULL, NULL, NULL, NULL, NULL, 'height--standart', NULL, NULL, '3', '3 клиента являются частью крупнейших международных сетей гостиниц', NULL, '2017-05-04 11:18:06', '2017-05-04 11:18:06', 'cdfcbd0d-ff3e-4f13-b480-404394d2b3b9'),
 ('203', '107', 'ru', '10 клиентов входят в рейтинги крупнейших строительных компаний России', NULL, NULL, NULL, NULL, NULL, NULL, NULL, NULL, NULL, NULL, NULL, NULL, NULL, NULL, NULL, NULL, NULL, NULL, NULL, NULL, NULL, NULL, NULL, NULL, NULL, NULL, NULL, 'height--standart', NULL, NULL, '10', '10 клиентов входят в рейтинги крупнейших строительных компаний России', NULL, '2017-05-04 11:19:03', '2017-05-04 11:19:03', 'bef76abc-8880-4e50-9ee6-c6098b51fc95'),
 ('204', '107', 'en_us', '10 клиентов входят в рейтинги крупнейших строительных компаний России', NULL, NULL, NULL, NULL, NULL, NULL, NULL, NULL, NULL, NULL, NULL, NULL, NULL, NULL, NULL, NULL, NULL, NULL, NULL, NULL, NULL, NULL, NULL, NULL, NULL, NULL, NULL, 'height--standart', NULL, NULL, '10', '10 клиентов входят в рейтинги крупнейших строительных компаний России', NULL, '2017-05-04 11:19:03', '2017-05-04 11:19:03', '852a6c95-3044-426e-9019-b01319256f90'),
 ('205', '108', 'ru', 'Недвижимость и строительство', NULL, NULL, NULL, NULL, NULL, NULL, NULL, NULL, NULL, NULL, NULL, NULL, NULL, NULL, NULL, NULL, NULL, NULL, NULL, NULL, NULL, NULL, NULL, NULL, NULL, NULL, NULL, 'height--standart', NULL, NULL, NULL, NULL, NULL, '2017-05-04 11:27:57', '2017-05-04 11:27:57', '114f085a-7577-4eca-b1dd-ac153316a89a'),
 ('206', '108', 'en_us', 'Недвижимость и строительство', NULL, NULL, NULL, NULL, NULL, NULL, NULL, NULL, NULL, NULL, NULL, NULL, NULL, NULL, NULL, NULL, NULL, NULL, NULL, NULL, NULL, NULL, NULL, NULL, NULL, NULL, NULL, 'height--standart', NULL, NULL, NULL, NULL, NULL, '2017-05-04 11:27:57', '2017-05-04 11:27:57', 'ef67c43d-710c-449c-9a53-94e6fb9be79d'),
 ('207', '109', 'ru', 'Пакет консалтинговых услуг при реализации проекта комплексной застройки земельного участка площадью 136,7 га. (Ходынское поле) г.Москва.', NULL, NULL, NULL, NULL, NULL, NULL, NULL, NULL, NULL, NULL, NULL, NULL, NULL, NULL, NULL, NULL, NULL, NULL, NULL, NULL, NULL, NULL, '<p><u>Оказанная услуга:</u> Маркетинговое исследование рынка недвижимости Москвы, Оценка стоимости проекта, Построение финансовой модели проекта</p>\n<p><u>Текущая ситуация:</u> Комплексная застройка завершена строительством, Оцениваемые здания введены в эксплуатацию.\n  </p>', NULL, NULL, NULL, NULL, 'height--standart', NULL, NULL, NULL, NULL, NULL, '2017-05-04 11:29:18', '2017-05-04 11:37:17', 'bbd53502-e5e4-4aaf-a238-59a2ffe48514'),
 ('208', '109', 'en_us', 'Пакет консалтинговых услуг при реализации проекта комплексной застройки земельного участка площадью 136,7 га. (Ходынское поле) г.Москва.', NULL, NULL, NULL, NULL, NULL, NULL, NULL, NULL, NULL, NULL, NULL, NULL, NULL, NULL, NULL, NULL, NULL, NULL, NULL, NULL, NULL, NULL, '<p><u>Оказанная услуга:</u> Маркетинговое исследование рынка недвижимости Москвы, Оценка стоимости проекта, Построение финансовой модели проекта</p>\n<p><u>Текущая ситуация:</u> Комплексная застройка завершена строительством, Оцениваемые здания введены в эксплуатацию.\n  </p>', NULL, NULL, NULL, NULL, 'height--standart', NULL, NULL, NULL, NULL, NULL, '2017-05-04 11:29:18', '2017-05-04 11:29:18', '16d68129-3d08-4885-894b-711b9cad11bf'),
 ('209', '110', 'ru', 'Пакет консалтинговых услуг при реализации проекта комплексной застройки земельного участка площадью 124 га. (Тушинское аэрополе) г.Москва.', NULL, NULL, NULL, NULL, NULL, NULL, NULL, NULL, NULL, NULL, NULL, NULL, NULL, NULL, NULL, NULL, NULL, NULL, NULL, NULL, NULL, NULL, '<p><u>Оказанная услуга:</u> Маркетинговое исследование рынка недвижимости Москвы, Оценка стоимости проекта, Построение финансовой модели проекта, Оценка стоимости проекта, Оценка эффективности проекта, Анализ чувствительности проекта к изменению конъюнктуры рынка, стресс-модель\n  </p>\n<p><u>Текущая ситуация:</u> Получена вся разрешительная документация, построены Стадион «Спартак», жилые дома в рамках первой очереди, ведутся проектные работы в отношении остальных объектов.</p>', NULL, NULL, NULL, NULL, 'height--standart', NULL, NULL, NULL, NULL, NULL, '2017-05-04 11:29:58', '2017-05-04 11:36:11', 'a658386e-82c7-453b-a30e-ee8d52f60978'),
 ('210', '110', 'en_us', 'Пакет консалтинговых услуг при реализации проекта комплексной застройки земельного участка площадью 124 га. (Тушинское аэрополе) г.Москва.', NULL, NULL, NULL, NULL, NULL, NULL, NULL, NULL, NULL, NULL, NULL, NULL, NULL, NULL, NULL, NULL, NULL, NULL, NULL, NULL, NULL, NULL, '<p><u>Оказанная услуга:</u> Маркетинговое исследование рынка недвижимости Москвы, Оценка стоимости проекта, Построение финансовой модели проекта, Оценка стоимости проекта, Оценка эффективности проекта, Анализ чувствительности проекта к изменению конъюнктуры рынка, стресс-модель\n  </p>\n<p><u>Текущая ситуация:</u> Получена вся разрешительная документация, построены Стадион «Спартак», жилые дома в рамках первой очереди, ведутся проектные работы в отношении остальных объектов.</p>', NULL, NULL, NULL, NULL, 'height--standart', NULL, NULL, NULL, NULL, NULL, '2017-05-04 11:29:58', '2017-05-04 11:29:58', 'e7a4307b-8fed-4427-a7c1-55e63041f5ae'),
 ('211', '111', 'ru', 'По заказу страховой компании была проведена работа по выявлению объемов и стоимости поврежденного имущества в результате взрыва, произошедшего на газоконденсатном заводе. Заявленная Страхователем сумма страхового возмещения более 600 млн.р.', NULL, NULL, NULL, NULL, NULL, NULL, NULL, NULL, NULL, NULL, NULL, NULL, NULL, NULL, NULL, NULL, NULL, NULL, NULL, NULL, NULL, NULL, '<p><u>Оказание услуг</u>: Анализ технической документации, оценка степени повреждения и состояния поврежденных объектов, оценка стоимости восстановительных работ и затрат.</p>\n<p><u>Особенности:</u> Сложность идентификации пострадавшего имущества. Привлечение экспертов в области строительной экспертизы. Многократные встречи с представителями страхователя. Отсутствие конкуренции поставщиков оборудования и строительных услуг в связи со спецификой предприятия. Исключение из перечня ряда заявленного оборудования, так как в результате аварии у части оборудования пострадал лишь кожух или заменяемые части. Исключение из сметы затрат на модернизацию кабеля и затраты на перекладку передаточных устройств по новому проекту, который предполагал увеличение трассы более чем на 10 км. Страховая стоимость без учета износа (по Договору страхования).\n  </p>\n<p><u>Результаты работы</u>: согласованный отчет по определению объемов поврежденного имущества и определению суммы страхового возмещения по аварийно–восстановительному ремонту поврежденного объекта (снижение заявленной стоимости ориентировочно на 10 %).</p>', NULL, NULL, NULL, NULL, 'height--standart', NULL, NULL, NULL, NULL, NULL, '2017-05-04 11:30:37', '2017-05-04 11:35:30', 'd35f420f-7e2b-41f0-a61d-da8828edf11d'),
 ('212', '111', 'en_us', 'По заказу страховой компании была проведена работа по выявлению объемов и стоимости поврежденного имущества в результате взрыва, произошедшего на газоконденсатном заводе. Заявленная Страхователем сумма страхового возмещения более 600 млн.р.', NULL, NULL, NULL, NULL, NULL, NULL, NULL, NULL, NULL, NULL, NULL, NULL, NULL, NULL, NULL, NULL, NULL, NULL, NULL, NULL, NULL, NULL, '<p><u>Оказание услуг</u>: Анализ технической документации, оценка степени повреждения и состояния поврежденных объектов, оценка стоимости восстановительных работ и затрат.</p>\n<p><u>Особенности:</u> Сложность идентификации пострадавшего имущества. Привлечение экспертов в области строительной экспертизы. Многократные встречи с представителями страхователя. Отсутствие конкуренции поставщиков оборудования и строительных услуг в связи со спецификой предприятия. Исключение из перечня ряда заявленного оборудования, так как в результате аварии у части оборудования пострадал лишь кожух или заменяемые части. Исключение из сметы затрат на модернизацию кабеля и затраты на перекладку передаточных устройств по новому проекту, который предполагал увеличение трассы более чем на 10 км. Страховая стоимость без учета износа (по Договору страхования).\n  </p>\n<p><u>Результаты работы</u>: согласованный отчет по определению объемов поврежденного имущества и определению суммы страхового возмещения по аварийно–восстановительному ремонту поврежденного объекта (снижение заявленной стоимости ориентировочно на 10 %).</p>', NULL, NULL, NULL, NULL, 'height--standart', NULL, NULL, NULL, NULL, NULL, '2017-05-04 11:30:38', '2017-05-04 11:30:38', 'eb16fbc6-0a06-443b-bdb9-f93bd020191d'),
 ('213', '112', 'ru', 'Более 10 лет наша компания сотрудничает с Банком, который входит в Топ 50 рейтинга Банков России, для которого мы производим оценку и переоценку по МСФО и РСБУ более 200 объектов недвижимости ежегодно, расположенных более чем в 20 регионах России', NULL, NULL, NULL, NULL, NULL, NULL, NULL, NULL, NULL, NULL, NULL, NULL, NULL, NULL, NULL, NULL, NULL, NULL, NULL, NULL, NULL, NULL, '<p><u>Результаты оценки</u> справедливой (рыночной) стоимости и рыночной ставки арендной платы объектов недвижимости были использованы при принятии управленческих решений, как для целей продажи, так и для сдачи объектов в аренду, а также для подготовки финансовой отчетности компании в соответствии с требованиями МСФО, в т.ч. МСФO13. Согласование результатов оценки с международными аудиторскими компаниями из BIG4.</p>', NULL, NULL, NULL, NULL, 'height--standart', NULL, NULL, NULL, NULL, NULL, '2017-05-04 11:31:37', '2017-05-04 11:35:07', '1fa2982b-c116-4390-a798-66c10dbc7166'),
 ('214', '112', 'en_us', 'Более 10 лет наша компания сотрудничает с Банком, который входит в Топ 50 рейтинга Банков России, для которого мы производим оценку и переоценку по МСФО и РСБУ более 200 объектов недвижимости ежегодно, расположенных более чем в 20 регионах России', NULL, NULL, NULL, NULL, NULL, NULL, NULL, NULL, NULL, NULL, NULL, NULL, NULL, NULL, NULL, NULL, NULL, NULL, NULL, NULL, NULL, NULL, '<p><u>Результаты оценки</u> справедливой (рыночной) стоимости и рыночной ставки арендной платы объектов недвижимости были использованы при принятии управленческих решений, как для целей продажи, так и для сдачи объектов в аренду, а также для подготовки финансовой отчетности компании в соответствии с требованиями МСФО, в т.ч. МСФO13. Согласование результатов оценки с международными аудиторскими компаниями из BIG4.</p>', NULL, NULL, NULL, NULL, 'height--standart', NULL, NULL, NULL, NULL, NULL, '2017-05-04 11:31:37', '2017-05-04 11:31:37', '53a7da50-f1cd-42bd-bf93-8cb9a576c54f'),
 ('215', '113', 'ru', 'По заказу девелоперской компании была проведена работа по Анализу наилучшего использования (Анализ НЭИ) здания (бывшей гостиницы) общей площадью 11 672,4 кв. м., расположенной на земельном участке площадью 0,67 га в г.Нижний Новгород.', NULL, NULL, NULL, NULL, NULL, NULL, NULL, NULL, NULL, NULL, NULL, NULL, NULL, NULL, NULL, NULL, NULL, NULL, NULL, NULL, NULL, NULL, '<p><u>Анализируемые варианты использования</u>: Реконструкция под офисное здание, Реконструкция под гостиницу. \n  </p>\n<p><u>Результат анализа</u>: Реконструкция под гостиницу\n  </p>\n<p><u>Текущая ситуация</u>: Выделено финансирование, объект находится в стадии реконструкции под здание 4* гостиницы под брендом международной гостиничной сети и жилого элитного дома клубного типа</p>', NULL, NULL, NULL, NULL, 'height--standart', NULL, NULL, NULL, NULL, NULL, '2017-05-04 11:33:20', '2017-05-04 11:34:53', 'c756a811-4b5e-493e-80a7-35462895402f'),
 ('216', '113', 'en_us', 'По заказу девелоперской компании была проведена работа по Анализу наилучшего использования (Анализ НЭИ) здания (бывшей гостиницы) общей площадью 11 672,4 кв. м., расположенной на земельном участке площадью 0,67 га в г.Нижний Новгород.', NULL, NULL, NULL, NULL, NULL, NULL, NULL, NULL, NULL, NULL, NULL, NULL, NULL, NULL, NULL, NULL, NULL, NULL, NULL, NULL, NULL, NULL, '<p><u>Анализируемые варианты использования</u>: Реконструкция под офисное здание, Реконструкция под гостиницу. \n  </p>\n<p><u>Результат анализа</u>: Реконструкция под гостиницу\n  </p>\n<p><u>Текущая ситуация</u>: Выделено финансирование, объект находится в стадии реконструкции под здание 4* гостиницы под брендом международной гостиничной сети и жилого элитного дома клубного типа</p>', NULL, NULL, NULL, NULL, 'height--standart', NULL, NULL, NULL, NULL, NULL, '2017-05-04 11:33:20', '2017-05-04 11:33:20', 'bb7dc69e-4dd2-4e9c-b703-a43198ba38e2'),
 ('217', '114', 'ru', 'В рамках проекта по ценовому аудиту при строительстве нового химического завода Клиент был заинтересован в правильности составления смет на строительство и закупку российского и импортного оборудования. ', NULL, NULL, NULL, NULL, NULL, NULL, NULL, NULL, NULL, NULL, NULL, NULL, NULL, NULL, NULL, NULL, NULL, NULL, NULL, NULL, NULL, NULL, '<p>Нашими специалистами был проведен комплексный анализ, включающий в себя проверку смет, а так же сопоставление сметных и рыночных цен. В ходе проведенного анализа было выявлено расхождение сметной стоимости по отдельным позициям на 8-20%</p>', NULL, NULL, NULL, NULL, 'height--standart', NULL, NULL, NULL, NULL, NULL, '2017-05-04 11:40:20', '2017-05-04 11:40:20', 'fe4620f7-ee7c-47f0-a4d3-022f14b50365'),
 ('218', '114', 'en_us', 'В рамках проекта по ценовому аудиту при строительстве нового химического завода Клиент был заинтересован в правильности составления смет на строительство и закупку российского и импортного оборудования. ', NULL, NULL, NULL, NULL, NULL, NULL, NULL, NULL, NULL, NULL, NULL, NULL, NULL, NULL, NULL, NULL, NULL, NULL, NULL, NULL, NULL, NULL, '<p>Нашими специалистами был проведен комплексный анализ, включающий в себя проверку смет, а так же сопоставление сметных и рыночных цен. В ходе проведенного анализа было выявлено расхождение сметной стоимости по отдельным позициям на 8-20%</p>', NULL, NULL, NULL, NULL, 'height--standart', NULL, NULL, NULL, NULL, NULL, '2017-05-04 11:40:20', '2017-05-04 11:40:20', 'ec631a46-9c3d-40dd-9a42-2e600b77dfda'),
 ('219', '115', 'ru', 'Группа компаний - крупный застройщик ведущий строительство жилых комплексов в нескольких регионах России обратился к нашим экспертам с целью подтверждения достоверности финансовой отчетности по МСФО.', NULL, NULL, NULL, NULL, NULL, NULL, NULL, NULL, NULL, NULL, NULL, NULL, NULL, NULL, NULL, NULL, NULL, NULL, NULL, NULL, NULL, NULL, '<p>По результатам аудита Группы был выпущен отчет Руководству Группы с выявленными недостатками в системе учета и подготовки отчетности, а также системе внутреннего контроля. Предложенные нашими специалистами решения позволили оптимизировать функцию подготовки отчетности по МСФО и повысить квалификацию сотрудников. После внедрения Руководством рекомендованных решений формирование отчетности по МСФО в Группе происходило в более короткие сроки и с минимальным количеством ошибок.</p>', NULL, NULL, NULL, NULL, 'height--standart', NULL, NULL, NULL, NULL, NULL, '2017-05-04 11:41:37', '2017-05-04 11:41:37', '44feb820-4009-46d0-91cb-7b67c7be9a35'),
 ('220', '115', 'en_us', 'Группа компаний - крупный застройщик ведущий строительство жилых комплексов в нескольких регионах России обратился к нашим экспертам с целью подтверждения достоверности финансовой отчетности по МСФО.', NULL, NULL, NULL, NULL, NULL, NULL, NULL, NULL, NULL, NULL, NULL, NULL, NULL, NULL, NULL, NULL, NULL, NULL, NULL, NULL, NULL, NULL, '<p>По результатам аудита Группы был выпущен отчет Руководству Группы с выявленными недостатками в системе учета и подготовки отчетности, а также системе внутреннего контроля. Предложенные нашими специалистами решения позволили оптимизировать функцию подготовки отчетности по МСФО и повысить квалификацию сотрудников. После внедрения Руководством рекомендованных решений формирование отчетности по МСФО в Группе происходило в более короткие сроки и с минимальным количеством ошибок.</p>', NULL, NULL, NULL, NULL, 'height--standart', NULL, NULL, NULL, NULL, NULL, '2017-05-04 11:41:37', '2017-05-04 11:41:37', 'd559ed2d-28e1-41e0-82db-8b618918ef6a'),
 ('221', '116', 'ru', 'Налоговое консультирование', NULL, NULL, NULL, NULL, NULL, NULL, NULL, NULL, NULL, NULL, NULL, NULL, NULL, NULL, NULL, NULL, NULL, NULL, NULL, NULL, NULL, NULL, NULL, NULL, NULL, NULL, NULL, 'height--standart', NULL, NULL, NULL, NULL, NULL, '2017-05-04 11:47:43', '2017-05-04 11:47:43', '2170a731-660a-4fe9-97ee-a1bcc0106524'),
 ('222', '116', 'en_us', 'Налоговое консультирование', NULL, NULL, NULL, NULL, NULL, NULL, NULL, NULL, NULL, NULL, NULL, NULL, NULL, NULL, NULL, NULL, NULL, NULL, NULL, NULL, NULL, NULL, NULL, NULL, NULL, NULL, NULL, 'height--standart', NULL, NULL, NULL, NULL, NULL, '2017-05-04 11:47:43', '2017-05-04 11:47:43', '1123d71e-c59f-4151-b02f-2404d36ee7d6'),
 ('223', '117', 'ru', 'Комплексный подход к решению задачи', NULL, NULL, NULL, NULL, NULL, NULL, NULL, NULL, NULL, NULL, NULL, NULL, NULL, NULL, NULL, NULL, NULL, NULL, NULL, NULL, NULL, NULL, '<p>В ходе подготовки документации по контролируемым сделкам для крупной международной компании, производителя строительных материалов, по нашей инициативе были разработаны возможные варианты реструктуризации модели сбыта продукции с учетом действующих налоговых льгот и сопутствующих налоговых рисков.</p>\n<p>В результате обсуждения предложенных нами вариантов, Клиент выбрал и внедрил оптимальное для своего бизнеса решение, соответствующее стратегии и целям его развития.\n  </p>', NULL, NULL, NULL, NULL, 'height--standart', NULL, NULL, NULL, NULL, NULL, '2017-05-04 11:48:56', '2017-05-04 11:48:56', '7fc2c437-d414-427d-b8d5-cecae6e710a7'),
 ('224', '117', 'en_us', 'Комплексный подход к решению задачи', NULL, NULL, NULL, NULL, NULL, NULL, NULL, NULL, NULL, NULL, NULL, NULL, NULL, NULL, NULL, NULL, NULL, NULL, NULL, NULL, NULL, NULL, '<p>В ходе подготовки документации по контролируемым сделкам для крупной международной компании, производителя строительных материалов, по нашей инициативе были разработаны возможные варианты реструктуризации модели сбыта продукции с учетом действующих налоговых льгот и сопутствующих налоговых рисков.</p>\n<p>В результате обсуждения предложенных нами вариантов, Клиент выбрал и внедрил оптимальное для своего бизнеса решение, соответствующее стратегии и целям его развития.\n  </p>', NULL, NULL, NULL, NULL, 'height--standart', NULL, NULL, NULL, NULL, NULL, '2017-05-04 11:48:57', '2017-05-04 11:48:57', 'd12f7682-3534-49e4-acd6-039ab5b9bc1b'),
 ('225', '118', 'ru', 'Разработка практических решений в условиях противоречий/пробелов в законодательстве', NULL, NULL, NULL, NULL, NULL, NULL, NULL, NULL, NULL, NULL, NULL, NULL, NULL, NULL, NULL, NULL, NULL, NULL, NULL, NULL, NULL, NULL, '<p>Иностранная компания, организатор международных спортивных турниров в России, обратилась за разъяснениями налоговых последствий, связанных с выплатами вознаграждений иностранным участникам турнира.</p>\n<p>Отсутствие налогового статуса в России не позволяло Компании по букве закона самостоятельно осуществить уплату НДФЛ. В результате разработанного подхода, согласованного с налоговыми органами, мы организовали и организовали и обеспечили подачу деклараций и централизованную уплату налога.\n  </p>\n<p>Проявленная гибкость, нестандартный подход в решении проблемы способствовали привлечению нашей компании к экспертному сопровождению других проектов Клиента на территории России.\n  </p>', NULL, NULL, NULL, NULL, 'height--standart', NULL, NULL, NULL, NULL, NULL, '2017-05-04 11:50:23', '2017-05-04 11:50:23', '272a90e3-4df5-4caf-9eac-3642af297018'),
 ('226', '118', 'en_us', 'Разработка практических решений в условиях противоречий/пробелов в законодательстве', NULL, NULL, NULL, NULL, NULL, NULL, NULL, NULL, NULL, NULL, NULL, NULL, NULL, NULL, NULL, NULL, NULL, NULL, NULL, NULL, NULL, NULL, '<p>Иностранная компания, организатор международных спортивных турниров в России, обратилась за разъяснениями налоговых последствий, связанных с выплатами вознаграждений иностранным участникам турнира.</p>\n<p>Отсутствие налогового статуса в России не позволяло Компании по букве закона самостоятельно осуществить уплату НДФЛ. В результате разработанного подхода, согласованного с налоговыми органами, мы организовали и организовали и обеспечили подачу деклараций и централизованную уплату налога.\n  </p>\n<p>Проявленная гибкость, нестандартный подход в решении проблемы способствовали привлечению нашей компании к экспертному сопровождению других проектов Клиента на территории России.\n  </p>', NULL, NULL, NULL, NULL, 'height--standart', NULL, NULL, NULL, NULL, NULL, '2017-05-04 11:50:23', '2017-05-04 11:50:23', '8e23e41a-7c2f-4d85-8752-d1fa1a25e6d1'),
 ('227', '119', 'ru', 'Консультирование по вопросам стратегии развития бизнеса', NULL, NULL, NULL, NULL, NULL, NULL, NULL, NULL, NULL, NULL, NULL, NULL, NULL, NULL, NULL, NULL, NULL, NULL, NULL, NULL, NULL, NULL, NULL, NULL, '', NULL, NULL, 'height--standart', NULL, NULL, NULL, NULL, NULL, '2017-05-04 11:55:28', '2017-05-04 11:55:28', '7e59dc0c-0836-4d72-ae28-3e3609e22628'),
 ('228', '119', 'en_us', 'Консультирование по вопросам стратегии развития бизнеса', NULL, NULL, NULL, NULL, NULL, NULL, NULL, NULL, NULL, NULL, NULL, NULL, NULL, NULL, NULL, NULL, NULL, NULL, NULL, NULL, NULL, NULL, NULL, NULL, '', NULL, NULL, 'height--standart', NULL, NULL, NULL, NULL, NULL, '2017-05-04 11:55:28', '2017-05-04 11:55:28', '0d909790-6cd2-455d-8b38-7ca6df4423c4'),
 ('229', '120', 'ru', 'Аудит финансовой отчетности, подготовленной в соответствии с международными стандартами IFRS и US GAAP', NULL, NULL, NULL, NULL, NULL, NULL, NULL, NULL, NULL, NULL, NULL, NULL, NULL, NULL, NULL, NULL, NULL, NULL, NULL, NULL, NULL, NULL, NULL, NULL, '', NULL, NULL, 'height--standart', NULL, NULL, NULL, NULL, NULL, '2017-05-04 11:56:27', '2017-05-04 11:56:27', 'f53055ee-8768-4736-9bf0-8b8673171ab8'),
 ('230', '120', 'en_us', 'Аудит финансовой отчетности, подготовленной в соответствии с международными стандартами IFRS и US GAAP', NULL, NULL, NULL, NULL, NULL, NULL, NULL, NULL, NULL, NULL, NULL, NULL, NULL, NULL, NULL, NULL, NULL, NULL, NULL, NULL, NULL, NULL, NULL, NULL, '', NULL, NULL, 'height--standart', NULL, NULL, NULL, NULL, NULL, '2017-05-04 11:56:27', '2017-05-04 11:56:27', 'ad296580-62a1-42ba-820c-e10e337e6e28'),
 ('231', '121', 'ru', 'Аудит бухгалтерской отчетности, подготовленной в соответствии с требованиями российского законодательства', NULL, NULL, NULL, NULL, NULL, NULL, NULL, NULL, NULL, NULL, NULL, NULL, NULL, NULL, NULL, NULL, NULL, NULL, NULL, NULL, NULL, NULL, NULL, NULL, '', NULL, NULL, 'height--standart', NULL, NULL, NULL, NULL, NULL, '2017-05-04 11:56:43', '2017-05-04 11:56:43', '3b3a951e-6a8e-43c4-9de3-756d46ca5aeb');
INSERT INTO `craft_content` (`id`, `elementId`, `locale`, `title`, `field_body`, `field_personFirstname`, `field_personLastname`, `field_personPosition`, `field_personBio`, `field_facebook`, `field_twitter`, `field_linkedin`, `field_contactEmail`, `field_contactSkype`, `field_contactAddress`, `field_contactTel1`, `field_contactTel2`, `field_contactTel3`, `field_contactFax`, `field_contactLocation`, `field_metaTitle`, `field_metaKeywords`, `field_metaDescription`, `field_menuText`, `field_quoteAuthor`, `field_quoteText`, `field_projectDescription`, `field_branchDescription`, `field_serviceDescription`, `field_iconHeader`, `field_pictoAlign`, `field_blockHeight`, `field_groupTeamStatus`, `field_personStatusOver`, `field_infogBig`, `field_infogText`, `field_infogIcon`, `dateCreated`, `dateUpdated`, `uid`) VALUES
 ('232', '121', 'en_us', 'Аудит бухгалтерской отчетности, подготовленной в соответствии с требованиями российского законодательства', NULL, NULL, NULL, NULL, NULL, NULL, NULL, NULL, NULL, NULL, NULL, NULL, NULL, NULL, NULL, NULL, NULL, NULL, NULL, NULL, NULL, NULL, NULL, NULL, '', NULL, NULL, 'height--standart', NULL, NULL, NULL, NULL, NULL, '2017-05-04 11:56:44', '2017-05-04 11:56:44', 'c770cbd8-b227-4c02-b5ba-42eb83056407'),
 ('233', '122', 'ru', 'Подготовка финансовой отчетности в соответствии с международными стандартами', NULL, NULL, NULL, NULL, NULL, NULL, NULL, NULL, NULL, NULL, NULL, NULL, NULL, NULL, NULL, NULL, NULL, NULL, NULL, NULL, NULL, NULL, NULL, NULL, '', NULL, NULL, 'height--standart', NULL, NULL, NULL, NULL, NULL, '2017-05-04 11:57:06', '2017-05-04 11:57:06', 'd59883d4-73ed-42fc-827f-e924e9bc6d82'),
 ('234', '122', 'en_us', 'Подготовка финансовой отчетности в соответствии с международными стандартами', NULL, NULL, NULL, NULL, NULL, NULL, NULL, NULL, NULL, NULL, NULL, NULL, NULL, NULL, NULL, NULL, NULL, NULL, NULL, NULL, NULL, NULL, NULL, NULL, '', NULL, NULL, 'height--standart', NULL, NULL, NULL, NULL, NULL, '2017-05-04 11:57:06', '2017-05-04 11:57:06', 'dd0c22a2-4e81-4e3e-a940-aa72c428b8a8'),
 ('235', '123', 'ru', 'Консультирование по IFRS и US GAAP', NULL, NULL, NULL, NULL, NULL, NULL, NULL, NULL, NULL, NULL, NULL, NULL, NULL, NULL, NULL, NULL, NULL, NULL, NULL, NULL, NULL, NULL, NULL, NULL, '', NULL, NULL, 'height--standart', NULL, NULL, NULL, NULL, NULL, '2017-05-04 11:57:22', '2017-05-04 11:57:22', '30fc8fbb-9e2e-45d5-802f-f6dc685acfea'),
 ('236', '123', 'en_us', 'Консультирование по IFRS и US GAAP', NULL, NULL, NULL, NULL, NULL, NULL, NULL, NULL, NULL, NULL, NULL, NULL, NULL, NULL, NULL, NULL, NULL, NULL, NULL, NULL, NULL, NULL, NULL, NULL, '', NULL, NULL, 'height--standart', NULL, NULL, NULL, NULL, NULL, '2017-05-04 11:57:23', '2017-05-04 11:57:23', '730814e7-16ac-4fdf-bc48-f999162f841a'),
 ('237', '124', 'ru', 'Услуги внутреннего аудита', NULL, NULL, NULL, NULL, NULL, NULL, NULL, NULL, NULL, NULL, NULL, NULL, NULL, NULL, NULL, NULL, NULL, NULL, NULL, NULL, NULL, NULL, NULL, NULL, '', NULL, NULL, 'height--standart', NULL, NULL, NULL, NULL, NULL, '2017-05-04 11:57:36', '2017-05-04 11:57:36', 'eb2d097f-c487-4df0-8dd6-66340686ac1f'),
 ('238', '124', 'en_us', 'Услуги внутреннего аудита', NULL, NULL, NULL, NULL, NULL, NULL, NULL, NULL, NULL, NULL, NULL, NULL, NULL, NULL, NULL, NULL, NULL, NULL, NULL, NULL, NULL, NULL, NULL, NULL, '', NULL, NULL, 'height--standart', NULL, NULL, NULL, NULL, NULL, '2017-05-04 11:57:36', '2017-05-04 11:57:36', '80f507ba-7ee5-46b7-a783-30238d7943c7'),
 ('239', '125', 'ru', 'Оценка системы внутреннего контроля ', NULL, NULL, NULL, NULL, NULL, NULL, NULL, NULL, NULL, NULL, NULL, NULL, NULL, NULL, NULL, NULL, NULL, NULL, NULL, NULL, NULL, NULL, NULL, NULL, '', NULL, NULL, 'height--standart', NULL, NULL, NULL, NULL, NULL, '2017-05-04 11:57:59', '2017-05-04 11:57:59', 'd05d001b-0014-4704-a35f-15d2abc907e3'),
 ('240', '125', 'en_us', 'Оценка системы внутреннего контроля ', NULL, NULL, NULL, NULL, NULL, NULL, NULL, NULL, NULL, NULL, NULL, NULL, NULL, NULL, NULL, NULL, NULL, NULL, NULL, NULL, NULL, NULL, NULL, NULL, '', NULL, NULL, 'height--standart', NULL, NULL, NULL, NULL, NULL, '2017-05-04 11:57:59', '2017-05-04 11:57:59', '8102fd5b-5c58-4b12-8ee8-745e1e06f528'),
 ('241', '126', 'ru', 'Корпоративное налогообложение', NULL, NULL, NULL, NULL, NULL, NULL, NULL, NULL, NULL, NULL, NULL, NULL, NULL, NULL, NULL, NULL, NULL, NULL, NULL, NULL, NULL, NULL, NULL, NULL, '<p>Наши специалисты в области корпоративного налогообложения обладают обширным опытом консультирования крупных иностранных и российских компаний различных отраслей промышленности. Мы предлагаем следующие профессиональные услуги в области налогообложения:\n  </p>\n<ul><li>консультирование по вопросам налогового законодательства и налоговых последствий определенных сделок;\n  </li><li>содействие в создании, реорганизации и ликвидации бизнеса в России;\n  </li><li>услуги, связанные со структуризацией иностранных инвестиций в России;\n  </li><li>услуги по налоговой оптимизации, направленные на получение преимуществ от налогового планирования и обеспечения оптимизации затрат и движения денежных потоков в отношении налоговых вопросов и рисков;\n  </li><li>налоговые обзоры деятельности клиентов в России, направленные на выявление потенциальных областей налоговых рисков.\n  </li></ul>', NULL, NULL, 'height--standart', NULL, NULL, NULL, NULL, NULL, '2017-05-04 11:58:44', '2017-05-04 11:58:44', '4fed7ed7-dc06-4c55-86f4-817525db5e12'),
 ('242', '126', 'en_us', 'Корпоративное налогообложение', NULL, NULL, NULL, NULL, NULL, NULL, NULL, NULL, NULL, NULL, NULL, NULL, NULL, NULL, NULL, NULL, NULL, NULL, NULL, NULL, NULL, NULL, NULL, NULL, '<p>Наши специалисты в области корпоративного налогообложения обладают обширным опытом консультирования крупных иностранных и российских компаний различных отраслей промышленности. Мы предлагаем следующие профессиональные услуги в области налогообложения:\n  </p>\n<ul><li>консультирование по вопросам налогового законодательства и налоговых последствий определенных сделок;\n  </li><li>содействие в создании, реорганизации и ликвидации бизнеса в России;\n  </li><li>услуги, связанные со структуризацией иностранных инвестиций в России;\n  </li><li>услуги по налоговой оптимизации, направленные на получение преимуществ от налогового планирования и обеспечения оптимизации затрат и движения денежных потоков в отношении налоговых вопросов и рисков;\n  </li><li>налоговые обзоры деятельности клиентов в России, направленные на выявление потенциальных областей налоговых рисков.\n  </li></ul>', NULL, NULL, 'height--standart', NULL, NULL, NULL, NULL, NULL, '2017-05-04 11:58:44', '2017-05-04 11:58:44', '513ad6bd-768d-4e02-a57d-51790190efc5'),
 ('243', '127', 'ru', ' Трансфертное ценообразование', NULL, NULL, NULL, NULL, NULL, NULL, NULL, NULL, NULL, NULL, NULL, NULL, NULL, NULL, NULL, NULL, NULL, NULL, NULL, NULL, NULL, NULL, NULL, NULL, '<p>В департаменте трансфертного ценообразования Baker Tilly Russia работают профессионалы, специализирующиеся в различных вопросах, применения положений о трансфертном ценообразовании. За последние несколько лет сотрудники департамента успешно реализовали множество проектов по трансфертному ценообразованию для предприятий различных отраслей. </p><p><strong>Предоставляемые услуги:</strong></p>\n<ul><li>Помощь в подготовке документации по трансфертному ценообразованию, включающей обоснование используемой методологии и соответствие текущих цен по контролируемым сделкам рыночному уровню, а также уведомлений о контролируемых сделках</li><li>Диагностика рисков трансфертного ценообразования и подготовка рекомендаций по усовершенствованию существующей политики ценообразования, в том числе путем реорганизации производственно-сбытовой структуры поставок, изменения подхода к формированию цен</li><li>Обоснование используемой методологии и соответствия текущих цен рыночному уровню</li><li>Консультирование по вопросам структурирования внутригрупповых сделок на основе принципа соответствия цен рыночному уровню, в частности при передаче прав на интеллектуальную собственность, осуществлении финансовых операций</li><li>Помощь международным компаниям в адаптации глобальной политики в области трансфертного ценообразования к требованиям российского законодательства</li><li>Разработка и содействие в создании торгово-закупочных структур</li><li>Рекомендации по выстраиванию функции по вопросам трансфертного ценообразования на предприятии и процедуры эффективного взаимодействия между соответствующими службами предприятия в рамках работ по соблюдению положений по трансфертному ценообразованию</li><li>Консультирование по вопросам разработки методологии трансфертного ценообразования в отношении услуг и моделей распределения затрат на услуги управленческого характера</li><li>Разработка бизнес-процессов и системы внутреннего контроля для целей соблюдения политики трансфертного ценообразования</li><li>Содействие в урегулировании споров, возникающих по итогам проведения налоговых проверок по вопросам ценообразования для целей налогообложения (включая споры в рамках ст. 40 Налогового кодекса РФ, так и в рамках новых положений Налогового кодекса РФ по контролю цен для целей налогообложения)</li><li>Мы поможем вам успешно ориентироваться в изменениях, происходящих в налоговой и юридической сферах</li></ul>', NULL, NULL, 'height--standart', NULL, NULL, NULL, NULL, NULL, '2017-05-04 11:59:45', '2017-05-04 11:59:45', 'a94c2cde-28cc-4424-8749-aafd5acc88be'),
 ('244', '127', 'en_us', ' Трансфертное ценообразование', NULL, NULL, NULL, NULL, NULL, NULL, NULL, NULL, NULL, NULL, NULL, NULL, NULL, NULL, NULL, NULL, NULL, NULL, NULL, NULL, NULL, NULL, NULL, NULL, '<p>В департаменте трансфертного ценообразования Baker Tilly Russia работают профессионалы, специализирующиеся в различных вопросах, применения положений о трансфертном ценообразовании. За последние несколько лет сотрудники департамента успешно реализовали множество проектов по трансфертному ценообразованию для предприятий различных отраслей. </p><p><strong>Предоставляемые услуги:</strong></p>\n<ul><li>Помощь в подготовке документации по трансфертному ценообразованию, включающей обоснование используемой методологии и соответствие текущих цен по контролируемым сделкам рыночному уровню, а также уведомлений о контролируемых сделках</li><li>Диагностика рисков трансфертного ценообразования и подготовка рекомендаций по усовершенствованию существующей политики ценообразования, в том числе путем реорганизации производственно-сбытовой структуры поставок, изменения подхода к формированию цен</li><li>Обоснование используемой методологии и соответствия текущих цен рыночному уровню</li><li>Консультирование по вопросам структурирования внутригрупповых сделок на основе принципа соответствия цен рыночному уровню, в частности при передаче прав на интеллектуальную собственность, осуществлении финансовых операций</li><li>Помощь международным компаниям в адаптации глобальной политики в области трансфертного ценообразования к требованиям российского законодательства</li><li>Разработка и содействие в создании торгово-закупочных структур</li><li>Рекомендации по выстраиванию функции по вопросам трансфертного ценообразования на предприятии и процедуры эффективного взаимодействия между соответствующими службами предприятия в рамках работ по соблюдению положений по трансфертному ценообразованию</li><li>Консультирование по вопросам разработки методологии трансфертного ценообразования в отношении услуг и моделей распределения затрат на услуги управленческого характера</li><li>Разработка бизнес-процессов и системы внутреннего контроля для целей соблюдения политики трансфертного ценообразования</li><li>Содействие в урегулировании споров, возникающих по итогам проведения налоговых проверок по вопросам ценообразования для целей налогообложения (включая споры в рамках ст. 40 Налогового кодекса РФ, так и в рамках новых положений Налогового кодекса РФ по контролю цен для целей налогообложения)</li><li>Мы поможем вам успешно ориентироваться в изменениях, происходящих в налоговой и юридической сферах</li></ul>', NULL, NULL, 'height--standart', NULL, NULL, NULL, NULL, NULL, '2017-05-04 11:59:45', '2017-05-04 11:59:45', '11bfb9a3-86bf-4d04-a160-6b136c972c8d'),
 ('245', '128', 'ru', 'Международное налоговое планирование и отчетность по контролируемым иностранным компаниям', NULL, NULL, NULL, NULL, NULL, NULL, NULL, NULL, NULL, NULL, NULL, NULL, NULL, NULL, NULL, NULL, NULL, NULL, NULL, NULL, NULL, NULL, NULL, NULL, '<p>Международные компании обладают специфическими потребностями в отношении налогообложения, подачи документов и управления в России. Международные и российские компании сталкиваются с различными налоговыми вопросами, имеющими определенную специфику для каждой из них. Наша команда предоставляет квалифицированные услуги по международному налоговому консультированию, налоговым проверкам и подобным услугам, которые отвечают нуждам бизнеса в каждом секторе экономики.</p><p>Мы оказываем содействие в обеспечении соответствия деятельности компании требованиям применимого налогового законодательства и положений, а также соответствия основным отраслевым стандартам:</p>\n<ul><li>Выбор эффективной структуры собственности, управления и операций с налоговой точки зрения</li><li>Структурирование операций по репатриации прибыли и использованию убытков</li><li>Структурирование инвестиций внутри страны и за рубежом</li><li>Формирование цепочки поставок и совместного предоставления услуг, эффективных с налоговой точки зрения</li></ul>', NULL, NULL, 'height--standart', NULL, NULL, NULL, NULL, NULL, '2017-05-04 12:00:45', '2017-05-04 12:00:45', '85a11ec8-fa65-46ec-864b-84dba109f333'),
 ('246', '128', 'en_us', 'Международное налоговое планирование и отчетность по контролируемым иностранным компаниям', NULL, NULL, NULL, NULL, NULL, NULL, NULL, NULL, NULL, NULL, NULL, NULL, NULL, NULL, NULL, NULL, NULL, NULL, NULL, NULL, NULL, NULL, NULL, NULL, '<p>Международные компании обладают специфическими потребностями в отношении налогообложения, подачи документов и управления в России. Международные и российские компании сталкиваются с различными налоговыми вопросами, имеющими определенную специфику для каждой из них. Наша команда предоставляет квалифицированные услуги по международному налоговому консультированию, налоговым проверкам и подобным услугам, которые отвечают нуждам бизнеса в каждом секторе экономики.</p><p>Мы оказываем содействие в обеспечении соответствия деятельности компании требованиям применимого налогового законодательства и положений, а также соответствия основным отраслевым стандартам:</p>\n<ul><li>Выбор эффективной структуры собственности, управления и операций с налоговой точки зрения</li><li>Структурирование операций по репатриации прибыли и использованию убытков</li><li>Структурирование инвестиций внутри страны и за рубежом</li><li>Формирование цепочки поставок и совместного предоставления услуг, эффективных с налоговой точки зрения</li></ul>', NULL, NULL, 'height--standart', NULL, NULL, NULL, NULL, NULL, '2017-05-04 12:00:45', '2017-05-04 12:00:45', 'fdd37418-9ab6-4120-96ca-96a26436e81b'),
 ('247', '129', 'ru', 'Услуги по совершенствованию налоговой функции и налоговой политики', NULL, NULL, NULL, NULL, NULL, NULL, NULL, NULL, NULL, NULL, NULL, NULL, NULL, NULL, NULL, NULL, NULL, NULL, NULL, NULL, NULL, NULL, NULL, NULL, '<p>Ввиду частых изменений и сложности российского налогового законодательства, постоянный контроль и прогнозирование необходимы, чтобы ваша компания соответствовала требованиям и имела надлежащий налоговый статус. Привлекая к выполнению задач наших высококвалифицированных экспертов, способных оперативно ориентироваться в условиях изменяющейся среды, вы обеспечите успешную деятельность своей компании.</p><p>Перечень предлагаемых услуг:</p><ul><li>Постоянный мониторинг изменений в законодательстве</li><li>Обеспечение соблюдения налогового законодательства</li><li>Защита интересов компании как налогоплательщика</li><li>Формирование налоговой стратегии</li><li>Разработка ключевых показателей эффективности реализации налоговой стратегии</li><li>Унификация методологии ведения налогового учета</li><li>Оптимизация бизнес-процессов</li><li>Налоговая оптимизация</li><li>Разработка систем контроля и оценки налоговых рисков</li><li>Разработка системы налогового прогнозирования</li><li>Оптимизация процессов ведения налогового учета в контексте «ускорения сроков закрытия отчетного периода»</li><li>Разработка организационной структуры налоговой службы</li><li>Распределение ролей и полномочий сотрудников налоговой службы</li><li>Методологическая поддержка автоматизации налогового учета в ERP-системах (Oracle, SAP, 1C и другие)</li><li>Налоговое планирование и прогнозирование</li><li>Составление бухгалтерской отчетности в налоговой части Выполнение процедуры налогового администрирования</li><li>Практическое применение законодательства (постановления местных налоговых органов, судебная практика, т.д.)</li></ul>', NULL, NULL, 'height--standart', NULL, NULL, NULL, NULL, NULL, '2017-05-04 12:02:24', '2017-05-04 12:02:24', '21fe34c1-aa1e-435b-bedf-7f59d7e6bfb4'),
 ('248', '129', 'en_us', 'Услуги по совершенствованию налоговой функции и налоговой политики', NULL, NULL, NULL, NULL, NULL, NULL, NULL, NULL, NULL, NULL, NULL, NULL, NULL, NULL, NULL, NULL, NULL, NULL, NULL, NULL, NULL, NULL, NULL, NULL, '<p>Ввиду частых изменений и сложности российского налогового законодательства, постоянный контроль и прогнозирование необходимы, чтобы ваша компания соответствовала требованиям и имела надлежащий налоговый статус. Привлекая к выполнению задач наших высококвалифицированных экспертов, способных оперативно ориентироваться в условиях изменяющейся среды, вы обеспечите успешную деятельность своей компании.</p><p>Перечень предлагаемых услуг:</p><ul><li>Постоянный мониторинг изменений в законодательстве</li><li>Обеспечение соблюдения налогового законодательства</li><li>Защита интересов компании как налогоплательщика</li><li>Формирование налоговой стратегии</li><li>Разработка ключевых показателей эффективности реализации налоговой стратегии</li><li>Унификация методологии ведения налогового учета</li><li>Оптимизация бизнес-процессов</li><li>Налоговая оптимизация</li><li>Разработка систем контроля и оценки налоговых рисков</li><li>Разработка системы налогового прогнозирования</li><li>Оптимизация процессов ведения налогового учета в контексте «ускорения сроков закрытия отчетного периода»</li><li>Разработка организационной структуры налоговой службы</li><li>Распределение ролей и полномочий сотрудников налоговой службы</li><li>Методологическая поддержка автоматизации налогового учета в ERP-системах (Oracle, SAP, 1C и другие)</li><li>Налоговое планирование и прогнозирование</li><li>Составление бухгалтерской отчетности в налоговой части Выполнение процедуры налогового администрирования</li><li>Практическое применение законодательства (постановления местных налоговых органов, судебная практика, т.д.)</li></ul>', NULL, NULL, 'height--standart', NULL, NULL, NULL, NULL, NULL, '2017-05-04 12:02:24', '2017-05-04 12:02:24', '1ae64a12-9179-4512-97b6-5317d3c8418c'),
 ('249', '130', 'ru', 'Разрешение налоговых споров', NULL, NULL, NULL, NULL, NULL, NULL, NULL, NULL, NULL, NULL, NULL, NULL, NULL, NULL, NULL, NULL, NULL, NULL, NULL, NULL, NULL, NULL, NULL, NULL, '<p>Наша команда предоставляет специализированные услуги в области соблюдения налогового законодательства и консультации на случай возникновения спора с налоговыми органами. Специалисты Baker Tilly Russia по разрешению споров прекрасно зарекомендовали себя в области переговоров по урегулированию споров, в том числе в суде и готовы выполнить ряд следующих задач:</p>\n<ul><li>Правовая экспертиза действий и решений налоговых органов</li><li>Сопровождение камеральных и выездных налоговых проверок</li><li>Подготовка возражений на акты, жалоб на решения по результатам налоговых проверок</li><li>Досудебная поддержка в ходе споров с налоговыми органами</li><li>Представление интересов клиента во всех судебных инстанциях</li><li>Подготовка мировых соглашений</li><li>Подготовка договоров о создании консолидированной группы налогоплательщиков</li><li>Подготовка соглашений о ценообразовании (APA)</li><li>Сопровождение взаимосогласительных процедур (MAP)</li></ul>', NULL, NULL, 'height--standart', NULL, NULL, NULL, NULL, NULL, '2017-05-04 12:03:22', '2017-05-04 12:03:22', 'ccade92a-43a2-46e5-9854-0a1e4096b333'),
 ('250', '130', 'en_us', 'Разрешение налоговых споров', NULL, NULL, NULL, NULL, NULL, NULL, NULL, NULL, NULL, NULL, NULL, NULL, NULL, NULL, NULL, NULL, NULL, NULL, NULL, NULL, NULL, NULL, NULL, NULL, '<p>Наша команда предоставляет специализированные услуги в области соблюдения налогового законодательства и консультации на случай возникновения спора с налоговыми органами. Специалисты Baker Tilly Russia по разрешению споров прекрасно зарекомендовали себя в области переговоров по урегулированию споров, в том числе в суде и готовы выполнить ряд следующих задач:</p>\n<ul><li>Правовая экспертиза действий и решений налоговых органов</li><li>Сопровождение камеральных и выездных налоговых проверок</li><li>Подготовка возражений на акты, жалоб на решения по результатам налоговых проверок</li><li>Досудебная поддержка в ходе споров с налоговыми органами</li><li>Представление интересов клиента во всех судебных инстанциях</li><li>Подготовка мировых соглашений</li><li>Подготовка договоров о создании консолидированной группы налогоплательщиков</li><li>Подготовка соглашений о ценообразовании (APA)</li><li>Сопровождение взаимосогласительных процедур (MAP)</li></ul>', NULL, NULL, 'height--standart', NULL, NULL, NULL, NULL, NULL, '2017-05-04 12:03:22', '2017-05-04 12:03:22', '9dcbf685-eff6-4739-834a-de9a7a315ddb'),
 ('251', '131', 'ru', 'Ведение бухгалтерского учета по стандартам РСБУ', NULL, NULL, NULL, NULL, NULL, NULL, NULL, NULL, NULL, NULL, NULL, NULL, NULL, NULL, NULL, NULL, NULL, NULL, NULL, NULL, NULL, NULL, NULL, NULL, '', NULL, NULL, 'height--standart', NULL, NULL, NULL, NULL, NULL, '2017-05-04 13:18:41', '2017-05-04 13:18:41', '6a40ba0f-0c69-4bc9-8d1b-921d586df8ec'),
 ('252', '131', 'en_us', 'Ведение бухгалтерского учета по стандартам РСБУ', NULL, NULL, NULL, NULL, NULL, NULL, NULL, NULL, NULL, NULL, NULL, NULL, NULL, NULL, NULL, NULL, NULL, NULL, NULL, NULL, NULL, NULL, NULL, NULL, '', NULL, NULL, 'height--standart', NULL, NULL, NULL, NULL, NULL, '2017-05-04 13:18:41', '2017-05-04 13:18:41', '2fa1711f-4b1d-448b-8730-66dbb3d4d916'),
 ('253', '132', 'ru', 'Ведение бухгалтерского учета по стандартам клиента', NULL, NULL, NULL, NULL, NULL, NULL, NULL, NULL, NULL, NULL, NULL, NULL, NULL, NULL, NULL, NULL, NULL, NULL, NULL, NULL, NULL, NULL, NULL, NULL, '', NULL, NULL, 'height--standart', NULL, NULL, NULL, NULL, NULL, '2017-05-04 13:18:58', '2017-05-04 13:18:58', '295ed69c-b8b8-426a-a5e7-1a2878f25812'),
 ('254', '132', 'en_us', 'Ведение бухгалтерского учета по стандартам клиента', NULL, NULL, NULL, NULL, NULL, NULL, NULL, NULL, NULL, NULL, NULL, NULL, NULL, NULL, NULL, NULL, NULL, NULL, NULL, NULL, NULL, NULL, NULL, NULL, '', NULL, NULL, 'height--standart', NULL, NULL, NULL, NULL, NULL, '2017-05-04 13:18:58', '2017-05-04 13:18:58', '83de9a19-3f7d-446c-b048-8b4682269f14'),
 ('259', '135', 'ru', 'Подготовка налоговых деклараций', NULL, NULL, NULL, NULL, NULL, NULL, NULL, NULL, NULL, NULL, NULL, NULL, NULL, NULL, NULL, NULL, NULL, NULL, NULL, NULL, NULL, NULL, NULL, NULL, '', NULL, NULL, 'height--standart', NULL, NULL, NULL, NULL, NULL, '2017-05-04 13:32:37', '2017-05-04 13:32:37', '30570933-8321-4ca4-87f5-3a174997fa8a'),
 ('260', '135', 'en_us', 'Подготовка налоговых деклараций', NULL, NULL, NULL, NULL, NULL, NULL, NULL, NULL, NULL, NULL, NULL, NULL, NULL, NULL, NULL, NULL, NULL, NULL, NULL, NULL, NULL, NULL, NULL, NULL, '', NULL, NULL, 'height--standart', NULL, NULL, NULL, NULL, NULL, '2017-05-04 13:32:37', '2017-05-04 13:32:37', 'f4fde793-2ed2-4b97-8aa4-deda464feb02'),
 ('261', '136', 'ru', 'Расчет заработной платы', NULL, NULL, NULL, NULL, NULL, NULL, NULL, NULL, NULL, NULL, NULL, NULL, NULL, NULL, NULL, NULL, NULL, NULL, NULL, NULL, NULL, NULL, NULL, NULL, '', NULL, NULL, 'height--standart', NULL, NULL, NULL, NULL, NULL, '2017-05-04 13:32:50', '2017-05-04 13:32:50', 'b0db5fa6-7ac3-4c47-9f8b-3ade81a28099'),
 ('262', '136', 'en_us', 'Расчет заработной платы', NULL, NULL, NULL, NULL, NULL, NULL, NULL, NULL, NULL, NULL, NULL, NULL, NULL, NULL, NULL, NULL, NULL, NULL, NULL, NULL, NULL, NULL, NULL, NULL, '', NULL, NULL, 'height--standart', NULL, NULL, NULL, NULL, NULL, '2017-05-04 13:32:50', '2017-05-04 13:32:50', '10643c95-5868-4334-8f2e-c3f10e95e7ad'),
 ('263', '137', 'ru', 'Кадровое делопроизводство', NULL, NULL, NULL, NULL, NULL, NULL, NULL, NULL, NULL, NULL, NULL, NULL, NULL, NULL, NULL, NULL, NULL, NULL, NULL, NULL, NULL, NULL, NULL, NULL, '', NULL, NULL, 'height--standart', NULL, NULL, NULL, NULL, NULL, '2017-05-04 13:33:01', '2017-05-04 13:33:01', '1209d49e-6a9c-4dbc-9769-3a65611e5ea1'),
 ('264', '137', 'en_us', 'Кадровое делопроизводство', NULL, NULL, NULL, NULL, NULL, NULL, NULL, NULL, NULL, NULL, NULL, NULL, NULL, NULL, NULL, NULL, NULL, NULL, NULL, NULL, NULL, NULL, NULL, NULL, '', NULL, NULL, 'height--standart', NULL, NULL, NULL, NULL, NULL, '2017-05-04 13:33:01', '2017-05-04 13:33:01', '22497534-a28c-473f-8409-247642816083'),
 ('265', '138', 'ru', 'Консультации по вопросам бухгалтерского учета', NULL, NULL, NULL, NULL, NULL, NULL, NULL, NULL, NULL, NULL, NULL, NULL, NULL, NULL, NULL, NULL, NULL, NULL, NULL, NULL, NULL, NULL, NULL, NULL, '', NULL, NULL, 'height--standart', NULL, NULL, NULL, NULL, NULL, '2017-05-04 13:33:11', '2017-05-04 13:33:11', '15270210-2761-4d8b-baa3-4294ae3864dc'),
 ('266', '138', 'en_us', 'Консультации по вопросам бухгалтерского учета', NULL, NULL, NULL, NULL, NULL, NULL, NULL, NULL, NULL, NULL, NULL, NULL, NULL, NULL, NULL, NULL, NULL, NULL, NULL, NULL, NULL, NULL, NULL, NULL, '', NULL, NULL, 'height--standart', NULL, NULL, NULL, NULL, NULL, '2017-05-04 13:33:11', '2017-05-04 13:33:11', '35e5ec23-2d53-47d4-b5f9-185a841116cb'),
 ('267', '139', 'ru', 'Консультации по оптимизации бухгалтерских служб', NULL, NULL, NULL, NULL, NULL, NULL, NULL, NULL, NULL, NULL, NULL, NULL, NULL, NULL, NULL, NULL, NULL, NULL, NULL, NULL, NULL, NULL, NULL, NULL, '', NULL, NULL, 'height--standart', NULL, NULL, NULL, NULL, NULL, '2017-05-04 13:33:55', '2017-05-04 13:33:55', '8cffb50f-fbd2-41db-a6d1-1534532a0e15'),
 ('268', '139', 'en_us', 'Консультации по оптимизации бухгалтерских служб', NULL, NULL, NULL, NULL, NULL, NULL, NULL, NULL, NULL, NULL, NULL, NULL, NULL, NULL, NULL, NULL, NULL, NULL, NULL, NULL, NULL, NULL, NULL, NULL, '', NULL, NULL, 'height--standart', NULL, NULL, NULL, NULL, NULL, '2017-05-04 13:33:55', '2017-05-04 13:33:55', 'e4e08aae-107f-4d3a-8c62-45a1405e757e'),
 ('269', '140', 'ru', 'Аутсорсинг отдельных учетных процессов', NULL, NULL, NULL, NULL, NULL, NULL, NULL, NULL, NULL, NULL, NULL, NULL, NULL, NULL, NULL, NULL, NULL, NULL, NULL, NULL, NULL, NULL, NULL, NULL, '', NULL, NULL, 'height--standart', NULL, NULL, NULL, NULL, NULL, '2017-05-04 13:34:07', '2017-05-04 13:34:07', 'e02e9762-3090-47b8-b938-b8a421b5dd7c'),
 ('270', '140', 'en_us', 'Аутсорсинг отдельных учетных процессов', NULL, NULL, NULL, NULL, NULL, NULL, NULL, NULL, NULL, NULL, NULL, NULL, NULL, NULL, NULL, NULL, NULL, NULL, NULL, NULL, NULL, NULL, NULL, NULL, '', NULL, NULL, 'height--standart', NULL, NULL, NULL, NULL, NULL, '2017-05-04 13:34:08', '2017-05-04 13:34:08', 'b6359234-8aed-4c4c-84d8-e259a1c59a23'),
 ('271', '141', 'ru', 'Сопровождение инвестиционных сделок ', NULL, NULL, NULL, NULL, NULL, NULL, NULL, NULL, NULL, NULL, NULL, NULL, NULL, NULL, NULL, NULL, NULL, NULL, NULL, NULL, NULL, NULL, NULL, NULL, '<ul><li>Определение рисков, влияющих на решение об инвестировании и стоимость бизнеса, в том числе анализ операций с аффилированными сторонами и выявление потенциально сомнительных операций</li><li>Комплексный финансовый анализ со стороны покупателя</li><li>Комплексный финансовый анализ со стороны продавца</li><li>Налоговый анализ</li></ul>', NULL, NULL, 'height--standart', NULL, NULL, NULL, NULL, NULL, '2017-05-04 13:35:59', '2017-05-04 14:13:30', '5b8c7199-2253-4c94-b370-cc81fd6a7eb8'),
 ('272', '141', 'en_us', 'Сопровождение инвестиционных сделок ', NULL, NULL, NULL, NULL, NULL, NULL, NULL, NULL, NULL, NULL, NULL, NULL, NULL, NULL, NULL, NULL, NULL, NULL, NULL, NULL, NULL, NULL, NULL, NULL, '<p>• Определение рисков, влияющих на решение об инвестировании и стоимость бизнеса, в том числе анализ операций с аффилированными сторонами и выявление потенциально сомнительных операций</p><p>• Комплексный финансовый анализ со стороны покупателя</p><p>• Комплексный финансовый анализ со стороны продавца</p><p>• Налоговый анализ</p>', NULL, NULL, 'height--standart', NULL, NULL, NULL, NULL, NULL, '2017-05-04 13:35:59', '2017-05-04 13:35:59', 'c9179711-6450-49b3-86fc-21e3f43bd719'),
 ('273', '142', 'ru', 'Слияния и поглощения', NULL, NULL, NULL, NULL, NULL, NULL, NULL, NULL, NULL, NULL, NULL, NULL, NULL, NULL, NULL, NULL, NULL, NULL, NULL, NULL, NULL, NULL, NULL, NULL, '<p>Консультирование в отношении сделки на стороне продавца может включать:</p>\n<ul><li>Предварительный анализ бизнеса и консультирование по вопросам предпродажной подготовки;</li><li>Предварительная оценка стоимости;</li><li>Выявление круга возможных покупателей;</li><li>Взаимодействие с потенциальными покупателями для определения их заинтересованности в сделке;</li><li>Представление актива отобранным покупателям и оценка полученных предложений;</li><li>Сопровождение переговорного процесса, подписания соглашений и окончательного оформления сделки.</li></ul><p>Консультирование на стороне покупателя может включать:</p>\n<ul><li>Поиск потенциальных объектов для приобретения;</li><li>Предварительная оценка стоимости;</li><li>Консультирование по вопросам подготовки предложения;</li><li>Сопровождение переговорного процесса и содействие при оформлении сделки.</li></ul>', NULL, NULL, 'height--standart', NULL, NULL, NULL, NULL, NULL, '2017-05-04 13:37:34', '2017-05-04 14:13:43', 'e354ae4c-70fc-4923-9091-3db692c6caa9'),
 ('274', '142', 'en_us', 'Слияния и поглощения', NULL, NULL, NULL, NULL, NULL, NULL, NULL, NULL, NULL, NULL, NULL, NULL, NULL, NULL, NULL, NULL, NULL, NULL, NULL, NULL, NULL, NULL, NULL, NULL, '<p>Консультирование в отношении сделки на стороне продавца может включать:</p><ul><li>Предварительный анализ бизнеса и консультирование по вопросам предпродажной подготовки;</li><li>Предварительная оценка стоимости;</li><li>Выявление круга возможных покупателей;</li><li>Взаимодействие с потенциальными покупателями для определения их заинтересованности в сделке;</li><li>Представление актива отобранным покупателям и оценка полученных предложений;</li><li>Сопровождение переговорного процесса, подписания соглашений и окончательного оформления сделки.</li></ul><p>Консультирование на стороне покупателя может включать:</p><ul><li>Поиск потенциальных объектов для приобретения;</li><li>Предварительная оценка стоимости;</li><li>Консультирование по вопросам подготовки предложения;</li><li>Сопровождение переговорного процесса и содействие при оформлении сделки.</li></ul>', NULL, NULL, 'height--standart', NULL, NULL, NULL, NULL, NULL, '2017-05-04 13:37:34', '2017-05-04 13:37:34', '8c1b37ac-c876-42a6-a968-c87bc048b250'),
 ('275', '143', 'ru', 'Оценка', NULL, NULL, NULL, NULL, NULL, NULL, NULL, NULL, NULL, NULL, NULL, NULL, NULL, NULL, NULL, NULL, NULL, NULL, NULL, NULL, NULL, NULL, NULL, NULL, '<p>Наши специалисты готовы провести для вас:</p>\n<p>\n</p>\n<ul><li>независимую справедливую рыночную оценку стоимости активов в различных сценариях сделок;</li><li>разработать финансовую модель с целью определения необходимости привлечения финансирования;</li><li>провести индикативный анализ финансового состояния, выступая как на стороне покупателя, так и продавца.</li></ul><p><strong>Проектное финансирование</strong>\n  </p>\n<ul><li>рассмотреть инвестиционный проект с точки зрения эффективности;\n  </li><li>структурировать проект, разработать стратегию и планы развития;\n  </li><li>проанализировать потенциальные риски и найти способы минимизировать их; \n  </li><li>подготовить необходимую документацию.\n  </li></ul><p><strong>Юридическое и налоговое сопровождение сделок</strong>\n  </p>\n<ul><li>Поиск оптимальной правовой конструкции для оформления сделки.</li><li>Выявление и оценка правовых рисков.</li><li>Разработка документов для оформления сделки.</li><li>Взаимодействие с органами государственной власти по вопросу оформления сделки.</li><li>Оценка налоговых последствий планируемых сделок (договоров).</li><li>Консультирование по вопросам налогообложения в сфере слияний, поглощений, ликвидации предприятий.</li></ul><p><strong>Реструктуризация</strong>\n  </p>\n<ul><li>Выкуп контрольного пакета менеджментом компании; </li><li>Отделение (spin-off). В результате создается отдельное юридическое лицо, дочерняя компания, в которой акционеры материнской компании получают долю пропорционально их доле в материнской компании. Наличных денег в результате такой трансформации материнская компания не получает;</li><li>Разделение компании (split-up). Материнская компания расщепляется на несколько компаний в результате серии отделений, а сама перестает существовать;</li><li>Продажа подразделений (divestiture). Продажа части компании третьей стороне. В результате продавец получает живые деньги или эквивалентное возмещение;</li><li>Выделение (carve-out). Часть акций какого-либо подразделения, дочерней компании предлагаются к продаже широкому кругу лиц;</li><li>Ликвидация (Liquidation).</li></ul>', NULL, NULL, 'height--standart', NULL, NULL, NULL, NULL, NULL, '2017-05-04 13:40:05', '2017-05-04 14:13:55', 'ac90f7ea-24a3-4813-a1e9-5765e2340ef8'),
 ('276', '143', 'en_us', 'Оценка', NULL, NULL, NULL, NULL, NULL, NULL, NULL, NULL, NULL, NULL, NULL, NULL, NULL, NULL, NULL, NULL, NULL, NULL, NULL, NULL, NULL, NULL, NULL, NULL, '<p>Наши специалисты готовы провести для вас:</p><p>\n</p><ul><li>независимую справедливую рыночную оценку стоимости активов в различных сценариях сделок;</li><li>разработать финансовую модель с целью определения необходимости привлечения финансирования;</li><li>провести индикативный анализ финансового состояния, выступая как на стороне покупателя, так и продавца.</li></ul><p><strong>Проектное финансирование</strong>\n  </p>\n<ul><li>рассмотреть инвестиционный проект с точки зрения эффективности;\n  </li><li>структурировать проект, разработать стратегию и планы развития;\n  </li><li>проанализировать потенциальные риски и найти способы минимизировать их; \n  </li><li>подготовить необходимую документацию.\n  </li></ul><p><strong>Юридическое и налоговое сопровождение сделок</strong>\n  </p>\n<ul><li>Поиск оптимальной правовой конструкции для оформления сделки.</li><li>Выявление и оценка правовых рисков.</li><li>Разработка документов для оформления сделки.</li><li>Взаимодействие с органами государственной власти по вопросу оформления сделки.</li><li>Оценка налоговых последствий планируемых сделок (договоров).</li><li>Консультирование по вопросам налогообложения в сфере слияний, поглощений, ликвидации предприятий.</li></ul><p><strong>Реструктуризация</strong>\n  </p>\n<ul><li>Выкуп контрольного пакета менеджментом компании; </li><li>Отделение (spin-off). В результате создается отдельное юридическое лицо, дочерняя компания, в которой акционеры материнской компании получают долю пропорционально их доле в материнской компании. Наличных денег в результате такой трансформации материнская компания не получает;</li><li>Разделение компании (split-up). Материнская компания расщепляется на несколько компаний в результате серии отделений, а сама перестает существовать;</li><li>Продажа подразделений (divestiture). Продажа части компании третьей стороне. В результате продавец получает живые деньги или эквивалентное возмещение;</li><li>Выделение (carve-out). Часть акций какого-либо подразделения, дочерней компании предлагаются к продаже широкому кругу лиц;</li><li>Ликвидация (Liquidation).</li></ul>', NULL, NULL, 'height--standart', NULL, NULL, NULL, NULL, NULL, '2017-05-04 13:40:05', '2017-05-04 13:40:05', '682cdad1-1a91-4f0f-ae58-f7bfd178eb94'),
 ('277', '144', 'ru', 'Финансово-экономический анализ', NULL, NULL, NULL, NULL, NULL, NULL, NULL, NULL, NULL, NULL, NULL, NULL, NULL, NULL, NULL, NULL, NULL, NULL, NULL, NULL, NULL, NULL, NULL, NULL, '', NULL, NULL, 'height--standart', NULL, NULL, NULL, NULL, NULL, '2017-05-04 13:42:09', '2017-05-04 13:42:09', '8f61b528-20ab-4d5c-8aa2-3edf3b928e39'),
 ('278', '144', 'en_us', 'Финансово-экономический анализ', NULL, NULL, NULL, NULL, NULL, NULL, NULL, NULL, NULL, NULL, NULL, NULL, NULL, NULL, NULL, NULL, NULL, NULL, NULL, NULL, NULL, NULL, NULL, NULL, '', NULL, NULL, 'height--standart', NULL, NULL, NULL, NULL, NULL, '2017-05-04 13:42:09', '2017-05-04 13:42:09', 'ab70af4e-e615-4a68-a2fe-7ec05f7e48ee'),
 ('279', '145', 'ru', 'Экономическая экспертиза и оценка', NULL, NULL, NULL, NULL, NULL, NULL, NULL, NULL, NULL, NULL, NULL, NULL, NULL, NULL, NULL, NULL, NULL, NULL, NULL, NULL, NULL, NULL, NULL, NULL, '', NULL, NULL, 'height--standart', NULL, NULL, NULL, NULL, NULL, '2017-05-04 13:42:22', '2017-05-04 13:42:22', '3f8ac766-9946-4d91-9737-1ef8f7bff1eb'),
 ('280', '145', 'en_us', 'Экономическая экспертиза и оценка', NULL, NULL, NULL, NULL, NULL, NULL, NULL, NULL, NULL, NULL, NULL, NULL, NULL, NULL, NULL, NULL, NULL, NULL, NULL, NULL, NULL, NULL, NULL, NULL, '', NULL, NULL, 'height--standart', NULL, NULL, NULL, NULL, NULL, '2017-05-04 13:42:23', '2017-05-04 13:42:23', '1996dc24-a32e-4b66-83ce-7cb348c0d3ee'),
 ('281', '146', 'ru', 'Налоговая экспертиза', NULL, NULL, NULL, NULL, NULL, NULL, NULL, NULL, NULL, NULL, NULL, NULL, NULL, NULL, NULL, NULL, NULL, NULL, NULL, NULL, NULL, NULL, NULL, NULL, '', NULL, NULL, 'height--standart', NULL, NULL, NULL, NULL, NULL, '2017-05-04 13:42:36', '2017-05-04 13:42:36', 'c33c2a07-ddce-49fd-8ad8-2f002aea1ec0'),
 ('282', '146', 'en_us', 'Налоговая экспертиза', NULL, NULL, NULL, NULL, NULL, NULL, NULL, NULL, NULL, NULL, NULL, NULL, NULL, NULL, NULL, NULL, NULL, NULL, NULL, NULL, NULL, NULL, NULL, NULL, '', NULL, NULL, 'height--standart', NULL, NULL, NULL, NULL, NULL, '2017-05-04 13:42:36', '2017-05-04 13:42:36', '425bab0d-3560-4072-9971-4f95c6c9c1e0'),
 ('283', '147', 'ru', 'Технологический и ценовой аудит, анализ инвестиционных планов и финансовых моделей ', NULL, NULL, NULL, NULL, NULL, NULL, NULL, NULL, NULL, NULL, NULL, NULL, NULL, NULL, NULL, NULL, NULL, NULL, NULL, NULL, NULL, NULL, NULL, NULL, '', NULL, NULL, 'height--standart', NULL, NULL, NULL, NULL, NULL, '2017-05-04 13:42:49', '2017-05-04 13:42:49', 'dbfd7044-8992-4245-9b05-688ef0b31414'),
 ('284', '147', 'en_us', 'Технологический и ценовой аудит, анализ инвестиционных планов и финансовых моделей ', NULL, NULL, NULL, NULL, NULL, NULL, NULL, NULL, NULL, NULL, NULL, NULL, NULL, NULL, NULL, NULL, NULL, NULL, NULL, NULL, NULL, NULL, NULL, NULL, '', NULL, NULL, 'height--standart', NULL, NULL, NULL, NULL, NULL, '2017-05-04 13:42:49', '2017-05-04 13:42:49', '0671ea72-b7e9-449b-9df1-ddbf3cb68bea'),
 ('285', '148', 'ru', 'Корпоративная разведка и сбор информации', NULL, NULL, NULL, NULL, NULL, NULL, NULL, NULL, NULL, NULL, NULL, NULL, NULL, NULL, NULL, NULL, NULL, NULL, NULL, NULL, NULL, NULL, NULL, NULL, '', NULL, NULL, 'height--standart', NULL, NULL, NULL, NULL, NULL, '2017-05-04 13:43:31', '2017-05-04 13:43:31', 'ab6a9e1b-fbd0-48c1-8fe8-c93768f22d13'),
 ('286', '148', 'en_us', 'Корпоративная разведка и сбор информации', NULL, NULL, NULL, NULL, NULL, NULL, NULL, NULL, NULL, NULL, NULL, NULL, NULL, NULL, NULL, NULL, NULL, NULL, NULL, NULL, NULL, NULL, NULL, NULL, '', NULL, NULL, 'height--standart', NULL, NULL, NULL, NULL, NULL, '2017-05-04 13:43:31', '2017-05-04 13:43:31', '50c45e88-5ec1-4b57-8299-ed7a5bf05b45'),
 ('289', '151', 'ru', 'Cудебная экспертиза, представительство в ходе судебных разбирательств, в том числе международных', NULL, NULL, NULL, NULL, NULL, NULL, NULL, NULL, NULL, NULL, NULL, NULL, NULL, NULL, NULL, NULL, NULL, NULL, NULL, NULL, NULL, NULL, NULL, NULL, '', NULL, NULL, 'height--standart', NULL, NULL, NULL, NULL, NULL, '2017-05-04 13:44:36', '2017-05-04 13:44:36', '2b8ea84f-6796-4c11-84e0-079ce7f939ed'),
 ('290', '151', 'en_us', 'Cудебная экспертиза, представительство в ходе судебных разбирательств, в том числе международных', NULL, NULL, NULL, NULL, NULL, NULL, NULL, NULL, NULL, NULL, NULL, NULL, NULL, NULL, NULL, NULL, NULL, NULL, NULL, NULL, NULL, NULL, NULL, NULL, '', NULL, NULL, 'height--standart', NULL, NULL, NULL, NULL, NULL, '2017-05-04 13:44:36', '2017-05-04 13:44:36', 'f2eb9844-74db-4f4e-b8b5-3069f6872b4f'),
 ('291', '152', 'ru', 'Корпоративное право', NULL, NULL, NULL, NULL, NULL, NULL, NULL, NULL, NULL, NULL, NULL, NULL, NULL, NULL, NULL, NULL, NULL, NULL, NULL, NULL, NULL, NULL, NULL, NULL, '<ul><li>Создание, реорганизация и ликвидация компаний; </li><li>Представления интересов клиента в ФСФР РФ, ФАС РФ, у профессиональных регистраторов при планировании, подготовке и проведении сделок с акциями, долями, регистрации размещения акций, соблюдения требований законодательства РФ в сфере корпоративного права;</li><li>Подготовка и сопровождение сделок M&amp;A;</li><li>Поддержка при реорганизации и реструктуризации бизнеса и активов;</li><li>Правовое сопровождение деятельности эмитентов ценных бумаг и сделок с ними;</li><li>Урегулирования корпоративных конфликтов и представления интересов миноритарных или мажоритарных акционеров, участников общества;</li><li>Подготовки и проведения общих собраний участников (акционеров), заседаний советов директоров;</li><li>Юридическая поддержка клиентов на всех стадиях осуществления инвестиционных проектов.</li></ul>', NULL, NULL, 'height--standart', NULL, NULL, NULL, NULL, NULL, '2017-05-04 13:46:40', '2017-05-04 13:53:58', '7bf360bb-0d15-49b6-afd2-19a5b034f24c'),
 ('292', '152', 'en_us', 'Корпоративное право', NULL, NULL, NULL, NULL, NULL, NULL, NULL, NULL, NULL, NULL, NULL, NULL, NULL, NULL, NULL, NULL, NULL, NULL, NULL, NULL, NULL, NULL, NULL, NULL, '<p>• Создание, реорганизация и ликвидация компаний; <br />• Представления интересов клиента в ФСФР РФ, ФАС РФ, у профессиональных регистраторов при планировании, подготовке и проведении сделок с акциями, долями, регистрации размещения акций, соблюдения требований законодательства РФ в сфере корпоративного права;<br />• Подготовка и сопровождение сделок M&amp;A;<br />• Поддержка при реорганизации и реструктуризации бизнеса и активов;<br />• Правовое сопровождение деятельности эмитентов ценных бумаг и сделок с ними;<br />• Урегулирования корпоративных конфликтов и представления интересов миноритарных или мажоритарных акционеров, участников общества;<br />• Подготовки и проведения общих собраний участников (акционеров), заседаний советов директоров;<br />• Юридическая поддержка клиентов на всех стадиях осуществления инвестиционных проектов.</p>', NULL, NULL, 'height--standart', NULL, NULL, NULL, NULL, NULL, '2017-05-04 13:46:40', '2017-05-04 13:46:40', '8bca48bf-1ef7-4e7b-88a0-94f4e58f762d'),
 ('293', '153', 'ru', 'Сопровождение иностранных инвестиций в России', NULL, NULL, NULL, NULL, NULL, NULL, NULL, NULL, NULL, NULL, NULL, NULL, NULL, NULL, NULL, NULL, NULL, NULL, NULL, NULL, NULL, NULL, NULL, NULL, '<ul><li>Аккредитация/снятие с учета представительств и филиалов иностранных компаний;</li><li>Помощь в выборе региона для инвестирования: сравнительный анализ, оценка привлекательности, Due Diligence земельного участка;</li><li>Минимизация возможных налоговых рисков на основании действующего федерального и местного законодательства;</li><li>Представление интересов заказчика при проведении переговоров с представителями органов государственной власти и местного самоуправления;</li><li>Всесторонняя юридическая поддержка на стадии реализации проекта;</li><li>Юридическое сопровождение, представление интересов заказчика в судах местного и федерального значения в случае конфликтов с партнёрами и органами власти.</li></ul>', NULL, NULL, 'height--standart', NULL, NULL, NULL, NULL, NULL, '2017-05-04 13:47:06', '2017-05-04 14:00:55', 'cfca760a-ebb5-4f10-a219-e1b92b4479f3'),
 ('294', '153', 'en_us', 'Сопровождение иностранных инвестиций в России', NULL, NULL, NULL, NULL, NULL, NULL, NULL, NULL, NULL, NULL, NULL, NULL, NULL, NULL, NULL, NULL, NULL, NULL, NULL, NULL, NULL, NULL, NULL, NULL, '<p>• Аккредитация/снятие с учета представительств и филиалов иностранных компаний;</p><p>• Помощь в выборе региона для инвестирования: сравнительный анализ, оценка привлекательности, Due Diligence земельного участка;</p><p>• Минимизация возможных налоговых рисков на основании действующего федерального и местного законодательства;</p><p>• Представление интересов заказчика при проведении переговоров с представителями органов государственной власти и местного самоуправления;</p><p>• Всесторонняя юридическая поддержка на стадии реализации проекта;</p><p>• Юридическое сопровождение, представление интересов заказчика в судах местного и федерального значения в случае конфликтов с партнёрами и органами власти.</p>', NULL, NULL, 'height--standart', NULL, NULL, NULL, NULL, NULL, '2017-05-04 13:47:06', '2017-05-04 13:47:06', 'f9cb5d29-683c-49e2-9ebc-c8ef0b647ca6'),
 ('295', '154', 'ru', 'Коммерческое право, включая разработку операционной структуры ведения бизнеса и подготовку различных договоров', NULL, NULL, NULL, NULL, NULL, NULL, NULL, NULL, NULL, NULL, NULL, NULL, NULL, NULL, NULL, NULL, NULL, NULL, NULL, NULL, NULL, NULL, NULL, NULL, '<ul><li>Разработка типовых коммерческих договоров, ведение переговоров по их заключению, в том числе агентских договоров и договоров комиссии, строительного подряда, аренды, оказания услуг, дистрибьюторских соглашений и другое;</li><li>Подготовка сопроводительной документации к договорам (приемочные акты, соглашения о пролонгации, расторжение договоров);</li><li>Разработка внутренних актов компаний, регулирующих договорную работу, порядок заключения и изменения договоров, возникновение и исполнение кредиторской и дебиторской задолженностей;</li></ul>', NULL, NULL, 'height--standart', NULL, NULL, NULL, NULL, NULL, '2017-05-04 14:02:02', '2017-05-04 14:02:02', '731ce9db-4815-435a-b4df-9ed245db217f'),
 ('296', '154', 'en_us', 'Коммерческое право, включая разработку операционной структуры ведения бизнеса и подготовку различных договоров', NULL, NULL, NULL, NULL, NULL, NULL, NULL, NULL, NULL, NULL, NULL, NULL, NULL, NULL, NULL, NULL, NULL, NULL, NULL, NULL, NULL, NULL, NULL, NULL, '<ul><li>Разработка типовых коммерческих договоров, ведение переговоров по их заключению, в том числе агентских договоров и договоров комиссии, строительного подряда, аренды, оказания услуг, дистрибьюторских соглашений и другое;</li><li>Подготовка сопроводительной документации к договорам (приемочные акты, соглашения о пролонгации, расторжение договоров);</li><li>Разработка внутренних актов компаний, регулирующих договорную работу, порядок заключения и изменения договоров, возникновение и исполнение кредиторской и дебиторской задолженностей;</li></ul>', NULL, NULL, 'height--standart', NULL, NULL, NULL, NULL, NULL, '2017-05-04 14:02:02', '2017-05-04 14:02:02', 'a74389fe-aafd-4fb9-a9dc-c8f5838b33a2'),
 ('297', '155', 'ru', 'Земля-недвижимость-строительство', NULL, NULL, NULL, NULL, NULL, NULL, NULL, NULL, NULL, NULL, NULL, NULL, NULL, NULL, NULL, NULL, NULL, NULL, NULL, NULL, NULL, NULL, NULL, NULL, '<ul><li>Структурирование сделок по приобретению и продаже недвижимого имущества</li><li>Регистрация прав на недвижимое имущество и сделок с ним</li><li>Сопровождение сделок по аренде</li><li>Правовая поддержка при реализации строительных проектов на незастроенных (greenfield) и застроенных (brownfield) земельных участках</li><li>Юридическая поддержка при согласовании и заключении договоров (договора генерального подряда, соглашения об управлении строительством, договор с генеральным проектантом и пр.)</li><li>Юридическое сопровождение проектов по разведке и добыче полезных ископаемых (в том числе, в рамках соглашений о разделе продукции (СРП))</li><li>Поддержка в вопросах лицензирования и пр.</li></ul>', NULL, NULL, 'height--standart', NULL, NULL, NULL, NULL, NULL, '2017-05-04 14:02:44', '2017-05-04 14:02:44', '41c4b7e7-f80c-4048-ba68-c7f2f30736f7'),
 ('298', '155', 'en_us', 'Земля-недвижимость-строительство', NULL, NULL, NULL, NULL, NULL, NULL, NULL, NULL, NULL, NULL, NULL, NULL, NULL, NULL, NULL, NULL, NULL, NULL, NULL, NULL, NULL, NULL, NULL, NULL, '<ul><li>Структурирование сделок по приобретению и продаже недвижимого имущества</li><li>Регистрация прав на недвижимое имущество и сделок с ним</li><li>Сопровождение сделок по аренде</li><li>Правовая поддержка при реализации строительных проектов на незастроенных (greenfield) и застроенных (brownfield) земельных участках</li><li>Юридическая поддержка при согласовании и заключении договоров (договора генерального подряда, соглашения об управлении строительством, договор с генеральным проектантом и пр.)</li><li>Юридическое сопровождение проектов по разведке и добыче полезных ископаемых (в том числе, в рамках соглашений о разделе продукции (СРП))</li><li>Поддержка в вопросах лицензирования и пр.</li></ul>', NULL, NULL, 'height--standart', NULL, NULL, NULL, NULL, NULL, '2017-05-04 14:02:44', '2017-05-04 14:02:44', '6fd832d2-d137-4fe7-984c-bbbbe8251878'),
 ('299', '156', 'ru', 'Интеллектуальная собственность', NULL, NULL, NULL, NULL, NULL, NULL, NULL, NULL, NULL, NULL, NULL, NULL, NULL, NULL, NULL, NULL, NULL, NULL, NULL, NULL, NULL, NULL, NULL, NULL, '<ul><li>Регистрация товарного знака (бренда, слогана, логотипа, знака обслуживания);</li><li>Международная регистрация товарных знаков;</li><li>Международное патентование;</li><li>Внесение в таможенный реестр и борьба с незаконным импортом;</li><li>Разработка и регистрация лицензионных договоров, договоров отчуждения, договоров коммерческой концессии (франчайзинга).</li></ul>', NULL, NULL, 'height--standart', NULL, NULL, NULL, NULL, NULL, '2017-05-04 14:14:41', '2017-05-04 14:14:41', '7a8da879-2136-4bc9-a5ba-728e2fb5218f'),
 ('300', '156', 'en_us', 'Интеллектуальная собственность', NULL, NULL, NULL, NULL, NULL, NULL, NULL, NULL, NULL, NULL, NULL, NULL, NULL, NULL, NULL, NULL, NULL, NULL, NULL, NULL, NULL, NULL, NULL, NULL, '<ul><li>Регистрация товарного знака (бренда, слогана, логотипа, знака обслуживания);</li><li>Международная регистрация товарных знаков;</li><li>Международное патентование;</li><li>Внесение в таможенный реестр и борьба с незаконным импортом;</li><li>Разработка и регистрация лицензионных договоров, договоров отчуждения, договоров коммерческой концессии (франчайзинга).</li></ul>', NULL, NULL, 'height--standart', NULL, NULL, NULL, NULL, NULL, '2017-05-04 14:14:41', '2017-05-04 14:14:41', '824c98c5-eb0b-48f7-91c7-5066e78b78ca'),
 ('301', '157', 'ru', 'Антимонопольное законодательство', NULL, NULL, NULL, NULL, NULL, NULL, NULL, NULL, NULL, NULL, NULL, NULL, NULL, NULL, NULL, NULL, NULL, NULL, NULL, NULL, NULL, NULL, NULL, NULL, '<ul><li>Консультации по вопросам применения антимонопольного законодательства</li><li>Правовая поддержка компаний в ходе проверок ФАС России</li><li>Представление интересов клиентов при рассмотрении дел в ФАС России</li><li>Сопровождение клиентов в ходе судебных споров с антитрастовым органом</li><li>Правовая помощь в сфере государственных закупок и регулирования торговой деятельности</li><li>Консультирование по законодательству в сфере рекламы</li><li>Сопровождение тендерных процедур</li></ul>', NULL, NULL, 'height--standart', NULL, NULL, NULL, NULL, NULL, '2017-05-04 14:15:17', '2017-05-04 14:15:17', '0e808bd2-5ba7-46b4-acc4-57e6c5da5b0d'),
 ('302', '157', 'en_us', 'Антимонопольное законодательство', NULL, NULL, NULL, NULL, NULL, NULL, NULL, NULL, NULL, NULL, NULL, NULL, NULL, NULL, NULL, NULL, NULL, NULL, NULL, NULL, NULL, NULL, NULL, NULL, '<ul><li>Консультации по вопросам применения антимонопольного законодательства</li><li>Правовая поддержка компаний в ходе проверок ФАС России</li><li>Представление интересов клиентов при рассмотрении дел в ФАС России</li><li>Сопровождение клиентов в ходе судебных споров с антитрастовым органом</li><li>Правовая помощь в сфере государственных закупок и регулирования торговой деятельности</li><li>Консультирование по законодательству в сфере рекламы</li><li>Сопровождение тендерных процедур</li></ul>', NULL, NULL, 'height--standart', NULL, NULL, NULL, NULL, NULL, '2017-05-04 14:15:17', '2017-05-04 14:15:17', '999e5255-f16a-4830-96a9-b5e1a39d0c6e'),
 ('303', '158', 'ru', 'Валютное регулирование и таможенное право', NULL, NULL, NULL, NULL, NULL, NULL, NULL, NULL, NULL, NULL, NULL, NULL, NULL, NULL, NULL, NULL, NULL, NULL, NULL, NULL, NULL, NULL, NULL, NULL, '<ul><li>Аудит сделок, направленный на выявление рисков несоответствия валютному законодательству;</li><li>Правовая поддержка при составлении паспортов сделок, оформлении документов учета и отчетности для валютного контроля;</li><li>Юридическое сопровождение в спорах с контролирующими органами;</li><li>Представление интересов участников ВЭД на всех стадиях исполнения контракта;</li><li>Обжалование штрафов.</li></ul>', NULL, NULL, 'height--standart', NULL, NULL, NULL, NULL, NULL, '2017-05-04 14:15:50', '2017-05-04 14:15:50', 'afa79137-b130-45d1-a4f0-e20efccc8d52'),
 ('304', '158', 'en_us', 'Валютное регулирование и таможенное право', NULL, NULL, NULL, NULL, NULL, NULL, NULL, NULL, NULL, NULL, NULL, NULL, NULL, NULL, NULL, NULL, NULL, NULL, NULL, NULL, NULL, NULL, NULL, NULL, '<ul><li>Аудит сделок, направленный на выявление рисков несоответствия валютному законодательству;</li><li>Правовая поддержка при составлении паспортов сделок, оформлении документов учета и отчетности для валютного контроля;</li><li>Юридическое сопровождение в спорах с контролирующими органами;</li><li>Представление интересов участников ВЭД на всех стадиях исполнения контракта;</li><li>Обжалование штрафов.</li></ul>', NULL, NULL, 'height--standart', NULL, NULL, NULL, NULL, NULL, '2017-05-04 14:15:50', '2017-05-04 14:15:50', '7a97a239-540d-43a7-8c6f-edbd0d717617'),
 ('305', '159', 'ru', 'Трудовое и миграционное право', NULL, NULL, NULL, NULL, NULL, NULL, NULL, NULL, NULL, NULL, NULL, NULL, NULL, NULL, NULL, NULL, NULL, NULL, NULL, NULL, NULL, NULL, NULL, NULL, '<ul><li>Сопровождение увольнения проблемных работников;</li><li>Разработка всех видов документов, необходимых компании в трудовых отношениях;</li><li>Урегулирование трудовых споров в досудебном порядке, проведение переговоров с работниками;</li><li>Представление интересов работодателя в трудовой инспекции, суде, прокуратуре;</li><li>Консультирование по сложным и стандартным вопросам трудового права</li></ul>', NULL, NULL, 'height--standart', NULL, NULL, NULL, NULL, NULL, '2017-05-04 14:16:45', '2017-05-04 14:16:45', '389d1af9-a4e1-4474-93e5-a2196ebd8cf6'),
 ('306', '159', 'en_us', 'Трудовое и миграционное право', NULL, NULL, NULL, NULL, NULL, NULL, NULL, NULL, NULL, NULL, NULL, NULL, NULL, NULL, NULL, NULL, NULL, NULL, NULL, NULL, NULL, NULL, NULL, NULL, '<ul><li>Сопровождение увольнения проблемных работников;</li><li>Разработка всех видов документов, необходимых компании в трудовых отношениях;</li><li>Урегулирование трудовых споров в досудебном порядке, проведение переговоров с работниками;</li><li>Представление интересов работодателя в трудовой инспекции, суде, прокуратуре;</li><li>Консультирование по сложным и стандартным вопросам трудового права</li></ul>', NULL, NULL, 'height--standart', NULL, NULL, NULL, NULL, NULL, '2017-05-04 14:16:45', '2017-05-04 14:16:45', 'c501c601-886c-4e2e-8a16-4cb788dc9812'),
 ('307', '160', 'ru', 'Оценка недвижимости', NULL, NULL, NULL, NULL, NULL, NULL, NULL, NULL, NULL, NULL, NULL, NULL, NULL, NULL, NULL, NULL, NULL, NULL, NULL, NULL, NULL, NULL, NULL, NULL, '<p>Переменчивость рынка недвижимости, а также регулярные изменения в системе налогообложения, сделали услуги по оценке стоимости недвижимости востребованными, да и просто необходимыми как для организаций, так и для частных лиц.  Владение точной и объективной информацией о стоимости имеющейся недвижимости помогает значительно ускорить процесс проведение сделок по купле-продаже или аренде, вступить в права наследства, застраховать имущество, упростить процедуру подсчетов и выплаты налогов, а также дает четкое представление об актуальной цене находящегося в собственности недвижимого имущества. Наша команда обладает широким опытом решения самых разнообразных задач любого масштаба и сложности. Накопленный огромный опыт оценки объектов от типовых до крайне специфических позволяет нам уверенно и оперативно решать любые задачи по оценке недвижимого имущества любого типа, как на территории России, так и за рубежом.</p>', NULL, NULL, 'height--standart', NULL, NULL, NULL, NULL, NULL, '2017-05-04 14:20:33', '2017-05-04 14:20:33', '5995f0b0-1058-42e9-91ba-752d2b06cbf0'),
 ('308', '160', 'en_us', 'Оценка недвижимости', NULL, NULL, NULL, NULL, NULL, NULL, NULL, NULL, NULL, NULL, NULL, NULL, NULL, NULL, NULL, NULL, NULL, NULL, NULL, NULL, NULL, NULL, NULL, NULL, '<p>Переменчивость рынка недвижимости, а также регулярные изменения в системе налогообложения, сделали услуги по оценке стоимости недвижимости востребованными, да и просто необходимыми как для организаций, так и для частных лиц.  Владение точной и объективной информацией о стоимости имеющейся недвижимости помогает значительно ускорить процесс проведение сделок по купле-продаже или аренде, вступить в права наследства, застраховать имущество, упростить процедуру подсчетов и выплаты налогов, а также дает четкое представление об актуальной цене находящегося в собственности недвижимого имущества. Наша команда обладает широким опытом решения самых разнообразных задач любого масштаба и сложности. Накопленный огромный опыт оценки объектов от типовых до крайне специфических позволяет нам уверенно и оперативно решать любые задачи по оценке недвижимого имущества любого типа, как на территории России, так и за рубежом.</p>', NULL, NULL, 'height--standart', NULL, NULL, NULL, NULL, NULL, '2017-05-04 14:20:33', '2017-05-04 14:20:33', '4761427c-085f-4b5e-8993-c6028d8071fb'),
 ('309', '161', 'ru', 'Оценка движимого имущества', NULL, NULL, NULL, NULL, NULL, NULL, NULL, NULL, NULL, NULL, NULL, NULL, NULL, NULL, NULL, NULL, NULL, NULL, NULL, NULL, NULL, NULL, NULL, NULL, '<p>Под термином «движимое имущество» в оценочной деятельности понимается очень широкий спектр объектов имущества от офисной техники до технологических комплексов занимающих площадь целых зданий. Услуга оценки движимого имущества очень востребована, так как каждое предприятие в своей деятельности применяет различные типы движимого имущества в виде различных машин и оборудования, установок, аппаратов, приборов, механизмов, инструментов, транспортных средств, мебели, средств связи, вычислительной техники и т.д.</p><p>Эксперты нашей компании обладают огромным опытом в решении задач по оценке различного типа движимого имущества от типовых объектов до узкоспециализированных, представленных на рынке страны в единичных экземплярах. Наша компетенция подтверждается постоянным успешным сотрудничеством с крупными технологическими компаниями, являющимися собственниками большого объема специализированного оборудования.</p>', NULL, NULL, 'height--standart', NULL, NULL, NULL, NULL, NULL, '2017-05-04 14:21:09', '2017-05-04 14:21:09', 'd096bb00-5833-4d41-b21f-70d1feb10285'),
 ('310', '161', 'en_us', 'Оценка движимого имущества', NULL, NULL, NULL, NULL, NULL, NULL, NULL, NULL, NULL, NULL, NULL, NULL, NULL, NULL, NULL, NULL, NULL, NULL, NULL, NULL, NULL, NULL, NULL, NULL, '<p>Под термином «движимое имущество» в оценочной деятельности понимается очень широкий спектр объектов имущества от офисной техники до технологических комплексов занимающих площадь целых зданий. Услуга оценки движимого имущества очень востребована, так как каждое предприятие в своей деятельности применяет различные типы движимого имущества в виде различных машин и оборудования, установок, аппаратов, приборов, механизмов, инструментов, транспортных средств, мебели, средств связи, вычислительной техники и т.д.</p><p>Эксперты нашей компании обладают огромным опытом в решении задач по оценке различного типа движимого имущества от типовых объектов до узкоспециализированных, представленных на рынке страны в единичных экземплярах. Наша компетенция подтверждается постоянным успешным сотрудничеством с крупными технологическими компаниями, являющимися собственниками большого объема специализированного оборудования.</p>', NULL, NULL, 'height--standart', NULL, NULL, NULL, NULL, NULL, '2017-05-04 14:21:09', '2017-05-04 14:21:09', '75abd1b3-8679-4157-bb0a-b1583fba6e3c'),
 ('311', '162', 'ru', 'Оценка имущественных комплексов', NULL, NULL, NULL, NULL, NULL, NULL, NULL, NULL, NULL, NULL, NULL, NULL, NULL, NULL, NULL, NULL, NULL, NULL, NULL, NULL, NULL, NULL, NULL, NULL, '<p>Имущественный комплекс – комплекс имущественных прав юридического лица на все объекты, задействованные в осуществлении предпринимательской деятельности, он включает в себя материальные и нематериальные активы. Он представляет собой особый вид актива, требующий специальной системы оценки с использованием большого набора принципов и методик оценки, а также аналитических процедур. Оценка имущественных комплексов является одним из важнейших направлений в оценочной деятельности. Основное отличие оценки имущественных комплексов от оценки бизнеса  – абстрагирование от текущего использования оцениваемого имущества и текущего финансового состояния его собственника.</p><p>Используемый нами в процессе оценки профессиональный подход к анализу всех компонентов, являющихся составной частью имущественного комплекса позволяет собственнику получать объективную картину о ценности имеющегося имущества, и принимать взвешенные решения относительно использования, как всего имущества, так и его частей. </p>', NULL, NULL, 'height--standart', NULL, NULL, NULL, NULL, NULL, '2017-05-04 14:21:39', '2017-05-04 14:21:39', '6e9be4f5-feaa-4e0a-a079-a102fc84c0ca'),
 ('312', '162', 'en_us', 'Оценка имущественных комплексов', NULL, NULL, NULL, NULL, NULL, NULL, NULL, NULL, NULL, NULL, NULL, NULL, NULL, NULL, NULL, NULL, NULL, NULL, NULL, NULL, NULL, NULL, NULL, NULL, '<p>Имущественный комплекс – комплекс имущественных прав юридического лица на все объекты, задействованные в осуществлении предпринимательской деятельности, он включает в себя материальные и нематериальные активы. Он представляет собой особый вид актива, требующий специальной системы оценки с использованием большого набора принципов и методик оценки, а также аналитических процедур. Оценка имущественных комплексов является одним из важнейших направлений в оценочной деятельности. Основное отличие оценки имущественных комплексов от оценки бизнеса  – абстрагирование от текущего использования оцениваемого имущества и текущего финансового состояния его собственника.</p><p>Используемый нами в процессе оценки профессиональный подход к анализу всех компонентов, являющихся составной частью имущественного комплекса позволяет собственнику получать объективную картину о ценности имеющегося имущества, и принимать взвешенные решения относительно использования, как всего имущества, так и его частей. </p>', NULL, NULL, 'height--standart', NULL, NULL, NULL, NULL, NULL, '2017-05-04 14:21:39', '2017-05-04 14:21:39', '572a4833-3e8f-4ad4-848e-cc6f875e674d'),
 ('313', '163', 'ru', 'Оценка бизнеса', NULL, NULL, NULL, NULL, NULL, NULL, NULL, NULL, NULL, NULL, NULL, NULL, NULL, NULL, NULL, NULL, NULL, NULL, NULL, NULL, NULL, NULL, NULL, NULL, '<p>Компания обладает значительным опытом в области оценки бизнеса. Направление оценки бизнеса развивается с 1999 года, когда первым серьезным проектом стала оценка бизнеса Ракетно-космической корпорации \"Энергия\". Накопленный опыт позволил нам сформировать методологии, нашедшие признание в оценочной и экспертной среде и выработать внутрифирменные стандарты оценки бизнеса, основанные на международных и российских стандартах. Команда экспертов компании имеют уникальную информационную базу благодаря сотрудничеству с ведущими Российскими и международными организациями, такими как Bloomberg, Morningstar/Ibbotson, Shannon Pratt\'s Valuation, СКРИН и т.д.</p><p>Хорошая методологическая и информационная обеспеченность в совокупности с глубоким знанием отраслевой специфики позволяет нашим специалистам быть настоящими профессионалами в работе с основными секторами российской экономики. В активе компании имеется более 700 успешно завершенных проектов по оценке бизнеса в различных отраслях. Мы обладаем опытом проведения оценки бизнеса не только в России, но также в таких странах как: ЮАР, Италии, Казахстане, Белоруссии, Узбекистане и Украине.</p>', NULL, NULL, 'height--standart', NULL, NULL, NULL, NULL, NULL, '2017-05-04 14:22:02', '2017-05-04 14:22:02', '6956a8ea-6aa7-4a72-a95c-68c612b42480'),
 ('314', '163', 'en_us', 'Оценка бизнеса', NULL, NULL, NULL, NULL, NULL, NULL, NULL, NULL, NULL, NULL, NULL, NULL, NULL, NULL, NULL, NULL, NULL, NULL, NULL, NULL, NULL, NULL, NULL, NULL, '<p>Компания обладает значительным опытом в области оценки бизнеса. Направление оценки бизнеса развивается с 1999 года, когда первым серьезным проектом стала оценка бизнеса Ракетно-космической корпорации \"Энергия\". Накопленный опыт позволил нам сформировать методологии, нашедшие признание в оценочной и экспертной среде и выработать внутрифирменные стандарты оценки бизнеса, основанные на международных и российских стандартах. Команда экспертов компании имеют уникальную информационную базу благодаря сотрудничеству с ведущими Российскими и международными организациями, такими как Bloomberg, Morningstar/Ibbotson, Shannon Pratt\'s Valuation, СКРИН и т.д.</p><p>Хорошая методологическая и информационная обеспеченность в совокупности с глубоким знанием отраслевой специфики позволяет нашим специалистам быть настоящими профессионалами в работе с основными секторами российской экономики. В активе компании имеется более 700 успешно завершенных проектов по оценке бизнеса в различных отраслях. Мы обладаем опытом проведения оценки бизнеса не только в России, но также в таких странах как: ЮАР, Италии, Казахстане, Белоруссии, Узбекистане и Украине.</p>', NULL, NULL, 'height--standart', NULL, NULL, NULL, NULL, NULL, '2017-05-04 14:22:02', '2017-05-04 14:22:02', 'f81f562d-981d-4289-b0b3-425036223d66'),
 ('315', '164', 'ru', 'Оценка для целей МСФО', NULL, NULL, NULL, NULL, NULL, NULL, NULL, NULL, NULL, NULL, NULL, NULL, NULL, NULL, NULL, NULL, NULL, NULL, NULL, NULL, NULL, NULL, NULL, NULL, '<p>Оценка для МСФО – это процедура, устанавливающая стоимость активов хозсубъекта на основе международных стандартов оценки и финансовой отчетности. Оценка для целей МСФО важный фактор, влияющий на достоверность и точность финансовой отчетности. Для определения стоимости и идентификации активов компании необходимы услуги профессионального оценщика, знающего стандарты МСФО.</p><p>Оценка для целей МСФО является одной из отраслевых практик нашей Компании. В рамках проведения работ мы используем российский и зарубежный практический опыт. В проектах по МСФО задействовано более 30 высококвалифицированных специалистов, профессионализм которых обеспечен глубоким знанием российской деловой среды и большим опытом работы в области оценки.</p><p>Наша компания заслуженно входит в десятку крупнейших оценочных компаний по объему выполняемых работ по переоценке активов, основных средств, в т.ч. в целях МСФО. Компания обладает богатым опытом успешного сотрудничества и взаимодействия с аудиторскими компаниями \"большой четверки\" по согласованию отчетов, выполненных для целей МСФО в различных сферах экономики.</p>', NULL, NULL, 'height--standart', NULL, NULL, NULL, NULL, NULL, '2017-05-04 14:22:49', '2017-05-04 14:22:49', '5874d9da-8f39-4484-b4d9-16b038031823'),
 ('316', '164', 'en_us', 'Оценка для целей МСФО', NULL, NULL, NULL, NULL, NULL, NULL, NULL, NULL, NULL, NULL, NULL, NULL, NULL, NULL, NULL, NULL, NULL, NULL, NULL, NULL, NULL, NULL, NULL, NULL, '<p>Оценка для МСФО – это процедура, устанавливающая стоимость активов хозсубъекта на основе международных стандартов оценки и финансовой отчетности. Оценка для целей МСФО важный фактор, влияющий на достоверность и точность финансовой отчетности. Для определения стоимости и идентификации активов компании необходимы услуги профессионального оценщика, знающего стандарты МСФО.</p><p>Оценка для целей МСФО является одной из отраслевых практик нашей Компании. В рамках проведения работ мы используем российский и зарубежный практический опыт. В проектах по МСФО задействовано более 30 высококвалифицированных специалистов, профессионализм которых обеспечен глубоким знанием российской деловой среды и большим опытом работы в области оценки.</p><p>Наша компания заслуженно входит в десятку крупнейших оценочных компаний по объему выполняемых работ по переоценке активов, основных средств, в т.ч. в целях МСФО. Компания обладает богатым опытом успешного сотрудничества и взаимодействия с аудиторскими компаниями \"большой четверки\" по согласованию отчетов, выполненных для целей МСФО в различных сферах экономики.</p>', NULL, NULL, 'height--standart', NULL, NULL, NULL, NULL, NULL, '2017-05-04 14:22:49', '2017-05-04 14:22:49', '5e329c67-7f92-45f9-b1d3-a0fde38716eb'),
 ('317', '165', 'ru', 'Оценка нематериальных активов', NULL, NULL, NULL, NULL, NULL, NULL, NULL, NULL, NULL, NULL, NULL, NULL, NULL, NULL, NULL, NULL, NULL, NULL, NULL, NULL, NULL, NULL, NULL, NULL, '<p>Оценка нематериальных активов – это очень трудоемкая процедура, которая требует большого опыта и высокой квалификации исполнителя, однако важность контроля стоимости нематериальных активов предприятия с течением времени встает всё острее. В постиндустриальную, информационную эпоху нематериальные активы зачастую становятся одними из основных активов многих предприятий.</p><p>Специалисты компании обладают уникальным опытом в проведении работ по оценке нематериальных активов и интеллектуальной собственности. С нашей помощью клиент получает полную картину ценности неосязаемых активов своего бизнеса, что делает его более осведомленным при принятии управленческих решений и получать более полный эффект от оперирования имеющимися у него нематериальными активами. Наша компания наработала высокую компетенцию и входит в десятку крупнейших оценочных компаний по объему выполненных работ по оценке нематериальных активов и интеллектуальной собственности. </p>', NULL, NULL, 'height--standart', NULL, NULL, NULL, NULL, NULL, '2017-05-04 14:23:13', '2017-05-04 14:23:13', 'd2b3af82-2989-4887-a3d1-dda0cba21574'),
 ('318', '165', 'en_us', 'Оценка нематериальных активов', NULL, NULL, NULL, NULL, NULL, NULL, NULL, NULL, NULL, NULL, NULL, NULL, NULL, NULL, NULL, NULL, NULL, NULL, NULL, NULL, NULL, NULL, NULL, NULL, '<p>Оценка нематериальных активов – это очень трудоемкая процедура, которая требует большого опыта и высокой квалификации исполнителя, однако важность контроля стоимости нематериальных активов предприятия с течением времени встает всё острее. В постиндустриальную, информационную эпоху нематериальные активы зачастую становятся одними из основных активов многих предприятий.</p><p>Специалисты компании обладают уникальным опытом в проведении работ по оценке нематериальных активов и интеллектуальной собственности. С нашей помощью клиент получает полную картину ценности неосязаемых активов своего бизнеса, что делает его более осведомленным при принятии управленческих решений и получать более полный эффект от оперирования имеющимися у него нематериальными активами. Наша компания наработала высокую компетенцию и входит в десятку крупнейших оценочных компаний по объему выполненных работ по оценке нематериальных активов и интеллектуальной собственности. </p>', NULL, NULL, 'height--standart', NULL, NULL, NULL, NULL, NULL, '2017-05-04 14:23:14', '2017-05-04 14:23:14', 'e3ac0890-f9cc-48f6-b534-b2edf7356b51'),
 ('319', '166', 'ru', 'Оценка инвестиционных проектов / инвестиционный консалтинг', NULL, NULL, NULL, NULL, NULL, NULL, NULL, NULL, NULL, NULL, NULL, NULL, NULL, NULL, NULL, NULL, NULL, NULL, NULL, NULL, NULL, NULL, NULL, NULL, '<p>Инвестиционный консалтинг наиболее актуален для компаний, находящихся в процессе постоянного развития, когда есть необходимость в привлечении инвестиций, без которых могут быть утеряны конкурентные преимущества. В рамках оценки инвестиционных проектов опытные специалисты нашей компании помогают клиенту выявить ключевые факторы, определяющие идею проекта, спрогнозировать формирование спроса и определять потенциальную емкость рынка, а также подготовить детальную характеристику продукта с точки зрения соответствия потребностям потенциального покупателя.</p><p>Потребность во внешнем советнике у средних и крупных компаний возникает при каждой значимой сделке. По своей сути, оценка стоимости инвестиционного проекта сводится к построению грамотной и обоснованной бизнес-модели с учетом огромного количества влияющих на проект факторов и расчетом основных финансово-экономических показателей.</p>', NULL, NULL, 'height--standart', NULL, NULL, NULL, NULL, NULL, '2017-05-04 14:24:08', '2017-05-04 14:24:08', 'b4d39496-0cf5-4616-a76e-82f30798b97a'),
 ('320', '166', 'en_us', 'Оценка инвестиционных проектов / инвестиционный консалтинг', NULL, NULL, NULL, NULL, NULL, NULL, NULL, NULL, NULL, NULL, NULL, NULL, NULL, NULL, NULL, NULL, NULL, NULL, NULL, NULL, NULL, NULL, NULL, NULL, '<p>Инвестиционный консалтинг наиболее актуален для компаний, находящихся в процессе постоянного развития, когда есть необходимость в привлечении инвестиций, без которых могут быть утеряны конкурентные преимущества. В рамках оценки инвестиционных проектов опытные специалисты нашей компании помогают клиенту выявить ключевые факторы, определяющие идею проекта, спрогнозировать формирование спроса и определять потенциальную емкость рынка, а также подготовить детальную характеристику продукта с точки зрения соответствия потребностям потенциального покупателя.</p><p>Потребность во внешнем советнике у средних и крупных компаний возникает при каждой значимой сделке. По своей сути, оценка стоимости инвестиционного проекта сводится к построению грамотной и обоснованной бизнес-модели с учетом огромного количества влияющих на проект факторов и расчетом основных финансово-экономических показателей.</p>', NULL, NULL, 'height--standart', NULL, NULL, NULL, NULL, NULL, '2017-05-04 14:24:08', '2017-05-04 14:24:08', '06b0398d-4048-48ee-b060-71c06a09f258'),
 ('321', '167', 'ru', 'Финансовое моделирование', NULL, NULL, NULL, NULL, NULL, NULL, NULL, NULL, NULL, NULL, NULL, NULL, NULL, NULL, NULL, NULL, NULL, NULL, NULL, NULL, NULL, NULL, NULL, NULL, '<p>Финансовое моделирование позволяет предусмотреть риски, подготовиться к возможным сценариям развития ситуации, контролировать ход реализации проекта.</p><p>Разовое же моделирование, как правило, производится для оценки эффективности отдельных проектов. Когда инвестиционный проект становится действующим предприятием, тогда его финансовая модель и плановые бюджеты при дополнительной детализации трансформируются в управленческие.<br />Предлагаем услуги финансового моделирования различного уровня сложности. Предоставим финансовую модель соответствующую международным стандартам либо требованиям вашего банка или инвестора в максимально детализированном виде.</p>', NULL, NULL, 'height--standart', NULL, NULL, NULL, NULL, NULL, '2017-05-04 14:24:31', '2017-05-04 14:24:31', 'ee1c7d64-5fe1-4ee3-9357-cf48df7833b3'),
 ('322', '167', 'en_us', 'Финансовое моделирование', NULL, NULL, NULL, NULL, NULL, NULL, NULL, NULL, NULL, NULL, NULL, NULL, NULL, NULL, NULL, NULL, NULL, NULL, NULL, NULL, NULL, NULL, NULL, NULL, '<p>Финансовое моделирование позволяет предусмотреть риски, подготовиться к возможным сценариям развития ситуации, контролировать ход реализации проекта.</p><p>Разовое же моделирование, как правило, производится для оценки эффективности отдельных проектов. Когда инвестиционный проект становится действующим предприятием, тогда его финансовая модель и плановые бюджеты при дополнительной детализации трансформируются в управленческие.<br />Предлагаем услуги финансового моделирования различного уровня сложности. Предоставим финансовую модель соответствующую международным стандартам либо требованиям вашего банка или инвестора в максимально детализированном виде.</p>', NULL, NULL, 'height--standart', NULL, NULL, NULL, NULL, NULL, '2017-05-04 14:24:31', '2017-05-04 14:24:31', '18cbef90-ec08-4954-ae99-947db1798a44');



DROP TABLE IF EXISTS `craft_deprecationerrors`;


--
-- Schema for table `craft_deprecationerrors`
--
CREATE TABLE `craft_deprecationerrors` (
  `id` int(11) NOT NULL AUTO_INCREMENT,
  `key` varchar(255) COLLATE utf8_unicode_ci NOT NULL,
  `fingerprint` varchar(255) COLLATE utf8_unicode_ci NOT NULL,
  `lastOccurrence` datetime NOT NULL,
  `file` varchar(255) COLLATE utf8_unicode_ci NOT NULL,
  `line` smallint(6) unsigned NOT NULL,
  `class` varchar(255) COLLATE utf8_unicode_ci DEFAULT NULL,
  `method` varchar(255) COLLATE utf8_unicode_ci DEFAULT NULL,
  `template` varchar(255) COLLATE utf8_unicode_ci DEFAULT NULL,
  `templateLine` smallint(6) unsigned DEFAULT NULL,
  `message` varchar(255) COLLATE utf8_unicode_ci DEFAULT NULL,
  `traces` text COLLATE utf8_unicode_ci,
  `dateCreated` datetime NOT NULL,
  `dateUpdated` datetime NOT NULL,
  `uid` char(36) COLLATE utf8_unicode_ci NOT NULL DEFAULT '0',
  PRIMARY KEY (`id`),
  UNIQUE KEY `craft_deprecationerrors_key_fingerprint_unq_idx` (`key`,`fingerprint`)
) ENGINE=InnoDB DEFAULT CHARSET=utf8 COLLATE=utf8_unicode_ci;

DROP TABLE IF EXISTS `craft_elementindexsettings`;


--
-- Schema for table `craft_elementindexsettings`
--
CREATE TABLE `craft_elementindexsettings` (
  `id` int(11) NOT NULL AUTO_INCREMENT,
  `type` varchar(150) COLLATE utf8_unicode_ci NOT NULL,
  `settings` text COLLATE utf8_unicode_ci,
  `dateCreated` datetime NOT NULL,
  `dateUpdated` datetime NOT NULL,
  `uid` char(36) COLLATE utf8_unicode_ci NOT NULL DEFAULT '0',
  PRIMARY KEY (`id`),
  UNIQUE KEY `craft_elementindexsettings_type_unq_idx` (`type`)
) ENGINE=InnoDB AUTO_INCREMENT=9 DEFAULT CHARSET=utf8 COLLATE=utf8_unicode_ci;

--
-- Data for table `craft_elementindexsettings`
--

INSERT INTO `craft_elementindexsettings` (`id`, `type`, `settings`, `dateCreated`, `dateUpdated`, `uid`) VALUES
 ('1', 'Category', '{\"sources\":{\"group:2\":{\"tableAttributes\":{\"1\":\"link\",\"2\":\"uri\"}}}}', '2017-04-27 16:14:32', '2017-04-27 16:14:32', 'ecf6e544-d400-4fe0-9a06-d491741520fe'),
 ('2', 'Entry', '{\"sources\":{\"section:3\":{\"tableAttributes\":{\"1\":\"postDate\",\"2\":\"expiryDate\",\"3\":\"author\",\"4\":\"link\",\"5\":\"uri\",\"6\":\"field:7\",\"7\":\"field:3\"}},\"section:4\":{\"tableAttributes\":{\"1\":\"postDate\",\"2\":\"expiryDate\",\"3\":\"author\",\"4\":\"link\",\"5\":\"type\"}},\"section:6\":{\"tableAttributes\":{\"1\":\"postDate\",\"2\":\"expiryDate\",\"3\":\"author\",\"4\":\"link\",\"5\":\"field:38\",\"6\":\"field:37\"}}}}', '2017-04-27 16:15:05', '2017-05-04 11:41:59', '5178f7ae-2359-4260-a088-d085a41c4361');



DROP TABLE IF EXISTS `craft_elements`;


--
-- Schema for table `craft_elements`
--
CREATE TABLE `craft_elements` (
  `id` int(11) NOT NULL AUTO_INCREMENT,
  `type` varchar(150) COLLATE utf8_unicode_ci NOT NULL,
  `enabled` tinyint(1) unsigned NOT NULL DEFAULT '1',
  `archived` tinyint(1) unsigned NOT NULL DEFAULT '0',
  `dateCreated` datetime NOT NULL,
  `dateUpdated` datetime NOT NULL,
  `uid` char(36) COLLATE utf8_unicode_ci NOT NULL DEFAULT '0',
  PRIMARY KEY (`id`),
  KEY `craft_elements_type_idx` (`type`),
  KEY `craft_elements_enabled_idx` (`enabled`),
  KEY `craft_elements_archived_dateCreated_idx` (`archived`,`dateCreated`)
) ENGINE=InnoDB AUTO_INCREMENT=168 DEFAULT CHARSET=utf8 COLLATE=utf8_unicode_ci;

--
-- Data for table `craft_elements`
--

INSERT INTO `craft_elements` (`id`, `type`, `enabled`, `archived`, `dateCreated`, `dateUpdated`, `uid`) VALUES
 ('1', 'User', '1', '0', '2017-04-27 15:30:00', '2017-04-27 15:30:00', '8dae7373-6b33-410f-82f7-3dbe98d274c7'),
 ('2', 'Entry', '1', '0', '2017-04-27 15:30:05', '2017-04-27 15:38:55', '65f67759-2bf0-4527-aa7b-4f2f8526f7c5'),
 ('3', 'Entry', '1', '0', '2017-04-27 15:30:05', '2017-04-28 09:58:29', 'a43ed5a6-3f81-4296-a3d2-7560d88bf911'),
 ('4', 'Category', '1', '0', '2017-04-27 16:06:30', '2017-05-03 12:16:18', 'e3e508a8-b36c-4b69-9b24-7ad0a2dd5a2c'),
 ('5', 'Category', '1', '0', '2017-04-27 16:06:56', '2017-05-03 10:46:38', 'de9beb13-822c-424c-87ff-00fc6ac5e689'),
 ('6', 'Category', '1', '0', '2017-04-27 16:08:32', '2017-05-03 10:53:47', '710ea3e5-1e16-4b4a-9790-ae71e64d6760'),
 ('7', 'Category', '1', '0', '2017-04-27 16:11:27', '2017-04-27 16:11:48', '56ea270c-6b22-4a18-8b29-492368385478'),
 ('8', 'Category', '1', '0', '2017-04-27 16:12:12', '2017-04-27 16:12:19', '0ea4fe76-42c8-4a16-a70b-7d50b989a9d7'),
 ('9', 'Category', '1', '0', '2017-04-27 16:13:20', '2017-04-27 16:13:31', '3896f483-9b7a-4e76-a4ee-72b6f3a279cc'),
 ('10', 'Category', '1', '0', '2017-04-27 16:14:05', '2017-04-27 16:14:18', '57145298-ad99-4241-9165-f690eed75f61'),
 ('18', 'Entry', '1', '0', '2017-04-27 22:24:29', '2017-04-27 22:24:29', '76b67a95-ae86-40e7-a7ef-8bae944c20d4'),
 ('19', 'MatrixBlock', '1', '0', '2017-04-27 22:24:30', '2017-04-27 22:24:30', 'bd6deec4-1624-4716-9568-403f59591f78'),
 ('23', 'Entry', '1', '0', '2017-04-28 11:25:37', '2017-04-28 11:25:37', '61a161ab-525d-4398-b1cd-6caa7f9ad212'),
 ('24', 'Entry', '1', '0', '2017-05-02 15:22:09', '2017-05-04 11:54:07', '0d5b6731-87fd-4aeb-93f8-002003191659'),
 ('25', 'Entry', '1', '0', '2017-05-02 15:22:22', '2017-05-04 11:53:28', 'cbc5fa0a-447d-422b-8afe-9f7b9e9155db'),
 ('26', 'Entry', '1', '0', '2017-05-02 15:22:31', '2017-05-02 15:22:31', 'c2287787-7aab-43bd-a4ff-e4d6f0c86e04'),
 ('27', 'Entry', '1', '0', '2017-05-02 15:22:40', '2017-05-02 15:22:40', '622ee834-ef25-4aae-9f24-af54644d377b'),
 ('28', 'Entry', '1', '0', '2017-05-02 15:22:49', '2017-05-02 15:22:49', '370d5fbb-d08e-47bc-9aee-4404740c2766'),
 ('29', 'Entry', '1', '0', '2017-05-02 15:22:57', '2017-05-04 14:18:30', '28b80cb8-cbb8-4188-8430-24b68842e125'),
 ('30', 'Entry', '1', '0', '2017-05-02 15:23:06', '2017-05-02 15:23:06', '70740104-8f6e-4612-9c75-6283ee6899e6'),
 ('31', 'Entry', '1', '0', '2017-05-02 15:23:16', '2017-05-02 15:23:16', '3f25683b-35cc-4fa6-8f4b-082deae1ccf1'),
 ('32', 'Entry', '1', '0', '2017-05-02 15:24:52', '2017-05-02 15:24:52', 'b4aa9a49-dbbe-4e69-9a70-3c14d7a01c6e'),
 ('33', 'Entry', '1', '0', '2017-05-02 15:25:02', '2017-05-02 15:25:02', '46528be3-951a-4901-bec2-1b8b0ba77022'),
 ('34', 'Entry', '1', '0', '2017-05-02 15:25:15', '2017-05-02 15:25:15', 'd8d3cf1f-9a89-4240-82c4-3ba8be4aa6c9'),
 ('35', 'Entry', '1', '0', '2017-05-02 15:25:39', '2017-05-02 15:25:39', '2d7431c6-fd8d-4987-b980-614ccf43e668'),
 ('36', 'Entry', '1', '0', '2017-05-02 15:25:48', '2017-05-04 11:26:42', '3ccbaf40-95eb-42e8-bc3c-3750d35072d2'),
 ('37', 'Entry', '1', '0', '2017-05-02 15:25:56', '2017-05-02 15:25:56', '3dd30620-b58e-46c2-a0cb-72a24d7f61e1'),
 ('38', 'Entry', '1', '0', '2017-05-02 15:26:30', '2017-05-02 15:26:30', '930fdd83-c21e-43a3-ac02-42b2c8545958'),
 ('39', 'Entry', '1', '0', '2017-05-02 15:27:07', '2017-05-02 15:27:07', '8c9dc1eb-f359-4826-b720-dd094908d086'),
 ('40', 'Entry', '1', '0', '2017-05-02 15:27:13', '2017-05-02 15:27:13', 'b9779845-9e33-4723-90f1-02b8ee6dea86'),
 ('41', 'Entry', '1', '0', '2017-05-02 15:27:21', '2017-05-02 15:27:21', '331e9aab-0fc0-426a-955b-ce1cc16c4327'),
 ('42', 'Entry', '1', '0', '2017-05-02 15:27:32', '2017-05-02 15:27:32', '68ef0b30-d75b-492e-8c12-a2e3bb4ca663'),
 ('43', 'Entry', '1', '0', '2017-05-02 15:27:41', '2017-05-02 15:27:41', '13d3e57c-449b-4c4c-a6fb-b3310e0f871a'),
 ('44', 'Entry', '1', '0', '2017-05-02 15:27:50', '2017-05-02 15:27:50', 'd5aeda1d-d927-446c-aeec-21e5d25789ab'),
 ('45', 'Entry', '1', '0', '2017-05-02 15:27:58', '2017-05-02 15:27:58', '3cae6235-a164-4dfc-a7ec-482af8d7e064'),
 ('46', 'Asset', '1', '0', '2017-05-02 15:29:04', '2017-05-02 15:29:04', 'a600b6ba-24f6-452c-a244-dc51818869b8'),
 ('53', 'Entry', '1', '0', '2017-05-03 10:09:46', '2017-05-03 10:11:33', '9600e9d6-8f7a-4ed4-b995-26f90bcec25f'),
 ('54', 'Entry', '1', '0', '2017-05-03 10:11:05', '2017-05-03 10:57:10', 'ac61941c-161f-4c29-a46b-6d35b16b1ae9'),
 ('55', 'Entry', '1', '0', '2017-05-03 10:11:16', '2017-05-03 10:12:06', '80a72f01-9b5c-40e8-aef5-8e094ece18b6'),
 ('56', 'Entry', '1', '0', '2017-05-03 10:11:54', '2017-05-03 10:11:54', '7db16192-12d5-4ac0-b474-327a0dfa1c08'),
 ('57', 'Entry', '1', '0', '2017-05-03 10:12:24', '2017-05-03 10:12:24', 'a6de6641-7b17-4fcc-af22-8a5da511dca9'),
 ('58', 'Entry', '1', '0', '2017-05-03 10:12:39', '2017-05-03 10:12:39', 'cb211c7b-cdc7-4144-a2d5-3bff0a3963a2'),
 ('59', 'Entry', '1', '0', '2017-05-03 10:13:32', '2017-05-03 10:13:32', '06e1dcb7-b04a-458a-9a95-113e3ebb5cce'),
 ('60', 'Entry', '1', '0', '2017-05-03 10:14:27', '2017-05-03 10:14:27', 'da9f2894-d2a8-4846-b273-fa3873851ce4'),
 ('61', 'Entry', '1', '0', '2017-05-03 10:22:34', '2017-05-03 10:22:34', 'f4482d6c-5dbb-469b-b4ae-9e36ed258b5c'),
 ('62', 'Entry', '1', '0', '2017-05-03 10:23:34', '2017-05-03 10:23:34', '94a61257-f7a5-47c3-a5fd-9bfd31639678'),
 ('63', 'Entry', '1', '0', '2017-05-03 10:24:58', '2017-05-03 10:24:58', '8fb5dac8-18cf-40b6-ab44-aff800c83dac'),
 ('64', 'Entry', '1', '0', '2017-05-03 10:25:17', '2017-05-03 10:25:17', 'e23c31c5-b1ac-4072-838b-9813504ec734'),
 ('65', 'Entry', '1', '0', '2017-05-03 10:25:38', '2017-05-03 10:25:38', 'c7f4db4b-aef8-42fc-8424-e5c71296dac5'),
 ('66', 'Entry', '1', '0', '2017-05-03 10:25:49', '2017-05-03 10:25:49', '3e4f008c-620c-43a9-999b-a7500976f53b'),
 ('67', 'Entry', '1', '0', '2017-05-03 10:26:00', '2017-05-03 10:26:00', '96acd253-52b4-471e-9dc4-7f678b31967a'),
 ('68', 'Entry', '1', '0', '2017-05-03 10:26:19', '2017-05-03 10:26:19', '3e81bfe0-c278-46ac-bf6f-636a4cdabbc4'),
 ('69', 'Entry', '1', '0', '2017-05-03 10:27:26', '2017-05-03 10:27:26', '38bc9e0c-add6-40c1-a7d5-c8c00d6e1e0c'),
 ('70', 'Entry', '1', '0', '2017-05-03 10:52:22', '2017-05-03 10:52:22', 'f5a7a501-424b-453e-82e3-900f67d1aae5'),
 ('71', 'Entry', '1', '0', '2017-05-03 10:54:26', '2017-05-03 10:54:26', '0b29dd52-fc11-471b-b41c-04e6726270bf'),
 ('72', 'Entry', '1', '0', '2017-05-03 10:54:42', '2017-05-03 11:32:01', '18d087eb-6b14-48a8-b1e0-3e58f6f61ea3'),
 ('73', 'GlobalSet', '1', '0', '2017-05-03 10:57:34', '2017-05-03 11:00:21', 'd452cd32-8052-4b38-a224-4de4290c83be'),
 ('74', 'Navee_Node', '1', '0', '2017-05-03 13:01:25', '2017-05-03 13:01:25', 'f63f460c-5254-46d9-a161-2c9a811f105c'),
 ('75', 'Navee_Node', '1', '0', '2017-05-03 13:02:06', '2017-05-03 13:02:06', 'c9dae1d6-1fde-4379-8326-454182bdb05f'),
 ('76', 'Navee_Node', '1', '0', '2017-05-03 13:11:14', '2017-05-03 13:11:14', '8bcd865f-ccb7-4b92-867e-e641724c79a7'),
 ('77', 'Navee_Node', '1', '0', '2017-05-03 13:11:27', '2017-05-03 13:11:27', '7341c628-5ad4-4a61-925a-f9ab9a201966'),
 ('79', 'Navee_Node', '1', '0', '2017-05-03 13:11:56', '2017-05-03 13:11:56', '1239c19a-0277-46b2-bcc1-0b30ec8e8611'),
 ('80', 'Navee_Node', '1', '0', '2017-05-03 13:12:22', '2017-05-03 13:12:22', '755624dc-2dd6-45aa-b5bf-811735cbf32d'),
 ('82', 'Navee_Node', '1', '0', '2017-05-03 13:17:50', '2017-05-03 13:22:47', 'c56aaaf2-0974-4c16-89b3-6b830e83c32b'),
 ('83', 'Navee_Node', '1', '0', '2017-05-03 13:18:47', '2017-05-03 13:18:47', '8393a509-71b9-4af7-bde6-1c32289f3e6a'),
 ('84', 'Entry', '1', '0', '2017-05-04 09:25:05', '2017-05-04 09:25:05', 'e3e8c6a4-5286-4a6f-89ea-b3189053a1d4'),
 ('85', 'Entry', '1', '0', '2017-05-04 09:27:54', '2017-05-04 09:27:54', '116d2d14-0f24-4e7d-b6a5-5f6965824719'),
 ('86', 'Entry', '1', '0', '2017-05-04 09:28:37', '2017-05-04 09:28:37', 'aa3b65f0-ed88-4b32-afb2-72bf6990fd63'),
 ('87', 'Entry', '1', '0', '2017-05-04 09:29:43', '2017-05-04 09:29:43', '916affe3-fe06-40a5-92bd-8a7667f8f4ad'),
 ('88', 'Entry', '1', '0', '2017-05-04 09:30:17', '2017-05-04 09:30:17', 'f8ce625e-21dc-4988-943c-d8b36e302370'),
 ('89', 'Entry', '1', '0', '2017-05-04 09:30:33', '2017-05-04 09:30:33', 'c5dbac6a-1cef-49a0-88c1-c27fbbe76a14'),
 ('90', 'Entry', '1', '0', '2017-05-04 09:30:53', '2017-05-04 09:30:53', '9ca342dc-8b49-4bde-ba5a-d3b01d83f435'),
 ('91', 'Entry', '1', '0', '2017-05-04 09:31:20', '2017-05-04 09:31:20', '98cabf7a-2584-4e5b-bba7-fbaedf4a3413'),
 ('92', 'Entry', '1', '0', '2017-05-04 09:31:36', '2017-05-04 09:31:36', 'd88929e5-6d10-4355-98bd-1c2110bbcd3b'),
 ('93', 'Entry', '1', '0', '2017-05-04 09:31:55', '2017-05-04 09:31:55', '04e58ef5-28ed-47b1-b4b4-7186a0fc6396'),
 ('94', 'Entry', '1', '0', '2017-05-04 09:32:14', '2017-05-04 09:32:14', '7309dd97-8327-43b9-a813-55b0b08635eb'),
 ('95', 'Category', '1', '0', '2017-05-04 10:58:45', '2017-05-04 10:58:45', '5a3e46f0-97b3-4f79-8a28-9d2b23688991'),
 ('96', 'Category', '1', '0', '2017-05-04 10:59:03', '2017-05-04 10:59:03', '86076c81-7ad9-4b95-b0b7-e83ac2fa8cc2'),
 ('97', 'Entry', '1', '0', '2017-05-04 11:02:35', '2017-05-04 11:08:38', 'b601e24d-f17e-4d59-ba68-16a6e023ea40'),
 ('98', 'Entry', '1', '0', '2017-05-04 11:04:09', '2017-05-04 11:06:26', '16fbfe6c-e215-47a1-a2eb-3382d713e81a'),
 ('99', 'Entry', '1', '0', '2017-05-04 11:07:25', '2017-05-04 11:07:25', '49ca2c12-74db-40da-8a9f-ce0e64cc2325'),
 ('100', 'Entry', '1', '0', '2017-05-04 11:09:35', '2017-05-04 11:09:35', 'd145ab3d-dd5c-4bc9-af16-d4d819a27020'),
 ('101', 'Entry', '1', '0', '2017-05-04 11:10:20', '2017-05-04 11:10:20', 'd2b132e9-d7cb-4597-8a68-396c29a97e6d'),
 ('102', 'Category', '1', '0', '2017-05-04 11:14:28', '2017-05-04 11:14:28', 'cec4d247-b499-415c-9da1-99ac6f8b89e4'),
 ('103', 'Entry', '1', '0', '2017-05-04 11:15:26', '2017-05-04 11:15:26', '40ae6b21-4ae8-4ff4-bdf1-7906e772f684'),
 ('104', 'Entry', '1', '0', '2017-05-04 11:16:14', '2017-05-04 11:16:14', 'fdab4be7-a814-4b41-a234-04fb47b26468'),
 ('105', 'Entry', '1', '0', '2017-05-04 11:17:32', '2017-05-04 11:17:32', '3b6d4fe5-ea06-4450-9470-edeb5adefe9f'),
 ('106', 'Entry', '1', '0', '2017-05-04 11:18:06', '2017-05-04 11:18:06', 'b8626f12-78a8-4ba5-90b7-74fab671c682'),
 ('107', 'Entry', '1', '0', '2017-05-04 11:19:03', '2017-05-04 11:19:03', 'e945e232-c33d-4257-9dbe-e5f5a6823a28'),
 ('108', 'Category', '1', '0', '2017-05-04 11:27:57', '2017-05-04 11:27:57', '945a35c7-a0e5-4a8d-8415-cc6ccf29a828'),
 ('109', 'Entry', '1', '0', '2017-05-04 11:29:18', '2017-05-04 11:37:17', '0bc503da-0d2b-4470-888e-4a34f1d79e67'),
 ('110', 'Entry', '1', '0', '2017-05-04 11:29:58', '2017-05-04 11:36:11', '7c1ada51-c211-4ed7-9e8e-344f2be2fe69'),
 ('111', 'Entry', '1', '0', '2017-05-04 11:30:37', '2017-05-04 11:35:30', 'f67841d0-4067-4041-9f78-1558048f7d6c'),
 ('112', 'Entry', '1', '0', '2017-05-04 11:31:37', '2017-05-04 11:35:07', 'a6ae2803-db5a-4b97-a7c0-bddb0c30382b'),
 ('113', 'Entry', '1', '0', '2017-05-04 11:33:20', '2017-05-04 11:34:53', 'e82bd24d-e5d0-47a9-af0f-670c737961dd'),
 ('114', 'Entry', '1', '0', '2017-05-04 11:40:20', '2017-05-04 11:40:20', '13d3cbee-4fa5-4d49-9c55-9feeba400f75'),
 ('115', 'Entry', '1', '0', '2017-05-04 11:41:37', '2017-05-04 11:41:37', '9eb3fb68-9778-47b7-9cee-53dcf92bae9d'),
 ('116', 'Category', '1', '0', '2017-05-04 11:47:43', '2017-05-04 11:47:43', 'ce721db4-cb3e-4123-a7ce-17f6359cb91f'),
 ('117', 'Entry', '1', '0', '2017-05-04 11:48:56', '2017-05-04 11:48:56', 'eaa8b6f2-33c3-49ca-8dc9-df778430be82'),
 ('118', 'Entry', '1', '0', '2017-05-04 11:50:23', '2017-05-04 11:50:23', 'bd1ab5df-3148-48b7-b93c-8e72d92c7ee8');
INSERT INTO `craft_elements` (`id`, `type`, `enabled`, `archived`, `dateCreated`, `dateUpdated`, `uid`) VALUES
 ('119', 'Entry', '1', '0', '2017-05-04 11:55:28', '2017-05-04 11:55:28', 'bd3a87e9-6d88-4a34-ac8f-b4c4fd349179'),
 ('120', 'Entry', '1', '0', '2017-05-04 11:56:27', '2017-05-04 11:56:27', '1851070b-201d-4a9a-a4c5-92481f17f681'),
 ('121', 'Entry', '1', '0', '2017-05-04 11:56:43', '2017-05-04 11:56:43', '5d9f0888-7a04-4b2b-b6a3-cd15d241e56a'),
 ('122', 'Entry', '1', '0', '2017-05-04 11:57:06', '2017-05-04 11:57:06', '053ddec3-8010-482b-95c9-7376a82acd6d'),
 ('123', 'Entry', '1', '0', '2017-05-04 11:57:22', '2017-05-04 11:57:22', '5277c5c7-20c4-4d9d-b4a7-2992653ae5cb'),
 ('124', 'Entry', '1', '0', '2017-05-04 11:57:36', '2017-05-04 11:57:36', 'cc15e482-a50a-45c7-b8db-759fa61eba9e'),
 ('125', 'Entry', '1', '0', '2017-05-04 11:57:59', '2017-05-04 11:57:59', '53892208-f3eb-4cb9-896f-3c96b4226ae0'),
 ('126', 'Entry', '1', '0', '2017-05-04 11:58:44', '2017-05-04 11:58:44', 'daa86bda-87d9-400f-92a8-1795ca892e90'),
 ('127', 'Entry', '1', '0', '2017-05-04 11:59:45', '2017-05-04 11:59:45', 'eef8a184-cc78-4edb-9711-c903035edc05'),
 ('128', 'Entry', '1', '0', '2017-05-04 12:00:45', '2017-05-04 12:00:45', 'bede7fc6-d1e6-47f4-a087-776f8afc97c7'),
 ('129', 'Entry', '1', '0', '2017-05-04 12:02:24', '2017-05-04 12:02:24', '551e6986-204c-460e-a186-7d48aa44251a'),
 ('130', 'Entry', '1', '0', '2017-05-04 12:03:22', '2017-05-04 12:03:22', 'b6e76d09-4867-4132-9ba4-bd96959c4b43'),
 ('131', 'Entry', '1', '0', '2017-05-04 13:18:41', '2017-05-04 13:18:41', '9c2715aa-0c0b-43bc-95f4-0c7af8bcbe1e'),
 ('132', 'Entry', '1', '0', '2017-05-04 13:18:58', '2017-05-04 13:18:58', '6c9b1964-191d-4f06-9d34-073d96ed7819'),
 ('135', 'Entry', '1', '0', '2017-05-04 13:32:37', '2017-05-04 13:32:37', '7e76104e-d4e4-4ef6-bfd8-90845fa7bc2e'),
 ('136', 'Entry', '1', '0', '2017-05-04 13:32:50', '2017-05-04 13:32:50', '8886a61f-40c4-4c2e-a04b-7f5de5be23a2'),
 ('137', 'Entry', '1', '0', '2017-05-04 13:33:01', '2017-05-04 13:33:01', 'ef06fd36-3e40-4e1b-9284-5ee2027b6629'),
 ('138', 'Entry', '1', '0', '2017-05-04 13:33:11', '2017-05-04 13:33:11', '019bf0d8-8482-41e8-90be-cd104d40df75'),
 ('139', 'Entry', '1', '0', '2017-05-04 13:33:55', '2017-05-04 13:33:55', '788a2026-8779-4842-90cd-aae4724c49bb'),
 ('140', 'Entry', '1', '0', '2017-05-04 13:34:07', '2017-05-04 13:34:07', 'd964dfc6-4d46-4548-ba8f-c73f2f37d344'),
 ('141', 'Entry', '1', '0', '2017-05-04 13:35:59', '2017-05-04 14:13:30', '8b1b514a-d42c-4bb8-aad2-39b0007895f2'),
 ('142', 'Entry', '1', '0', '2017-05-04 13:37:34', '2017-05-04 14:13:43', '39afe877-273d-4085-bfd5-1792ad85fbb3'),
 ('143', 'Entry', '1', '0', '2017-05-04 13:40:05', '2017-05-04 14:13:55', '79c74463-c5c6-4faa-ae6c-24003269c488'),
 ('144', 'Entry', '1', '0', '2017-05-04 13:42:09', '2017-05-04 13:42:09', 'f5961ba5-d98a-47b3-81f3-bb516fc7a9a1'),
 ('145', 'Entry', '1', '0', '2017-05-04 13:42:22', '2017-05-04 13:42:22', 'fb80615f-01e6-4bfe-bd47-f8ca42b7382b'),
 ('146', 'Entry', '1', '0', '2017-05-04 13:42:36', '2017-05-04 13:42:36', '511b2418-0791-45b4-b96d-e13439c62f56'),
 ('147', 'Entry', '1', '0', '2017-05-04 13:42:49', '2017-05-04 13:42:49', 'b0794719-902b-4cc8-bb2e-07eba0a25460'),
 ('148', 'Entry', '1', '0', '2017-05-04 13:43:31', '2017-05-04 13:43:31', 'd24c391e-9556-40dd-a633-70b870454d7c'),
 ('151', 'Entry', '1', '0', '2017-05-04 13:44:36', '2017-05-04 13:44:36', '44d7d32a-55c9-4d75-a56c-edb30e765ef3'),
 ('152', 'Entry', '1', '0', '2017-05-04 13:46:40', '2017-05-04 13:53:58', '5943420d-5c4d-41de-8bfc-56ddc5089759'),
 ('153', 'Entry', '1', '0', '2017-05-04 13:47:06', '2017-05-04 14:00:55', 'b15e2aee-0c57-485d-8fb2-3a9ca47323e0'),
 ('154', 'Entry', '1', '0', '2017-05-04 14:02:02', '2017-05-04 14:02:02', '07f286c0-18e9-4e69-9f4d-26d92777e0c8'),
 ('155', 'Entry', '1', '0', '2017-05-04 14:02:44', '2017-05-04 14:02:44', '94dc9664-638f-4a48-8efb-98fdf75b1e48'),
 ('156', 'Entry', '1', '0', '2017-05-04 14:14:41', '2017-05-04 14:14:41', '2708b4bc-eae0-4f21-bfff-cd2a2c63e591'),
 ('157', 'Entry', '1', '0', '2017-05-04 14:15:17', '2017-05-04 14:15:17', '2f6a26ec-51f8-4880-bade-38cf57853a42'),
 ('158', 'Entry', '1', '0', '2017-05-04 14:15:50', '2017-05-04 14:15:50', '83eae2fb-dd22-4a01-acf1-cf0ffc97a261'),
 ('159', 'Entry', '1', '0', '2017-05-04 14:16:45', '2017-05-04 14:16:45', '5bcf1654-0b03-4776-bad4-a86c31d695f0'),
 ('160', 'Entry', '1', '0', '2017-05-04 14:20:33', '2017-05-04 14:20:33', 'ebca4abb-1b70-4a4b-92b3-f2ace132bff1'),
 ('161', 'Entry', '1', '0', '2017-05-04 14:21:09', '2017-05-04 14:21:09', 'a933e92e-c3a1-4367-8d88-d6b8f5b36161'),
 ('162', 'Entry', '1', '0', '2017-05-04 14:21:39', '2017-05-04 14:21:39', '7f5eb885-4b39-4e37-9492-3b10f653686b'),
 ('163', 'Entry', '1', '0', '2017-05-04 14:22:02', '2017-05-04 14:22:02', '82532ee6-0626-4bd1-a8b2-0c0ca950fc99'),
 ('164', 'Entry', '1', '0', '2017-05-04 14:22:49', '2017-05-04 14:22:49', '902823d8-9c4d-4f5b-b60a-0f68d736ccf8'),
 ('165', 'Entry', '1', '0', '2017-05-04 14:23:13', '2017-05-04 14:23:13', '5baab350-8d54-4d48-9f5e-c2d8e9309e08'),
 ('166', 'Entry', '1', '0', '2017-05-04 14:24:08', '2017-05-04 14:24:08', 'e8505ce5-65ce-4cff-a8bb-0bdd687e6380'),
 ('167', 'Entry', '1', '0', '2017-05-04 14:24:31', '2017-05-04 14:24:31', 'c5b6ec2d-d322-48b4-8bfe-a059bb5a69ce');



DROP TABLE IF EXISTS `craft_elements_i18n`;


--
-- Schema for table `craft_elements_i18n`
--
CREATE TABLE `craft_elements_i18n` (
  `id` int(11) NOT NULL AUTO_INCREMENT,
  `elementId` int(11) NOT NULL,
  `locale` char(12) COLLATE utf8_unicode_ci NOT NULL,
  `slug` varchar(255) COLLATE utf8_unicode_ci DEFAULT NULL,
  `uri` varchar(255) COLLATE utf8_unicode_ci DEFAULT NULL,
  `enabled` tinyint(1) unsigned NOT NULL DEFAULT '1',
  `dateCreated` datetime NOT NULL,
  `dateUpdated` datetime NOT NULL,
  `uid` char(36) COLLATE utf8_unicode_ci NOT NULL DEFAULT '0',
  PRIMARY KEY (`id`),
  UNIQUE KEY `craft_elements_i18n_elementId_locale_unq_idx` (`elementId`,`locale`),
  UNIQUE KEY `craft_elements_i18n_uri_locale_unq_idx` (`uri`,`locale`),
  KEY `craft_elements_i18n_slug_locale_idx` (`slug`,`locale`),
  KEY `craft_elements_i18n_enabled_idx` (`enabled`),
  KEY `craft_elements_i18n_locale_fk` (`locale`)
) ENGINE=InnoDB AUTO_INCREMENT=317 DEFAULT CHARSET=utf8 COLLATE=utf8_unicode_ci;

--
-- Data for table `craft_elements_i18n`
--

INSERT INTO `craft_elements_i18n` (`id`, `elementId`, `locale`, `slug`, `uri`, `enabled`, `dateCreated`, `dateUpdated`, `uid`) VALUES
 ('1', '1', 'ru', '', NULL, '1', '2017-04-27 15:30:00', '2017-04-27 15:30:00', '7c27e491-7d99-4da1-8346-3b59aee312d2'),
 ('2', '2', 'ru', 'homepage', '__home__', '1', '2017-04-27 15:30:05', '2017-04-27 15:38:55', '0a172c8d-a0fa-4fc3-a2a9-798227aafec8'),
 ('3', '3', 'ru', 'we-just-installed-craft', 'news/2017/we-just-installed-craft', '1', '2017-04-27 15:30:05', '2017-04-28 09:58:29', '30264386-1634-4192-aef2-4bb346394721'),
 ('4', '4', 'ru', 'partners', 'team/partners', '1', '2017-04-27 16:06:30', '2017-05-03 12:16:18', '39409609-5adf-4e80-9f29-7df781125909'),
 ('5', '4', 'en_us', 'partners', 'team/partners', '1', '2017-04-27 16:06:30', '2017-05-03 10:45:44', 'e071622d-9ca2-48f5-9b5a-a4ab6bc03d97'),
 ('6', '5', 'ru', 'superintendents', 'team/superintendents', '1', '2017-04-27 16:06:56', '2017-05-03 10:46:38', 'bc9e3f27-f602-42ba-ac16-6dad4d79e040'),
 ('7', '5', 'en_us', 'superintendents', 'team/superintendents', '1', '2017-04-27 16:06:56', '2017-05-03 10:46:38', 'c89aab90-2c7f-428d-a2a9-f509c2f17d2d'),
 ('8', '6', 'ru', 'managers', 'team/managers', '1', '2017-04-27 16:08:32', '2017-05-03 10:53:47', 'ec9fa87f-961e-4713-aa8a-30c04f3d8b97'),
 ('9', '6', 'en_us', 'managers', 'team/managers', '1', '2017-04-27 16:08:32', '2017-05-03 10:53:47', '189f3089-e558-4e3f-b38e-aa9ec2064af0'),
 ('10', '7', 'ru', 'news', 'news', '1', '2017-04-27 16:11:27', '2017-04-27 16:11:48', 'afce9e4e-afc9-49cc-b48d-96839c77a555'),
 ('11', '7', 'en_us', 'news', 'news', '1', '2017-04-27 16:11:27', '2017-04-27 16:11:48', '15f83da5-ed48-46b9-823e-56b633567387'),
 ('12', '8', 'ru', 'insights', 'insights', '1', '2017-04-27 16:12:12', '2017-04-27 16:12:19', 'ca37b71b-6792-4368-b507-54c60553d08f'),
 ('13', '8', 'en_us', 'insights', 'insights', '1', '2017-04-27 16:12:12', '2017-04-27 16:12:19', '39a24bd9-8c7b-401f-bb5d-936a050085a6'),
 ('14', '9', 'ru', 'press-releases', 'press-releases', '1', '2017-04-27 16:13:21', '2017-04-27 16:13:31', '25dff4e6-6eb8-4f1c-acd9-540a249a25b0'),
 ('15', '9', 'en_us', 'press-releases', 'press-releases', '1', '2017-04-27 16:13:21', '2017-04-27 16:13:31', '594c1ed4-cac0-4013-aab3-5643c6cbaabf'),
 ('16', '10', 'ru', 'tax-reviews', 'tax-reviews', '1', '2017-04-27 16:14:05', '2017-04-27 16:14:18', '07592256-c3a4-4f04-a835-b308ae3146b3'),
 ('17', '10', 'en_us', 'tax-reviews', 'tax-reviews', '1', '2017-04-27 16:14:05', '2017-04-27 16:14:18', '74661319-9d5f-49a6-afd3-2db663dcc079'),
 ('24', '18', 'ru', 'test-menu', NULL, '1', '2017-04-27 22:24:30', '2017-04-27 22:24:31', '11611b30-5f65-4a7e-a5b4-613efea15f5a'),
 ('25', '18', 'en_us', 'test-menu', NULL, '1', '2017-04-27 22:24:30', '2017-04-27 22:24:31', '6195a911-3f40-4cba-9392-1d964c87ba5b'),
 ('26', '19', 'ru', '', NULL, '1', '2017-04-27 22:24:30', '2017-04-27 22:24:30', 'bfd19b70-49ac-4425-b0a8-56032eeab1b6'),
 ('33', '23', 'ru', 'тестовый', 'tester', '1', '2017-04-28 11:25:37', '2017-04-28 11:25:37', 'cac94436-1af0-4a6a-9cec-dcf896a7e852'),
 ('34', '23', 'en_us', 'тестовый', 'tester', '1', '2017-04-28 11:25:37', '2017-04-28 11:25:37', 'a08b45d8-ab00-4df6-891b-bd28f911e820'),
 ('35', '24', 'ru', 'аудиторские-услуги', 'services/аудиторские-услуги', '1', '2017-05-02 15:22:09', '2017-05-04 11:54:07', '2341f3c7-5859-4f7e-a6bb-21db549fb132'),
 ('36', '24', 'en_us', 'аудиторские-услуги', 'services/аудиторские-услуги', '1', '2017-05-02 15:22:09', '2017-05-04 11:54:07', '52941aee-d76c-4394-a2b7-78d318b136cc'),
 ('37', '25', 'ru', 'бухгалтерские-услуги', 'services/бухгалтерские-услуги', '1', '2017-05-02 15:22:22', '2017-05-04 11:53:28', '17ee5e0d-16c5-47ab-b3d1-c23b3ee2ab32'),
 ('38', '25', 'en_us', 'бухгалтерские-услуги', 'services/бухгалтерские-услуги', '1', '2017-05-02 15:22:22', '2017-05-04 11:53:28', 'ee51710f-028f-4ebf-b739-c790753fd83b'),
 ('39', '26', 'ru', 'консалтинг', 'services/консалтинг', '1', '2017-05-02 15:22:31', '2017-05-02 15:22:32', 'ab217c52-bb3c-4f5a-8a45-3e9ed8905824'),
 ('40', '26', 'en_us', 'консалтинг', 'services/консалтинг', '1', '2017-05-02 15:22:31', '2017-05-02 15:22:32', '91f31236-fca7-4d71-a131-eb40588d67d1'),
 ('41', '27', 'ru', 'корпоративные-финансы', 'services/корпоративные-финансы', '1', '2017-05-02 15:22:40', '2017-05-02 15:22:41', 'e814cff9-b36b-4961-b669-fd882b1f57bb'),
 ('42', '27', 'en_us', 'корпоративные-финансы', 'services/корпоративные-финансы', '1', '2017-05-02 15:22:40', '2017-05-02 15:22:41', '73d7ad11-cbc8-4e7b-bc03-baea8ed4c881'),
 ('43', '28', 'ru', 'налоговое-консультирование', 'services/налоговое-консультирование', '1', '2017-05-02 15:22:49', '2017-05-02 15:22:51', 'fa16eb76-0c69-4684-8415-c27c82433072'),
 ('44', '28', 'en_us', 'налоговое-консультирование', 'services/налоговое-консультирование', '1', '2017-05-02 15:22:49', '2017-05-02 15:22:51', '53748547-3296-489b-a349-3416fdec3b3c'),
 ('45', '29', 'ru', 'оценочные-услуги', 'services/оценочные-услуги', '1', '2017-05-02 15:22:57', '2017-05-04 14:18:30', '04b4f6d6-9c30-4a91-9b21-f6b208a26052'),
 ('46', '29', 'en_us', 'оценочные-услуги', 'services/оценочные-услуги', '1', '2017-05-02 15:22:57', '2017-05-04 14:18:30', '8d9eafeb-882a-47ac-b8ed-6b67f209d0d0'),
 ('47', '30', 'ru', 'финансовые-расследования', 'services/финансовые-расследования', '1', '2017-05-02 15:23:06', '2017-05-02 15:23:08', 'e180bf82-6bdf-4447-8bc8-6f70da7fdd67'),
 ('48', '30', 'en_us', 'финансовые-расследования', 'services/финансовые-расследования', '1', '2017-05-02 15:23:06', '2017-05-02 15:23:08', '49ffbf30-cd6c-4ffa-bbed-cf5d39afaca8'),
 ('49', '31', 'ru', 'юридические-услуги', 'services/юридические-услуги', '1', '2017-05-02 15:23:16', '2017-05-03 10:17:29', 'ebd3358f-932f-4607-9dba-e7dbb9564e88'),
 ('50', '31', 'en_us', 'юридические-услуги', 'services/юридические-услуги', '1', '2017-05-02 15:23:16', '2017-05-03 10:17:29', '32ec3937-7345-46a6-bab3-e7be4ccadcd1'),
 ('51', '32', 'ru', 'авиационная-промышленность-оак-воздушные-суда-производство-комплектующих', 'branches/авиационная-промышленность-оак-воздушные-суда-производство-комплектующих', '1', '2017-05-02 15:24:52', '2017-05-02 15:24:53', '57ac8c9a-ee1a-4b78-b770-0b9e3fbfe33d'),
 ('52', '32', 'en_us', 'авиационная-промышленность-оак-воздушные-суда-производство-комплектующих', 'branches/авиационная-промышленность-оак-воздушные-суда-производство-комплектующих', '1', '2017-05-02 15:24:52', '2017-05-02 15:24:53', '777bdd80-afce-4bba-b161-17f5425a6d81'),
 ('53', '33', 'ru', 'атомная-промышленность-включая-производство-оборудования', 'branches/атомная-промышленность-включая-производство-оборудования', '1', '2017-05-02 15:25:02', '2017-05-02 15:25:04', 'aa5f22f2-75a3-4c0d-96ee-bc7393f2b3af'),
 ('54', '33', 'en_us', 'атомная-промышленность-включая-производство-оборудования', 'branches/атомная-промышленность-включая-производство-оборудования', '1', '2017-05-02 15:25:02', '2017-05-02 15:25:04', '71069eae-17e4-4fe5-9736-84512c944c7a'),
 ('55', '34', 'ru', 'атомная-промышленность-включая-производство-оборудования-1', 'branches/атомная-промышленность-включая-производство-оборудования-1', '1', '2017-05-02 15:25:15', '2017-05-02 15:25:17', 'b554cf00-938e-42ad-933b-bffe240c9244'),
 ('56', '34', 'en_us', 'атомная-промышленность-включая-производство-оборудования-1', 'branches/атомная-промышленность-включая-производство-оборудования-1', '1', '2017-05-02 15:25:15', '2017-05-02 15:25:17', '413de15d-c0c4-45aa-9779-e6c93705a659'),
 ('57', '35', 'ru', 'машиностроение-судостроение-станкостроение', 'branches/машиностроение-судостроение-станкостроение', '1', '2017-05-02 15:25:39', '2017-05-02 15:25:41', '2aca9cec-9e83-4d6f-8271-41dcd22801d5'),
 ('58', '35', 'en_us', 'машиностроение-судостроение-станкостроение', 'branches/машиностроение-судостроение-станкостроение', '1', '2017-05-02 15:25:39', '2017-05-02 15:25:41', '52d5ff1d-d7ed-4698-90c0-f2138ec2e7cd'),
 ('59', '36', 'ru', 'недвижимость-и-строительство-включая-производство-строительных-материалов', 'branches/недвижимость-и-строительство-включая-производство-строительных-материалов', '1', '2017-05-02 15:25:48', '2017-05-04 11:26:42', '35abcd79-f557-47b9-8b15-b2a3fda5650d'),
 ('60', '36', 'en_us', 'недвижимость-и-строительство-включая-производство-строительных-материалов', 'branches/недвижимость-и-строительство-включая-производство-строительных-материалов', '1', '2017-05-02 15:25:48', '2017-05-04 11:26:42', '8d6b426b-c787-453f-a4fe-40111ae74a42'),
 ('61', '37', 'ru', 'нефтегазовая-отрасль', 'branches/нефтегазовая-отрасль', '1', '2017-05-02 15:25:56', '2017-05-02 15:25:57', 'a6719897-3159-4efa-a2f6-7d3168a6e515'),
 ('62', '37', 'en_us', 'нефтегазовая-отрасль', 'branches/нефтегазовая-отрасль', '1', '2017-05-02 15:25:56', '2017-05-02 15:25:57', 'fb14c2c1-fccf-419b-b143-e160e685963b'),
 ('63', '38', 'ru', 'сельское-хозяйство-и-пищевая-промышленность', 'branches/сельское-хозяйство-и-пищевая-промышленность', '1', '2017-05-02 15:26:30', '2017-05-02 15:26:31', '0f497b47-1412-426a-b284-e7ec74b41c51'),
 ('64', '38', 'en_us', 'сельское-хозяйство-и-пищевая-промышленность', 'branches/сельское-хозяйство-и-пищевая-промышленность', '1', '2017-05-02 15:26:30', '2017-05-02 15:26:31', '2186e76c-3e8b-4255-8f75-7b917fa094d8'),
 ('65', '39', 'ru', 'сфера-развлечений-и-гостеприимства', 'branches/сфера-развлечений-и-гостеприимства', '1', '2017-05-02 15:27:07', '2017-05-02 15:27:08', 'd1d736a8-44b0-4773-a421-ef43bf29b633'),
 ('66', '39', 'en_us', 'сфера-развлечений-и-гостеприимства', 'branches/сфера-развлечений-и-гостеприимства', '1', '2017-05-02 15:27:07', '2017-05-02 15:27:08', '19fe45ff-0649-4a45-aa94-3dd0f670d02e'),
 ('67', '40', 'ru', 'телеком-ит-и-медиа', 'branches/телеком-ит-и-медиа', '1', '2017-05-02 15:27:13', '2017-05-02 15:27:14', '7b030d29-64c5-4c83-9bb9-f53542177e89'),
 ('68', '40', 'en_us', 'телеком-ит-и-медиа', 'branches/телеком-ит-и-медиа', '1', '2017-05-02 15:27:13', '2017-05-02 15:27:14', '25dc5a76-a9d9-449b-9a19-8ffe0702f65d'),
 ('69', '41', 'ru', 'торговля-оптовая-и-розничная', 'branches/торговля-оптовая-и-розничная', '1', '2017-05-02 15:27:21', '2017-05-02 15:27:22', '280f5362-c0a7-46ec-b75e-0ea3de51cf9f'),
 ('70', '41', 'en_us', 'торговля-оптовая-и-розничная', 'branches/торговля-оптовая-и-розничная', '1', '2017-05-02 15:27:21', '2017-05-02 15:27:22', 'e19a324e-a99b-4357-9425-890b66f356ff'),
 ('71', '42', 'ru', 'транспорт-и-логистика-инфраструктурные-проекты', 'branches/транспорт-и-логистика-инфраструктурные-проекты', '1', '2017-05-02 15:27:32', '2017-05-02 15:27:34', '763cfe5c-fad0-4b32-aebc-0f9560f5b8d4'),
 ('72', '42', 'en_us', 'транспорт-и-логистика-инфраструктурные-проекты', 'branches/транспорт-и-логистика-инфраструктурные-проекты', '1', '2017-05-02 15:27:32', '2017-05-02 15:27:34', '470dc740-8e43-40b8-b102-b80a7e89b649'),
 ('73', '43', 'ru', 'фармацевтика-медицина', 'branches/фармацевтика-медицина', '1', '2017-05-02 15:27:41', '2017-05-02 15:27:43', '5574cb51-dc2d-49c1-9c0e-0077dcf97973'),
 ('74', '43', 'en_us', 'фармацевтика-медицина', 'branches/фармацевтика-медицина', '1', '2017-05-02 15:27:41', '2017-05-02 15:27:43', '3bdd79f9-5a11-4cdd-bf4f-c0f5cccd03c3'),
 ('75', '44', 'ru', 'финансовый-сектор', 'branches/финансовый-сектор', '1', '2017-05-02 15:27:50', '2017-05-02 15:27:52', 'c3ea920e-65c1-47ca-89b4-ac54ecebf870'),
 ('76', '44', 'en_us', 'финансовый-сектор', 'branches/финансовый-сектор', '1', '2017-05-02 15:27:50', '2017-05-02 15:27:52', '2164f104-4952-4145-b779-75b3a0b25833'),
 ('77', '45', 'ru', 'энергетика', 'branches/энергетика', '1', '2017-05-02 15:27:58', '2017-05-02 15:28:00', 'e0342b0b-574a-4bee-b21a-54b24c51ff8c'),
 ('78', '45', 'en_us', 'энергетика', 'branches/энергетика', '1', '2017-05-02 15:27:58', '2017-05-02 15:28:00', 'c6ecd111-32cc-4134-b318-d7845f63447d'),
 ('79', '46', 'ru', 'дина-мария-ийнбор', NULL, '1', '2017-05-02 15:29:04', '2017-05-02 15:29:04', '756aa70b-5732-4ad1-a644-60fbe0c83216'),
 ('80', '46', 'en_us', 'дина-мария-ийнбор', NULL, '1', '2017-05-02 15:29:04', '2017-05-02 15:29:04', 'c25571fa-3606-4362-9275-071e5cddb208'),
 ('91', '53', 'ru', 'александр-иванов', 'team/partners/александр-иванов', '1', '2017-05-03 10:09:47', '2017-05-03 10:11:33', '8a20b1a2-6230-4888-951a-7ae131d4f43a'),
 ('92', '53', 'en_us', 'александр-иванов', 'team/partners/александр-иванов', '1', '2017-05-03 10:09:47', '2017-05-03 10:11:33', '28c13733-3d43-4eb4-9a51-c3b0b73b2ff7'),
 ('93', '54', 'ru', 'малков-александр', 'team/partners/малков-александр', '1', '2017-05-03 10:11:05', '2017-05-03 10:57:10', 'cf2e54f4-1bca-403e-bc86-5289d5ecb521'),
 ('94', '54', 'en_us', 'малков-александр', 'team/partners/малков-александр', '1', '2017-05-03 10:11:05', '2017-05-03 10:57:11', '74d37a02-eef5-462d-9676-93811aa4dcac'),
 ('95', '55', 'ru', 'калинин-сергей', 'team/partners/калинин-сергей', '1', '2017-05-03 10:11:16', '2017-05-03 10:12:06', 'fada04d2-57dd-4388-b5f8-3b02b07e31a0'),
 ('96', '55', 'en_us', 'калинин-сергей', 'team//калинин-сергей', '1', '2017-05-03 10:11:16', '2017-05-03 10:12:06', 'cf4f49e5-f2ad-4858-b887-2dc79e8587f3'),
 ('97', '56', 'ru', 'засимова-анна', 'team/partners/засимова-анна', '1', '2017-05-03 10:11:54', '2017-05-03 10:11:56', 'e04e2631-c801-4a76-b350-7e562c6e2769'),
 ('98', '56', 'en_us', 'засимова-анна', 'team/partners/засимова-анна', '1', '2017-05-03 10:11:54', '2017-05-03 10:11:56', '009a3912-662c-43dd-bec3-15c2e7410ede'),
 ('99', '57', 'ru', 'дмитриева-елена', 'team/partners/дмитриева-елена', '1', '2017-05-03 10:12:24', '2017-05-03 10:12:25', 'aa10ae78-937c-4523-872b-937ae82ff4e2'),
 ('100', '57', 'en_us', 'дмитриева-елена', 'team/partners/дмитриева-елена', '1', '2017-05-03 10:12:24', '2017-05-03 10:12:25', 'f0710819-4025-4f17-b12c-1559692dbf5b'),
 ('101', '58', 'ru', 'князева-татьяна', 'team/partners/князева-татьяна', '1', '2017-05-03 10:12:39', '2017-05-03 10:12:40', '6c6395de-04bd-4032-887f-fe909aedfb18'),
 ('102', '58', 'en_us', 'князева-татьяна', 'team/partners/князева-татьяна', '1', '2017-05-03 10:12:39', '2017-05-03 10:12:40', 'b1f74fcf-e24e-4214-bb2d-3f4799739906'),
 ('103', '59', 'ru', 'тишаков-сергей', 'team/partners/тишаков-сергей', '1', '2017-05-03 10:13:32', '2017-05-03 10:13:34', 'b2a9885e-fba3-406a-b4b2-5dbd0aab092d'),
 ('104', '59', 'en_us', 'тишаков-сергей', 'team/partners/тишаков-сергей', '1', '2017-05-03 10:13:32', '2017-05-03 10:13:34', 'b1dfbadd-7d4b-487b-8f28-eb85f4ddeda1'),
 ('105', '60', 'ru', 'сидоренко-александр', 'team/partners/сидоренко-александр', '1', '2017-05-03 10:14:27', '2017-05-03 10:14:29', '0f7f9597-37d5-4aee-a6b6-e31cb4ec47ae'),
 ('106', '60', 'en_us', 'сидоренко-александр', 'team/partners/сидоренко-александр', '1', '2017-05-03 10:14:27', '2017-05-03 10:14:29', 'ce661e95-43b6-4ebd-9061-7a19747577ad'),
 ('107', '61', 'ru', 'писарев-андрей', 'team/partners/писарев-андрей', '1', '2017-05-03 10:22:35', '2017-05-03 10:22:36', '5170c47f-dc1c-4a1d-be97-5d9170187470'),
 ('108', '61', 'en_us', 'писарев-андрей', 'team/partners/писарев-андрей', '1', '2017-05-03 10:22:35', '2017-05-03 10:22:36', '62267a5a-a7ee-40c4-a891-c475ceea3446'),
 ('109', '62', 'ru', 'деев-максим', 'team/superintendents/деев-максим', '1', '2017-05-03 10:23:34', '2017-05-03 10:23:36', '9d5b22f8-3856-49d6-96ba-7a3ba78224cf'),
 ('110', '62', 'en_us', 'деев-максим', 'team/superintendents/деев-максим', '1', '2017-05-03 10:23:34', '2017-05-03 10:23:36', 'b6a0d55c-6d51-487e-91a7-d2442d04262d'),
 ('111', '63', 'ru', 'шалумов-захар', 'team/superintendents/шалумов-захар', '1', '2017-05-03 10:24:59', '2017-05-03 10:25:00', '204f3a56-c3a8-403b-a96e-4a7db5f73a1e'),
 ('112', '63', 'en_us', 'шалумов-захар', 'team/superintendents/шалумов-захар', '1', '2017-05-03 10:24:59', '2017-05-03 10:25:00', 'dee3b60f-2980-4257-932e-b0b25542a7b6'),
 ('113', '64', 'ru', 'карапетян-мэри', 'team/superintendents/карапетян-мэри', '1', '2017-05-03 10:25:17', '2017-05-03 10:25:19', '34d7210d-7dfa-4243-837f-7d96d4b66b20'),
 ('114', '64', 'en_us', 'карапетян-мэри', 'team/superintendents/карапетян-мэри', '1', '2017-05-03 10:25:17', '2017-05-03 10:25:19', '593ad080-4e13-4a8c-a48a-6a2dcd84473d'),
 ('115', '65', 'ru', 'кучер-дмитрий', 'team/superintendents/кучер-дмитрий', '1', '2017-05-03 10:25:38', '2017-05-03 10:25:40', '462781b1-412b-470b-83d4-6a39f23aecc1'),
 ('116', '65', 'en_us', 'кучер-дмитрий', 'team/superintendents/кучер-дмитрий', '1', '2017-05-03 10:25:38', '2017-05-03 10:25:40', 'fe07776f-8ccd-48f8-8601-e4818c000a7e'),
 ('117', '66', 'ru', 'ланда-леонид', 'team/superintendents/ланда-леонид', '1', '2017-05-03 10:25:49', '2017-05-03 10:25:50', '7d1dec97-128f-47cb-9cb9-1698ceab9f71'),
 ('118', '66', 'en_us', 'ланда-леонид', 'team/superintendents/ланда-леонид', '1', '2017-05-03 10:25:49', '2017-05-03 10:25:50', '50b5b816-73ae-4950-8560-3d1ad885362e'),
 ('119', '67', 'ru', 'живчиков-денис', 'team/superintendents/живчиков-денис', '1', '2017-05-03 10:26:01', '2017-05-03 10:26:02', '665ee26e-d860-4bb4-b472-e20ac5a2a83a'),
 ('120', '67', 'en_us', 'живчиков-денис', 'team/superintendents/живчиков-денис', '1', '2017-05-03 10:26:01', '2017-05-03 10:26:02', '69e7b2f2-e344-49ec-9d8a-923792752ab3'),
 ('121', '68', 'ru', 'трифаненкова-марина', 'team/superintendents/трифаненкова-марина', '1', '2017-05-03 10:26:19', '2017-05-03 10:26:21', 'b16aa776-1fb1-40a1-a67f-7c0b9981e99a'),
 ('122', '68', 'en_us', 'трифаненкова-марина', 'team/superintendents/трифаненкова-марина', '1', '2017-05-03 10:26:19', '2017-05-03 10:26:21', '25e259d4-bb38-4339-98b1-0458918d3dda');
INSERT INTO `craft_elements_i18n` (`id`, `elementId`, `locale`, `slug`, `uri`, `enabled`, `dateCreated`, `dateUpdated`, `uid`) VALUES
 ('123', '69', 'ru', 'боровикова-алена', 'team/superintendents/боровикова-алена', '1', '2017-05-03 10:27:26', '2017-05-03 10:27:28', 'cb3850b8-96ef-4527-8970-1b034a973b53'),
 ('124', '69', 'en_us', 'боровикова-алена', 'team/superintendents/боровикова-алена', '1', '2017-05-03 10:27:26', '2017-05-03 10:27:28', 'a9942d63-40de-4e31-9ec4-a5d90fcf2f1e'),
 ('125', '70', 'ru', 'закоян-марина', 'team/superintendents/закоян-марина', '1', '2017-05-03 10:52:22', '2017-05-03 10:52:24', '0d3aca12-51bd-4dac-b8c4-04ce9ae6cd5d'),
 ('126', '70', 'en_us', 'закоян-марина', 'team/superintendents/закоян-марина', '1', '2017-05-03 10:52:22', '2017-05-03 10:52:24', 'aff6a244-78b7-42da-b580-ca8de192f2c9'),
 ('127', '71', 'ru', 'новикова-анна', 'team/managers/новикова-анна', '1', '2017-05-03 10:54:26', '2017-05-03 10:54:28', '70009775-3496-4c5c-bc18-f864a5dc1a17'),
 ('128', '71', 'en_us', 'новикова-анна', 'team/managers/новикова-анна', '1', '2017-05-03 10:54:26', '2017-05-03 10:54:28', '0986be6c-e735-4084-8b23-b226796bf6ef'),
 ('129', '72', 'ru', 'егошина-виктория', 'team/managers/егошина-виктория', '1', '2017-05-03 10:54:43', '2017-05-03 11:32:01', '1fe8ffa2-63d4-40e4-98fe-c8450ea1937a'),
 ('130', '72', 'en_us', 'егошина-виктория', 'team/managers/егошина-виктория', '1', '2017-05-03 10:54:43', '2017-05-03 11:32:01', '385597ed-ae1c-44a6-973b-42c7fdd8574b'),
 ('131', '73', 'ru', '', NULL, '1', '2017-05-03 10:57:34', '2017-05-03 11:00:21', 'c7d6ed66-55ed-4ae9-abdb-c4e45f4e3a3c'),
 ('132', '73', 'en_us', '', NULL, '1', '2017-05-03 10:57:34', '2017-05-03 11:00:21', 'a45c0d89-1095-433b-b9ac-6e0e43e9d75a'),
 ('133', '74', 'ru', 'главная-страница', NULL, '1', '2017-05-03 13:01:25', '2017-05-03 13:01:25', '73398d08-0fa5-4ef6-8dc5-5a09f9f34b5f'),
 ('134', '74', 'en_us', 'главная-страница', NULL, '1', '2017-05-03 13:01:25', '2017-05-03 13:01:25', 'fb009f41-18d1-4eb2-bc0c-1008c856ef0e'),
 ('135', '75', 'ru', 'услуги', NULL, '1', '2017-05-03 13:02:06', '2017-05-03 13:02:06', '97bc9611-5901-4804-812f-f9458edf8190'),
 ('136', '75', 'en_us', 'услуги', NULL, '1', '2017-05-03 13:02:06', '2017-05-03 13:02:06', 'b831691c-3541-4885-9fd1-03f86c081dad'),
 ('137', '76', 'ru', 'отрасли', NULL, '1', '2017-05-03 13:11:14', '2017-05-03 13:11:14', '6321a743-0e0e-4df4-8a66-958e5802f932'),
 ('138', '76', 'en_us', 'отрасли', NULL, '1', '2017-05-03 13:11:14', '2017-05-03 13:11:14', 'c367e002-a712-47d6-a1da-fb6283f604f8'),
 ('139', '77', 'ru', 'новости', NULL, '1', '2017-05-03 13:11:27', '2017-05-03 13:11:27', '71c313cd-aac7-4080-8a73-1249974d9104'),
 ('140', '77', 'en_us', 'новости', NULL, '1', '2017-05-03 13:11:27', '2017-05-03 13:11:27', '12903e58-65eb-4e20-91a9-b2c9466bcf80'),
 ('143', '79', 'ru', 'точка-зрения', NULL, '1', '2017-05-03 13:11:56', '2017-05-03 13:11:56', '56098133-b3c8-41f6-aac3-ea902d4d6816'),
 ('144', '79', 'en_us', 'точка-зрения', NULL, '1', '2017-05-03 13:11:56', '2017-05-03 13:11:56', '708b92a4-068f-4248-bd1b-e28d05dcc6a3'),
 ('145', '80', 'ru', 'налоговые-обзоры', NULL, '1', '2017-05-03 13:12:23', '2017-05-03 13:12:23', 'f371bb92-587c-45d5-9b09-8a1c41844500'),
 ('146', '80', 'en_us', 'налоговые-обзоры', NULL, '1', '2017-05-03 13:12:23', '2017-05-03 13:12:23', 'f4dc5cca-1f61-4726-90c9-375805927399'),
 ('149', '82', 'ru', 'партнеры', NULL, '1', '2017-05-03 13:17:50', '2017-05-03 13:22:47', 'bf69887b-f69c-4924-87aa-1162bce2485c'),
 ('150', '82', 'en_us', 'партнеры', NULL, '1', '2017-05-03 13:17:50', '2017-05-03 13:22:47', 'b8b965f4-29a6-40a7-9dd2-b9626d2890a7'),
 ('151', '83', 'ru', 'команда', NULL, '1', '2017-05-03 13:18:47', '2017-05-03 13:18:47', '59eb172f-4806-435f-af65-65622f6a735f'),
 ('152', '83', 'en_us', 'команда', NULL, '1', '2017-05-03 13:18:47', '2017-05-03 13:18:47', 'a10fc4f3-a481-4593-99eb-ea1467de3954'),
 ('153', '84', 'ru', 'юрасова-екатерина', 'team/managers/юрасова-екатерина', '1', '2017-05-04 09:25:06', '2017-05-04 09:25:09', '83f36644-16e0-4b88-a457-993b533acaf9'),
 ('154', '84', 'en_us', 'юрасова-екатерина', 'team/managers/юрасова-екатерина', '1', '2017-05-04 09:25:06', '2017-05-04 09:25:09', 'f9040f15-9b39-4f3d-8af5-6ee9edeeda06'),
 ('155', '85', 'ru', 'мазаева-наталья', 'team/managers/мазаева-наталья', '1', '2017-05-04 09:27:56', '2017-05-04 09:28:18', '9afdc134-811e-4949-9227-d38c0b97b251'),
 ('156', '85', 'en_us', 'мазаева-наталья', 'team/managers/мазаева-наталья', '1', '2017-05-04 09:27:56', '2017-05-04 09:28:19', '79e6fbe7-90f8-4889-865f-699a904f2cd5'),
 ('157', '86', 'ru', 'лидогостер-ольга', 'team/managers/лидогостер-ольга', '1', '2017-05-04 09:28:38', '2017-05-04 09:28:56', '53c5fe4c-7f3b-49e0-96bd-cb7cbea9bc29'),
 ('158', '86', 'en_us', 'лидогостер-ольга', 'team/managers/лидогостер-ольга', '1', '2017-05-04 09:28:38', '2017-05-04 09:28:58', 'c1a9368c-87ef-41c6-872f-857063cf8a00'),
 ('159', '87', 'ru', 'аносова-татьяна', 'team/managers/аносова-татьяна', '1', '2017-05-04 09:29:43', '2017-05-04 09:29:47', 'e01ef46a-0596-448f-8d4b-ecc766e7bc11'),
 ('160', '87', 'en_us', 'аносова-татьяна', 'team/managers/аносова-татьяна', '1', '2017-05-04 09:29:43', '2017-05-04 09:29:47', '795047a1-13fb-4db0-accb-b549eed422f0'),
 ('161', '88', 'ru', 'журавлев-антон', 'team/managers/журавлев-антон', '1', '2017-05-04 09:30:18', '2017-05-04 09:30:22', '28587ff5-bf93-476f-aa2e-0f4808574881'),
 ('162', '88', 'en_us', 'журавлев-антон', 'team/managers/журавлев-антон', '1', '2017-05-04 09:30:18', '2017-05-04 09:30:22', 'c01b8f42-79ae-479d-8a17-8f32afe9b535'),
 ('163', '89', 'ru', 'симонова-ольга', 'team/managers/симонова-ольга', '1', '2017-05-04 09:30:33', '2017-05-04 09:30:36', '0ab815aa-9a3a-4465-a14c-1bea2ecbe652'),
 ('164', '89', 'en_us', 'симонова-ольга', 'team/managers/симонова-ольга', '1', '2017-05-04 09:30:33', '2017-05-04 09:30:36', 'b93981e7-1038-4021-bb97-0e71b8600c43'),
 ('165', '90', 'ru', 'головщинская-альфия', 'team/managers/головщинская-альфия', '1', '2017-05-04 09:30:53', '2017-05-04 09:30:57', '6c08d551-f716-410f-9ba0-edf5d7f6a899'),
 ('166', '90', 'en_us', 'головщинская-альфия', 'team/managers/головщинская-альфия', '1', '2017-05-04 09:30:53', '2017-05-04 09:30:57', 'a9ca7356-f0f1-4eee-8e5a-996cf5dbf9b4'),
 ('167', '91', 'ru', 'панина-марина', 'team/managers/панина-марина', '1', '2017-05-04 09:31:20', '2017-05-04 09:31:24', 'b5fd132c-938a-4a0f-9727-af1a7c52a588'),
 ('168', '91', 'en_us', 'панина-марина', 'team/managers/панина-марина', '1', '2017-05-04 09:31:20', '2017-05-04 09:31:25', '653d53fe-ae92-41e9-8d9d-223fe7cd9305'),
 ('169', '92', 'ru', 'салман-зульфия', 'team/managers/салман-зульфия', '1', '2017-05-04 09:31:36', '2017-05-04 09:31:39', 'e2e7744b-551c-4ab5-8d3e-b908a46f8875'),
 ('170', '92', 'en_us', 'салман-зульфия', 'team/managers/салман-зульфия', '1', '2017-05-04 09:31:36', '2017-05-04 09:31:39', '2c0a66e0-9a51-4e21-9238-acd29ab5ad84'),
 ('171', '93', 'ru', 'хухрина-екатерина', 'team/managers/хухрина-екатерина', '1', '2017-05-04 09:31:55', '2017-05-04 09:31:59', 'cf2fbb21-7c1c-4db5-82de-39aa98f54992'),
 ('172', '93', 'en_us', 'хухрина-екатерина', 'team/managers/хухрина-екатерина', '1', '2017-05-04 09:31:56', '2017-05-04 09:31:59', '6607748a-b824-495a-8e29-19803d4b60f6'),
 ('173', '94', 'ru', 'мишкина-елена', 'team/managers/мишкина-елена', '1', '2017-05-04 09:32:14', '2017-05-04 09:32:18', '95aa2215-054f-4f47-88e3-db4d79ceb27a'),
 ('174', '94', 'en_us', 'мишкина-елена', 'team/managers/мишкина-елена', '1', '2017-05-04 09:32:14', '2017-05-04 09:32:18', '7b6760ec-3c7b-47f4-acd8-84a0d859cfe0'),
 ('175', '95', 'ru', 'ratings', NULL, '1', '2017-05-04 10:58:45', '2017-05-04 10:59:33', '92d89a05-2e13-40ea-a72f-1a9f99e01aaa'),
 ('176', '95', 'en_us', 'ratings', NULL, '1', '2017-05-04 10:58:45', '2017-05-04 10:59:33', '9904b586-e331-4a9d-b31c-39021dae4f1a'),
 ('177', '96', 'ru', 'fallback', NULL, '1', '2017-05-04 10:59:03', '2017-05-04 10:59:33', 'ddf73f00-99d1-4838-b701-32c939d155df'),
 ('178', '96', 'en_us', 'fallback', NULL, '1', '2017-05-04 10:59:03', '2017-05-04 10:59:33', '3db72451-9f43-4454-8c18-fcdb7f734200'),
 ('179', '97', 'ru', 'аудит-инвестиционных-институтов-3-место', NULL, '1', '2017-05-04 11:02:35', '2017-05-04 11:08:38', '1f90bac7-9cd1-4a1c-a10b-27717f3ef74c'),
 ('180', '97', 'en_us', 'аудит-инвестиционных-институтов-3-место', NULL, '1', '2017-05-04 11:02:35', '2017-05-04 11:08:38', '366927f4-7811-452d-849f-afb181a058df'),
 ('181', '98', 'ru', 'аудит-банков-6-место', NULL, '1', '2017-05-04 11:04:09', '2017-05-04 11:06:26', '214a6170-4e0f-42e4-a10e-b3303a277ccf'),
 ('182', '98', 'en_us', 'аудит-банков-6-место', NULL, '1', '2017-05-04 11:04:09', '2017-05-04 11:06:26', 'b20e67d5-e04d-4918-b320-ed3078fc4380'),
 ('183', '99', 'ru', 'услуги-в-области-мсфо-6-место', NULL, '1', '2017-05-04 11:07:25', '2017-05-04 11:07:25', '8ec8479f-2e8e-41e0-bccd-a775b2284297'),
 ('184', '99', 'en_us', 'услуги-в-области-мсфо-6-место', NULL, '1', '2017-05-04 11:07:25', '2017-05-04 11:07:25', 'e8a82fd7-904f-4cc5-aeb7-0bd018bfe8a6'),
 ('185', '100', 'ru', 'оценка-и-стоимостное-консультирование-8-место', NULL, '1', '2017-05-04 11:09:35', '2017-05-04 11:09:35', '39edb548-fdad-427e-bb32-68569071ae03'),
 ('186', '100', 'en_us', 'оценка-и-стоимостное-консультирование-8-место', NULL, '1', '2017-05-04 11:09:35', '2017-05-04 11:09:35', '25b11562-e02c-4ae9-b209-3974630d448f'),
 ('187', '101', 'ru', 'услуги-в-области-финансового-управления-9-место', NULL, '1', '2017-05-04 11:10:20', '2017-05-04 11:10:20', 'f26e5b2c-9b62-40da-8124-c68a11878430'),
 ('188', '101', 'en_us', 'услуги-в-области-финансового-управления-9-место', NULL, '1', '2017-05-04 11:10:20', '2017-05-04 11:10:20', 'ac6e236d-772e-4c6c-8049-2fc74115b94d'),
 ('189', '102', 'ru', 'construction', NULL, '1', '2017-05-04 11:14:28', '2017-05-04 11:15:32', 'a3202652-a302-4f50-949f-ed9c587c51a7'),
 ('190', '102', 'en_us', 'construction', NULL, '1', '2017-05-04 11:14:28', '2017-05-04 11:15:33', '1e98200f-05f7-49ee-ad7a-81a3a06df9cd'),
 ('191', '103', 'ru', '22-года-специализации-в-отрасли', NULL, '1', '2017-05-04 11:15:27', '2017-05-04 11:15:27', 'cbd35449-dbd9-41e8-ac3b-3e3adee57c6b'),
 ('192', '103', 'en_us', '22-года-специализации-в-отрасли', NULL, '1', '2017-05-04 11:15:27', '2017-05-04 11:15:27', '80942ead-c07c-45e6-810f-65023d7ca634'),
 ('193', '104', 'ru', 'более-50-000-отчетов-об-оценке-объектов-недвижимости-и-более-1-000-отчетов-об-оценке-инвестиционных-проектов-и-предприятий-как-имущественных-комплексов', NULL, '1', '2017-05-04 11:16:14', '2017-05-04 11:16:14', 'f01a32e8-937f-4499-a732-78d0717ac256'),
 ('194', '104', 'en_us', 'более-50-000-отчетов-об-оценке-объектов-недвижимости-и-более-1-000-отчетов-об-оценке-инвестиционных-проектов-и-предприятий-как-имущественных-комплексов', NULL, '1', '2017-05-04 11:16:14', '2017-05-04 11:16:14', 'b6a7c7ac-75c4-41ba-851c-55d1c8be69bf'),
 ('195', '105', 'ru', '60-клиентов-отрасли-пользуется-нашими-услугами', NULL, '1', '2017-05-04 11:17:32', '2017-05-04 11:17:32', '1462ef94-883e-477a-92f2-5823f7b9a1e3'),
 ('196', '105', 'en_us', '60-клиентов-отрасли-пользуется-нашими-услугами', NULL, '1', '2017-05-04 11:17:32', '2017-05-04 11:17:32', 'c087ada6-ba56-4090-b57a-101504757ca7'),
 ('197', '106', 'ru', '3-клиента-являются-частью-крупнейших-международных-сетей-гостиниц', NULL, '1', '2017-05-04 11:18:06', '2017-05-04 11:18:06', '3f917224-9a65-44d2-bfaf-c4b8834d7e48'),
 ('198', '106', 'en_us', '3-клиента-являются-частью-крупнейших-международных-сетей-гостиниц', NULL, '1', '2017-05-04 11:18:06', '2017-05-04 11:18:06', 'e5bf8d5b-64a6-4495-90b9-45ada32ddf6a'),
 ('199', '107', 'ru', '10-клиентов-входят-в-рейтинги-крупнейших-строительных-компаний-россии', NULL, '1', '2017-05-04 11:19:03', '2017-05-04 11:19:03', 'a4b5524c-e73f-48b3-99dd-d93260072d12'),
 ('200', '107', 'en_us', '10-клиентов-входят-в-рейтинги-крупнейших-строительных-компаний-россии', NULL, '1', '2017-05-04 11:19:03', '2017-05-04 11:19:03', '050046a1-20fa-485b-8ea6-6a3de87b0efa'),
 ('201', '108', 'ru', 'construction', NULL, '1', '2017-05-04 11:27:57', '2017-05-04 11:27:59', '30b51915-5adf-4ec8-9ed8-4a2eafee8d5d'),
 ('202', '108', 'en_us', 'construction', NULL, '1', '2017-05-04 11:27:57', '2017-05-04 11:27:59', '161e4b3a-4b1d-417c-a6da-c9924848570b'),
 ('203', '109', 'ru', 'пакет-консалтинговых-услуг-при-реализации-проекта-комплексной-застройки-земельного-участка-площадью-136-7-га-ходынское-поле-г-москва', NULL, '1', '2017-05-04 11:29:18', '2017-05-04 11:37:17', '47560a4a-a4a1-46a4-b1d6-a71c85f7e29a'),
 ('204', '109', 'en_us', 'пакет-консалтинговых-услуг-при-реализации-проекта-комплексной-застройки-земельного-участка-площадью-136-7-га-ходынское-поле-г-москва', NULL, '0', '2017-05-04 11:29:18', '2017-05-04 11:37:17', 'e889ba15-4025-4c9c-8982-79b3398b2d76'),
 ('205', '110', 'ru', 'пакет-консалтинговых-услуг-при-реализации-проекта-комплексной-застройки-земельного-участка-площадью-124-га-тушинское-аэрополе-г-москва', NULL, '1', '2017-05-04 11:29:58', '2017-05-04 11:36:11', '4fdbb394-cb95-4273-bed6-d8bd2c07ceaf'),
 ('206', '110', 'en_us', 'пакет-консалтинговых-услуг-при-реализации-проекта-комплексной-застройки-земельного-участка-площадью-124-га-тушинское-аэрополе-г-москва', NULL, '0', '2017-05-04 11:29:58', '2017-05-04 11:36:11', '866d3ba8-971b-466a-ad0a-9fd61dd82bed'),
 ('207', '111', 'ru', 'по-заказу-страховой-компании-была-проведена-работа-по-выявлению-объемов-и-стоимости-поврежденного-имущества-в-результате-взрыва-произошедшего-на-газоконденсатном-заводе-заявленная-страхователем-сумма-страхового-возмещения-более-600-млн-р', NULL, '1', '2017-05-04 11:30:38', '2017-05-04 11:35:30', 'c4f591e6-94be-43b2-9a16-f3f748fd43d9'),
 ('208', '111', 'en_us', 'по-заказу-страховой-компании-была-проведена-работа-по-выявлению-объемов-и-стоимости-поврежденного-имущества-в-результате-взрыва-произошедшего-на-газоконденсатном-заводе-заявленная-страхователем-сумма-страхового-возмещения-более-600-млн-р', NULL, '0', '2017-05-04 11:30:38', '2017-05-04 11:35:30', '4c96cc79-730e-4ada-b327-a0f7c761f2d8'),
 ('209', '112', 'ru', 'более-10-лет-наша-компания-сотрудничает-с-банком-который-входит-в-топ-50-рейтинга-банков-россии-для-которого-мы-производим-оценку-и-переоценку-по-мсфо-и-рсбу-более-200-объектов-недвижимости-ежегодно-расположенных-более-чем-в-20-регионах-россии', NULL, '1', '2017-05-04 11:31:37', '2017-05-04 11:35:07', '2450d6fa-3ada-4634-9224-df82435a2fbf'),
 ('210', '112', 'en_us', 'более-10-лет-наша-компания-сотрудничает-с-банком-который-входит-в-топ-50-рейтинга-банков-россии-для-которого-мы-производим-оценку-и-переоценку-по-мсфо-и-рсбу-более-200-объектов-недвижимости-ежегодно-расположенных-более-чем-в-20-регионах-россии', NULL, '0', '2017-05-04 11:31:37', '2017-05-04 11:35:07', '3afc9433-f546-448c-8f54-e2513a16ed35'),
 ('211', '113', 'ru', 'по-заказу-девелоперской-компании-была-проведена-работа-по-анализу-наилучшего-использования-анализ-нэи-здания-бывшей-гостиницы-общей-площадью-11-672-4-кв-м-расположенной-на-земельном-участке-площадью-0-67-га-в-г-нижний-новгород', NULL, '1', '2017-05-04 11:33:20', '2017-05-04 11:34:53', 'f91a8447-9600-4ee3-a021-b0b1d31decb6'),
 ('212', '113', 'en_us', 'по-заказу-девелоперской-компании-была-проведена-работа-по-анализу-наилучшего-использования-анализ-нэи-здания-бывшей-гостиницы-общей-площадью-11-672-4-кв-м-расположенной-на-земельном-участке-площадью-0-67-га-в-г-нижний-новгород', NULL, '0', '2017-05-04 11:33:20', '2017-05-04 11:34:53', '8a8838ed-9d3e-41fb-86fd-f9d74dad7138'),
 ('213', '114', 'ru', 'в-рамках-проекта-по-ценовому-аудиту-при-строительстве-нового-химического-завода-клиент-был-заинтересован-в-правильности-составления-смет-на-строительство-и-закупку-российского-и-импортного-оборудования', NULL, '1', '2017-05-04 11:40:20', '2017-05-04 11:40:20', 'eea5685e-9bfc-4e51-9b01-aecce5f3ff95'),
 ('214', '114', 'en_us', 'в-рамках-проекта-по-ценовому-аудиту-при-строительстве-нового-химического-завода-клиент-был-заинтересован-в-правильности-составления-смет-на-строительство-и-закупку-российского-и-импортного-оборудования', NULL, '0', '2017-05-04 11:40:20', '2017-05-04 11:40:20', 'a901e36f-4a06-45ac-9837-0fb9ceaa79d8'),
 ('215', '115', 'ru', 'группа-компаний-крупный-застройщик-ведущий-строительство-жилых-комплексов-в-нескольких-регионах-россии-обратился-к-нашим-экспертам-с-целью-подтверждения-достоверности-финансовой-отчетности-по-мсфо', NULL, '1', '2017-05-04 11:41:37', '2017-05-04 11:41:37', '24c8d57f-1fda-4dcf-b54e-329da5243be1'),
 ('216', '115', 'en_us', 'группа-компаний-крупный-застройщик-ведущий-строительство-жилых-комплексов-в-нескольких-регионах-россии-обратился-к-нашим-экспертам-с-целью-подтверждения-достоверности-финансовой-отчетности-по-мсфо', NULL, '0', '2017-05-04 11:41:37', '2017-05-04 11:41:37', '04b0116d-508c-4d4e-ac68-a5b3b0c785e5'),
 ('217', '116', 'ru', 'taxes', NULL, '1', '2017-05-04 11:47:43', '2017-05-04 11:48:58', '79f82796-a322-425d-b94b-f53abd05fa5f'),
 ('218', '116', 'en_us', 'taxes', NULL, '1', '2017-05-04 11:47:43', '2017-05-04 11:48:58', '7f5ac76a-cea7-4f80-8545-18248cdf6610'),
 ('219', '117', 'ru', 'комплексный-подход-к-решению-задачи', NULL, '1', '2017-05-04 11:48:56', '2017-05-04 11:48:56', '1fe0740d-eafb-4b9f-8c09-7b64ac226d3a'),
 ('220', '117', 'en_us', 'комплексный-подход-к-решению-задачи', NULL, '0', '2017-05-04 11:48:57', '2017-05-04 11:48:57', 'cb0f9ffe-407d-4600-8167-a85d97d15eb8'),
 ('221', '118', 'ru', 'разработка-практических-решений-в-условиях-противоречий-пробелов-в-законодательстве', NULL, '1', '2017-05-04 11:50:23', '2017-05-04 11:50:23', 'c6a039b6-ce38-4577-8647-0dfcfb8275f0'),
 ('222', '118', 'en_us', 'разработка-практических-решений-в-условиях-противоречий-пробелов-в-законодательстве', NULL, '0', '2017-05-04 11:50:23', '2017-05-04 11:50:23', 'b7cfbf1d-6da2-457a-af19-a0e5fa2ee542'),
 ('223', '119', 'ru', 'консультирование-по-вопросам-стратегии-развития-бизнеса', 'services/консалтинг/консультирование-по-вопросам-стратегии-развития-бизнеса', '1', '2017-05-04 11:55:28', '2017-05-04 11:55:30', '7d8df1f6-1522-489c-8f9b-6c14cd5f2497'),
 ('224', '119', 'en_us', 'консультирование-по-вопросам-стратегии-развития-бизнеса', 'services/консалтинг/консультирование-по-вопросам-стратегии-развития-бизнеса', '1', '2017-05-04 11:55:28', '2017-05-04 11:55:30', 'caaa4a61-2c1e-4521-8e76-59b156900bd2'),
 ('225', '120', 'ru', 'аудит-финансовой-отчетности-подготовленной-в-соответствии-с-международными-стандартами-ifrs-и-us-gaap', 'services/аудиторские-услуги/аудит-финансовой-отчетности-подготовленной-в-соответствии-с-международными-стандартами-ifrs-и-us-gaap', '1', '2017-05-04 11:56:27', '2017-05-04 11:56:29', 'b785871a-412f-4278-9254-8dc63972c874'),
 ('226', '120', 'en_us', 'аудит-финансовой-отчетности-подготовленной-в-соответствии-с-международными-стандартами-ifrs-и-us-gaap', 'services/аудиторские-услуги/аудит-финансовой-отчетности-подготовленной-в-соответствии-с-международными-стандартами-ifrs-и-us-gaap', '1', '2017-05-04 11:56:27', '2017-05-04 11:56:29', '48e4434c-5238-4a42-a4a4-3d0417c498f4');
INSERT INTO `craft_elements_i18n` (`id`, `elementId`, `locale`, `slug`, `uri`, `enabled`, `dateCreated`, `dateUpdated`, `uid`) VALUES
 ('227', '121', 'ru', 'аудит-бухгалтерской-отчетности-подготовленной-в-соответствии-с-требованиями-российского-законодательства', 'services/аудиторские-услуги/аудит-бухгалтерской-отчетности-подготовленной-в-соответствии-с-требованиями-российского-законодательства', '1', '2017-05-04 11:56:44', '2017-05-04 11:56:45', 'f6f4a469-daf3-4578-bef4-d6c5d2b0f394'),
 ('228', '121', 'en_us', 'аудит-бухгалтерской-отчетности-подготовленной-в-соответствии-с-требованиями-российского-законодательства', 'services/аудиторские-услуги/аудит-бухгалтерской-отчетности-подготовленной-в-соответствии-с-требованиями-российского-законодательства', '1', '2017-05-04 11:56:44', '2017-05-04 11:56:45', '773746de-10e0-429f-9d69-09c454b15be6'),
 ('229', '122', 'ru', 'подготовка-финансовой-отчетности-в-соответствии-с-международными-стандартами', 'services/аудиторские-услуги/подготовка-финансовой-отчетности-в-соответствии-с-международными-стандартами', '1', '2017-05-04 11:57:06', '2017-05-04 11:57:08', 'c1f72345-156d-4146-8d88-107b764bf358'),
 ('230', '122', 'en_us', 'подготовка-финансовой-отчетности-в-соответствии-с-международными-стандартами', 'services/аудиторские-услуги/подготовка-финансовой-отчетности-в-соответствии-с-международными-стандартами', '1', '2017-05-04 11:57:06', '2017-05-04 11:57:08', 'fe2bcd02-3d28-46cc-8f75-b720dd0d0c99'),
 ('231', '123', 'ru', 'консультирование-по-ifrs-и-us-gaap', 'services/аудиторские-услуги/консультирование-по-ifrs-и-us-gaap', '1', '2017-05-04 11:57:23', '2017-05-04 11:57:24', 'bfe53246-af07-43c7-8012-38fb1302af96'),
 ('232', '123', 'en_us', 'консультирование-по-ifrs-и-us-gaap', 'services/аудиторские-услуги/консультирование-по-ifrs-и-us-gaap', '1', '2017-05-04 11:57:23', '2017-05-04 11:57:24', '8104398f-48b2-498b-a954-423e5a8004de'),
 ('233', '124', 'ru', 'услуги-внутреннего-аудита', 'services/аудиторские-услуги/услуги-внутреннего-аудита', '1', '2017-05-04 11:57:36', '2017-05-04 11:57:37', '9cf65c23-ed74-4c95-a0c2-ac5dc53a4487'),
 ('234', '124', 'en_us', 'услуги-внутреннего-аудита', 'services/аудиторские-услуги/услуги-внутреннего-аудита', '1', '2017-05-04 11:57:36', '2017-05-04 11:57:37', '95c0cb4a-d211-4864-a09c-dc13479408e4'),
 ('235', '125', 'ru', 'оценка-системы-внутреннего-контроля', 'services/аудиторские-услуги/оценка-системы-внутреннего-контроля', '1', '2017-05-04 11:57:59', '2017-05-04 11:58:01', 'f259f77a-6e38-4fec-8727-99dce2f6157c'),
 ('236', '125', 'en_us', 'оценка-системы-внутреннего-контроля', 'services/аудиторские-услуги/оценка-системы-внутреннего-контроля', '1', '2017-05-04 11:57:59', '2017-05-04 11:58:01', 'a1eb3713-ed0d-4123-bc87-bc5dfe35a086'),
 ('237', '126', 'ru', 'корпоративное-налогообложение', 'services/налоговое-консультирование/корпоративное-налогообложение', '1', '2017-05-04 11:58:44', '2017-05-04 11:58:46', 'dac5ac42-3d67-4d8f-af97-17d54f538a0d'),
 ('238', '126', 'en_us', 'корпоративное-налогообложение', 'services/налоговое-консультирование/корпоративное-налогообложение', '1', '2017-05-04 11:58:45', '2017-05-04 11:58:46', '67733fa0-23c0-44b7-a764-5635642cd5a8'),
 ('239', '127', 'ru', 'трансфертное-ценообразование', 'services/налоговое-консультирование/трансфертное-ценообразование', '1', '2017-05-04 11:59:45', '2017-05-04 11:59:47', '544ef892-0f71-4f8e-99d2-e2a3daae0367'),
 ('240', '127', 'en_us', 'трансфертное-ценообразование', 'services/налоговое-консультирование/трансфертное-ценообразование', '1', '2017-05-04 11:59:45', '2017-05-04 11:59:47', '40112f02-63b6-484f-b2bf-56e70f65a052'),
 ('241', '128', 'ru', 'международное-налоговое-планирование-и-отчетность-по-контролируемым-иностранным-компаниям', 'services/налоговое-консультирование/международное-налоговое-планирование-и-отчетность-по-контролируемым-иностранным-компаниям', '1', '2017-05-04 12:00:45', '2017-05-04 12:00:47', '49651159-bf5e-41bb-98a5-693ab0a5020e'),
 ('242', '128', 'en_us', 'международное-налоговое-планирование-и-отчетность-по-контролируемым-иностранным-компаниям', 'services/налоговое-консультирование/международное-налоговое-планирование-и-отчетность-по-контролируемым-иностранным-компаниям', '1', '2017-05-04 12:00:46', '2017-05-04 12:00:47', 'b2d72357-1535-442b-b984-05318c6aa157'),
 ('243', '129', 'ru', 'услуги-по-совершенствованию-налоговой-функции-и-налоговой-политики', 'services/налоговое-консультирование/услуги-по-совершенствованию-налоговой-функции-и-налоговой-политики', '1', '2017-05-04 12:02:24', '2017-05-04 12:02:26', '5ec07e6c-4cec-42fe-acd6-ea53c09ec7c5'),
 ('244', '129', 'en_us', 'услуги-по-совершенствованию-налоговой-функции-и-налоговой-политики', 'services/налоговое-консультирование/услуги-по-совершенствованию-налоговой-функции-и-налоговой-политики', '1', '2017-05-04 12:02:24', '2017-05-04 12:02:26', '025f5343-10f4-4b61-9ebd-fc4e5021e33a'),
 ('245', '130', 'ru', 'разрешение-налоговых-споров', 'services/налоговое-консультирование/разрешение-налоговых-споров', '1', '2017-05-04 12:03:22', '2017-05-04 12:03:24', '97b4b5ee-7539-4c79-ab78-4ee628a6bd75'),
 ('246', '130', 'en_us', 'разрешение-налоговых-споров', 'services/налоговое-консультирование/разрешение-налоговых-споров', '1', '2017-05-04 12:03:22', '2017-05-04 12:03:24', '4bad6475-6be1-47f0-82ba-dd9f40a5d3a0'),
 ('247', '131', 'ru', 'ведение-бухгалтерского-учета-по-стандартам-рсбу', 'services/бухгалтерские-услуги/ведение-бухгалтерского-учета-по-стандартам-рсбу', '1', '2017-05-04 13:18:41', '2017-05-04 13:18:43', '4ecba5ca-af7f-4b0d-99f7-5992ef4eb8d6'),
 ('248', '131', 'en_us', 'ведение-бухгалтерского-учета-по-стандартам-рсбу', 'services/бухгалтерские-услуги/ведение-бухгалтерского-учета-по-стандартам-рсбу', '1', '2017-05-04 13:18:42', '2017-05-04 13:18:43', 'abfe5d22-4eb2-44d0-adc3-c6c74f1abfa7'),
 ('249', '132', 'ru', 'ведение-бухгалтерского-учета-по-стандартам-клиента', 'services/бухгалтерские-услуги/ведение-бухгалтерского-учета-по-стандартам-клиента', '1', '2017-05-04 13:18:58', '2017-05-04 13:19:00', '91534209-5bad-4c78-9fb3-d061bc35412f'),
 ('250', '132', 'en_us', 'ведение-бухгалтерского-учета-по-стандартам-клиента', 'services/бухгалтерские-услуги/ведение-бухгалтерского-учета-по-стандартам-клиента', '1', '2017-05-04 13:18:58', '2017-05-04 13:19:00', 'edf977ad-7cd1-44b8-9936-499b8af10902'),
 ('255', '135', 'ru', 'подготовка-налоговых-деклараций', 'services/бухгалтерские-услуги/подготовка-налоговых-деклараций', '1', '2017-05-04 13:32:37', '2017-05-04 13:32:39', 'a5bd2d49-0bfc-43b6-a247-a32d16602229'),
 ('256', '135', 'en_us', 'подготовка-налоговых-деклараций', 'services/бухгалтерские-услуги/подготовка-налоговых-деклараций', '1', '2017-05-04 13:32:37', '2017-05-04 13:32:39', 'a3976837-d101-48d8-938a-feb614b0a0c6'),
 ('257', '136', 'ru', 'расчет-заработной-платы', 'services/бухгалтерские-услуги/расчет-заработной-платы', '1', '2017-05-04 13:32:50', '2017-05-04 13:32:52', 'f76b8745-759c-46b3-b321-bd75d21e8b12'),
 ('258', '136', 'en_us', 'расчет-заработной-платы', 'services/бухгалтерские-услуги/расчет-заработной-платы', '1', '2017-05-04 13:32:50', '2017-05-04 13:32:52', 'd85ab010-0a33-49e4-955b-4e8182acb759'),
 ('259', '137', 'ru', 'кадровое-делопроизводство', 'services/бухгалтерские-услуги/кадровое-делопроизводство', '1', '2017-05-04 13:33:01', '2017-05-04 13:33:03', '53007b3f-5276-478b-bae4-6d4e536f3206'),
 ('260', '137', 'en_us', 'кадровое-делопроизводство', 'services/бухгалтерские-услуги/кадровое-делопроизводство', '1', '2017-05-04 13:33:01', '2017-05-04 13:33:03', 'c179930b-dc58-48e5-b8ce-181be66eccb3'),
 ('261', '138', 'ru', 'консультации-по-вопросам-бухгалтерского-учета', 'services/бухгалтерские-услуги/консультации-по-вопросам-бухгалтерского-учета', '1', '2017-05-04 13:33:11', '2017-05-04 13:33:13', '46543a63-4b31-47b1-9fc7-d80f40e36db7'),
 ('262', '138', 'en_us', 'консультации-по-вопросам-бухгалтерского-учета', 'services/бухгалтерские-услуги/консультации-по-вопросам-бухгалтерского-учета', '1', '2017-05-04 13:33:11', '2017-05-04 13:33:13', '51ae375f-d4c1-49c7-a6d0-7359bfea715b'),
 ('263', '139', 'ru', 'консультации-по-оптимизации-бухгалтерских-служб', 'services/бухгалтерские-услуги/консультации-по-оптимизации-бухгалтерских-служб', '1', '2017-05-04 13:33:55', '2017-05-04 13:33:57', 'f4d9c3c5-51c6-4b60-8ac6-5bc2a8291494'),
 ('264', '139', 'en_us', 'консультации-по-оптимизации-бухгалтерских-служб', 'services/бухгалтерские-услуги/консультации-по-оптимизации-бухгалтерских-служб', '1', '2017-05-04 13:33:55', '2017-05-04 13:33:57', '6429959b-9995-4f1a-9f3d-795f00d8cc3f'),
 ('265', '140', 'ru', 'аутсорсинг-отдельных-учетных-процессов', 'services/бухгалтерские-услуги/аутсорсинг-отдельных-учетных-процессов', '1', '2017-05-04 13:34:08', '2017-05-04 13:34:09', '3f2c1de7-701a-4a02-a4b7-2fa19fa519dc'),
 ('266', '140', 'en_us', 'аутсорсинг-отдельных-учетных-процессов', 'services/бухгалтерские-услуги/аутсорсинг-отдельных-учетных-процессов', '1', '2017-05-04 13:34:08', '2017-05-04 13:34:09', 'c38a7f69-b5bf-42e1-bf8c-cd26afec9119'),
 ('267', '141', 'ru', 'сопровождение-инвестиционных-сделок', 'services/корпоративные-финансы/сопровождение-инвестиционных-сделок', '1', '2017-05-04 13:35:59', '2017-05-04 14:13:30', 'ce98e984-b919-4315-9d40-4ef8158c9e15'),
 ('268', '141', 'en_us', 'сопровождение-инвестиционных-сделок', 'services/корпоративные-финансы/сопровождение-инвестиционных-сделок', '1', '2017-05-04 13:35:59', '2017-05-04 14:13:30', 'a89b0fa5-a252-4dd9-9532-92afbb26d429'),
 ('269', '142', 'ru', 'слияния-и-поглощения', 'services/корпоративные-финансы/слияния-и-поглощения', '1', '2017-05-04 13:37:34', '2017-05-04 14:13:43', 'bb28a10b-db94-431e-8305-8a05f0fcbd26'),
 ('270', '142', 'en_us', 'слияния-и-поглощения', 'services/корпоративные-финансы/слияния-и-поглощения', '1', '2017-05-04 13:37:35', '2017-05-04 14:13:43', '8b3932a1-5fd1-4bb1-882a-1d0531f69627'),
 ('271', '143', 'ru', 'оценка', 'services/корпоративные-финансы/оценка', '1', '2017-05-04 13:40:05', '2017-05-04 14:13:55', '652a1091-8692-4c31-84bb-36d2babc54c3'),
 ('272', '143', 'en_us', 'оценка', 'services/корпоративные-финансы/оценка', '1', '2017-05-04 13:40:05', '2017-05-04 14:13:55', 'ff3a1562-2ddb-4ae5-844b-a79863c151ab'),
 ('273', '144', 'ru', 'финансово-экономический-анализ', 'services/финансовые-расследования/финансово-экономический-анализ', '1', '2017-05-04 13:42:09', '2017-05-04 13:42:11', 'c5ade0c2-3679-42d0-b397-0606b7657345'),
 ('274', '144', 'en_us', 'финансово-экономический-анализ', 'services/финансовые-расследования/финансово-экономический-анализ', '1', '2017-05-04 13:42:09', '2017-05-04 13:42:11', 'f3c6f399-49d2-4d5d-8ee5-4205f56739b6'),
 ('275', '145', 'ru', 'экономическая-экспертиза-и-оценка', 'services/финансовые-расследования/экономическая-экспертиза-и-оценка', '1', '2017-05-04 13:42:22', '2017-05-04 13:42:24', 'c8cfca5e-18c0-4a2b-a509-cdea042434cd'),
 ('276', '145', 'en_us', 'экономическая-экспертиза-и-оценка', 'services/финансовые-расследования/экономическая-экспертиза-и-оценка', '1', '2017-05-04 13:42:23', '2017-05-04 13:42:24', 'fd1d0e66-f1eb-46b0-b98e-40767fa9ec52'),
 ('277', '146', 'ru', 'налоговая-экспертиза', 'services/финансовые-расследования/налоговая-экспертиза', '1', '2017-05-04 13:42:36', '2017-05-04 13:42:38', '72f6c321-9e70-4da7-b232-921b0f36a8e0'),
 ('278', '146', 'en_us', 'налоговая-экспертиза', 'services/финансовые-расследования/налоговая-экспертиза', '1', '2017-05-04 13:42:36', '2017-05-04 13:42:38', '1f0cc58a-ee0a-48e5-87e2-111485d54faa'),
 ('279', '147', 'ru', 'технологический-и-ценовой-аудит-анализ-инвестиционных-планов-и-финансовых-моделей', 'services/финансовые-расследования/технологический-и-ценовой-аудит-анализ-инвестиционных-планов-и-финансовых-моделей', '1', '2017-05-04 13:42:49', '2017-05-04 13:42:51', '052821f7-f344-41df-b303-35b492ff61c9'),
 ('280', '147', 'en_us', 'технологический-и-ценовой-аудит-анализ-инвестиционных-планов-и-финансовых-моделей', 'services/финансовые-расследования/технологический-и-ценовой-аудит-анализ-инвестиционных-планов-и-финансовых-моделей', '1', '2017-05-04 13:42:50', '2017-05-04 13:42:51', '83ff25c6-5aef-487c-b900-60954b4a9897'),
 ('281', '148', 'ru', 'корпоративная-разведка-и-сбор-информации', 'services/финансовые-расследования/корпоративная-разведка-и-сбор-информации', '1', '2017-05-04 13:43:31', '2017-05-04 13:43:33', 'cdd3fc56-6448-453f-b9e4-9ea9ca7d9cb2'),
 ('282', '148', 'en_us', 'корпоративная-разведка-и-сбор-информации', 'services/финансовые-расследования/корпоративная-разведка-и-сбор-информации', '1', '2017-05-04 13:43:31', '2017-05-04 13:43:33', '0cc0595b-134f-4949-80a2-d35108ec5056'),
 ('283', '151', 'ru', 'cудебная-экспертиза-представительство-в-ходе-судебных-разбирательств-в-том-числе-международных', 'services/финансовые-расследования/cудебная-экспертиза-представительство-в-ходе-судебных-разбирательств-в-том-числе-международных', '1', '2017-05-04 13:44:36', '2017-05-04 13:44:38', 'fe4ff925-9f23-422b-b71b-ef90cbb923fb'),
 ('284', '151', 'en_us', 'cудебная-экспертиза-представительство-в-ходе-судебных-разбирательств-в-том-числе-международных', 'services/финансовые-расследования/cудебная-экспертиза-представительство-в-ходе-судебных-разбирательств-в-том-числе-международных', '1', '2017-05-04 13:44:36', '2017-05-04 13:44:38', '524453c3-9c41-4f4e-b104-cc085a4db4cd'),
 ('285', '152', 'ru', 'корпоративное-право', 'services/юридические-услуги/корпоративное-право', '1', '2017-05-04 13:46:40', '2017-05-04 13:53:58', 'a77404c6-6a77-416d-adab-80427eee71c8'),
 ('286', '152', 'en_us', 'корпоративное-право', 'services/юридические-услуги/корпоративное-право', '1', '2017-05-04 13:46:40', '2017-05-04 13:53:58', 'f69ecbee-fb8c-4427-ac0c-3f514af115f2'),
 ('287', '153', 'ru', 'сопровождение-иностранных-инвестиций-в-россии', 'services/юридические-услуги/сопровождение-иностранных-инвестиций-в-россии', '1', '2017-05-04 13:47:06', '2017-05-04 14:00:55', '684d580d-7369-4fd0-a9ec-5e3dedb0fcf3'),
 ('288', '153', 'en_us', 'сопровождение-иностранных-инвестиций-в-россии', 'services/юридические-услуги/сопровождение-иностранных-инвестиций-в-россии', '1', '2017-05-04 13:47:06', '2017-05-04 14:00:55', '868bf940-0522-409e-8a75-b31eaed825d1'),
 ('289', '154', 'ru', 'коммерческое-право-включая-разработку-операционной-структуры-ведения-бизнеса-и-подготовку-различных-договоров', 'services/юридические-услуги/коммерческое-право-включая-разработку-операционной-структуры-ведения-бизнеса-и-подготовку-различных-договоров', '1', '2017-05-04 14:02:02', '2017-05-04 14:02:04', 'bb8a65d1-1dba-4363-a4b2-e36def15cd2d'),
 ('290', '154', 'en_us', 'коммерческое-право-включая-разработку-операционной-структуры-ведения-бизнеса-и-подготовку-различных-договоров', 'services/юридические-услуги/коммерческое-право-включая-разработку-операционной-структуры-ведения-бизнеса-и-подготовку-различных-договоров', '1', '2017-05-04 14:02:02', '2017-05-04 14:02:04', '1a95f221-35f7-4b89-a02b-411c01907dbb'),
 ('291', '155', 'ru', 'земля-недвижимость-строительство', 'services/юридические-услуги/земля-недвижимость-строительство', '1', '2017-05-04 14:02:44', '2017-05-04 14:02:46', 'aa68eb92-5736-42ad-9eb3-9ceee2e15c1d'),
 ('292', '155', 'en_us', 'земля-недвижимость-строительство', 'services/юридические-услуги/земля-недвижимость-строительство', '1', '2017-05-04 14:02:44', '2017-05-04 14:02:46', '4955d47f-a2c4-427c-afdf-0a975ca82d1f'),
 ('293', '156', 'ru', 'интеллектуальная-собственность', 'services/юридические-услуги/интеллектуальная-собственность', '1', '2017-05-04 14:14:41', '2017-05-04 14:14:43', '4c337cf5-66d3-4726-bd4e-5746e6acac3a'),
 ('294', '156', 'en_us', 'интеллектуальная-собственность', 'services/юридические-услуги/интеллектуальная-собственность', '1', '2017-05-04 14:14:41', '2017-05-04 14:14:43', 'c94c2448-2385-4bb8-8cfe-f0580aa4fdcd'),
 ('295', '157', 'ru', 'антимонопольное-законодательство', 'services/юридические-услуги/антимонопольное-законодательство', '1', '2017-05-04 14:15:17', '2017-05-04 14:15:19', '00cdfa73-46d0-40f2-8da0-90948b8f738b'),
 ('296', '157', 'en_us', 'антимонопольное-законодательство', 'services/юридические-услуги/антимонопольное-законодательство', '1', '2017-05-04 14:15:17', '2017-05-04 14:15:19', 'd5a0ee21-4097-4726-8e63-e72fa318d386'),
 ('297', '158', 'ru', 'валютное-регулирование-и-таможенное-право', 'services/юридические-услуги/валютное-регулирование-и-таможенное-право', '1', '2017-05-04 14:15:50', '2017-05-04 14:15:52', '59403473-0b1a-40b6-b272-f7ee4b75b8e9'),
 ('298', '158', 'en_us', 'валютное-регулирование-и-таможенное-право', 'services/юридические-услуги/валютное-регулирование-и-таможенное-право', '1', '2017-05-04 14:15:51', '2017-05-04 14:15:52', 'bb5e4bec-cd12-4c4f-83d2-7f4782f67c38'),
 ('299', '159', 'ru', 'трудовое-и-миграционное-право', 'services/юридические-услуги/трудовое-и-миграционное-право', '1', '2017-05-04 14:16:45', '2017-05-04 14:16:47', '34c2dcd0-66c3-43e7-8abd-1bbe9f2d55a7'),
 ('300', '159', 'en_us', 'трудовое-и-миграционное-право', 'services/юридические-услуги/трудовое-и-миграционное-право', '1', '2017-05-04 14:16:45', '2017-05-04 14:16:47', '304c44d1-822d-4a53-a19e-fd780cf5772e'),
 ('301', '160', 'ru', 'оценка-недвижимости', 'services/оценочные-услуги/оценка-недвижимости', '1', '2017-05-04 14:20:33', '2017-05-04 14:20:35', 'c43500bd-8e58-4aa2-8212-2e36138bfcb5'),
 ('302', '160', 'en_us', 'оценка-недвижимости', 'services/оценочные-услуги/оценка-недвижимости', '1', '2017-05-04 14:20:33', '2017-05-04 14:20:35', '1e1964df-1fef-43a3-a5bc-f9b3912690e6'),
 ('303', '161', 'ru', 'оценка-движимого-имущества', 'services/оценочные-услуги/оценка-движимого-имущества', '1', '2017-05-04 14:21:09', '2017-05-04 14:21:10', '78f22c8f-59d1-4910-93a0-22389a4ccbb4'),
 ('304', '161', 'en_us', 'оценка-движимого-имущества', 'services/оценочные-услуги/оценка-движимого-имущества', '1', '2017-05-04 14:21:09', '2017-05-04 14:21:10', '5db5901e-9a8b-46d2-acf2-a2bf865443c0'),
 ('305', '162', 'ru', 'оценка-имущественных-комплексов', 'services/оценочные-услуги/оценка-имущественных-комплексов', '1', '2017-05-04 14:21:39', '2017-05-04 14:21:41', '58cb80f8-2939-4f33-876d-ed4ad9c65f1e'),
 ('306', '162', 'en_us', 'оценка-имущественных-комплексов', 'services/оценочные-услуги/оценка-имущественных-комплексов', '1', '2017-05-04 14:21:39', '2017-05-04 14:21:41', 'acb15076-4b98-4f82-8895-a6b94c77392b'),
 ('307', '163', 'ru', 'оценка-бизнеса', 'services/оценочные-услуги/оценка-бизнеса', '1', '2017-05-04 14:22:02', '2017-05-04 14:22:04', '0142addf-869a-43a9-bad1-7278f193c84b'),
 ('308', '163', 'en_us', 'оценка-бизнеса', 'services/оценочные-услуги/оценка-бизнеса', '1', '2017-05-04 14:22:02', '2017-05-04 14:22:04', 'f297ad22-f1ef-4523-9eee-751e3d9e143c'),
 ('309', '164', 'ru', 'оценка-для-целей-мсфо', 'services/оценочные-услуги/оценка-для-целей-мсфо', '1', '2017-05-04 14:22:49', '2017-05-04 14:22:51', '3836c51c-d627-4a7d-8eac-5ed91e3064bd'),
 ('310', '164', 'en_us', 'оценка-для-целей-мсфо', 'services/оценочные-услуги/оценка-для-целей-мсфо', '1', '2017-05-04 14:22:49', '2017-05-04 14:22:51', '5d8e4ea5-740c-4091-8234-4a3d83e96651'),
 ('311', '165', 'ru', 'оценка-нематериальных-активов', 'services/оценочные-услуги/оценка-нематериальных-активов', '1', '2017-05-04 14:23:14', '2017-05-04 14:23:15', '2b9fa760-5a9b-415c-818a-33ea55659e95'),
 ('312', '165', 'en_us', 'оценка-нематериальных-активов', 'services/оценочные-услуги/оценка-нематериальных-активов', '1', '2017-05-04 14:23:14', '2017-05-04 14:23:15', '46368f20-2106-484b-be88-09287857e3d9'),
 ('313', '166', 'ru', 'оценка-инвестиционных-проектов-инвестиционный-консалтинг', 'services/оценочные-услуги/оценка-инвестиционных-проектов-инвестиционный-консалтинг', '1', '2017-05-04 14:24:08', '2017-05-04 14:24:10', '4ecf695c-196b-43b3-be08-455c9805efea'),
 ('314', '166', 'en_us', 'оценка-инвестиционных-проектов-инвестиционный-консалтинг', 'services/оценочные-услуги/оценка-инвестиционных-проектов-инвестиционный-консалтинг', '1', '2017-05-04 14:24:08', '2017-05-04 14:24:10', '92beae49-e9bd-41d8-9e38-5720693dfa21'),
 ('315', '167', 'ru', 'финансовое-моделирование', 'services/оценочные-услуги/финансовое-моделирование', '1', '2017-05-04 14:24:31', '2017-05-04 14:24:33', '22dc4974-1a4b-4494-943b-565176acbb71'),
 ('316', '167', 'en_us', 'финансовое-моделирование', 'services/оценочные-услуги/финансовое-моделирование', '1', '2017-05-04 14:24:31', '2017-05-04 14:24:33', 'f19aed4a-14f7-4072-87b4-a12a98c22182');



DROP TABLE IF EXISTS `craft_emailmessages`;


--
-- Schema for table `craft_emailmessages`
--
CREATE TABLE `craft_emailmessages` (
  `id` int(11) NOT NULL AUTO_INCREMENT,
  `key` char(150) COLLATE utf8_unicode_ci NOT NULL,
  `locale` char(12) COLLATE utf8_unicode_ci NOT NULL,
  `subject` varchar(1000) COLLATE utf8_unicode_ci NOT NULL,
  `body` text COLLATE utf8_unicode_ci NOT NULL,
  `dateCreated` datetime NOT NULL,
  `dateUpdated` datetime NOT NULL,
  `uid` char(36) COLLATE utf8_unicode_ci NOT NULL DEFAULT '0',
  PRIMARY KEY (`id`),
  UNIQUE KEY `craft_emailmessages_key_locale_unq_idx` (`key`,`locale`),
  KEY `craft_emailmessages_locale_fk` (`locale`)
) ENGINE=InnoDB DEFAULT CHARSET=utf8 COLLATE=utf8_unicode_ci;

DROP TABLE IF EXISTS `craft_entries`;


--
-- Schema for table `craft_entries`
--
CREATE TABLE `craft_entries` (
  `id` int(11) NOT NULL,
  `sectionId` int(11) NOT NULL,
  `typeId` int(11) DEFAULT NULL,
  `authorId` int(11) DEFAULT NULL,
  `postDate` datetime DEFAULT NULL,
  `expiryDate` datetime DEFAULT NULL,
  `dateCreated` datetime NOT NULL,
  `dateUpdated` datetime NOT NULL,
  `uid` char(36) COLLATE utf8_unicode_ci NOT NULL DEFAULT '0',
  PRIMARY KEY (`id`),
  KEY `craft_entries_sectionId_idx` (`sectionId`),
  KEY `craft_entries_typeId_idx` (`typeId`),
  KEY `craft_entries_postDate_idx` (`postDate`),
  KEY `craft_entries_expiryDate_idx` (`expiryDate`),
  KEY `craft_entries_authorId_fk` (`authorId`)
) ENGINE=InnoDB DEFAULT CHARSET=utf8 COLLATE=utf8_unicode_ci;

--
-- Data for table `craft_entries`
--

INSERT INTO `craft_entries` (`id`, `sectionId`, `typeId`, `authorId`, `postDate`, `expiryDate`, `dateCreated`, `dateUpdated`, `uid`) VALUES
 ('2', '1', NULL, NULL, '2017-04-27 15:30:04', NULL, '2017-04-27 15:30:05', '2017-04-27 15:30:05', '51340ee6-e056-40b7-b559-781fdbd2ca03'),
 ('3', '2', '2', '1', '2017-04-27 15:30:00', NULL, '2017-04-27 15:30:05', '2017-04-28 09:58:29', '77ebe056-c7e3-435d-b4ab-12163b4a0770'),
 ('18', '4', '4', '1', '2017-04-27 22:24:29', NULL, '2017-04-27 22:24:30', '2017-04-27 22:24:30', '2a7cc64a-0a0f-4ec2-9311-c0e6dfa9c024'),
 ('23', '7', NULL, NULL, '2017-04-28 11:25:37', NULL, '2017-04-28 11:25:37', '2017-04-28 11:25:37', '5a5e350c-0e5e-48a8-8533-6a7b79259758'),
 ('24', '8', '8', '1', '2017-05-02 15:22:00', NULL, '2017-05-02 15:22:09', '2017-05-04 11:54:07', '08508bc2-4a42-4c43-95d7-fe8680b1c9a3'),
 ('25', '8', '8', '1', '2017-05-02 15:22:00', NULL, '2017-05-02 15:22:22', '2017-05-04 11:53:28', 'd5b7f440-9e83-4308-9b94-744cbe148c72'),
 ('26', '8', '8', '1', '2017-05-02 15:22:31', NULL, '2017-05-02 15:22:31', '2017-05-02 15:22:31', 'f119b9fc-8c96-4a05-bdf4-22a7ccdf8afc'),
 ('27', '8', '8', '1', '2017-05-02 15:22:40', NULL, '2017-05-02 15:22:40', '2017-05-02 15:22:40', 'af063a9f-d15e-4402-a036-9fcc1e1f8c62'),
 ('28', '8', '8', '1', '2017-05-02 15:22:49', NULL, '2017-05-02 15:22:49', '2017-05-02 15:22:49', 'e554076f-650e-4067-97dd-38ed7839dbff'),
 ('29', '8', '8', '1', '2017-05-02 15:22:00', NULL, '2017-05-02 15:22:57', '2017-05-04 14:18:30', 'fbce387d-f5b5-432f-a617-26154e80054d'),
 ('30', '8', '8', '1', '2017-05-02 15:23:06', NULL, '2017-05-02 15:23:06', '2017-05-02 15:23:06', '6bcffac3-d0b7-48ad-93b3-22adecbccfae'),
 ('31', '8', '8', '1', '2017-05-02 15:23:16', NULL, '2017-05-02 15:23:16', '2017-05-02 15:23:16', 'e86be37e-3b39-45d8-8b49-ae0bc803375e'),
 ('32', '9', '9', '1', '2017-05-02 15:24:52', NULL, '2017-05-02 15:24:52', '2017-05-02 15:24:52', 'a8a0ad3b-9fc1-4901-aa25-8175eaf0b114'),
 ('33', '9', '9', '1', '2017-05-02 15:25:02', NULL, '2017-05-02 15:25:02', '2017-05-02 15:25:02', '90c0dbd4-e62f-4744-9332-22e6ea2a21ed'),
 ('34', '9', '9', '1', '2017-05-02 15:25:15', NULL, '2017-05-02 15:25:15', '2017-05-02 15:25:15', '0ad788e9-85d2-496c-ba69-ec51c06dbca4'),
 ('35', '9', '9', '1', '2017-05-02 15:25:39', NULL, '2017-05-02 15:25:39', '2017-05-02 15:25:39', 'acc00f45-a27f-4737-a0a6-4a7c60dde028'),
 ('36', '9', '9', '1', '2017-05-02 15:25:00', NULL, '2017-05-02 15:25:48', '2017-05-04 11:26:42', 'ab9f9315-9eea-4b68-a06f-919f913309bc'),
 ('37', '9', '9', '1', '2017-05-02 15:25:56', NULL, '2017-05-02 15:25:56', '2017-05-02 15:25:56', 'a9ba0bae-a08f-475e-be68-73fe635d6b9a'),
 ('38', '9', '9', '1', '2017-05-02 15:26:30', NULL, '2017-05-02 15:26:30', '2017-05-02 15:26:30', 'd61b1e08-6215-4fc0-8421-4751fdd49dbd'),
 ('39', '9', '9', '1', '2017-05-02 15:27:06', NULL, '2017-05-02 15:27:07', '2017-05-02 15:27:07', 'ef745dfd-7add-4c42-8fab-6f3be22c85f9'),
 ('40', '9', '9', '1', '2017-05-02 15:27:13', NULL, '2017-05-02 15:27:13', '2017-05-02 15:27:13', '4f0d8450-9470-4adc-902e-7cb1526b24bf'),
 ('41', '9', '9', '1', '2017-05-02 15:27:21', NULL, '2017-05-02 15:27:21', '2017-05-02 15:27:21', 'e366c320-edb8-43f6-a402-0d3a8d67da43'),
 ('42', '9', '9', '1', '2017-05-02 15:27:32', NULL, '2017-05-02 15:27:32', '2017-05-02 15:27:32', '34fb0fa8-a872-4349-883e-70de553a8c69'),
 ('43', '9', '9', '1', '2017-05-02 15:27:41', NULL, '2017-05-02 15:27:41', '2017-05-02 15:27:41', '4386d39f-e868-4a99-b61f-f15690c16bd0'),
 ('44', '9', '9', '1', '2017-05-02 15:27:50', NULL, '2017-05-02 15:27:50', '2017-05-02 15:27:50', '20c6f25c-435e-4c42-ba5b-fcf4036c9dee'),
 ('45', '9', '9', '1', '2017-05-02 15:27:58', NULL, '2017-05-02 15:27:58', '2017-05-02 15:27:58', '2201ad6d-9d7f-44f3-a213-6257aee3b2c9'),
 ('53', '3', '3', '1', '2017-05-03 10:09:00', NULL, '2017-05-03 10:09:47', '2017-05-03 10:11:33', 'cb67751b-578a-43d4-b7c3-a3dafbd54f54'),
 ('54', '3', '3', '1', '2017-05-03 10:11:00', NULL, '2017-05-03 10:11:05', '2017-05-03 10:57:11', '7c668066-1dc8-40bc-899e-bf451299901d'),
 ('55', '3', '3', '1', '2017-05-03 10:11:00', NULL, '2017-05-03 10:11:17', '2017-05-03 10:12:06', '792d81be-056a-4954-bd07-a2754a998acc'),
 ('56', '3', '3', '1', '2017-05-03 10:11:54', NULL, '2017-05-03 10:11:54', '2017-05-03 10:11:54', '8fc68f7b-c262-4791-8ba4-878b0ebf2c9b'),
 ('57', '3', '3', '1', '2017-05-03 10:12:24', NULL, '2017-05-03 10:12:24', '2017-05-03 10:12:24', 'f736ca6a-c91f-4332-b36f-d993a876fe46'),
 ('58', '3', '3', '1', '2017-05-03 10:12:39', NULL, '2017-05-03 10:12:39', '2017-05-03 10:12:39', '1e65893f-5cc8-408b-8828-7297320c2fd8'),
 ('59', '3', '3', '1', '2017-05-03 10:13:32', NULL, '2017-05-03 10:13:32', '2017-05-03 10:13:32', 'abaa35e3-6b5f-4f55-b331-c667474b5eb9'),
 ('60', '3', '3', '1', '2017-05-03 10:14:27', NULL, '2017-05-03 10:14:27', '2017-05-03 10:14:27', '7a37d6bc-10a4-439a-baae-75396cf22414'),
 ('61', '3', '3', '1', '2017-05-03 10:22:34', NULL, '2017-05-03 10:22:35', '2017-05-03 10:22:35', '59e15ba7-5cb6-41d1-9dba-ce8c05a4da08'),
 ('62', '3', '3', '1', '2017-05-03 10:23:34', NULL, '2017-05-03 10:23:35', '2017-05-03 10:23:35', 'b7a6686e-62b6-45ae-8dc4-8575e68c4749'),
 ('63', '3', '3', '1', '2017-05-03 10:24:58', NULL, '2017-05-03 10:24:59', '2017-05-03 10:24:59', 'b7afa57f-4828-4db4-9eff-43a269a68e69'),
 ('64', '3', '3', '1', '2017-05-03 10:25:17', NULL, '2017-05-03 10:25:17', '2017-05-03 10:25:17', 'cb73227e-f01f-47b6-abb5-b7a05cdaf9d8'),
 ('65', '3', '3', '1', '2017-05-03 10:25:38', NULL, '2017-05-03 10:25:39', '2017-05-03 10:25:39', '988d8815-3ede-40e2-adac-a09a3f8c3bd6'),
 ('66', '3', '3', '1', '2017-05-03 10:25:49', NULL, '2017-05-03 10:25:49', '2017-05-03 10:25:49', 'b1584639-115b-460e-a7c7-de2c91f8aa5c'),
 ('67', '3', '3', '1', '2017-05-03 10:26:00', NULL, '2017-05-03 10:26:01', '2017-05-03 10:26:01', '352d18a7-bf56-4631-af66-9621a8bda8a6'),
 ('68', '3', '3', '1', '2017-05-03 10:26:19', NULL, '2017-05-03 10:26:19', '2017-05-03 10:26:19', '5f0de58d-8e44-401f-9cd3-eea3c021c434'),
 ('69', '3', '3', '1', '2017-05-03 10:27:26', NULL, '2017-05-03 10:27:27', '2017-05-03 10:27:27', '4077b28c-23df-4b0f-8f7c-cc02dfce057e'),
 ('70', '3', '3', '1', '2017-05-03 10:52:22', NULL, '2017-05-03 10:52:22', '2017-05-03 10:52:22', '80fae931-e79d-4322-9db1-69a4fd9bb809'),
 ('71', '3', '3', '1', '2017-05-03 10:54:26', NULL, '2017-05-03 10:54:26', '2017-05-03 10:54:26', 'd5476b25-2df8-4a03-8fdb-6593091a5734'),
 ('72', '3', '3', '1', '2017-05-03 10:54:00', NULL, '2017-05-03 10:54:43', '2017-05-03 11:32:01', '1f176bdc-12ea-4832-a1c7-23db901ce1b9'),
 ('84', '3', '3', '1', '2017-05-04 09:25:05', NULL, '2017-05-04 09:25:06', '2017-05-04 09:25:06', 'd339fcf0-ae1f-4d10-a3f4-4dc65ae19ca4'),
 ('85', '3', '3', '1', '2017-05-04 09:27:53', NULL, '2017-05-04 09:27:57', '2017-05-04 09:27:57', '05addaae-6b94-4d5a-b87e-6366a9ed1cc5'),
 ('86', '3', '3', '1', '2017-05-04 09:28:37', NULL, '2017-05-04 09:28:39', '2017-05-04 09:28:39', '1ce7fd46-d946-4f96-8f85-d790778e6c8a'),
 ('87', '3', '3', '1', '2017-05-04 09:29:43', NULL, '2017-05-04 09:29:43', '2017-05-04 09:29:43', 'ac91a4cb-f82f-4c3e-93e1-4a83191a4f0c'),
 ('88', '3', '3', '1', '2017-05-04 09:30:17', NULL, '2017-05-04 09:30:18', '2017-05-04 09:30:18', '64694069-aff4-48d9-af33-a10ffd68ccfc'),
 ('89', '3', '3', '1', '2017-05-04 09:30:33', NULL, '2017-05-04 09:30:33', '2017-05-04 09:30:33', '2c2a8871-bc14-4b8a-ae74-9da555124dbb'),
 ('90', '3', '3', '1', '2017-05-04 09:30:53', NULL, '2017-05-04 09:30:54', '2017-05-04 09:30:54', 'd329c60d-bf8e-412d-bba9-004b5f28d5cd'),
 ('91', '3', '3', '1', '2017-05-04 09:31:20', NULL, '2017-05-04 09:31:21', '2017-05-04 09:31:21', '203fd3c8-88fb-4c9f-9863-d73ef1112d06'),
 ('92', '3', '3', '1', '2017-05-04 09:31:36', NULL, '2017-05-04 09:31:36', '2017-05-04 09:31:36', '6deb8281-2dd7-47d4-987d-f9a8d917a587'),
 ('93', '3', '3', '1', '2017-05-04 09:31:55', NULL, '2017-05-04 09:31:56', '2017-05-04 09:31:56', '4fa341e3-7df5-4495-aa16-8d844957c96d'),
 ('94', '3', '3', '1', '2017-05-04 09:32:13', NULL, '2017-05-04 09:32:14', '2017-05-04 09:32:14', '5f94c422-2bc1-4d29-95a7-9f4814b2d6a3'),
 ('97', '10', '10', '1', '2017-05-04 11:01:00', NULL, '2017-05-04 11:02:35', '2017-05-04 11:08:38', '0a2d352b-1aee-466f-ab24-86e9659f1814'),
 ('98', '10', '10', '1', '2017-05-04 11:04:00', NULL, '2017-05-04 11:04:09', '2017-05-04 11:06:26', '0fb0d205-ee8c-4e10-aafe-e940f79f0917'),
 ('99', '10', '10', '1', '2017-05-04 11:07:25', NULL, '2017-05-04 11:07:25', '2017-05-04 11:07:25', '5217c7c7-a2a4-4852-ad3d-9fb6b0f75a2d'),
 ('100', '10', '10', '1', '2017-05-04 11:09:35', NULL, '2017-05-04 11:09:35', '2017-05-04 11:09:35', 'e8e9a21e-bc4f-46a0-8db4-8bec69cd3a35'),
 ('101', '10', '10', '1', '2017-05-04 11:10:20', NULL, '2017-05-04 11:10:20', '2017-05-04 11:10:20', 'd2b7032b-7753-439d-8fb1-3f13172d7dea'),
 ('103', '10', '10', '1', '2017-05-04 11:15:25', NULL, '2017-05-04 11:15:27', '2017-05-04 11:15:27', 'd0986961-ec53-46cd-a2fd-c2e8b61e4499'),
 ('104', '10', '10', '1', '2017-05-04 11:16:14', NULL, '2017-05-04 11:16:15', '2017-05-04 11:16:15', '99931f3a-32eb-4ac6-8ef1-602fa0d91f83'),
 ('105', '10', '10', '1', '2017-05-04 11:17:32', NULL, '2017-05-04 11:17:32', '2017-05-04 11:17:32', '81fe04eb-86fc-43be-9332-2bd7a08d898e'),
 ('106', '10', '10', '1', '2017-05-04 11:18:06', NULL, '2017-05-04 11:18:06', '2017-05-04 11:18:06', '66b06ed6-b134-4a6d-af30-045fa2e45818'),
 ('107', '10', '10', '1', '2017-05-04 11:19:03', NULL, '2017-05-04 11:19:03', '2017-05-04 11:19:03', '51b3b9f7-b6ec-4c15-87d4-5abc5d6c2464'),
 ('109', '6', '6', '1', '2017-05-04 11:29:00', NULL, '2017-05-04 11:29:18', '2017-05-04 11:37:17', '09c522b4-af68-4a62-88c1-d4d138fca1ae'),
 ('110', '6', '6', '1', '2017-05-04 11:29:00', NULL, '2017-05-04 11:29:58', '2017-05-04 11:36:11', '279a37fd-d015-4bc0-9cd1-f9dc16de531d'),
 ('111', '6', '6', '1', '2017-05-04 11:30:00', NULL, '2017-05-04 11:30:38', '2017-05-04 11:35:30', 'cf118bcc-6f9f-44eb-80c0-b2776d8bf003'),
 ('112', '6', '6', '1', '2017-05-04 11:31:00', NULL, '2017-05-04 11:31:37', '2017-05-04 11:35:08', '06a75e3d-57c2-4569-a764-2373def0f88f'),
 ('113', '6', '6', '1', '2017-05-04 11:33:00', NULL, '2017-05-04 11:33:20', '2017-05-04 11:34:53', 'fbe91cbf-ff5d-436a-bcce-d01cd3264a65'),
 ('114', '6', '6', '1', '2017-05-04 11:40:20', NULL, '2017-05-04 11:40:20', '2017-05-04 11:40:20', 'a2a5d589-aa20-4bf0-9677-5ad77348e341'),
 ('115', '6', '6', '1', '2017-05-04 11:41:37', NULL, '2017-05-04 11:41:37', '2017-05-04 11:41:37', 'aac3887a-e08d-4316-a9b5-550d4a10fcb5'),
 ('117', '6', '6', '1', '2017-05-04 11:48:56', NULL, '2017-05-04 11:48:57', '2017-05-04 11:48:57', '0484a5a7-527e-4580-b15a-558ce9b130c3'),
 ('118', '6', '6', '1', '2017-05-04 11:50:23', NULL, '2017-05-04 11:50:23', '2017-05-04 11:50:23', '6063e028-8c18-4e0f-bbdf-152bf4a3323c'),
 ('119', '8', '8', '1', '2017-05-04 11:55:28', NULL, '2017-05-04 11:55:28', '2017-05-04 11:55:28', '0f3816e0-399c-47cd-af8f-52c5e122f61b'),
 ('120', '8', '8', '1', '2017-05-04 11:56:27', NULL, '2017-05-04 11:56:27', '2017-05-04 11:56:27', 'd1b60ff3-2e98-41dc-b388-c396f3b77053'),
 ('121', '8', '8', '1', '2017-05-04 11:56:43', NULL, '2017-05-04 11:56:44', '2017-05-04 11:56:44', '46a0b412-b280-4b4e-96f6-fc0a1089b08b'),
 ('122', '8', '8', '1', '2017-05-04 11:57:06', NULL, '2017-05-04 11:57:06', '2017-05-04 11:57:06', '187b9bf3-2ca8-4d55-992e-8f10a6d2502d'),
 ('123', '8', '8', '1', '2017-05-04 11:57:22', NULL, '2017-05-04 11:57:23', '2017-05-04 11:57:23', 'b8d4f51f-1119-4463-9900-8b1fa8fa7027'),
 ('124', '8', '8', '1', '2017-05-04 11:57:36', NULL, '2017-05-04 11:57:36', '2017-05-04 11:57:36', 'f6436a55-2b66-42e3-b9cd-f91cb48268c6'),
 ('125', '8', '8', '1', '2017-05-04 11:57:59', NULL, '2017-05-04 11:57:59', '2017-05-04 11:57:59', '4f54a84f-283c-4db2-b9c1-811e4fbc8470'),
 ('126', '8', '8', '1', '2017-05-04 11:58:44', NULL, '2017-05-04 11:58:45', '2017-05-04 11:58:45', '09c6aa89-bad6-4c7d-bb0a-c10f43e95123'),
 ('127', '8', '8', '1', '2017-05-04 11:59:45', NULL, '2017-05-04 11:59:45', '2017-05-04 11:59:45', 'af43a732-21df-45e6-975b-27a997b4ec3e'),
 ('128', '8', '8', '1', '2017-05-04 12:00:45', NULL, '2017-05-04 12:00:46', '2017-05-04 12:00:46', '9b78957b-af06-455d-8149-0b5eb2ea9993'),
 ('129', '8', '8', '1', '2017-05-04 12:02:24', NULL, '2017-05-04 12:02:24', '2017-05-04 12:02:24', 'bc25c9bd-5c70-4f3d-b94c-e74914dbd0e4'),
 ('130', '8', '8', '1', '2017-05-04 12:03:22', NULL, '2017-05-04 12:03:22', '2017-05-04 12:03:22', 'a4401904-0e05-4840-95a2-d3bde795db2f'),
 ('131', '8', '8', '1', '2017-05-04 13:18:41', NULL, '2017-05-04 13:18:42', '2017-05-04 13:18:42', '92c81337-16f9-4e91-9922-d8b4d44baa05'),
 ('132', '8', '8', '1', '2017-05-04 13:18:58', NULL, '2017-05-04 13:18:58', '2017-05-04 13:18:58', 'eaec3035-077a-44f2-9144-b5c01a146b9f'),
 ('135', '8', '8', '1', '2017-05-04 13:32:37', NULL, '2017-05-04 13:32:37', '2017-05-04 13:32:37', '5e4a4a5d-2638-435f-8dcd-bef498a3944e'),
 ('136', '8', '8', '1', '2017-05-04 13:32:50', NULL, '2017-05-04 13:32:50', '2017-05-04 13:32:50', '434712db-ff4b-453d-91cc-6f1d1adb6b5b'),
 ('137', '8', '8', '1', '2017-05-04 13:33:01', NULL, '2017-05-04 13:33:01', '2017-05-04 13:33:01', '004b7310-d66c-4f22-b9e8-f5cce794c1c9'),
 ('138', '8', '8', '1', '2017-05-04 13:33:11', NULL, '2017-05-04 13:33:11', '2017-05-04 13:33:11', 'faacca69-37ea-4cd7-8b0e-64e7554419e9'),
 ('139', '8', '8', '1', '2017-05-04 13:33:55', NULL, '2017-05-04 13:33:55', '2017-05-04 13:33:55', '58c49c94-4a26-4b61-ba31-738ae59a0d35'),
 ('140', '8', '8', '1', '2017-05-04 13:34:07', NULL, '2017-05-04 13:34:08', '2017-05-04 13:34:08', '6b5c2e77-df34-46fe-98cf-bb1d722d755e'),
 ('141', '8', '8', '1', '2017-05-04 13:35:00', NULL, '2017-05-04 13:35:59', '2017-05-04 14:13:30', 'e43e9b91-d986-4f1a-9add-943524322d74'),
 ('142', '8', '8', '1', '2017-05-04 13:37:00', NULL, '2017-05-04 13:37:35', '2017-05-04 14:13:43', '8b60a27c-30cf-4def-bf2d-16f7525d80b5'),
 ('143', '8', '8', '1', '2017-05-04 13:40:00', NULL, '2017-05-04 13:40:06', '2017-05-04 14:13:55', 'c9a2119d-2f95-48e5-8e48-8c84f05f7a2e'),
 ('144', '8', '8', '1', '2017-05-04 13:42:09', NULL, '2017-05-04 13:42:09', '2017-05-04 13:42:09', 'ddb25807-6f43-44ec-882e-2594e0de00c8');
INSERT INTO `craft_entries` (`id`, `sectionId`, `typeId`, `authorId`, `postDate`, `expiryDate`, `dateCreated`, `dateUpdated`, `uid`) VALUES
 ('145', '8', '8', '1', '2017-05-04 13:42:22', NULL, '2017-05-04 13:42:23', '2017-05-04 13:42:23', '71967dfd-e957-4cee-926e-091676627739'),
 ('146', '8', '8', '1', '2017-05-04 13:42:36', NULL, '2017-05-04 13:42:36', '2017-05-04 13:42:36', '31466577-9406-4691-928b-9bd6ed3089be'),
 ('147', '8', '8', '1', '2017-05-04 13:42:49', NULL, '2017-05-04 13:42:50', '2017-05-04 13:42:50', 'b2524958-6b2f-4d52-9442-260570ca35ed'),
 ('148', '8', '8', '1', '2017-05-04 13:43:31', NULL, '2017-05-04 13:43:31', '2017-05-04 13:43:31', '66206e7d-feaa-4f84-9533-8ebbfc0f038b'),
 ('151', '8', '8', '1', '2017-05-04 13:44:36', NULL, '2017-05-04 13:44:36', '2017-05-04 13:44:36', 'aba9aa0b-095a-4c08-bc8f-507b6c0db711'),
 ('152', '8', '8', '1', '2017-05-04 13:46:00', NULL, '2017-05-04 13:46:40', '2017-05-04 13:53:58', 'e6db51e7-2180-413c-ae1f-3ee0e8b77f02'),
 ('153', '8', '8', '1', '2017-05-04 13:47:00', NULL, '2017-05-04 13:47:06', '2017-05-04 14:00:55', '2641e155-156f-49a7-bf76-b7bc1206bdbd'),
 ('154', '8', '8', '1', '2017-05-04 14:02:02', NULL, '2017-05-04 14:02:02', '2017-05-04 14:02:02', '2a8dd234-c9e3-4292-8051-5452806a4e88'),
 ('155', '8', '8', '1', '2017-05-04 14:02:44', NULL, '2017-05-04 14:02:44', '2017-05-04 14:02:44', '01bd2622-81ab-44bf-bffd-fbe905086c20'),
 ('156', '8', '8', '1', '2017-05-04 14:14:41', NULL, '2017-05-04 14:14:41', '2017-05-04 14:14:41', '6f41b5b2-6266-4370-8614-e9fe364b5317'),
 ('157', '8', '8', '1', '2017-05-04 14:15:17', NULL, '2017-05-04 14:15:17', '2017-05-04 14:15:17', '212b03b9-d78d-404a-8323-86e634fe01f8'),
 ('158', '8', '8', '1', '2017-05-04 14:15:50', NULL, '2017-05-04 14:15:51', '2017-05-04 14:15:51', '809f13c3-4c62-4a70-bd57-291cd64d4ccc'),
 ('159', '8', '8', '1', '2017-05-04 14:16:45', NULL, '2017-05-04 14:16:45', '2017-05-04 14:16:45', '2d58136f-3a98-4538-bbcf-75875c36092c'),
 ('160', '8', '8', '1', '2017-05-04 14:20:33', NULL, '2017-05-04 14:20:33', '2017-05-04 14:20:33', '33a220ef-b864-4770-b516-3369240f27fb'),
 ('161', '8', '8', '1', '2017-05-04 14:21:09', NULL, '2017-05-04 14:21:09', '2017-05-04 14:21:09', '326e284b-55a3-45e0-ba64-e9216d7ac0fa'),
 ('162', '8', '8', '1', '2017-05-04 14:21:39', NULL, '2017-05-04 14:21:39', '2017-05-04 14:21:39', '7dfaa43e-ac3c-486b-84a7-f3ea83bf4163'),
 ('163', '8', '8', '1', '2017-05-04 14:22:02', NULL, '2017-05-04 14:22:02', '2017-05-04 14:22:02', '17522fe6-0264-4b03-aed4-c1f1bb90bb90'),
 ('164', '8', '8', '1', '2017-05-04 14:22:49', NULL, '2017-05-04 14:22:49', '2017-05-04 14:22:49', '6e01db10-aea0-4cf5-9485-48f54330a0c9'),
 ('165', '8', '8', '1', '2017-05-04 14:23:13', NULL, '2017-05-04 14:23:14', '2017-05-04 14:23:14', '542cb45f-b2b3-437e-af8a-4dd9fe8e3fc1'),
 ('166', '8', '8', '1', '2017-05-04 14:24:08', NULL, '2017-05-04 14:24:08', '2017-05-04 14:24:08', 'f5b98da2-68fd-477b-b609-4ec6fd628c67'),
 ('167', '8', '8', '1', '2017-05-04 14:24:31', NULL, '2017-05-04 14:24:31', '2017-05-04 14:24:31', '0bf811ab-661d-4889-af47-5ada39693551');



DROP TABLE IF EXISTS `craft_entrydrafts`;


--
-- Schema for table `craft_entrydrafts`
--
CREATE TABLE `craft_entrydrafts` (
  `id` int(11) NOT NULL AUTO_INCREMENT,
  `entryId` int(11) NOT NULL,
  `sectionId` int(11) NOT NULL,
  `creatorId` int(11) NOT NULL,
  `locale` char(12) COLLATE utf8_unicode_ci NOT NULL,
  `name` varchar(255) COLLATE utf8_unicode_ci NOT NULL,
  `notes` tinytext COLLATE utf8_unicode_ci,
  `data` mediumtext COLLATE utf8_unicode_ci NOT NULL,
  `dateCreated` datetime NOT NULL,
  `dateUpdated` datetime NOT NULL,
  `uid` char(36) COLLATE utf8_unicode_ci NOT NULL DEFAULT '0',
  PRIMARY KEY (`id`),
  KEY `craft_entrydrafts_entryId_locale_idx` (`entryId`,`locale`),
  KEY `craft_entrydrafts_sectionId_fk` (`sectionId`),
  KEY `craft_entrydrafts_creatorId_fk` (`creatorId`),
  KEY `craft_entrydrafts_locale_fk` (`locale`)
) ENGINE=InnoDB DEFAULT CHARSET=utf8 COLLATE=utf8_unicode_ci;

DROP TABLE IF EXISTS `craft_entrytypes`;


--
-- Schema for table `craft_entrytypes`
--
CREATE TABLE `craft_entrytypes` (
  `id` int(11) NOT NULL AUTO_INCREMENT,
  `sectionId` int(11) NOT NULL,
  `fieldLayoutId` int(11) DEFAULT NULL,
  `name` varchar(255) COLLATE utf8_unicode_ci NOT NULL,
  `handle` varchar(255) COLLATE utf8_unicode_ci NOT NULL,
  `hasTitleField` tinyint(1) unsigned NOT NULL DEFAULT '1',
  `titleLabel` varchar(255) COLLATE utf8_unicode_ci DEFAULT 'Title',
  `titleFormat` varchar(255) COLLATE utf8_unicode_ci DEFAULT NULL,
  `sortOrder` smallint(6) unsigned DEFAULT NULL,
  `dateCreated` datetime NOT NULL,
  `dateUpdated` datetime NOT NULL,
  `uid` char(36) COLLATE utf8_unicode_ci NOT NULL DEFAULT '0',
  PRIMARY KEY (`id`),
  UNIQUE KEY `craft_entrytypes_name_sectionId_unq_idx` (`name`,`sectionId`),
  UNIQUE KEY `craft_entrytypes_handle_sectionId_unq_idx` (`handle`,`sectionId`),
  KEY `craft_entrytypes_sectionId_fk` (`sectionId`),
  KEY `craft_entrytypes_fieldLayoutId_fk` (`fieldLayoutId`)
) ENGINE=InnoDB AUTO_INCREMENT=11 DEFAULT CHARSET=utf8 COLLATE=utf8_unicode_ci;

--
-- Data for table `craft_entrytypes`
--

INSERT INTO `craft_entrytypes` (`id`, `sectionId`, `fieldLayoutId`, `name`, `handle`, `hasTitleField`, `titleLabel`, `titleFormat`, `sortOrder`, `dateCreated`, `dateUpdated`, `uid`) VALUES
 ('1', '1', '3', 'Homepage', 'homepage', '1', 'Title', NULL, '1', '2017-04-27 15:30:04', '2017-04-27 15:30:05', '2e84ff68-2168-40c8-a6fd-cef7ea7d4a9c'),
 ('2', '2', '35', 'News', 'news', '1', 'Название', NULL, '1', '2017-04-27 15:30:05', '2017-04-28 10:02:01', '5f186284-a45d-4c0d-99ef-a63d5a488ccd'),
 ('3', '3', '45', 'Персоны', 'typePersons', '1', 'Название', NULL, '1', '2017-04-27 16:03:14', '2017-05-03 10:51:24', '25102cbe-15cd-47b8-bc4b-49dbdf25b281'),
 ('4', '4', '16', 'Навигация', 'typeMenu', '1', 'Название', NULL, '1', '2017-04-27 22:20:29', '2017-04-27 22:20:52', 'edb44a1b-02d2-44ec-81a8-475b2819ccc7'),
 ('5', '5', '57', 'Цитаты', 'typeQoutes', '1', 'Автор', NULL, '1', '2017-04-28 09:28:10', '2017-05-04 10:55:40', '52b7bf85-3307-4525-84b9-aae975c99dcf'),
 ('6', '6', '63', 'Проекты', 'typeProjects', '1', 'Название', NULL, '1', '2017-04-28 09:38:17', '2017-05-04 11:38:03', 'cc3aa262-f5e7-4d62-abcf-ba061a5664a6'),
 ('7', '7', '36', 'Тестовый', 'tester', '0', NULL, '{section.name|raw}', '1', '2017-04-28 11:25:37', '2017-04-28 11:25:37', 'b4aef0cb-6c2b-4dc8-83fe-5579e4126c31'),
 ('8', '8', '64', 'Услуги', 'typeServices', '1', 'Название', NULL, '1', '2017-05-02 14:22:00', '2017-05-04 11:43:23', 'a8805889-d92e-40c7-952a-7d0915de1d3e'),
 ('9', '9', '61', 'Отрасли', 'typeBranches', '1', 'Название', NULL, '1', '2017-05-02 14:22:38', '2017-05-04 11:26:15', '2edbc31e-24bd-46d5-ab09-4f09d58642d7'),
 ('10', '10', '59', 'Инфографика', 'infogs', '1', 'Название', NULL, '1', '2017-05-04 10:49:02', '2017-05-04 10:58:11', '2b674e06-0e0d-428f-912f-87a7b74a688d');



DROP TABLE IF EXISTS `craft_entryversions`;


--
-- Schema for table `craft_entryversions`
--
CREATE TABLE `craft_entryversions` (
  `id` int(11) NOT NULL AUTO_INCREMENT,
  `entryId` int(11) NOT NULL,
  `sectionId` int(11) NOT NULL,
  `creatorId` int(11) DEFAULT NULL,
  `locale` char(12) COLLATE utf8_unicode_ci NOT NULL,
  `num` smallint(6) unsigned NOT NULL,
  `notes` tinytext COLLATE utf8_unicode_ci,
  `data` mediumtext COLLATE utf8_unicode_ci NOT NULL,
  `dateCreated` datetime NOT NULL,
  `dateUpdated` datetime NOT NULL,
  `uid` char(36) COLLATE utf8_unicode_ci NOT NULL DEFAULT '0',
  PRIMARY KEY (`id`),
  KEY `craft_entryversions_entryId_locale_idx` (`entryId`,`locale`),
  KEY `craft_entryversions_sectionId_fk` (`sectionId`),
  KEY `craft_entryversions_creatorId_fk` (`creatorId`),
  KEY `craft_entryversions_locale_fk` (`locale`)
) ENGINE=InnoDB AUTO_INCREMENT=161 DEFAULT CHARSET=utf8 COLLATE=utf8_unicode_ci;

--
-- Data for table `craft_entryversions`
--

INSERT INTO `craft_entryversions` (`id`, `entryId`, `sectionId`, `creatorId`, `locale`, `num`, `notes`, `data`, `dateCreated`, `dateUpdated`, `uid`) VALUES
 ('1', '2', '1', '1', 'ru', '1', NULL, '{\"typeId\":\"1\",\"authorId\":null,\"title\":\"Homepage\",\"slug\":\"homepage\",\"postDate\":1493307004,\"expiryDate\":null,\"enabled\":1,\"parentId\":null,\"fields\":[]}', '2017-04-27 15:30:05', '2017-04-27 15:30:05', '4954b86b-fc0a-43a3-8f65-c458ba0871e9'),
 ('2', '2', '1', '1', 'ru', '2', NULL, '{\"typeId\":null,\"authorId\":null,\"title\":\"Welcome to Bti2.dev!\",\"slug\":\"homepage\",\"postDate\":1493307004,\"expiryDate\":null,\"enabled\":\"1\",\"parentId\":null,\"fields\":{\"1\":\"<p>It\\u2019s true, this site doesn\\u2019t have a whole lot of content yet, but don\\u2019t worry. Our web developers have just installed the CMS, and they\\u2019re setting things up for the content editors this very moment. Soon Bti2.dev will be an oasis of fresh perspectives, sharp analyses, and astute opinions that will keep you coming back again and again.<\\/p>\"}}', '2017-04-27 15:30:05', '2017-04-27 15:30:05', '07879e37-ebbf-4a80-ad6b-f4e5a68408d7'),
 ('3', '3', '2', '1', 'ru', '1', NULL, '{\"typeId\":\"2\",\"authorId\":\"1\",\"title\":\"We just installed Craft!\",\"slug\":\"we-just-installed-craft\",\"postDate\":1493307005,\"expiryDate\":null,\"enabled\":1,\"parentId\":null,\"fields\":[]}', '2017-04-27 15:30:05', '2017-04-27 15:30:05', '474d6aa9-6ce5-4cfd-b28c-3d2cb2dfff97'),
 ('7', '18', '4', '1', 'ru', '1', '', '{\"typeId\":null,\"authorId\":\"1\",\"title\":\"test menu\",\"slug\":\"test-menu\",\"postDate\":1493331869,\"expiryDate\":null,\"enabled\":1,\"parentId\":\"\",\"fields\":{\"24\":{\"new2\":{\"type\":\"blockTypeEntryLink\",\"enabled\":\"1\",\"fields\":{\"toEntry\":[\"17\",\"16\"]}}},\"23\":\"test\"}}', '2017-04-27 22:24:30', '2017-04-27 22:24:30', 'e1aae3ae-b888-4653-a0fd-44d6c5d33420'),
 ('8', '3', '2', '1', 'ru', '2', '', '{\"typeId\":\"2\",\"authorId\":\"1\",\"title\":\"We just installed Craft!\",\"slug\":\"we-just-installed-craft\",\"postDate\":1493307000,\"expiryDate\":null,\"enabled\":1,\"parentId\":null,\"fields\":{\"1\":\"<p>Craft is the CMS that\\u2019s powering Bti2.dev. It\\u2019s beautiful, powerful, flexible, and easy-to-use, and it\\u2019s made by Pixel & Tonic. We can\\u2019t wait to dive in and see what it\\u2019s capable of!<\\/p>\\r\\n<hr class=\\\"redactor_pagebreak\\\" style=\\\"display:none\\\" unselectable=\\\"on\\\" contenteditable=\\\"false\\\">\\r\\n<p>This is even more captivating content, which you couldn\\u2019t see on the News index page because it was entered after a Page Break, and the News index template only likes to show the content on the first page.<\\/p>\\r\\n<p>Craft: a nice alternative to Word, if you\\u2019re making a website.<\\/p>\",\"2\":\"\",\"33\":[\"22\"]}}', '2017-04-28 09:58:10', '2017-04-28 09:58:10', '51143691-4119-4e44-9bc2-3e91798eac08'),
 ('9', '3', '2', '1', 'ru', '3', '', '{\"typeId\":\"2\",\"authorId\":\"1\",\"title\":\"We just installed Craft!\",\"slug\":\"we-just-installed-craft\",\"postDate\":1493307000,\"expiryDate\":null,\"enabled\":1,\"parentId\":null,\"fields\":{\"1\":\"<p>Craft is the CMS that\\u2019s powering Bti2.dev. It\\u2019s beautiful, powerful, flexible, and easy-to-use, and it\\u2019s made by Pixel & Tonic. We can\\u2019t wait to dive in and see what it\\u2019s capable of!<\\/p>\\r\\n<hr class=\\\"redactor_pagebreak\\\" style=\\\"display:none\\\" unselectable=\\\"on\\\" contenteditable=\\\"false\\\">\\r\\n<p>This is even more captivating content, which you couldn\\u2019t see on the News index page because it was entered after a Page Break, and the News index template only likes to show the content on the first page.<\\/p>\\r\\n<p>Craft: a nice alternative to Word, if you\\u2019re making a website.<\\/p>\",\"2\":\"\",\"33\":\"\"}}', '2017-04-28 09:58:29', '2017-04-28 09:58:29', '1c54a02b-733f-424b-afb8-7c4007a5720f'),
 ('10', '23', '7', '1', 'ru', '1', NULL, '{\"typeId\":\"7\",\"authorId\":null,\"title\":\"\\u0422\\u0435\\u0441\\u0442\\u043e\\u0432\\u044b\\u0439\",\"slug\":\"\\u0442\\u0435\\u0441\\u0442\\u043e\\u0432\\u044b\\u0439\",\"postDate\":1493378737,\"expiryDate\":null,\"enabled\":1,\"parentId\":null,\"fields\":[]}', '2017-04-28 11:25:37', '2017-04-28 11:25:37', '24b03a9d-4640-4f63-a0b0-93b63a4bfe96'),
 ('11', '24', '8', '1', 'ru', '1', '', '{\"typeId\":null,\"authorId\":\"1\",\"title\":\"\\u0410\\u0443\\u0434\\u0438\\u0442\\u043e\\u0440\\u0441\\u043a\\u0438\\u0435 \\u0443\\u0441\\u043b\\u0443\\u0433\\u0438\",\"slug\":\"\\u0430\\u0443\\u0434\\u0438\\u0442\\u043e\\u0440\\u0441\\u043a\\u0438\\u0435-\\u0443\\u0441\\u043b\\u0443\\u0433\\u0438\",\"postDate\":1493738529,\"expiryDate\":null,\"enabled\":1,\"parentId\":\"\",\"fields\":{\"36\":\"\"}}', '2017-05-02 15:22:10', '2017-05-02 15:22:10', '52e41f29-f60d-4f1d-bfae-05f5dae6205d'),
 ('12', '25', '8', '1', 'ru', '1', '', '{\"typeId\":null,\"authorId\":\"1\",\"title\":\"\\u0411\\u0443\\u0445\\u0433\\u0430\\u043b\\u0442\\u0435\\u0440\\u0441\\u043a\\u0438\\u0435 \\u0443\\u0441\\u043b\\u0443\\u0433\\u0438\",\"slug\":\"\\u0431\\u0443\\u0445\\u0433\\u0430\\u043b\\u0442\\u0435\\u0440\\u0441\\u043a\\u0438\\u0435-\\u0443\\u0441\\u043b\\u0443\\u0433\\u0438\",\"postDate\":1493738542,\"expiryDate\":null,\"enabled\":1,\"parentId\":\"\",\"fields\":{\"36\":\"\"}}', '2017-05-02 15:22:22', '2017-05-02 15:22:22', '38c367b7-8381-48ad-86c4-a91b925d9d9b'),
 ('13', '26', '8', '1', 'ru', '1', '', '{\"typeId\":null,\"authorId\":\"1\",\"title\":\"\\u041a\\u043e\\u043d\\u0441\\u0430\\u043b\\u0442\\u0438\\u043d\\u0433\",\"slug\":\"\\u043a\\u043e\\u043d\\u0441\\u0430\\u043b\\u0442\\u0438\\u043d\\u0433\",\"postDate\":1493738551,\"expiryDate\":null,\"enabled\":1,\"parentId\":\"\",\"fields\":{\"36\":\"\"}}', '2017-05-02 15:22:31', '2017-05-02 15:22:31', '5084e605-e948-473e-84bc-d9184068f682'),
 ('14', '27', '8', '1', 'ru', '1', '', '{\"typeId\":null,\"authorId\":\"1\",\"title\":\"\\u041a\\u043e\\u0440\\u043f\\u043e\\u0440\\u0430\\u0442\\u0438\\u0432\\u043d\\u044b\\u0435 \\u0444\\u0438\\u043d\\u0430\\u043d\\u0441\\u044b\",\"slug\":\"\\u043a\\u043e\\u0440\\u043f\\u043e\\u0440\\u0430\\u0442\\u0438\\u0432\\u043d\\u044b\\u0435-\\u0444\\u0438\\u043d\\u0430\\u043d\\u0441\\u044b\",\"postDate\":1493738560,\"expiryDate\":null,\"enabled\":1,\"parentId\":\"\",\"fields\":{\"36\":\"\"}}', '2017-05-02 15:22:40', '2017-05-02 15:22:40', '648a300f-ea46-414a-98d8-94346bfbd4f3'),
 ('15', '28', '8', '1', 'ru', '1', '', '{\"typeId\":null,\"authorId\":\"1\",\"title\":\"\\u041d\\u0430\\u043b\\u043e\\u0433\\u043e\\u0432\\u043e\\u0435 \\u043a\\u043e\\u043d\\u0441\\u0443\\u043b\\u044c\\u0442\\u0438\\u0440\\u043e\\u0432\\u0430\\u043d\\u0438\\u0435\",\"slug\":\"\\u043d\\u0430\\u043b\\u043e\\u0433\\u043e\\u0432\\u043e\\u0435-\\u043a\\u043e\\u043d\\u0441\\u0443\\u043b\\u044c\\u0442\\u0438\\u0440\\u043e\\u0432\\u0430\\u043d\\u0438\\u0435\",\"postDate\":1493738569,\"expiryDate\":null,\"enabled\":1,\"parentId\":\"\",\"fields\":{\"36\":\"\"}}', '2017-05-02 15:22:50', '2017-05-02 15:22:50', '008f0032-1ec7-401b-88d2-a19a014944eb'),
 ('16', '29', '8', '1', 'ru', '1', '', '{\"typeId\":null,\"authorId\":\"1\",\"title\":\"\\u041e\\u0446\\u0435\\u043d\\u043e\\u0447\\u043d\\u044b\\u0435 \\u0443\\u0441\\u043b\\u0443\\u0433\\u0438\",\"slug\":\"\\u043e\\u0446\\u0435\\u043d\\u043e\\u0447\\u043d\\u044b\\u0435-\\u0443\\u0441\\u043b\\u0443\\u0433\\u0438\",\"postDate\":1493738577,\"expiryDate\":null,\"enabled\":1,\"parentId\":\"\",\"fields\":{\"36\":\"\"}}', '2017-05-02 15:22:57', '2017-05-02 15:22:57', 'a9466ec9-4259-4865-8374-61c17b5e4cfe'),
 ('17', '30', '8', '1', 'ru', '1', '', '{\"typeId\":null,\"authorId\":\"1\",\"title\":\"\\u0424\\u0438\\u043d\\u0430\\u043d\\u0441\\u043e\\u0432\\u044b\\u0435 \\u0440\\u0430\\u0441\\u0441\\u043b\\u0435\\u0434\\u043e\\u0432\\u0430\\u043d\\u0438\\u044f\",\"slug\":\"\\u0444\\u0438\\u043d\\u0430\\u043d\\u0441\\u043e\\u0432\\u044b\\u0435-\\u0440\\u0430\\u0441\\u0441\\u043b\\u0435\\u0434\\u043e\\u0432\\u0430\\u043d\\u0438\\u044f\",\"postDate\":1493738586,\"expiryDate\":null,\"enabled\":1,\"parentId\":\"\",\"fields\":{\"36\":\"\"}}', '2017-05-02 15:23:06', '2017-05-02 15:23:06', 'faced544-0e03-40a9-9e61-c66e32328cd9'),
 ('18', '31', '8', '1', 'ru', '1', '', '{\"typeId\":null,\"authorId\":\"1\",\"title\":\"\\u042e\\u0440\\u0438\\u0434\\u0438\\u0447\\u0435\\u0441\\u043a\\u0438\\u0435 \\u0443\\u0441\\u043b\\u0443\\u0433\\u0438\",\"slug\":\"\\u044e\\u0440\\u0438\\u0434\\u0438\\u0447\\u0435\\u0441\\u043a\\u0438\\u0435-\\u0443\\u0441\\u043b\\u0443\\u0433\\u0438\",\"postDate\":1493738596,\"expiryDate\":null,\"enabled\":1,\"parentId\":\"\",\"fields\":{\"36\":\"\"}}', '2017-05-02 15:23:16', '2017-05-02 15:23:16', '89f36d90-ca03-49f7-90e6-dcbf03c7310b'),
 ('19', '32', '9', '1', 'ru', '1', '', '{\"typeId\":null,\"authorId\":\"1\",\"title\":\"\\u0410\\u0432\\u0438\\u0430\\u0446\\u0438\\u043e\\u043d\\u043d\\u0430\\u044f \\u043f\\u0440\\u043e\\u043c\\u044b\\u0448\\u043b\\u0435\\u043d\\u043d\\u043e\\u0441\\u0442\\u044c (\\u041e\\u0410\\u041a, \\u0432\\u043e\\u0437\\u0434\\u0443\\u0448\\u043d\\u044b\\u0435 \\u0441\\u0443\\u0434\\u0430, \\u043f\\u0440\\u043e\\u0438\\u0437\\u0432\\u043e\\u0434\\u0441\\u0442\\u0432\\u043e \\u043a\\u043e\\u043c\\u043f\\u043b\\u0435\\u043a\\u0442\\u0443\\u044e\\u0449\\u0438\\u0445)\",\"slug\":\"\\u0430\\u0432\\u0438\\u0430\\u0446\\u0438\\u043e\\u043d\\u043d\\u0430\\u044f-\\u043f\\u0440\\u043e\\u043c\\u044b\\u0448\\u043b\\u0435\\u043d\\u043d\\u043e\\u0441\\u0442\\u044c-\\u043e\\u0430\\u043a-\\u0432\\u043e\\u0437\\u0434\\u0443\\u0448\\u043d\\u044b\\u0435-\\u0441\\u0443\\u0434\\u0430-\\u043f\\u0440\\u043e\\u0438\\u0437\\u0432\\u043e\\u0434\\u0441\\u0442\\u0432\\u043e-\\u043a\\u043e\\u043c\\u043f\\u043b\\u0435\\u043a\\u0442\\u0443\\u044e\\u0449\\u0438\\u0445\",\"postDate\":1493738692,\"expiryDate\":null,\"enabled\":1,\"parentId\":null,\"fields\":{\"35\":\"\"}}', '2017-05-02 15:24:52', '2017-05-02 15:24:52', '3bee60ba-0539-496e-89b8-bad5a356c15f'),
 ('20', '33', '9', '1', 'ru', '1', '', '{\"typeId\":null,\"authorId\":\"1\",\"title\":\"\\u0410\\u0442\\u043e\\u043c\\u043d\\u0430\\u044f \\u043f\\u0440\\u043e\\u043c\\u044b\\u0448\\u043b\\u0435\\u043d\\u043d\\u043e\\u0441\\u0442\\u044c (\\u0432\\u043a\\u043b\\u044e\\u0447\\u0430\\u044f \\u043f\\u0440\\u043e\\u0438\\u0437\\u0432\\u043e\\u0434\\u0441\\u0442\\u0432\\u043e \\u043e\\u0431\\u043e\\u0440\\u0443\\u0434\\u043e\\u0432\\u0430\\u043d\\u0438\\u044f) \",\"slug\":\"\\u0430\\u0442\\u043e\\u043c\\u043d\\u0430\\u044f-\\u043f\\u0440\\u043e\\u043c\\u044b\\u0448\\u043b\\u0435\\u043d\\u043d\\u043e\\u0441\\u0442\\u044c-\\u0432\\u043a\\u043b\\u044e\\u0447\\u0430\\u044f-\\u043f\\u0440\\u043e\\u0438\\u0437\\u0432\\u043e\\u0434\\u0441\\u0442\\u0432\\u043e-\\u043e\\u0431\\u043e\\u0440\\u0443\\u0434\\u043e\\u0432\\u0430\\u043d\\u0438\\u044f\",\"postDate\":1493738702,\"expiryDate\":null,\"enabled\":1,\"parentId\":null,\"fields\":{\"35\":\"\"}}', '2017-05-02 15:25:02', '2017-05-02 15:25:02', '7723b8ea-77cb-403d-b646-7d77885b0fca'),
 ('21', '34', '9', '1', 'ru', '1', '', '{\"typeId\":null,\"authorId\":\"1\",\"title\":\"\\u0410\\u0442\\u043e\\u043c\\u043d\\u0430\\u044f \\u043f\\u0440\\u043e\\u043c\\u044b\\u0448\\u043b\\u0435\\u043d\\u043d\\u043e\\u0441\\u0442\\u044c (\\u0432\\u043a\\u043b\\u044e\\u0447\\u0430\\u044f \\u043f\\u0440\\u043e\\u0438\\u0437\\u0432\\u043e\\u0434\\u0441\\u0442\\u0432\\u043e \\u043e\\u0431\\u043e\\u0440\\u0443\\u0434\\u043e\\u0432\\u0430\\u043d\\u0438\\u044f) \",\"slug\":\"\\u0430\\u0442\\u043e\\u043c\\u043d\\u0430\\u044f-\\u043f\\u0440\\u043e\\u043c\\u044b\\u0448\\u043b\\u0435\\u043d\\u043d\\u043e\\u0441\\u0442\\u044c-\\u0432\\u043a\\u043b\\u044e\\u0447\\u0430\\u044f-\\u043f\\u0440\\u043e\\u0438\\u0437\\u0432\\u043e\\u0434\\u0441\\u0442\\u0432\\u043e-\\u043e\\u0431\\u043e\\u0440\\u0443\\u0434\\u043e\\u0432\\u0430\\u043d\\u0438\\u044f-1\",\"postDate\":1493738715,\"expiryDate\":null,\"enabled\":1,\"parentId\":null,\"fields\":{\"35\":\"\"}}', '2017-05-02 15:25:15', '2017-05-02 15:25:15', '3bdf73e4-6596-46d7-9867-be3c0d1f527b'),
 ('22', '35', '9', '1', 'ru', '1', '', '{\"typeId\":null,\"authorId\":\"1\",\"title\":\"\\u041c\\u0430\\u0448\\u0438\\u043d\\u043e\\u0441\\u0442\\u0440\\u043e\\u0435\\u043d\\u0438\\u0435, \\u0441\\u0443\\u0434\\u043e\\u0441\\u0442\\u0440\\u043e\\u0435\\u043d\\u0438\\u0435, \\u0441\\u0442\\u0430\\u043d\\u043a\\u043e\\u0441\\u0442\\u0440\\u043e\\u0435\\u043d\\u0438\\u0435\",\"slug\":\"\\u043c\\u0430\\u0448\\u0438\\u043d\\u043e\\u0441\\u0442\\u0440\\u043e\\u0435\\u043d\\u0438\\u0435-\\u0441\\u0443\\u0434\\u043e\\u0441\\u0442\\u0440\\u043e\\u0435\\u043d\\u0438\\u0435-\\u0441\\u0442\\u0430\\u043d\\u043a\\u043e\\u0441\\u0442\\u0440\\u043e\\u0435\\u043d\\u0438\\u0435\",\"postDate\":1493738739,\"expiryDate\":null,\"enabled\":1,\"parentId\":null,\"fields\":{\"35\":\"\"}}', '2017-05-02 15:25:39', '2017-05-02 15:25:39', '2a1c9a7f-2feb-42c8-8c17-d8f999f223eb'),
 ('23', '36', '9', '1', 'ru', '1', '', '{\"typeId\":null,\"authorId\":\"1\",\"title\":\"\\u041d\\u0435\\u0434\\u0432\\u0438\\u0436\\u0438\\u043c\\u043e\\u0441\\u0442\\u044c \\u0438 \\u0441\\u0442\\u0440\\u043e\\u0438\\u0442\\u0435\\u043b\\u044c\\u0441\\u0442\\u0432\\u043e (\\u0432\\u043a\\u043b\\u044e\\u0447\\u0430\\u044f \\u043f\\u0440\\u043e\\u0438\\u0437\\u0432\\u043e\\u0434\\u0441\\u0442\\u0432\\u043e \\u0441\\u0442\\u0440\\u043e\\u0438\\u0442\\u0435\\u043b\\u044c\\u043d\\u044b\\u0445 \\u043c\\u0430\\u0442\\u0435\\u0440\\u0438\\u0430\\u043b\\u043e\\u0432)\",\"slug\":\"\\u043d\\u0435\\u0434\\u0432\\u0438\\u0436\\u0438\\u043c\\u043e\\u0441\\u0442\\u044c-\\u0438-\\u0441\\u0442\\u0440\\u043e\\u0438\\u0442\\u0435\\u043b\\u044c\\u0441\\u0442\\u0432\\u043e-\\u0432\\u043a\\u043b\\u044e\\u0447\\u0430\\u044f-\\u043f\\u0440\\u043e\\u0438\\u0437\\u0432\\u043e\\u0434\\u0441\\u0442\\u0432\\u043e-\\u0441\\u0442\\u0440\\u043e\\u0438\\u0442\\u0435\\u043b\\u044c\\u043d\\u044b\\u0445-\\u043c\\u0430\\u0442\\u0435\\u0440\\u0438\\u0430\\u043b\\u043e\\u0432\",\"postDate\":1493738748,\"expiryDate\":null,\"enabled\":1,\"parentId\":null,\"fields\":{\"35\":\"\"}}', '2017-05-02 15:25:48', '2017-05-02 15:25:48', 'fbbc5c29-4463-474b-986b-b0eb8688f1c1'),
 ('24', '37', '9', '1', 'ru', '1', '', '{\"typeId\":null,\"authorId\":\"1\",\"title\":\"\\u041d\\u0435\\u0444\\u0442\\u0435\\u0433\\u0430\\u0437\\u043e\\u0432\\u0430\\u044f \\u043e\\u0442\\u0440\\u0430\\u0441\\u043b\\u044c\",\"slug\":\"\\u043d\\u0435\\u0444\\u0442\\u0435\\u0433\\u0430\\u0437\\u043e\\u0432\\u0430\\u044f-\\u043e\\u0442\\u0440\\u0430\\u0441\\u043b\\u044c\",\"postDate\":1493738756,\"expiryDate\":null,\"enabled\":1,\"parentId\":null,\"fields\":{\"35\":\"\"}}', '2017-05-02 15:25:56', '2017-05-02 15:25:56', '9de32228-8b37-4271-9d55-3ae6dde6589d'),
 ('25', '38', '9', '1', 'ru', '1', '', '{\"typeId\":null,\"authorId\":\"1\",\"title\":\"\\u0421\\u0435\\u043b\\u044c\\u0441\\u043a\\u043e\\u0435 \\u0445\\u043e\\u0437\\u044f\\u0439\\u0441\\u0442\\u0432\\u043e \\u0438 \\u043f\\u0438\\u0449\\u0435\\u0432\\u0430\\u044f \\u043f\\u0440\\u043e\\u043c\\u044b\\u0448\\u043b\\u0435\\u043d\\u043d\\u043e\\u0441\\u0442\\u044c\",\"slug\":\"\\u0441\\u0435\\u043b\\u044c\\u0441\\u043a\\u043e\\u0435-\\u0445\\u043e\\u0437\\u044f\\u0439\\u0441\\u0442\\u0432\\u043e-\\u0438-\\u043f\\u0438\\u0449\\u0435\\u0432\\u0430\\u044f-\\u043f\\u0440\\u043e\\u043c\\u044b\\u0448\\u043b\\u0435\\u043d\\u043d\\u043e\\u0441\\u0442\\u044c\",\"postDate\":1493738790,\"expiryDate\":null,\"enabled\":1,\"parentId\":null,\"fields\":{\"35\":\"\"}}', '2017-05-02 15:26:30', '2017-05-02 15:26:30', '0ad6a2fe-507d-49ed-96df-73f29afc5e41'),
 ('26', '39', '9', '1', 'ru', '1', '', '{\"typeId\":null,\"authorId\":\"1\",\"title\":\"\\u0421\\u0444\\u0435\\u0440\\u0430 \\u0440\\u0430\\u0437\\u0432\\u043b\\u0435\\u0447\\u0435\\u043d\\u0438\\u0439 \\u0438 \\u0433\\u043e\\u0441\\u0442\\u0435\\u043f\\u0440\\u0438\\u0438\\u043c\\u0441\\u0442\\u0432\\u0430\",\"slug\":\"\\u0441\\u0444\\u0435\\u0440\\u0430-\\u0440\\u0430\\u0437\\u0432\\u043b\\u0435\\u0447\\u0435\\u043d\\u0438\\u0439-\\u0438-\\u0433\\u043e\\u0441\\u0442\\u0435\\u043f\\u0440\\u0438\\u0438\\u043c\\u0441\\u0442\\u0432\\u0430\",\"postDate\":1493738826,\"expiryDate\":null,\"enabled\":1,\"parentId\":null,\"fields\":{\"35\":\"\"}}', '2017-05-02 15:27:07', '2017-05-02 15:27:07', '593d8dc8-6c9e-4c76-ace0-490ee3f4db83'),
 ('27', '40', '9', '1', 'ru', '1', '', '{\"typeId\":null,\"authorId\":\"1\",\"title\":\"\\u0422\\u0435\\u043b\\u0435\\u043a\\u043e\\u043c, \\u0418\\u0422 \\u0438 \\u043c\\u0435\\u0434\\u0438\\u0430\",\"slug\":\"\\u0442\\u0435\\u043b\\u0435\\u043a\\u043e\\u043c-\\u0438\\u0442-\\u0438-\\u043c\\u0435\\u0434\\u0438\\u0430\",\"postDate\":1493738833,\"expiryDate\":null,\"enabled\":1,\"parentId\":null,\"fields\":{\"35\":\"\"}}', '2017-05-02 15:27:13', '2017-05-02 15:27:13', 'bc1be43a-f27d-429c-95ed-f7243c2b8e53'),
 ('28', '41', '9', '1', 'ru', '1', '', '{\"typeId\":null,\"authorId\":\"1\",\"title\":\"\\u0422\\u043e\\u0440\\u0433\\u043e\\u0432\\u043b\\u044f \\u043e\\u043f\\u0442\\u043e\\u0432\\u0430\\u044f \\u0438 \\u0440\\u043e\\u0437\\u043d\\u0438\\u0447\\u043d\\u0430\\u044f\",\"slug\":\"\\u0442\\u043e\\u0440\\u0433\\u043e\\u0432\\u043b\\u044f-\\u043e\\u043f\\u0442\\u043e\\u0432\\u0430\\u044f-\\u0438-\\u0440\\u043e\\u0437\\u043d\\u0438\\u0447\\u043d\\u0430\\u044f\",\"postDate\":1493738841,\"expiryDate\":null,\"enabled\":1,\"parentId\":null,\"fields\":{\"35\":\"\"}}', '2017-05-02 15:27:21', '2017-05-02 15:27:21', '2c9776a2-aeb1-4985-97dc-92065808b969'),
 ('29', '42', '9', '1', 'ru', '1', '', '{\"typeId\":null,\"authorId\":\"1\",\"title\":\"\\u0422\\u0440\\u0430\\u043d\\u0441\\u043f\\u043e\\u0440\\u0442 \\u0438 \\u043b\\u043e\\u0433\\u0438\\u0441\\u0442\\u0438\\u043a\\u0430. \\u0418\\u043d\\u0444\\u0440\\u0430\\u0441\\u0442\\u0440\\u0443\\u043a\\u0442\\u0443\\u0440\\u043d\\u044b\\u0435 \\u043f\\u0440\\u043e\\u0435\\u043a\\u0442\\u044b\",\"slug\":\"\\u0442\\u0440\\u0430\\u043d\\u0441\\u043f\\u043e\\u0440\\u0442-\\u0438-\\u043b\\u043e\\u0433\\u0438\\u0441\\u0442\\u0438\\u043a\\u0430-\\u0438\\u043d\\u0444\\u0440\\u0430\\u0441\\u0442\\u0440\\u0443\\u043a\\u0442\\u0443\\u0440\\u043d\\u044b\\u0435-\\u043f\\u0440\\u043e\\u0435\\u043a\\u0442\\u044b\",\"postDate\":1493738852,\"expiryDate\":null,\"enabled\":1,\"parentId\":null,\"fields\":{\"35\":\"\"}}', '2017-05-02 15:27:32', '2017-05-02 15:27:32', 'e37cf7ba-66a4-4799-bd58-8b6f61ef8416'),
 ('30', '43', '9', '1', 'ru', '1', '', '{\"typeId\":null,\"authorId\":\"1\",\"title\":\"\\u0424\\u0430\\u0440\\u043c\\u0430\\u0446\\u0435\\u0432\\u0442\\u0438\\u043a\\u0430. \\u041c\\u0435\\u0434\\u0438\\u0446\\u0438\\u043d\\u0430\",\"slug\":\"\\u0444\\u0430\\u0440\\u043c\\u0430\\u0446\\u0435\\u0432\\u0442\\u0438\\u043a\\u0430-\\u043c\\u0435\\u0434\\u0438\\u0446\\u0438\\u043d\\u0430\",\"postDate\":1493738861,\"expiryDate\":null,\"enabled\":1,\"parentId\":null,\"fields\":{\"35\":\"\"}}', '2017-05-02 15:27:41', '2017-05-02 15:27:41', '607d5f9b-6150-43ef-b1d7-8f44ac8a459f'),
 ('31', '44', '9', '1', 'ru', '1', '', '{\"typeId\":null,\"authorId\":\"1\",\"title\":\"\\u0424\\u0438\\u043d\\u0430\\u043d\\u0441\\u043e\\u0432\\u044b\\u0439 \\u0441\\u0435\\u043a\\u0442\\u043e\\u0440\",\"slug\":\"\\u0444\\u0438\\u043d\\u0430\\u043d\\u0441\\u043e\\u0432\\u044b\\u0439-\\u0441\\u0435\\u043a\\u0442\\u043e\\u0440\",\"postDate\":1493738870,\"expiryDate\":null,\"enabled\":1,\"parentId\":null,\"fields\":{\"35\":\"\"}}', '2017-05-02 15:27:50', '2017-05-02 15:27:50', 'a60ec558-dd7e-4199-aa72-08199e0381b5'),
 ('32', '45', '9', '1', 'ru', '1', '', '{\"typeId\":null,\"authorId\":\"1\",\"title\":\"\\u042d\\u043d\\u0435\\u0440\\u0433\\u0435\\u0442\\u0438\\u043a\\u0430\",\"slug\":\"\\u044d\\u043d\\u0435\\u0440\\u0433\\u0435\\u0442\\u0438\\u043a\\u0430\",\"postDate\":1493738878,\"expiryDate\":null,\"enabled\":1,\"parentId\":null,\"fields\":{\"35\":\"\"}}', '2017-05-02 15:27:58', '2017-05-02 15:27:58', 'b9ca1932-17e7-4f4a-af7a-a21af5750625'),
 ('50', '53', '3', '1', 'ru', '1', '', '{\"typeId\":null,\"authorId\":\"1\",\"title\":\"\\u0410\\u043b\\u0435\\u043a\\u0441\\u0430\\u043d\\u0434\\u0440 \\u0418\\u0432\\u0430\\u043d\\u043e\\u0432\",\"slug\":\"\\u0430\\u043b\\u0435\\u043a\\u0441\\u0430\\u043d\\u0434\\u0440-\\u0438\\u0432\\u0430\\u043d\\u043e\\u0432\",\"postDate\":1493806186,\"expiryDate\":null,\"enabled\":1,\"parentId\":null,\"fields\":{\"12\":\"\",\"9\":\"\",\"11\":\"\",\"13\":\"\",\"10\":\"\",\"8\":\"\",\"4\":\"\\u0410\\u043b\\u0435\\u043a\\u0441\\u0430\\u043d\\u0434\\u0440\",\"6\":\"\",\"42\":{\"icon\":\"_blank_\"},\"38\":\"\",\"37\":\"\",\"7\":[\"4\"],\"15\":\"\",\"16\":\"\",\"5\":\"\\u0418\\u0432\\u0430\\u043d\\u043e\\u0432\",\"3\":\"\"}}', '2017-05-03 10:09:47', '2017-05-03 10:09:47', '8c33900c-e8a8-449e-96de-64870fa41c76'),
 ('51', '53', '3', '1', 'ru', '2', '', '{\"typeId\":\"3\",\"authorId\":\"1\",\"title\":\"\\u0410\\u043b\\u0435\\u043a\\u0441\\u0430\\u043d\\u0434\\u0440 \\u0418\\u0432\\u0430\\u043d\\u043e\\u0432\",\"slug\":\"\\u0430\\u043b\\u0435\\u043a\\u0441\\u0430\\u043d\\u0434\\u0440-\\u0438\\u0432\\u0430\\u043d\\u043e\\u0432\",\"postDate\":1493806140,\"expiryDate\":null,\"enabled\":1,\"parentId\":null,\"fields\":{\"12\":\"\",\"9\":\"\",\"11\":\"\",\"13\":\"\",\"10\":\"\",\"8\":\"\",\"4\":\"\\u0410\\u043b\\u0435\\u043a\\u0441\\u0430\\u043d\\u0434\\u0440\",\"6\":\"\",\"42\":{\"icon\":\"_blank_\"},\"38\":\"\",\"37\":\"\",\"7\":[\"4\"],\"15\":\"\",\"16\":\"\",\"5\":\"\\u0418\\u0432\\u0430\\u043d\\u043e\\u0432\",\"3\":\"\"}}', '2017-05-03 10:10:37', '2017-05-03 10:10:37', '11eb3157-f8c9-4c81-9632-3bd5a3184f01'),
 ('52', '54', '3', '1', 'ru', '1', '', '{\"typeId\":null,\"authorId\":\"1\",\"title\":\"\\u041c\\u0430\\u043b\\u043a\\u043e\\u0432 \\u0410\\u043b\\u0435\\u043a\\u0441\\u0430\\u043d\\u0434\\u0440\",\"slug\":\"\\u043c\\u0430\\u043b\\u043a\\u043e\\u0432-\\u0430\\u043b\\u0435\\u043a\\u0441\\u0430\\u043d\\u0434\\u0440\",\"postDate\":1493806265,\"expiryDate\":null,\"enabled\":1,\"parentId\":null,\"fields\":{\"12\":\"\",\"9\":\"\",\"11\":\"\",\"13\":\"\",\"10\":\"\",\"8\":\"\",\"4\":\"\",\"6\":\"\",\"42\":{\"icon\":\"_blank_\"},\"38\":\"\",\"37\":\"\",\"7\":[\"4\"],\"15\":\"\",\"16\":\"\",\"5\":\"\",\"3\":\"\"}}', '2017-05-03 10:11:05', '2017-05-03 10:11:05', '31551f14-d074-46a9-9189-0a92c19877f9'),
 ('53', '55', '3', '1', 'ru', '1', '', '{\"typeId\":null,\"authorId\":\"1\",\"title\":\"\\u041a\\u0430\\u043b\\u0438\\u043d\\u0438\\u043d \\u0421\\u0435\\u0440\\u0433\\u0435\\u0439\",\"slug\":\"\\u043a\\u0430\\u043b\\u0438\\u043d\\u0438\\u043d-\\u0441\\u0435\\u0440\\u0433\\u0435\\u0439\",\"postDate\":1493806276,\"expiryDate\":null,\"enabled\":1,\"parentId\":null,\"fields\":{\"12\":\"\",\"9\":\"\",\"11\":\"\",\"13\":\"\",\"10\":\"\",\"8\":\"\",\"4\":\"\",\"6\":\"\",\"42\":{\"icon\":\"_blank_\"},\"38\":\"\",\"37\":\"\",\"7\":\"\",\"15\":\"\",\"16\":\"\",\"5\":\"\",\"3\":\"\"}}', '2017-05-03 10:11:17', '2017-05-03 10:11:17', '46f01089-5007-4f33-a7b9-0a72cd7e5cf4'),
 ('54', '53', '3', '1', 'ru', '3', '', '{\"typeId\":\"3\",\"authorId\":\"1\",\"title\":\"\\u0418\\u0432\\u0430\\u043d\\u043e\\u0432 \\u0410\\u043b\\u0435\\u043a\\u0441\\u0430\\u043d\\u0434\\u0440\",\"slug\":\"\\u0430\\u043b\\u0435\\u043a\\u0441\\u0430\\u043d\\u0434\\u0440-\\u0438\\u0432\\u0430\\u043d\\u043e\\u0432\",\"postDate\":1493806140,\"expiryDate\":null,\"enabled\":1,\"parentId\":null,\"fields\":{\"12\":\"\",\"9\":\"\",\"11\":\"\",\"13\":\"\",\"10\":\"\",\"8\":\"\",\"4\":\"\\u0410\\u043b\\u0435\\u043a\\u0441\\u0430\\u043d\\u0434\\u0440\",\"6\":\"\",\"42\":{\"icon\":\"_blank_\"},\"38\":\"\",\"37\":\"\",\"7\":[\"4\"],\"15\":\"\",\"16\":\"\",\"5\":\"\\u0418\\u0432\\u0430\\u043d\\u043e\\u0432\",\"3\":\"\"}}', '2017-05-03 10:11:33', '2017-05-03 10:11:33', '0b5a83db-db31-484e-8987-3791601eb39a'),
 ('55', '56', '3', '1', 'ru', '1', '', '{\"typeId\":null,\"authorId\":\"1\",\"title\":\"\\u0417\\u0430\\u0441\\u0438\\u043c\\u043e\\u0432\\u0430 \\u0410\\u043d\\u043d\\u0430\",\"slug\":\"\\u0437\\u0430\\u0441\\u0438\\u043c\\u043e\\u0432\\u0430-\\u0430\\u043d\\u043d\\u0430\",\"postDate\":1493806314,\"expiryDate\":null,\"enabled\":1,\"parentId\":null,\"fields\":{\"12\":\"\",\"9\":\"\",\"11\":\"\",\"13\":\"\",\"10\":\"\",\"8\":\"\",\"4\":\"\",\"6\":\"\",\"42\":{\"icon\":\"_blank_\"},\"38\":\"\",\"37\":\"\",\"7\":[\"4\"],\"15\":\"\",\"16\":\"\",\"5\":\"\",\"3\":\"\"}}', '2017-05-03 10:11:54', '2017-05-03 10:11:54', 'd4b568ec-6148-41ec-9700-1a2037d76b8b'),
 ('56', '55', '3', '1', 'ru', '2', '', '{\"typeId\":\"3\",\"authorId\":\"1\",\"title\":\"\\u041a\\u0430\\u043b\\u0438\\u043d\\u0438\\u043d \\u0421\\u0435\\u0440\\u0433\\u0435\\u0439\",\"slug\":\"\\u043a\\u0430\\u043b\\u0438\\u043d\\u0438\\u043d-\\u0441\\u0435\\u0440\\u0433\\u0435\\u0439\",\"postDate\":1493806260,\"expiryDate\":null,\"enabled\":1,\"parentId\":null,\"fields\":{\"12\":\"\",\"9\":\"\",\"11\":\"\",\"13\":\"\",\"10\":\"\",\"8\":\"\",\"4\":\"\",\"6\":\"\",\"42\":{\"icon\":\"_blank_\"},\"38\":\"\",\"37\":\"\",\"7\":[\"4\"],\"15\":\"\",\"16\":\"\",\"5\":\"\",\"3\":\"\"}}', '2017-05-03 10:12:06', '2017-05-03 10:12:06', '508391c0-ddae-430f-88a1-64c4fc5dfa36'),
 ('57', '57', '3', '1', 'ru', '1', '', '{\"typeId\":null,\"authorId\":\"1\",\"title\":\"\\u0414\\u043c\\u0438\\u0442\\u0440\\u0438\\u0435\\u0432\\u0430 \\u0415\\u043b\\u0435\\u043d\\u0430\",\"slug\":\"\\u0434\\u043c\\u0438\\u0442\\u0440\\u0438\\u0435\\u0432\\u0430-\\u0435\\u043b\\u0435\\u043d\\u0430\",\"postDate\":1493806344,\"expiryDate\":null,\"enabled\":1,\"parentId\":null,\"fields\":{\"12\":\"\",\"9\":\"\",\"11\":\"\",\"13\":\"\",\"10\":\"\",\"8\":\"\",\"4\":\"\",\"6\":\"\",\"42\":{\"icon\":\"_blank_\"},\"38\":\"\",\"37\":\"\",\"7\":[\"4\"],\"15\":\"\",\"16\":\"\",\"5\":\"\",\"3\":\"\"}}', '2017-05-03 10:12:24', '2017-05-03 10:12:24', '3e70a827-1d40-445f-9de3-5c9b5ba9b49a'),
 ('58', '58', '3', '1', 'ru', '1', '', '{\"typeId\":null,\"authorId\":\"1\",\"title\":\"\\u041a\\u043d\\u044f\\u0437\\u0435\\u0432\\u0430 \\u0422\\u0430\\u0442\\u044c\\u044f\\u043d\\u0430\",\"slug\":\"\\u043a\\u043d\\u044f\\u0437\\u0435\\u0432\\u0430-\\u0442\\u0430\\u0442\\u044c\\u044f\\u043d\\u0430\",\"postDate\":1493806359,\"expiryDate\":null,\"enabled\":1,\"parentId\":null,\"fields\":{\"12\":\"\",\"9\":\"\",\"11\":\"\",\"13\":\"\",\"10\":\"\",\"8\":\"\",\"4\":\"\",\"6\":\"\",\"42\":{\"icon\":\"_blank_\"},\"38\":\"\",\"37\":\"\",\"7\":[\"4\"],\"15\":\"\",\"16\":\"\",\"5\":\"\",\"3\":\"\"}}', '2017-05-03 10:12:39', '2017-05-03 10:12:39', '9e9b11bf-642e-402f-9692-47cde7d06166'),
 ('59', '59', '3', '1', 'ru', '1', '', '{\"typeId\":null,\"authorId\":\"1\",\"title\":\"\\u0422\\u0438\\u0448\\u0430\\u043a\\u043e\\u0432 \\u0421\\u0435\\u0440\\u0433\\u0435\\u0439\",\"slug\":\"\\u0442\\u0438\\u0448\\u0430\\u043a\\u043e\\u0432-\\u0441\\u0435\\u0440\\u0433\\u0435\\u0439\",\"postDate\":1493806412,\"expiryDate\":null,\"enabled\":1,\"parentId\":null,\"fields\":{\"12\":\"\",\"9\":\"\",\"11\":\"\",\"13\":\"\",\"10\":\"\",\"8\":\"\",\"4\":\"\",\"6\":\"\",\"42\":{\"icon\":\"_blank_\"},\"38\":\"\",\"37\":\"\",\"7\":[\"4\"],\"15\":\"\",\"16\":\"\",\"5\":\"\",\"3\":\"\"}}', '2017-05-03 10:13:32', '2017-05-03 10:13:32', '431a8256-f9ab-4b97-9299-237faadebc25'),
 ('60', '60', '3', '1', 'ru', '1', '', '{\"typeId\":null,\"authorId\":\"1\",\"title\":\"\\u0421\\u0438\\u0434\\u043e\\u0440\\u0435\\u043d\\u043a\\u043e \\u0410\\u043b\\u0435\\u043a\\u0441\\u0430\\u043d\\u0434\\u0440\",\"slug\":\"\\u0441\\u0438\\u0434\\u043e\\u0440\\u0435\\u043d\\u043a\\u043e-\\u0430\\u043b\\u0435\\u043a\\u0441\\u0430\\u043d\\u0434\\u0440\",\"postDate\":1493806467,\"expiryDate\":null,\"enabled\":1,\"parentId\":null,\"fields\":{\"12\":\"\",\"9\":\"\",\"11\":\"\",\"13\":\"\",\"10\":\"\",\"8\":\"\",\"4\":\"\",\"6\":\"\",\"42\":{\"icon\":\"_blank_\"},\"38\":\"\",\"37\":\"\",\"7\":[\"4\"],\"15\":\"\",\"16\":\"\",\"5\":\"\",\"3\":\"\"}}', '2017-05-03 10:14:27', '2017-05-03 10:14:27', '76de291e-2a53-4605-992c-685989bb23c7'),
 ('61', '61', '3', '1', 'ru', '1', '', '{\"typeId\":null,\"authorId\":\"1\",\"title\":\"\\u041f\\u0438\\u0441\\u0430\\u0440\\u0435\\u0432 \\u0410\\u043d\\u0434\\u0440\\u0435\\u0439\",\"slug\":\"\\u043f\\u0438\\u0441\\u0430\\u0440\\u0435\\u0432-\\u0430\\u043d\\u0434\\u0440\\u0435\\u0439\",\"postDate\":1493806954,\"expiryDate\":null,\"enabled\":1,\"parentId\":null,\"fields\":{\"12\":\"\",\"9\":\"\",\"11\":\"\",\"13\":\"\",\"10\":\"\",\"8\":\"\",\"4\":\"\",\"6\":\"\",\"38\":\"\",\"37\":[\"26\",\"27\",\"29\",\"30\"],\"7\":[\"4\"],\"15\":\"\",\"16\":\"\",\"5\":\"\",\"3\":\"\"}}', '2017-05-03 10:22:35', '2017-05-03 10:22:35', 'e19aee5d-cd9c-4ecc-a0b0-66f997b5d90e'),
 ('62', '62', '3', '1', 'ru', '1', '', '{\"typeId\":null,\"authorId\":\"1\",\"title\":\"\\u0414\\u0435\\u0435\\u0432 \\u041c\\u0430\\u043a\\u0441\\u0438\\u043c\",\"slug\":\"\\u0434\\u0435\\u0435\\u0432-\\u043c\\u0430\\u043a\\u0441\\u0438\\u043c\",\"postDate\":1493807014,\"expiryDate\":null,\"enabled\":1,\"parentId\":null,\"fields\":{\"12\":\"\",\"9\":\"\",\"11\":\"\",\"13\":\"\",\"10\":\"\",\"8\":\"\",\"4\":\"\",\"6\":\"\",\"38\":[\"44\"],\"37\":\"\",\"7\":[\"5\"],\"15\":\"\",\"16\":\"\",\"5\":\"\",\"3\":\"\"}}', '2017-05-03 10:23:35', '2017-05-03 10:23:35', '6c77ecc2-f04a-4e28-9245-2ad5984ff6cb'),
 ('63', '63', '3', '1', 'ru', '1', '', '{\"typeId\":null,\"authorId\":\"1\",\"title\":\"\\u0428\\u0430\\u043b\\u0443\\u043c\\u043e\\u0432 \\u0417\\u0430\\u0445\\u0430\\u0440\",\"slug\":\"\\u0448\\u0430\\u043b\\u0443\\u043c\\u043e\\u0432-\\u0437\\u0430\\u0445\\u0430\\u0440\",\"postDate\":1493807098,\"expiryDate\":null,\"enabled\":1,\"parentId\":null,\"fields\":{\"12\":\"\",\"9\":\"\",\"11\":\"\",\"13\":\"\",\"10\":\"\",\"8\":\"\",\"4\":\"\",\"6\":\"\",\"38\":\"\",\"37\":\"\",\"7\":[\"5\"],\"15\":\"\",\"16\":\"\",\"5\":\"\",\"3\":\"\"}}', '2017-05-03 10:24:59', '2017-05-03 10:24:59', '1c78b185-544c-45b1-8a9f-6f699871a3ad'),
 ('64', '64', '3', '1', 'ru', '1', '', '{\"typeId\":null,\"authorId\":\"1\",\"title\":\"\\u041a\\u0430\\u0440\\u0430\\u043f\\u0435\\u0442\\u044f\\u043d \\u041c\\u044d\\u0440\\u0438\",\"slug\":\"\\u043a\\u0430\\u0440\\u0430\\u043f\\u0435\\u0442\\u044f\\u043d-\\u043c\\u044d\\u0440\\u0438\",\"postDate\":1493807117,\"expiryDate\":null,\"enabled\":1,\"parentId\":null,\"fields\":{\"12\":\"\",\"9\":\"\",\"11\":\"\",\"13\":\"\",\"10\":\"\",\"8\":\"\",\"4\":\"\",\"6\":\"\",\"38\":\"\",\"37\":\"\",\"7\":[\"5\"],\"15\":\"\",\"16\":\"\",\"5\":\"\",\"3\":\"\"}}', '2017-05-03 10:25:17', '2017-05-03 10:25:17', '72972672-0a85-4236-9857-bc15b48f6ade'),
 ('65', '65', '3', '1', 'ru', '1', '', '{\"typeId\":null,\"authorId\":\"1\",\"title\":\"\\u041a\\u0443\\u0447\\u0435\\u0440 \\u0414\\u043c\\u0438\\u0442\\u0440\\u0438\\u0439\",\"slug\":\"\\u043a\\u0443\\u0447\\u0435\\u0440-\\u0434\\u043c\\u0438\\u0442\\u0440\\u0438\\u0439\",\"postDate\":1493807138,\"expiryDate\":null,\"enabled\":1,\"parentId\":null,\"fields\":{\"12\":\"\",\"9\":\"\",\"11\":\"\",\"13\":\"\",\"10\":\"\",\"8\":\"\",\"4\":\"\",\"6\":\"\",\"38\":\"\",\"37\":\"\",\"7\":[\"5\"],\"15\":\"\",\"16\":\"\",\"5\":\"\",\"3\":\"\"}}', '2017-05-03 10:25:39', '2017-05-03 10:25:39', 'e83ed3da-7678-481a-8f74-d45087394681'),
 ('66', '66', '3', '1', 'ru', '1', '', '{\"typeId\":null,\"authorId\":\"1\",\"title\":\"\\u041b\\u0430\\u043d\\u0434\\u0430 \\u041b\\u0435\\u043e\\u043d\\u0438\\u0434\",\"slug\":\"\\u043b\\u0430\\u043d\\u0434\\u0430-\\u043b\\u0435\\u043e\\u043d\\u0438\\u0434\",\"postDate\":1493807149,\"expiryDate\":null,\"enabled\":1,\"parentId\":null,\"fields\":{\"12\":\"\",\"9\":\"\",\"11\":\"\",\"13\":\"\",\"10\":\"\",\"8\":\"\",\"4\":\"\",\"6\":\"\",\"38\":\"\",\"37\":\"\",\"7\":[\"5\"],\"15\":\"\",\"16\":\"\",\"5\":\"\",\"3\":\"\"}}', '2017-05-03 10:25:49', '2017-05-03 10:25:49', 'f1670f19-36ac-41fe-b51f-302ff7106cac'),
 ('67', '67', '3', '1', 'ru', '1', '', '{\"typeId\":null,\"authorId\":\"1\",\"title\":\"\\u0416\\u0438\\u0432\\u0447\\u0438\\u043a\\u043e\\u0432 \\u0414\\u0435\\u043d\\u0438\\u0441\",\"slug\":\"\\u0436\\u0438\\u0432\\u0447\\u0438\\u043a\\u043e\\u0432-\\u0434\\u0435\\u043d\\u0438\\u0441\",\"postDate\":1493807160,\"expiryDate\":null,\"enabled\":1,\"parentId\":null,\"fields\":{\"12\":\"\",\"9\":\"\",\"11\":\"\",\"13\":\"\",\"10\":\"\",\"8\":\"\",\"4\":\"\",\"6\":\"\",\"38\":\"\",\"37\":\"\",\"7\":[\"5\"],\"15\":\"\",\"16\":\"\",\"5\":\"\",\"3\":\"\"}}', '2017-05-03 10:26:01', '2017-05-03 10:26:01', '873ba69f-7828-4d49-9a67-6818207ec7ac'),
 ('68', '68', '3', '1', 'ru', '1', '', '{\"typeId\":null,\"authorId\":\"1\",\"title\":\"\\u0422\\u0440\\u0438\\u0444\\u0430\\u043d\\u0435\\u043d\\u043a\\u043e\\u0432\\u0430 \\u041c\\u0430\\u0440\\u0438\\u043d\\u0430\",\"slug\":\"\\u0442\\u0440\\u0438\\u0444\\u0430\\u043d\\u0435\\u043d\\u043a\\u043e\\u0432\\u0430-\\u043c\\u0430\\u0440\\u0438\\u043d\\u0430\",\"postDate\":1493807179,\"expiryDate\":null,\"enabled\":1,\"parentId\":null,\"fields\":{\"12\":\"\",\"9\":\"\",\"11\":\"\",\"13\":\"\",\"10\":\"\",\"8\":\"\",\"4\":\"\",\"6\":\"\",\"38\":\"\",\"37\":\"\",\"7\":[\"5\"],\"15\":\"\",\"16\":\"\",\"5\":\"\",\"3\":\"\"}}', '2017-05-03 10:26:19', '2017-05-03 10:26:19', '69fc37d8-389d-4042-9820-abaf3d8623f4'),
 ('69', '69', '3', '1', 'ru', '1', '', '{\"typeId\":null,\"authorId\":\"1\",\"title\":\"\\u0411\\u043e\\u0440\\u043e\\u0432\\u0438\\u043a\\u043e\\u0432\\u0430 \\u0410\\u043b\\u0435\\u043d\\u0430\",\"slug\":\"\\u0431\\u043e\\u0440\\u043e\\u0432\\u0438\\u043a\\u043e\\u0432\\u0430-\\u0430\\u043b\\u0435\\u043d\\u0430\",\"postDate\":1493807246,\"expiryDate\":null,\"enabled\":1,\"parentId\":null,\"fields\":{\"12\":\"\",\"9\":\"\",\"11\":\"\",\"13\":\"\",\"10\":\"\",\"8\":\"\",\"4\":\"\",\"6\":\"\",\"38\":\"\",\"37\":\"\",\"7\":[\"5\"],\"15\":\"\",\"16\":\"\",\"5\":\"\",\"3\":\"\"}}', '2017-05-03 10:27:27', '2017-05-03 10:27:27', 'd1465559-4835-4b9a-b2ab-ebf8edf7b1be'),
 ('70', '70', '3', '1', 'ru', '1', '', '{\"typeId\":null,\"authorId\":\"1\",\"title\":\"\\u0417\\u0430\\u043a\\u043e\\u044f\\u043d \\u041c\\u0430\\u0440\\u0438\\u043d\\u0430\",\"slug\":\"\\u0437\\u0430\\u043a\\u043e\\u044f\\u043d-\\u043c\\u0430\\u0440\\u0438\\u043d\\u0430\",\"postDate\":1493808742,\"expiryDate\":null,\"enabled\":1,\"parentId\":null,\"fields\":{\"12\":\"\",\"9\":\"\",\"11\":\"\",\"13\":\"\",\"10\":\"\",\"8\":\"\",\"4\":\"\\u041c\\u0430\\u0440\\u0438\\u043d\\u0430\",\"6\":\"\",\"46\":\"\\u0421\\u0442\\u0430\\u0440\\u0448\\u0438\\u0439 \\u044e\\u0440\\u0438\\u0441\\u0442\",\"38\":\"\",\"37\":\"\",\"7\":[\"5\"],\"15\":\"\",\"16\":\"\",\"5\":\"\\u0417\\u0430\\u043a\\u043e\\u044f\\u043d\",\"3\":\"\"}}', '2017-05-03 10:52:22', '2017-05-03 10:52:22', '02e918da-9949-4262-8257-de4874e2571d'),
 ('71', '71', '3', '1', 'ru', '1', '', '{\"typeId\":null,\"authorId\":\"1\",\"title\":\"\\u041d\\u043e\\u0432\\u0438\\u043a\\u043e\\u0432\\u0430 \\u0410\\u043d\\u043d\\u0430\",\"slug\":\"\\u043d\\u043e\\u0432\\u0438\\u043a\\u043e\\u0432\\u0430-\\u0430\\u043d\\u043d\\u0430\",\"postDate\":1493808866,\"expiryDate\":null,\"enabled\":1,\"parentId\":null,\"fields\":{\"12\":\"\",\"9\":\"\",\"11\":\"\",\"13\":\"\",\"10\":\"\",\"8\":\"\",\"4\":\"\",\"6\":\"\",\"46\":\"\",\"38\":\"\",\"37\":\"\",\"7\":[\"6\"],\"15\":\"\",\"16\":\"\",\"5\":\"\",\"3\":\"\"}}', '2017-05-03 10:54:27', '2017-05-03 10:54:27', 'b1ddd9bb-612d-4689-8a58-f3f9b6b1d50c'),
 ('72', '72', '3', '1', 'ru', '1', '', '{\"typeId\":null,\"authorId\":\"1\",\"title\":\"\\u0415\\u0433\\u043e\\u0448\\u0438\\u043d\\u0430 \\u0412\\u0438\\u043a\\u0442\\u043e\\u0440\\u0438\\u044f\",\"slug\":\"\\u0435\\u0433\\u043e\\u0448\\u0438\\u043d\\u0430-\\u0432\\u0438\\u043a\\u0442\\u043e\\u0440\\u0438\\u044f\",\"postDate\":1493808882,\"expiryDate\":null,\"enabled\":1,\"parentId\":null,\"fields\":{\"12\":\"\",\"9\":\"\",\"11\":\"\",\"13\":\"\",\"10\":\"\",\"8\":\"\",\"4\":\"\",\"6\":\"\",\"46\":\"\",\"38\":\"\",\"37\":\"\",\"7\":[\"6\"],\"15\":\"\",\"16\":\"\",\"5\":\"\",\"3\":\"\"}}', '2017-05-03 10:54:43', '2017-05-03 10:54:43', '054a985c-0821-43db-83f1-387ee262ba34'),
 ('73', '54', '3', '1', 'ru', '2', '', '{\"typeId\":\"3\",\"authorId\":\"1\",\"title\":\"\\u041c\\u0430\\u043b\\u043a\\u043e\\u0432 \\u0410\\u043b\\u0435\\u043a\\u0441\\u0430\\u043d\\u0434\\u0440\",\"slug\":\"\\u043c\\u0430\\u043b\\u043a\\u043e\\u0432-\\u0430\\u043b\\u0435\\u043a\\u0441\\u0430\\u043d\\u0434\\u0440\",\"postDate\":1493806260,\"expiryDate\":null,\"enabled\":1,\"parentId\":null,\"fields\":{\"12\":\"\",\"9\":\"\",\"11\":\"\",\"13\":\"\",\"10\":\"\",\"8\":\"\",\"4\":\"\",\"6\":\"\",\"46\":\"\",\"38\":\"\",\"37\":\"\",\"7\":[\"4\"],\"15\":\"\",\"16\":\"\",\"5\":\"\",\"3\":[\"46\"]}}', '2017-05-03 10:56:10', '2017-05-03 10:56:10', 'bff51514-258b-41ec-84f4-40a0ce0785f8'),
 ('74', '54', '3', '1', 'ru', '3', '', '{\"typeId\":\"3\",\"authorId\":\"1\",\"title\":\"\\u041c\\u0430\\u043b\\u043a\\u043e\\u0432 \\u0410\\u043b\\u0435\\u043a\\u0441\\u0430\\u043d\\u0434\\u0440\",\"slug\":\"\\u043c\\u0430\\u043b\\u043a\\u043e\\u0432-\\u0430\\u043b\\u0435\\u043a\\u0441\\u0430\\u043d\\u0434\\u0440\",\"postDate\":1493806260,\"expiryDate\":null,\"enabled\":1,\"parentId\":null,\"fields\":{\"12\":\"\",\"9\":\"\",\"11\":\"\",\"13\":\"\",\"10\":\"\",\"8\":\"\",\"4\":\"\",\"6\":\"\",\"46\":\"\",\"38\":\"\",\"37\":\"\",\"7\":[\"4\"],\"15\":\"\",\"16\":\"\",\"5\":\"\",\"3\":\"\"}}', '2017-05-03 10:57:11', '2017-05-03 10:57:11', '34d99544-4c5e-4694-a71f-0e2551c8520a'),
 ('75', '72', '3', '1', 'ru', '2', '', '{\"typeId\":\"3\",\"authorId\":\"1\",\"title\":\"\\u0415\\u0433\\u043e\\u0448\\u0438\\u043d\\u0430 \\u0412\\u0438\\u043a\\u0442\\u043e\\u0440\\u0438\\u044f\",\"slug\":\"\\u0435\\u0433\\u043e\\u0448\\u0438\\u043d\\u0430-\\u0432\\u0438\\u043a\\u0442\\u043e\\u0440\\u0438\\u044f\",\"postDate\":1493808840,\"expiryDate\":null,\"enabled\":1,\"parentId\":null,\"fields\":{\"12\":\"victoria.egoshina@bakertilly.ru\",\"9\":\"\",\"11\":\"\",\"13\":\"\",\"10\":\"\",\"8\":\"\",\"4\":\"\",\"6\":\"\",\"46\":\"\",\"38\":\"\",\"37\":\"\",\"7\":[\"6\"],\"15\":\"\",\"16\":\"\",\"5\":\"\",\"3\":\"\"}}', '2017-05-03 11:15:54', '2017-05-03 11:15:54', 'f349e669-a761-4e92-93f4-ee133b090f96'),
 ('76', '72', '3', '1', 'ru', '3', '', '{\"typeId\":\"3\",\"authorId\":\"1\",\"title\":\"\\u0415\\u0433\\u043e\\u0448\\u0438\\u043d\\u0430 \\u0412\\u0438\\u043a\\u0442\\u043e\\u0440\\u0438\\u044f\",\"slug\":\"\\u0435\\u0433\\u043e\\u0448\\u0438\\u043d\\u0430-\\u0432\\u0438\\u043a\\u0442\\u043e\\u0440\\u0438\\u044f\",\"postDate\":1493808840,\"expiryDate\":null,\"enabled\":1,\"parentId\":null,\"fields\":{\"12\":\"victoria.egoshina@bakertilly.ru\",\"9\":\"\",\"11\":\"\",\"13\":\"\",\"10\":\"\",\"8\":\"\",\"4\":\"\",\"6\":\"\",\"46\":\"\",\"38\":\"\",\"37\":\"\",\"7\":[\"6\"],\"15\":\"244\",\"16\":\"2342342\",\"5\":\"\",\"3\":\"\"}}', '2017-05-03 11:32:01', '2017-05-03 11:32:01', '356322d4-79a3-4c70-806e-459cff6b52af'),
 ('77', '84', '3', '1', 'ru', '1', '', '{\"typeId\":null,\"authorId\":\"1\",\"title\":\"\\u042e\\u0440\\u0430\\u0441\\u043e\\u0432\\u0430 \\u0415\\u043a\\u0430\\u0442\\u0435\\u0440\\u0438\\u043d\\u0430\",\"slug\":\"\\u044e\\u0440\\u0430\\u0441\\u043e\\u0432\\u0430-\\u0435\\u043a\\u0430\\u0442\\u0435\\u0440\\u0438\\u043d\\u0430\",\"postDate\":1493889905,\"expiryDate\":null,\"enabled\":1,\"parentId\":null,\"fields\":{\"12\":\"\",\"9\":\"\",\"11\":\"\",\"13\":\"\",\"10\":\"\",\"8\":\"\",\"4\":\"\",\"6\":\"\",\"46\":\"\",\"38\":\"\",\"37\":\"\",\"7\":[\"6\"],\"15\":\"\",\"16\":\"\",\"5\":\"\",\"3\":\"\"}}', '2017-05-04 09:25:06', '2017-05-04 09:25:06', '517930d2-77c7-4a4a-8b42-754f19960b24'),
 ('78', '85', '3', '1', 'ru', '1', '', '{\"typeId\":null,\"authorId\":\"1\",\"title\":\"\\u041c\\u0430\\u0437\\u0430\\u0435\\u0432\\u0430 \\u041d\\u0430\\u0442\\u0430\\u043b\\u044c\\u044f\",\"slug\":\"\\u043c\\u0430\\u0437\\u0430\\u0435\\u0432\\u0430-\\u043d\\u0430\\u0442\\u0430\\u043b\\u044c\\u044f\",\"postDate\":1493890073,\"expiryDate\":null,\"enabled\":1,\"parentId\":null,\"fields\":{\"12\":\"\",\"9\":\"\",\"11\":\"\",\"13\":\"\",\"10\":\"\",\"8\":\"\",\"4\":\"\",\"6\":\"\",\"46\":\"\",\"38\":\"\",\"37\":\"\",\"7\":[\"6\"],\"15\":\"\",\"16\":\"\",\"5\":\"\",\"3\":\"\"}}', '2017-05-04 09:27:58', '2017-05-04 09:27:58', '8461c94b-5241-4426-8a79-fd6b4d05867a'),
 ('79', '86', '3', '1', 'ru', '1', '', '{\"typeId\":null,\"authorId\":\"1\",\"title\":\"\\u041b\\u0438\\u0434\\u043e\\u0433\\u043e\\u0441\\u0442\\u0435\\u0440 \\u041e\\u043b\\u044c\\u0433\\u0430\",\"slug\":\"\\u043b\\u0438\\u0434\\u043e\\u0433\\u043e\\u0441\\u0442\\u0435\\u0440-\\u043e\\u043b\\u044c\\u0433\\u0430\",\"postDate\":1493890117,\"expiryDate\":null,\"enabled\":1,\"parentId\":null,\"fields\":{\"12\":\"\",\"9\":\"\",\"11\":\"\",\"13\":\"\",\"10\":\"\",\"8\":\"\",\"4\":\"\",\"6\":\"\",\"46\":\"\",\"38\":\"\",\"37\":\"\",\"7\":[\"6\"],\"15\":\"\",\"16\":\"\",\"5\":\"\",\"3\":\"\"}}', '2017-05-04 09:28:40', '2017-05-04 09:28:40', '2c10f7a6-c416-406d-8543-454a25901bad'),
 ('80', '87', '3', '1', 'ru', '1', '', '{\"typeId\":null,\"authorId\":\"1\",\"title\":\"\\u0410\\u043d\\u043e\\u0441\\u043e\\u0432\\u0430 \\u0422\\u0430\\u0442\\u044c\\u044f\\u043d\\u0430\",\"slug\":\"\\u0430\\u043d\\u043e\\u0441\\u043e\\u0432\\u0430-\\u0442\\u0430\\u0442\\u044c\\u044f\\u043d\\u0430\",\"postDate\":1493890183,\"expiryDate\":null,\"enabled\":1,\"parentId\":null,\"fields\":{\"12\":\"\",\"9\":\"\",\"11\":\"\",\"13\":\"\",\"10\":\"\",\"8\":\"\",\"4\":\"\",\"6\":\"\",\"46\":\"\",\"38\":\"\",\"37\":\"\",\"7\":[\"6\"],\"15\":\"\",\"16\":\"\",\"5\":\"\",\"3\":\"\"}}', '2017-05-04 09:29:43', '2017-05-04 09:29:43', '6b2f27d0-d9c8-4b90-a13e-ece082e0b56c'),
 ('81', '88', '3', '1', 'ru', '1', '', '{\"typeId\":null,\"authorId\":\"1\",\"title\":\"\\u0416\\u0443\\u0440\\u0430\\u0432\\u043b\\u0435\\u0432 \\u0410\\u043d\\u0442\\u043e\\u043d\",\"slug\":\"\\u0436\\u0443\\u0440\\u0430\\u0432\\u043b\\u0435\\u0432-\\u0430\\u043d\\u0442\\u043e\\u043d\",\"postDate\":1493890217,\"expiryDate\":null,\"enabled\":1,\"parentId\":null,\"fields\":{\"12\":\"\",\"9\":\"\",\"11\":\"\",\"13\":\"\",\"10\":\"\",\"8\":\"\",\"4\":\"\",\"6\":\"\",\"46\":\"\",\"38\":\"\",\"37\":\"\",\"7\":[\"6\"],\"15\":\"\",\"16\":\"\",\"5\":\"\",\"3\":\"\"}}', '2017-05-04 09:30:18', '2017-05-04 09:30:18', 'f0b2e760-0137-4492-ad60-eb1ddefc45d6'),
 ('82', '89', '3', '1', 'ru', '1', '', '{\"typeId\":null,\"authorId\":\"1\",\"title\":\"\\u0421\\u0438\\u043c\\u043e\\u043d\\u043e\\u0432\\u0430 \\u041e\\u043b\\u044c\\u0433\\u0430\",\"slug\":\"\\u0441\\u0438\\u043c\\u043e\\u043d\\u043e\\u0432\\u0430-\\u043e\\u043b\\u044c\\u0433\\u0430\",\"postDate\":1493890233,\"expiryDate\":null,\"enabled\":1,\"parentId\":null,\"fields\":{\"12\":\"\",\"9\":\"\",\"11\":\"\",\"13\":\"\",\"10\":\"\",\"8\":\"\",\"4\":\"\",\"6\":\"\",\"46\":\"\",\"38\":\"\",\"37\":\"\",\"7\":[\"6\"],\"15\":\"\",\"16\":\"\",\"5\":\"\",\"3\":\"\"}}', '2017-05-04 09:30:33', '2017-05-04 09:30:33', 'b84ac655-949c-4036-b342-8fd853d5f033'),
 ('83', '90', '3', '1', 'ru', '1', '', '{\"typeId\":null,\"authorId\":\"1\",\"title\":\"\\u0413\\u043e\\u043b\\u043e\\u0432\\u0449\\u0438\\u043d\\u0441\\u043a\\u0430\\u044f \\u0410\\u043b\\u044c\\u0444\\u0438\\u044f\",\"slug\":\"\\u0433\\u043e\\u043b\\u043e\\u0432\\u0449\\u0438\\u043d\\u0441\\u043a\\u0430\\u044f-\\u0430\\u043b\\u044c\\u0444\\u0438\\u044f\",\"postDate\":1493890253,\"expiryDate\":null,\"enabled\":1,\"parentId\":null,\"fields\":{\"12\":\"\",\"9\":\"\",\"11\":\"\",\"13\":\"\",\"10\":\"\",\"8\":\"\",\"4\":\"\",\"6\":\"\",\"46\":\"\",\"38\":\"\",\"37\":\"\",\"7\":[\"6\"],\"15\":\"\",\"16\":\"\",\"5\":\"\",\"3\":\"\"}}', '2017-05-04 09:30:54', '2017-05-04 09:30:54', 'd5d007b1-5d0f-4eae-a6d6-3ed466c20a7a'),
 ('84', '91', '3', '1', 'ru', '1', '', '{\"typeId\":null,\"authorId\":\"1\",\"title\":\"\\u041f\\u0430\\u043d\\u0438\\u043d\\u0430 \\u041c\\u0430\\u0440\\u0438\\u043d\\u0430\",\"slug\":\"\\u043f\\u0430\\u043d\\u0438\\u043d\\u0430-\\u043c\\u0430\\u0440\\u0438\\u043d\\u0430\",\"postDate\":1493890280,\"expiryDate\":null,\"enabled\":1,\"parentId\":null,\"fields\":{\"12\":\"\",\"9\":\"\",\"11\":\"\",\"13\":\"\",\"10\":\"\",\"8\":\"\",\"4\":\"\",\"6\":\"\",\"46\":\"\",\"38\":\"\",\"37\":\"\",\"7\":[\"6\"],\"15\":\"\",\"16\":\"\",\"5\":\"\",\"3\":\"\"}}', '2017-05-04 09:31:21', '2017-05-04 09:31:21', 'f928835c-c98f-4a41-b80b-914fb3a57fc9'),
 ('85', '92', '3', '1', 'ru', '1', '', '{\"typeId\":null,\"authorId\":\"1\",\"title\":\"\\u0421\\u0430\\u043b\\u043c\\u0430\\u043d \\u0417\\u0443\\u043b\\u044c\\u0444\\u0438\\u044f\",\"slug\":\"\\u0441\\u0430\\u043b\\u043c\\u0430\\u043d-\\u0437\\u0443\\u043b\\u044c\\u0444\\u0438\\u044f\",\"postDate\":1493890296,\"expiryDate\":null,\"enabled\":1,\"parentId\":null,\"fields\":{\"12\":\"\",\"9\":\"\",\"11\":\"\",\"13\":\"\",\"10\":\"\",\"8\":\"\",\"4\":\"\",\"6\":\"\",\"46\":\"\",\"38\":\"\",\"37\":\"\",\"7\":[\"6\"],\"15\":\"\",\"16\":\"\",\"5\":\"\",\"3\":\"\"}}', '2017-05-04 09:31:36', '2017-05-04 09:31:36', '810d093a-a035-4e81-a8d8-62c3f565be80'),
 ('86', '93', '3', '1', 'ru', '1', '', '{\"typeId\":null,\"authorId\":\"1\",\"title\":\"\\u0425\\u0443\\u0445\\u0440\\u0438\\u043d\\u0430 \\u0415\\u043a\\u0430\\u0442\\u0435\\u0440\\u0438\\u043d\\u0430\",\"slug\":\"\\u0445\\u0443\\u0445\\u0440\\u0438\\u043d\\u0430-\\u0435\\u043a\\u0430\\u0442\\u0435\\u0440\\u0438\\u043d\\u0430\",\"postDate\":1493890315,\"expiryDate\":null,\"enabled\":1,\"parentId\":null,\"fields\":{\"12\":\"\",\"9\":\"\",\"11\":\"\",\"13\":\"\",\"10\":\"\",\"8\":\"\",\"4\":\"\",\"6\":\"\",\"46\":\"\",\"38\":\"\",\"37\":\"\",\"7\":[\"6\"],\"15\":\"\",\"16\":\"\",\"5\":\"\",\"3\":\"\"}}', '2017-05-04 09:31:56', '2017-05-04 09:31:56', 'd00b6b30-1091-4c55-a5ef-2c0cca217897'),
 ('87', '94', '3', '1', 'ru', '1', '', '{\"typeId\":null,\"authorId\":\"1\",\"title\":\"\\u041c\\u0438\\u0448\\u043a\\u0438\\u043d\\u0430 \\u0415\\u043b\\u0435\\u043d\\u0430\",\"slug\":\"\\u043c\\u0438\\u0448\\u043a\\u0438\\u043d\\u0430-\\u0435\\u043b\\u0435\\u043d\\u0430\",\"postDate\":1493890333,\"expiryDate\":null,\"enabled\":1,\"parentId\":null,\"fields\":{\"12\":\"\",\"9\":\"\",\"11\":\"\",\"13\":\"\",\"10\":\"\",\"8\":\"\",\"4\":\"\",\"6\":\"\",\"46\":\"\",\"38\":\"\",\"37\":\"\",\"7\":[\"6\"],\"15\":\"\",\"16\":\"\",\"5\":\"\",\"3\":\"\"}}', '2017-05-04 09:32:14', '2017-05-04 09:32:14', '86f6803d-d32e-43fb-a0e0-0d6814cf3f20'),
 ('88', '36', '9', '1', 'ru', '2', '', '{\"typeId\":\"9\",\"authorId\":\"1\",\"title\":\"\\u041d\\u0435\\u0434\\u0432\\u0438\\u0436\\u0438\\u043c\\u043e\\u0441\\u0442\\u044c \\u0438 \\u0441\\u0442\\u0440\\u043e\\u0438\\u0442\\u0435\\u043b\\u044c\\u0441\\u0442\\u0432\\u043e (\\u0432\\u043a\\u043b\\u044e\\u0447\\u0430\\u044f \\u043f\\u0440\\u043e\\u0438\\u0437\\u0432\\u043e\\u0434\\u0441\\u0442\\u0432\\u043e \\u0441\\u0442\\u0440\\u043e\\u0438\\u0442\\u0435\\u043b\\u044c\\u043d\\u044b\\u0445 \\u043c\\u0430\\u0442\\u0435\\u0440\\u0438\\u0430\\u043b\\u043e\\u0432)\",\"slug\":\"\\u043d\\u0435\\u0434\\u0432\\u0438\\u0436\\u0438\\u043c\\u043e\\u0441\\u0442\\u044c-\\u0438-\\u0441\\u0442\\u0440\\u043e\\u0438\\u0442\\u0435\\u043b\\u044c\\u0441\\u0442\\u0432\\u043e-\\u0432\\u043a\\u043b\\u044e\\u0447\\u0430\\u044f-\\u043f\\u0440\\u043e\\u0438\\u0437\\u0432\\u043e\\u0434\\u0441\\u0442\\u0432\\u043e-\\u0441\\u0442\\u0440\\u043e\\u0438\\u0442\\u0435\\u043b\\u044c\\u043d\\u044b\\u0445-\\u043c\\u0430\\u0442\\u0435\\u0440\\u0438\\u0430\\u043b\\u043e\\u0432\",\"postDate\":1493738700,\"expiryDate\":null,\"enabled\":1,\"parentId\":null,\"fields\":{\"35\":\"<p>\\u0421\\u0442\\u0440\\u043e\\u0438\\u0442\\u0435\\u043b\\u044c\\u043d\\u0430\\u044f \\u043e\\u0442\\u0440\\u0430\\u0441\\u043b\\u044c \\u0432 \\u0420\\u043e\\u0441\\u0441\\u0438\\u0438 \\u0442\\u0440\\u0430\\u0434\\u0438\\u0446\\u0438\\u043e\\u043d\\u043d\\u043e \\u0447\\u0443\\u0432\\u0441\\u0442\\u0432\\u0438\\u0442\\u0435\\u043b\\u044c\\u043d\\u0430 \\u043a \\u0438\\u0437\\u043c\\u0435\\u043d\\u0435\\u043d\\u0438\\u044f\\u043c \\u043c\\u0430\\u043a\\u0440\\u043e\\u044d\\u043a\\u043e\\u043d\\u043e\\u043c\\u0438\\u0447\\u0435\\u0441\\u043a\\u043e\\u0433\\u043e \\u0441\\u043e\\u0441\\u0442\\u043e\\u044f\\u043d\\u0438\\u044f, \\u043e\\u0441\\u043e\\u0431\\u0435\\u043d\\u043d\\u043e \\u044d\\u0442\\u043e \\u0441\\u0432\\u044f\\u0437\\u0430\\u043d\\u043e \\u0441 \\u0438\\u0437\\u043c\\u0435\\u043d\\u0435\\u043d\\u0438\\u044f\\u043c\\u0438 \\u043d\\u0430 \\u0440\\u044b\\u043d\\u043a\\u0435 \\u043a\\u0430\\u043f\\u0438\\u0442\\u0430\\u043b\\u043e\\u0432. \\u041f\\u043e\\u043c\\u0438\\u043c\\u043e \\u044d\\u0442\\u043e\\u0433\\u043e, \\u0434\\u043e\\u043f\\u043e\\u043b\\u043d\\u0438\\u0442\\u0435\\u043b\\u044c\\u043d\\u043e\\u0435 \\u0432\\u043b\\u0438\\u044f\\u043d\\u0438\\u0435 \\u043d\\u0430 \\u043e\\u0442\\u0440\\u0430\\u0441\\u043b\\u044c \\u0438\\u043c\\u0435\\u044e\\u0442 \\u0440\\u0430\\u0441\\u0441\\u043c\\u0430\\u0442\\u0440\\u0438\\u0432\\u0430\\u0435\\u043c\\u044b\\u0435 \\u0433\\u043e\\u0441\\u0443\\u0434\\u0430\\u0440\\u0441\\u0442\\u0432\\u0435\\u043d\\u043d\\u044b\\u043c\\u0438 \\u043e\\u0440\\u0433\\u0430\\u043d\\u0430\\u043c\\u0438 \\u043f\\u0440\\u043e\\u0435\\u043a\\u0442\\u044b \\u0437\\u0430\\u043a\\u043e\\u043d\\u043e\\u0432. \\u042d\\u0442\\u043e \\u0432\\u043d\\u043e\\u0441\\u0438\\u0442 \\u0434\\u043e\\u043f\\u043e\\u043b\\u043d\\u0438\\u0442\\u0435\\u043b\\u044c\\u043d\\u0443\\u044e \\u043d\\u0435\\u043e\\u043f\\u0440\\u0435\\u0434\\u0435\\u043b\\u0435\\u043d\\u043d\\u043e\\u0441\\u0442\\u044c \\u0432 \\u0432\\u0435\\u043a\\u0442\\u043e\\u0440 \\u0440\\u0430\\u0437\\u0432\\u0438\\u0442\\u0438\\u044f \\u043e\\u0442\\u0440\\u0430\\u0441\\u043b\\u0438 \\u0438 \\u0435\\u0435 \\u0443\\u0447\\u0430\\u0441\\u0442\\u043d\\u0438\\u043a\\u043e\\u0432. \\u041a\\u0430\\u043a \\u0441\\u043b\\u0435\\u0434\\u0441\\u0442\\u0432\\u0438\\u0435 \\u043a\\u043e\\u043c\\u043f\\u0430\\u043d\\u0438\\u0438 \\u0441\\u0442\\u0430\\u043b\\u043a\\u0438\\u0432\\u0430\\u044e\\u0442\\u0441\\u044f \\u0441\\u043e \\u0441\\u043d\\u0438\\u0436\\u0435\\u043d\\u0438\\u0435\\u043c \\u0444\\u0438\\u043d\\u0430\\u043d\\u0441\\u043e\\u0432\\u044b\\u0445 \\u0440\\u0435\\u0437\\u0443\\u043b\\u044c\\u0442\\u0430\\u0442\\u043e\\u0432 \\u0434\\u0435\\u044f\\u0442\\u0435\\u043b\\u044c\\u043d\\u043e\\u0441\\u0442\\u0438 \\u0438 \\u0432\\u044b\\u043d\\u0443\\u0436\\u0434\\u0435\\u043d\\u044b \\u0430\\u0434\\u0430\\u043f\\u0442\\u0438\\u0440\\u043e\\u0432\\u0430\\u0442\\u044c\\u0441\\u044f \\u043a \\u0442\\u0435\\u043a\\u0443\\u0449\\u0438\\u043c \\u0443\\u0441\\u043b\\u043e\\u0432\\u0438\\u044f\\u043c \\u043f\\u043e\\u0441\\u0440\\u0435\\u0434\\u0441\\u0442\\u0432\\u043e\\u043c \\u043f\\u0435\\u0440\\u0435\\u0441\\u043c\\u043e\\u0442\\u0440\\u0430 \\u0431\\u0438\\u0437\\u043d\\u0435\\u0441 \\u0441\\u0442\\u0440\\u0430\\u0442\\u0435\\u0433\\u0438\\u0438.<\\/p>\\r\\n<p>\\u0421\\u043f\\u0435\\u0446\\u0438\\u0430\\u043b\\u0438\\u0441\\u0442\\u044b \\u043d\\u0430\\u0448\\u0435\\u0439 \\u043a\\u043e\\u043c\\u043f\\u0430\\u043d\\u0438\\u0438 \\u043d\\u0435\\u043f\\u0440\\u0435\\u0440\\u044b\\u0432\\u043d\\u043e \\u0441\\u043b\\u0435\\u0434\\u044f\\u0442 \\u0437\\u0430 \\u0441\\u043e\\u0441\\u0442\\u043e\\u044f\\u043d\\u0438\\u0435\\u043c \\u0438 \\u0440\\u0430\\u0437\\u0432\\u0438\\u0442\\u0438\\u0435\\u043c \\u0441\\u0442\\u0440\\u043e\\u0438\\u0442\\u0435\\u043b\\u044c\\u043d\\u043e\\u0439 \\u043e\\u0442\\u0440\\u0430\\u0441\\u043b\\u0438. \\u0412 \\u0441\\u043e\\u0432\\u043e\\u043a\\u0443\\u043f\\u043d\\u043e\\u0441\\u0442\\u0438 \\u0441 \\u043d\\u0430\\u043a\\u043e\\u043f\\u043b\\u0435\\u043d\\u043d\\u044b\\u043c \\u043e\\u043f\\u044b\\u0442\\u043e\\u043c \\u044d\\u0442\\u043e \\u0434\\u0430\\u0435\\u0442 \\u043d\\u0430\\u043c \\u0432\\u043e\\u0437\\u043c\\u043e\\u0436\\u043d\\u043e\\u0441\\u0442\\u044c \\u043e\\u043a\\u0430\\u0437\\u044b\\u0432\\u0430\\u0442\\u044c \\u043a\\u043e\\u043c\\u043f\\u0430\\u043d\\u0438\\u044f\\u043c \\u043e\\u0442\\u0440\\u0430\\u0441\\u043b\\u0438 \\u0441\\u043e\\u0434\\u0435\\u0439\\u0441\\u0442\\u0432\\u0438\\u0435 \\u0432 \\u043f\\u043e\\u0438\\u0441\\u043a\\u0435 \\u0440\\u0435\\u0448\\u0435\\u043d\\u0438\\u0439, \\u043a\\u043e\\u0442\\u043e\\u0440\\u044b\\u0435 \\u043f\\u043e\\u0437\\u0432\\u043e\\u043b\\u044f\\u0442 \\u043f\\u043e\\u0432\\u044b\\u0441\\u0438\\u0442\\u044c \\u044d\\u0444\\u0444\\u0435\\u043a\\u0442\\u0438\\u0432\\u043d\\u043e\\u0441\\u0442\\u044c \\u0431\\u0438\\u0437\\u043d\\u0435\\u0441\\u0430. \\u0414\\u043b\\u044f \\u044d\\u0442\\u043e\\u0433\\u043e \\u043c\\u044b \\u043d\\u0430 \\u043f\\u0440\\u043e\\u0442\\u044f\\u0436\\u0435\\u043d\\u0438\\u0438 \\u0431\\u043e\\u043b\\u0435\\u0435 \\u0447\\u0435\\u043c 20 \\u043b\\u0435\\u0442 \\u0443\\u0441\\u043f\\u0435\\u0448\\u043d\\u043e \\u043e\\u043a\\u0430\\u0437\\u044b\\u0432\\u0430\\u0435\\u043c \\u0443\\u0441\\u043b\\u0443\\u0433\\u0438 \\u043f\\u043e \\u0430\\u0443\\u0434\\u0438\\u0442\\u0443 \\u0438 \\u043f\\u043e\\u0434\\u0433\\u043e\\u0442\\u043e\\u0432\\u043a\\u0435 \\u0444\\u0438\\u043d\\u0430\\u043d\\u0441\\u043e\\u0432\\u043e\\u0439 \\u043e\\u0442\\u0447\\u0435\\u0442\\u043d\\u043e\\u0441\\u0442\\u0438, \\u043e\\u0444\\u043e\\u0440\\u043c\\u043b\\u0435\\u043d\\u043d\\u043e\\u0439 \\u0432 \\u0441\\u043e\\u043e\\u0442\\u0432\\u0435\\u0442\\u0441\\u0442\\u0432\\u0438\\u0438 \\u0441\\u043e \\u0441\\u0442\\u0430\\u043d\\u0434\\u0430\\u0440\\u0442\\u0430\\u043c\\u0438 \\u0420\\u0421\\u0411\\u0423 \\u0438 \\u041c\\u0421\\u0424\\u041e, \\u043e\\u0446\\u0435\\u043d\\u043a\\u0435 \\u043d\\u0435\\u0434\\u0432\\u0438\\u0436\\u0438\\u043c\\u043e\\u0441\\u0442\\u0438 \\u0438 \\u043d\\u0435\\u0437\\u0430\\u0432\\u0435\\u0440\\u0448\\u0451\\u043d\\u043d\\u043e\\u0433\\u043e \\u0441\\u0442\\u0440\\u043e\\u0438\\u0442\\u0435\\u043b\\u044c\\u0441\\u0442\\u0432\\u0430, \\u043a\\u043e\\u043d\\u0441\\u0443\\u043b\\u044c\\u0442\\u0438\\u0440\\u043e\\u0432\\u0430\\u043d\\u0438\\u044e \\u043f\\u043e \\u0432\\u043e\\u043f\\u0440\\u043e\\u0441\\u0430\\u043c \\u043a\\u043e\\u0440\\u043f\\u043e\\u0440\\u0430\\u0442\\u0438\\u0432\\u043d\\u044b\\u0445 \\u0444\\u0438\\u043d\\u0430\\u043d\\u0441\\u043e\\u0432 \\u0438 \\u0443\\u043f\\u0440\\u0430\\u0432\\u043b\\u0435\\u043d\\u0447\\u0435\\u0441\\u043a\\u043e\\u0433\\u043e \\u0443\\u0447\\u0435\\u0442\\u0430.\\r\\n  <\\/p>\"}}', '2017-05-04 11:13:27', '2017-05-04 11:13:27', '4e4546de-4687-4368-8b52-8d16fc963b75'),
 ('89', '36', '9', '1', 'ru', '3', '', '{\"typeId\":\"9\",\"authorId\":\"1\",\"title\":\"\\u041d\\u0435\\u0434\\u0432\\u0438\\u0436\\u0438\\u043c\\u043e\\u0441\\u0442\\u044c \\u0438 \\u0441\\u0442\\u0440\\u043e\\u0438\\u0442\\u0435\\u043b\\u044c\\u0441\\u0442\\u0432\\u043e (\\u0432\\u043a\\u043b\\u044e\\u0447\\u0430\\u044f \\u043f\\u0440\\u043e\\u0438\\u0437\\u0432\\u043e\\u0434\\u0441\\u0442\\u0432\\u043e \\u0441\\u0442\\u0440\\u043e\\u0438\\u0442\\u0435\\u043b\\u044c\\u043d\\u044b\\u0445 \\u043c\\u0430\\u0442\\u0435\\u0440\\u0438\\u0430\\u043b\\u043e\\u0432)\",\"slug\":\"\\u043d\\u0435\\u0434\\u0432\\u0438\\u0436\\u0438\\u043c\\u043e\\u0441\\u0442\\u044c-\\u0438-\\u0441\\u0442\\u0440\\u043e\\u0438\\u0442\\u0435\\u043b\\u044c\\u0441\\u0442\\u0432\\u043e-\\u0432\\u043a\\u043b\\u044e\\u0447\\u0430\\u044f-\\u043f\\u0440\\u043e\\u0438\\u0437\\u0432\\u043e\\u0434\\u0441\\u0442\\u0432\\u043e-\\u0441\\u0442\\u0440\\u043e\\u0438\\u0442\\u0435\\u043b\\u044c\\u043d\\u044b\\u0445-\\u043c\\u0430\\u0442\\u0435\\u0440\\u0438\\u0430\\u043b\\u043e\\u0432\",\"postDate\":1493738700,\"expiryDate\":null,\"enabled\":1,\"parentId\":null,\"fields\":{\"35\":\"<p>\\u0421\\u0442\\u0440\\u043e\\u0438\\u0442\\u0435\\u043b\\u044c\\u043d\\u0430\\u044f \\u043e\\u0442\\u0440\\u0430\\u0441\\u043b\\u044c \\u0432 \\u0420\\u043e\\u0441\\u0441\\u0438\\u0438 \\u0442\\u0440\\u0430\\u0434\\u0438\\u0446\\u0438\\u043e\\u043d\\u043d\\u043e \\u0447\\u0443\\u0432\\u0441\\u0442\\u0432\\u0438\\u0442\\u0435\\u043b\\u044c\\u043d\\u0430 \\u043a \\u0438\\u0437\\u043c\\u0435\\u043d\\u0435\\u043d\\u0438\\u044f\\u043c \\u043c\\u0430\\u043a\\u0440\\u043e\\u044d\\u043a\\u043e\\u043d\\u043e\\u043c\\u0438\\u0447\\u0435\\u0441\\u043a\\u043e\\u0433\\u043e \\u0441\\u043e\\u0441\\u0442\\u043e\\u044f\\u043d\\u0438\\u044f, \\u043e\\u0441\\u043e\\u0431\\u0435\\u043d\\u043d\\u043e \\u044d\\u0442\\u043e \\u0441\\u0432\\u044f\\u0437\\u0430\\u043d\\u043e \\u0441 \\u0438\\u0437\\u043c\\u0435\\u043d\\u0435\\u043d\\u0438\\u044f\\u043c\\u0438 \\u043d\\u0430 \\u0440\\u044b\\u043d\\u043a\\u0435 \\u043a\\u0430\\u043f\\u0438\\u0442\\u0430\\u043b\\u043e\\u0432. \\u041f\\u043e\\u043c\\u0438\\u043c\\u043e \\u044d\\u0442\\u043e\\u0433\\u043e, \\u0434\\u043e\\u043f\\u043e\\u043b\\u043d\\u0438\\u0442\\u0435\\u043b\\u044c\\u043d\\u043e\\u0435 \\u0432\\u043b\\u0438\\u044f\\u043d\\u0438\\u0435 \\u043d\\u0430 \\u043e\\u0442\\u0440\\u0430\\u0441\\u043b\\u044c \\u0438\\u043c\\u0435\\u044e\\u0442 \\u0440\\u0430\\u0441\\u0441\\u043c\\u0430\\u0442\\u0440\\u0438\\u0432\\u0430\\u0435\\u043c\\u044b\\u0435 \\u0433\\u043e\\u0441\\u0443\\u0434\\u0430\\u0440\\u0441\\u0442\\u0432\\u0435\\u043d\\u043d\\u044b\\u043c\\u0438 \\u043e\\u0440\\u0433\\u0430\\u043d\\u0430\\u043c\\u0438 \\u043f\\u0440\\u043e\\u0435\\u043a\\u0442\\u044b \\u0437\\u0430\\u043a\\u043e\\u043d\\u043e\\u0432. \\u042d\\u0442\\u043e \\u0432\\u043d\\u043e\\u0441\\u0438\\u0442 \\u0434\\u043e\\u043f\\u043e\\u043b\\u043d\\u0438\\u0442\\u0435\\u043b\\u044c\\u043d\\u0443\\u044e \\u043d\\u0435\\u043e\\u043f\\u0440\\u0435\\u0434\\u0435\\u043b\\u0435\\u043d\\u043d\\u043e\\u0441\\u0442\\u044c \\u0432 \\u0432\\u0435\\u043a\\u0442\\u043e\\u0440 \\u0440\\u0430\\u0437\\u0432\\u0438\\u0442\\u0438\\u044f \\u043e\\u0442\\u0440\\u0430\\u0441\\u043b\\u0438 \\u0438 \\u0435\\u0435 \\u0443\\u0447\\u0430\\u0441\\u0442\\u043d\\u0438\\u043a\\u043e\\u0432. \\u041a\\u0430\\u043a \\u0441\\u043b\\u0435\\u0434\\u0441\\u0442\\u0432\\u0438\\u0435 \\u043a\\u043e\\u043c\\u043f\\u0430\\u043d\\u0438\\u0438 \\u0441\\u0442\\u0430\\u043b\\u043a\\u0438\\u0432\\u0430\\u044e\\u0442\\u0441\\u044f \\u0441\\u043e \\u0441\\u043d\\u0438\\u0436\\u0435\\u043d\\u0438\\u0435\\u043c \\u0444\\u0438\\u043d\\u0430\\u043d\\u0441\\u043e\\u0432\\u044b\\u0445 \\u0440\\u0435\\u0437\\u0443\\u043b\\u044c\\u0442\\u0430\\u0442\\u043e\\u0432 \\u0434\\u0435\\u044f\\u0442\\u0435\\u043b\\u044c\\u043d\\u043e\\u0441\\u0442\\u0438 \\u0438 \\u0432\\u044b\\u043d\\u0443\\u0436\\u0434\\u0435\\u043d\\u044b \\u0430\\u0434\\u0430\\u043f\\u0442\\u0438\\u0440\\u043e\\u0432\\u0430\\u0442\\u044c\\u0441\\u044f \\u043a \\u0442\\u0435\\u043a\\u0443\\u0449\\u0438\\u043c \\u0443\\u0441\\u043b\\u043e\\u0432\\u0438\\u044f\\u043c \\u043f\\u043e\\u0441\\u0440\\u0435\\u0434\\u0441\\u0442\\u0432\\u043e\\u043c \\u043f\\u0435\\u0440\\u0435\\u0441\\u043c\\u043e\\u0442\\u0440\\u0430 \\u0431\\u0438\\u0437\\u043d\\u0435\\u0441 \\u0441\\u0442\\u0440\\u0430\\u0442\\u0435\\u0433\\u0438\\u0438.<\\/p>\\r\\n<p>\\u0421\\u043f\\u0435\\u0446\\u0438\\u0430\\u043b\\u0438\\u0441\\u0442\\u044b \\u043d\\u0430\\u0448\\u0435\\u0439 \\u043a\\u043e\\u043c\\u043f\\u0430\\u043d\\u0438\\u0438 \\u043d\\u0435\\u043f\\u0440\\u0435\\u0440\\u044b\\u0432\\u043d\\u043e \\u0441\\u043b\\u0435\\u0434\\u044f\\u0442 \\u0437\\u0430 \\u0441\\u043e\\u0441\\u0442\\u043e\\u044f\\u043d\\u0438\\u0435\\u043c \\u0438 \\u0440\\u0430\\u0437\\u0432\\u0438\\u0442\\u0438\\u0435\\u043c \\u0441\\u0442\\u0440\\u043e\\u0438\\u0442\\u0435\\u043b\\u044c\\u043d\\u043e\\u0439 \\u043e\\u0442\\u0440\\u0430\\u0441\\u043b\\u0438. \\u0412 \\u0441\\u043e\\u0432\\u043e\\u043a\\u0443\\u043f\\u043d\\u043e\\u0441\\u0442\\u0438 \\u0441 \\u043d\\u0430\\u043a\\u043e\\u043f\\u043b\\u0435\\u043d\\u043d\\u044b\\u043c \\u043e\\u043f\\u044b\\u0442\\u043e\\u043c \\u044d\\u0442\\u043e \\u0434\\u0430\\u0435\\u0442 \\u043d\\u0430\\u043c \\u0432\\u043e\\u0437\\u043c\\u043e\\u0436\\u043d\\u043e\\u0441\\u0442\\u044c \\u043e\\u043a\\u0430\\u0437\\u044b\\u0432\\u0430\\u0442\\u044c \\u043a\\u043e\\u043c\\u043f\\u0430\\u043d\\u0438\\u044f\\u043c \\u043e\\u0442\\u0440\\u0430\\u0441\\u043b\\u0438 \\u0441\\u043e\\u0434\\u0435\\u0439\\u0441\\u0442\\u0432\\u0438\\u0435 \\u0432 \\u043f\\u043e\\u0438\\u0441\\u043a\\u0435 \\u0440\\u0435\\u0448\\u0435\\u043d\\u0438\\u0439, \\u043a\\u043e\\u0442\\u043e\\u0440\\u044b\\u0435 \\u043f\\u043e\\u0437\\u0432\\u043e\\u043b\\u044f\\u0442 \\u043f\\u043e\\u0432\\u044b\\u0441\\u0438\\u0442\\u044c \\u044d\\u0444\\u0444\\u0435\\u043a\\u0442\\u0438\\u0432\\u043d\\u043e\\u0441\\u0442\\u044c \\u0431\\u0438\\u0437\\u043d\\u0435\\u0441\\u0430. \\u0414\\u043b\\u044f \\u044d\\u0442\\u043e\\u0433\\u043e \\u043c\\u044b \\u043d\\u0430 \\u043f\\u0440\\u043e\\u0442\\u044f\\u0436\\u0435\\u043d\\u0438\\u0438 \\u0431\\u043e\\u043b\\u0435\\u0435 \\u0447\\u0435\\u043c 20 \\u043b\\u0435\\u0442 \\u0443\\u0441\\u043f\\u0435\\u0448\\u043d\\u043e \\u043e\\u043a\\u0430\\u0437\\u044b\\u0432\\u0430\\u0435\\u043c \\u0443\\u0441\\u043b\\u0443\\u0433\\u0438 \\u043f\\u043e \\u0430\\u0443\\u0434\\u0438\\u0442\\u0443 \\u0438 \\u043f\\u043e\\u0434\\u0433\\u043e\\u0442\\u043e\\u0432\\u043a\\u0435 \\u0444\\u0438\\u043d\\u0430\\u043d\\u0441\\u043e\\u0432\\u043e\\u0439 \\u043e\\u0442\\u0447\\u0435\\u0442\\u043d\\u043e\\u0441\\u0442\\u0438, \\u043e\\u0444\\u043e\\u0440\\u043c\\u043b\\u0435\\u043d\\u043d\\u043e\\u0439 \\u0432 \\u0441\\u043e\\u043e\\u0442\\u0432\\u0435\\u0442\\u0441\\u0442\\u0432\\u0438\\u0438 \\u0441\\u043e \\u0441\\u0442\\u0430\\u043d\\u0434\\u0430\\u0440\\u0442\\u0430\\u043c\\u0438 \\u0420\\u0421\\u0411\\u0423 \\u0438 \\u041c\\u0421\\u0424\\u041e, \\u043e\\u0446\\u0435\\u043d\\u043a\\u0435 \\u043d\\u0435\\u0434\\u0432\\u0438\\u0436\\u0438\\u043c\\u043e\\u0441\\u0442\\u0438 \\u0438 \\u043d\\u0435\\u0437\\u0430\\u0432\\u0435\\u0440\\u0448\\u0451\\u043d\\u043d\\u043e\\u0433\\u043e \\u0441\\u0442\\u0440\\u043e\\u0438\\u0442\\u0435\\u043b\\u044c\\u0441\\u0442\\u0432\\u0430, \\u043a\\u043e\\u043d\\u0441\\u0443\\u043b\\u044c\\u0442\\u0438\\u0440\\u043e\\u0432\\u0430\\u043d\\u0438\\u044e \\u043f\\u043e \\u0432\\u043e\\u043f\\u0440\\u043e\\u0441\\u0430\\u043c \\u043a\\u043e\\u0440\\u043f\\u043e\\u0440\\u0430\\u0442\\u0438\\u0432\\u043d\\u044b\\u0445 \\u0444\\u0438\\u043d\\u0430\\u043d\\u0441\\u043e\\u0432 \\u0438 \\u0443\\u043f\\u0440\\u0430\\u0432\\u043b\\u0435\\u043d\\u0447\\u0435\\u0441\\u043a\\u043e\\u0433\\u043e \\u0443\\u0447\\u0435\\u0442\\u0430.\\r\\n  <\\/p>\",\"39\":[\"54\",\"91\",\"61\",\"92\",\"59\",\"63\"],\"40\":\"\",\"37\":[\"24\",\"25\",\"26\",\"27\",\"28\",\"29\",\"30\",\"31\"],\"41\":\"\"}}', '2017-05-04 11:24:09', '2017-05-04 11:24:09', '5cff5b14-7b9f-4ce5-be48-e806780ce78f'),
 ('90', '36', '9', '1', 'ru', '4', '', '{\"typeId\":\"9\",\"authorId\":\"1\",\"title\":\"\\u041d\\u0435\\u0434\\u0432\\u0438\\u0436\\u0438\\u043c\\u043e\\u0441\\u0442\\u044c \\u0438 \\u0441\\u0442\\u0440\\u043e\\u0438\\u0442\\u0435\\u043b\\u044c\\u0441\\u0442\\u0432\\u043e (\\u0432\\u043a\\u043b\\u044e\\u0447\\u0430\\u044f \\u043f\\u0440\\u043e\\u0438\\u0437\\u0432\\u043e\\u0434\\u0441\\u0442\\u0432\\u043e \\u0441\\u0442\\u0440\\u043e\\u0438\\u0442\\u0435\\u043b\\u044c\\u043d\\u044b\\u0445 \\u043c\\u0430\\u0442\\u0435\\u0440\\u0438\\u0430\\u043b\\u043e\\u0432)\",\"slug\":\"\\u043d\\u0435\\u0434\\u0432\\u0438\\u0436\\u0438\\u043c\\u043e\\u0441\\u0442\\u044c-\\u0438-\\u0441\\u0442\\u0440\\u043e\\u0438\\u0442\\u0435\\u043b\\u044c\\u0441\\u0442\\u0432\\u043e-\\u0432\\u043a\\u043b\\u044e\\u0447\\u0430\\u044f-\\u043f\\u0440\\u043e\\u0438\\u0437\\u0432\\u043e\\u0434\\u0441\\u0442\\u0432\\u043e-\\u0441\\u0442\\u0440\\u043e\\u0438\\u0442\\u0435\\u043b\\u044c\\u043d\\u044b\\u0445-\\u043c\\u0430\\u0442\\u0435\\u0440\\u0438\\u0430\\u043b\\u043e\\u0432\",\"postDate\":1493738700,\"expiryDate\":null,\"enabled\":1,\"parentId\":null,\"fields\":{\"35\":\"<p>\\u0421\\u0442\\u0440\\u043e\\u0438\\u0442\\u0435\\u043b\\u044c\\u043d\\u0430\\u044f \\u043e\\u0442\\u0440\\u0430\\u0441\\u043b\\u044c \\u0432 \\u0420\\u043e\\u0441\\u0441\\u0438\\u0438 \\u0442\\u0440\\u0430\\u0434\\u0438\\u0446\\u0438\\u043e\\u043d\\u043d\\u043e \\u0447\\u0443\\u0432\\u0441\\u0442\\u0432\\u0438\\u0442\\u0435\\u043b\\u044c\\u043d\\u0430 \\u043a \\u0438\\u0437\\u043c\\u0435\\u043d\\u0435\\u043d\\u0438\\u044f\\u043c \\u043c\\u0430\\u043a\\u0440\\u043e\\u044d\\u043a\\u043e\\u043d\\u043e\\u043c\\u0438\\u0447\\u0435\\u0441\\u043a\\u043e\\u0433\\u043e \\u0441\\u043e\\u0441\\u0442\\u043e\\u044f\\u043d\\u0438\\u044f, \\u043e\\u0441\\u043e\\u0431\\u0435\\u043d\\u043d\\u043e \\u044d\\u0442\\u043e \\u0441\\u0432\\u044f\\u0437\\u0430\\u043d\\u043e \\u0441 \\u0438\\u0437\\u043c\\u0435\\u043d\\u0435\\u043d\\u0438\\u044f\\u043c\\u0438 \\u043d\\u0430 \\u0440\\u044b\\u043d\\u043a\\u0435 \\u043a\\u0430\\u043f\\u0438\\u0442\\u0430\\u043b\\u043e\\u0432. \\u041f\\u043e\\u043c\\u0438\\u043c\\u043e \\u044d\\u0442\\u043e\\u0433\\u043e, \\u0434\\u043e\\u043f\\u043e\\u043b\\u043d\\u0438\\u0442\\u0435\\u043b\\u044c\\u043d\\u043e\\u0435 \\u0432\\u043b\\u0438\\u044f\\u043d\\u0438\\u0435 \\u043d\\u0430 \\u043e\\u0442\\u0440\\u0430\\u0441\\u043b\\u044c \\u0438\\u043c\\u0435\\u044e\\u0442 \\u0440\\u0430\\u0441\\u0441\\u043c\\u0430\\u0442\\u0440\\u0438\\u0432\\u0430\\u0435\\u043c\\u044b\\u0435 \\u0433\\u043e\\u0441\\u0443\\u0434\\u0430\\u0440\\u0441\\u0442\\u0432\\u0435\\u043d\\u043d\\u044b\\u043c\\u0438 \\u043e\\u0440\\u0433\\u0430\\u043d\\u0430\\u043c\\u0438 \\u043f\\u0440\\u043e\\u0435\\u043a\\u0442\\u044b \\u0437\\u0430\\u043a\\u043e\\u043d\\u043e\\u0432. \\u042d\\u0442\\u043e \\u0432\\u043d\\u043e\\u0441\\u0438\\u0442 \\u0434\\u043e\\u043f\\u043e\\u043b\\u043d\\u0438\\u0442\\u0435\\u043b\\u044c\\u043d\\u0443\\u044e \\u043d\\u0435\\u043e\\u043f\\u0440\\u0435\\u0434\\u0435\\u043b\\u0435\\u043d\\u043d\\u043e\\u0441\\u0442\\u044c \\u0432 \\u0432\\u0435\\u043a\\u0442\\u043e\\u0440 \\u0440\\u0430\\u0437\\u0432\\u0438\\u0442\\u0438\\u044f \\u043e\\u0442\\u0440\\u0430\\u0441\\u043b\\u0438 \\u0438 \\u0435\\u0435 \\u0443\\u0447\\u0430\\u0441\\u0442\\u043d\\u0438\\u043a\\u043e\\u0432. \\u041a\\u0430\\u043a \\u0441\\u043b\\u0435\\u0434\\u0441\\u0442\\u0432\\u0438\\u0435 \\u043a\\u043e\\u043c\\u043f\\u0430\\u043d\\u0438\\u0438 \\u0441\\u0442\\u0430\\u043b\\u043a\\u0438\\u0432\\u0430\\u044e\\u0442\\u0441\\u044f \\u0441\\u043e \\u0441\\u043d\\u0438\\u0436\\u0435\\u043d\\u0438\\u0435\\u043c \\u0444\\u0438\\u043d\\u0430\\u043d\\u0441\\u043e\\u0432\\u044b\\u0445 \\u0440\\u0435\\u0437\\u0443\\u043b\\u044c\\u0442\\u0430\\u0442\\u043e\\u0432 \\u0434\\u0435\\u044f\\u0442\\u0435\\u043b\\u044c\\u043d\\u043e\\u0441\\u0442\\u0438 \\u0438 \\u0432\\u044b\\u043d\\u0443\\u0436\\u0434\\u0435\\u043d\\u044b \\u0430\\u0434\\u0430\\u043f\\u0442\\u0438\\u0440\\u043e\\u0432\\u0430\\u0442\\u044c\\u0441\\u044f \\u043a \\u0442\\u0435\\u043a\\u0443\\u0449\\u0438\\u043c \\u0443\\u0441\\u043b\\u043e\\u0432\\u0438\\u044f\\u043c \\u043f\\u043e\\u0441\\u0440\\u0435\\u0434\\u0441\\u0442\\u0432\\u043e\\u043c \\u043f\\u0435\\u0440\\u0435\\u0441\\u043c\\u043e\\u0442\\u0440\\u0430 \\u0431\\u0438\\u0437\\u043d\\u0435\\u0441 \\u0441\\u0442\\u0440\\u0430\\u0442\\u0435\\u0433\\u0438\\u0438.<\\/p>\\r\\n<p>\\u0421\\u043f\\u0435\\u0446\\u0438\\u0430\\u043b\\u0438\\u0441\\u0442\\u044b \\u043d\\u0430\\u0448\\u0435\\u0439 \\u043a\\u043e\\u043c\\u043f\\u0430\\u043d\\u0438\\u0438 \\u043d\\u0435\\u043f\\u0440\\u0435\\u0440\\u044b\\u0432\\u043d\\u043e \\u0441\\u043b\\u0435\\u0434\\u044f\\u0442 \\u0437\\u0430 \\u0441\\u043e\\u0441\\u0442\\u043e\\u044f\\u043d\\u0438\\u0435\\u043c \\u0438 \\u0440\\u0430\\u0437\\u0432\\u0438\\u0442\\u0438\\u0435\\u043c \\u0441\\u0442\\u0440\\u043e\\u0438\\u0442\\u0435\\u043b\\u044c\\u043d\\u043e\\u0439 \\u043e\\u0442\\u0440\\u0430\\u0441\\u043b\\u0438. \\u0412 \\u0441\\u043e\\u0432\\u043e\\u043a\\u0443\\u043f\\u043d\\u043e\\u0441\\u0442\\u0438 \\u0441 \\u043d\\u0430\\u043a\\u043e\\u043f\\u043b\\u0435\\u043d\\u043d\\u044b\\u043c \\u043e\\u043f\\u044b\\u0442\\u043e\\u043c \\u044d\\u0442\\u043e \\u0434\\u0430\\u0435\\u0442 \\u043d\\u0430\\u043c \\u0432\\u043e\\u0437\\u043c\\u043e\\u0436\\u043d\\u043e\\u0441\\u0442\\u044c \\u043e\\u043a\\u0430\\u0437\\u044b\\u0432\\u0430\\u0442\\u044c \\u043a\\u043e\\u043c\\u043f\\u0430\\u043d\\u0438\\u044f\\u043c \\u043e\\u0442\\u0440\\u0430\\u0441\\u043b\\u0438 \\u0441\\u043e\\u0434\\u0435\\u0439\\u0441\\u0442\\u0432\\u0438\\u0435 \\u0432 \\u043f\\u043e\\u0438\\u0441\\u043a\\u0435 \\u0440\\u0435\\u0448\\u0435\\u043d\\u0438\\u0439, \\u043a\\u043e\\u0442\\u043e\\u0440\\u044b\\u0435 \\u043f\\u043e\\u0437\\u0432\\u043e\\u043b\\u044f\\u0442 \\u043f\\u043e\\u0432\\u044b\\u0441\\u0438\\u0442\\u044c \\u044d\\u0444\\u0444\\u0435\\u043a\\u0442\\u0438\\u0432\\u043d\\u043e\\u0441\\u0442\\u044c \\u0431\\u0438\\u0437\\u043d\\u0435\\u0441\\u0430. \\u0414\\u043b\\u044f \\u044d\\u0442\\u043e\\u0433\\u043e \\u043c\\u044b \\u043d\\u0430 \\u043f\\u0440\\u043e\\u0442\\u044f\\u0436\\u0435\\u043d\\u0438\\u0438 \\u0431\\u043e\\u043b\\u0435\\u0435 \\u0447\\u0435\\u043c 20 \\u043b\\u0435\\u0442 \\u0443\\u0441\\u043f\\u0435\\u0448\\u043d\\u043e \\u043e\\u043a\\u0430\\u0437\\u044b\\u0432\\u0430\\u0435\\u043c \\u0443\\u0441\\u043b\\u0443\\u0433\\u0438 \\u043f\\u043e \\u0430\\u0443\\u0434\\u0438\\u0442\\u0443 \\u0438 \\u043f\\u043e\\u0434\\u0433\\u043e\\u0442\\u043e\\u0432\\u043a\\u0435 \\u0444\\u0438\\u043d\\u0430\\u043d\\u0441\\u043e\\u0432\\u043e\\u0439 \\u043e\\u0442\\u0447\\u0435\\u0442\\u043d\\u043e\\u0441\\u0442\\u0438, \\u043e\\u0444\\u043e\\u0440\\u043c\\u043b\\u0435\\u043d\\u043d\\u043e\\u0439 \\u0432 \\u0441\\u043e\\u043e\\u0442\\u0432\\u0435\\u0442\\u0441\\u0442\\u0432\\u0438\\u0438 \\u0441\\u043e \\u0441\\u0442\\u0430\\u043d\\u0434\\u0430\\u0440\\u0442\\u0430\\u043c\\u0438 \\u0420\\u0421\\u0411\\u0423 \\u0438 \\u041c\\u0421\\u0424\\u041e, \\u043e\\u0446\\u0435\\u043d\\u043a\\u0435 \\u043d\\u0435\\u0434\\u0432\\u0438\\u0436\\u0438\\u043c\\u043e\\u0441\\u0442\\u0438 \\u0438 \\u043d\\u0435\\u0437\\u0430\\u0432\\u0435\\u0440\\u0448\\u0451\\u043d\\u043d\\u043e\\u0433\\u043e \\u0441\\u0442\\u0440\\u043e\\u0438\\u0442\\u0435\\u043b\\u044c\\u0441\\u0442\\u0432\\u0430, \\u043a\\u043e\\u043d\\u0441\\u0443\\u043b\\u044c\\u0442\\u0438\\u0440\\u043e\\u0432\\u0430\\u043d\\u0438\\u044e \\u043f\\u043e \\u0432\\u043e\\u043f\\u0440\\u043e\\u0441\\u0430\\u043c \\u043a\\u043e\\u0440\\u043f\\u043e\\u0440\\u0430\\u0442\\u0438\\u0432\\u043d\\u044b\\u0445 \\u0444\\u0438\\u043d\\u0430\\u043d\\u0441\\u043e\\u0432 \\u0438 \\u0443\\u043f\\u0440\\u0430\\u0432\\u043b\\u0435\\u043d\\u0447\\u0435\\u0441\\u043a\\u043e\\u0433\\u043e \\u0443\\u0447\\u0435\\u0442\\u0430.\\r\\n  <\\/p>\",\"53\":[\"105\",\"104\",\"103\",\"107\",\"106\"],\"39\":[\"54\",\"91\",\"61\",\"92\",\"59\",\"63\"],\"40\":\"\",\"37\":[\"24\",\"25\",\"26\",\"27\",\"28\",\"29\",\"30\",\"31\"],\"41\":\"\"}}', '2017-05-04 11:26:42', '2017-05-04 11:26:42', '411b83cb-c74f-4892-8c65-607aa7b5ed27'),
 ('91', '109', '6', '1', 'ru', '1', '', '{\"typeId\":null,\"authorId\":\"1\",\"title\":\"\\u041f\\u0430\\u043a\\u0435\\u0442 \\u043a\\u043e\\u043d\\u0441\\u0430\\u043b\\u0442\\u0438\\u043d\\u0433\\u043e\\u0432\\u044b\\u0445 \\u0443\\u0441\\u043b\\u0443\\u0433 \\u043f\\u0440\\u0438 \\u0440\\u0435\\u0430\\u043b\\u0438\\u0437\\u0430\\u0446\\u0438\\u0438 \\u043f\\u0440\\u043e\\u0435\\u043a\\u0442\\u0430 \\u043a\\u043e\\u043c\\u043f\\u043b\\u0435\\u043a\\u0441\\u043d\\u043e\\u0439 \\u0437\\u0430\\u0441\\u0442\\u0440\\u043e\\u0439\\u043a\\u0438 \\u0437\\u0435\\u043c\\u0435\\u043b\\u044c\\u043d\\u043e\\u0433\\u043e \\u0443\\u0447\\u0430\\u0441\\u0442\\u043a\\u0430 \\u043f\\u043b\\u043e\\u0449\\u0430\\u0434\\u044c\\u044e 136,7 \\u0433\\u0430. (\\u0425\\u043e\\u0434\\u044b\\u043d\\u0441\\u043a\\u043e\\u0435 \\u043f\\u043e\\u043b\\u0435) \\u0433.\\u041c\\u043e\\u0441\\u043a\\u0432\\u0430.\",\"slug\":\"\\u043f\\u0430\\u043a\\u0435\\u0442-\\u043a\\u043e\\u043d\\u0441\\u0430\\u043b\\u0442\\u0438\\u043d\\u0433\\u043e\\u0432\\u044b\\u0445-\\u0443\\u0441\\u043b\\u0443\\u0433-\\u043f\\u0440\\u0438-\\u0440\\u0435\\u0430\\u043b\\u0438\\u0437\\u0430\\u0446\\u0438\\u0438-\\u043f\\u0440\\u043e\\u0435\\u043a\\u0442\\u0430-\\u043a\\u043e\\u043c\\u043f\\u043b\\u0435\\u043a\\u0441\\u043d\\u043e\\u0439-\\u0437\\u0430\\u0441\\u0442\\u0440\\u043e\\u0439\\u043a\\u0438-\\u0437\\u0435\\u043c\\u0435\\u043b\\u044c\\u043d\\u043e\\u0433\\u043e-\\u0443\\u0447\\u0430\\u0441\\u0442\\u043a\\u0430-\\u043f\\u043b\\u043e\\u0449\\u0430\\u0434\\u044c\\u044e-136-7-\\u0433\\u0430-\\u0445\\u043e\\u0434\\u044b\\u043d\\u0441\\u043a\\u043e\\u0435-\\u043f\\u043e\\u043b\\u0435-\\u0433-\\u043c\\u043e\\u0441\\u043a\\u0432\\u0430\",\"postDate\":1493897358,\"expiryDate\":null,\"enabled\":1,\"parentId\":null,\"fields\":{\"51\":[\"108\"],\"30\":\"<p><u>\\u041e\\u043a\\u0430\\u0437\\u0430\\u043d\\u043d\\u0430\\u044f \\u0443\\u0441\\u043b\\u0443\\u0433\\u0430:<\\/u> \\u041c\\u0430\\u0440\\u043a\\u0435\\u0442\\u0438\\u043d\\u0433\\u043e\\u0432\\u043e\\u0435 \\u0438\\u0441\\u0441\\u043b\\u0435\\u0434\\u043e\\u0432\\u0430\\u043d\\u0438\\u0435 \\u0440\\u044b\\u043d\\u043a\\u0430 \\u043d\\u0435\\u0434\\u0432\\u0438\\u0436\\u0438\\u043c\\u043e\\u0441\\u0442\\u0438 \\u041c\\u043e\\u0441\\u043a\\u0432\\u044b, \\u041e\\u0446\\u0435\\u043d\\u043a\\u0430 \\u0441\\u0442\\u043e\\u0438\\u043c\\u043e\\u0441\\u0442\\u0438 \\u043f\\u0440\\u043e\\u0435\\u043a\\u0442\\u0430, \\u041f\\u043e\\u0441\\u0442\\u0440\\u043e\\u0435\\u043d\\u0438\\u0435 \\u0444\\u0438\\u043d\\u0430\\u043d\\u0441\\u043e\\u0432\\u043e\\u0439 \\u043c\\u043e\\u0434\\u0435\\u043b\\u0438 \\u043f\\u0440\\u043e\\u0435\\u043a\\u0442\\u0430<\\/p>\\r\\n<p><u>\\u0422\\u0435\\u043a\\u0443\\u0449\\u0430\\u044f \\u0441\\u0438\\u0442\\u0443\\u0430\\u0446\\u0438\\u044f:<\\/u> \\u041a\\u043e\\u043c\\u043f\\u043b\\u0435\\u043a\\u0441\\u043d\\u0430\\u044f \\u0437\\u0430\\u0441\\u0442\\u0440\\u043e\\u0439\\u043a\\u0430 \\u0437\\u0430\\u0432\\u0435\\u0440\\u0448\\u0435\\u043d\\u0430 \\u0441\\u0442\\u0440\\u043e\\u0438\\u0442\\u0435\\u043b\\u044c\\u0441\\u0442\\u0432\\u043e\\u043c, \\u041e\\u0446\\u0435\\u043d\\u0438\\u0432\\u0430\\u0435\\u043c\\u044b\\u0435 \\u0437\\u0434\\u0430\\u043d\\u0438\\u044f \\u0432\\u0432\\u0435\\u0434\\u0435\\u043d\\u044b \\u0432 \\u044d\\u043a\\u0441\\u043f\\u043b\\u0443\\u0430\\u0442\\u0430\\u0446\\u0438\\u044e.\\r\\n  <\\/p>\",\"32\":\"\",\"31\":\"\"}}', '2017-05-04 11:29:18', '2017-05-04 11:29:18', 'ce94ab1d-a4d0-4fdf-9ba3-2d44c51f7665'),
 ('92', '110', '6', '1', 'ru', '1', '', '{\"typeId\":null,\"authorId\":\"1\",\"title\":\"\\u041f\\u0430\\u043a\\u0435\\u0442 \\u043a\\u043e\\u043d\\u0441\\u0430\\u043b\\u0442\\u0438\\u043d\\u0433\\u043e\\u0432\\u044b\\u0445 \\u0443\\u0441\\u043b\\u0443\\u0433 \\u043f\\u0440\\u0438 \\u0440\\u0435\\u0430\\u043b\\u0438\\u0437\\u0430\\u0446\\u0438\\u0438 \\u043f\\u0440\\u043e\\u0435\\u043a\\u0442\\u0430 \\u043a\\u043e\\u043c\\u043f\\u043b\\u0435\\u043a\\u0441\\u043d\\u043e\\u0439 \\u0437\\u0430\\u0441\\u0442\\u0440\\u043e\\u0439\\u043a\\u0438 \\u0437\\u0435\\u043c\\u0435\\u043b\\u044c\\u043d\\u043e\\u0433\\u043e \\u0443\\u0447\\u0430\\u0441\\u0442\\u043a\\u0430 \\u043f\\u043b\\u043e\\u0449\\u0430\\u0434\\u044c\\u044e 124 \\u0433\\u0430. (\\u0422\\u0443\\u0448\\u0438\\u043d\\u0441\\u043a\\u043e\\u0435 \\u0430\\u044d\\u0440\\u043e\\u043f\\u043e\\u043b\\u0435) \\u0433.\\u041c\\u043e\\u0441\\u043a\\u0432\\u0430.\",\"slug\":\"\\u043f\\u0430\\u043a\\u0435\\u0442-\\u043a\\u043e\\u043d\\u0441\\u0430\\u043b\\u0442\\u0438\\u043d\\u0433\\u043e\\u0432\\u044b\\u0445-\\u0443\\u0441\\u043b\\u0443\\u0433-\\u043f\\u0440\\u0438-\\u0440\\u0435\\u0430\\u043b\\u0438\\u0437\\u0430\\u0446\\u0438\\u0438-\\u043f\\u0440\\u043e\\u0435\\u043a\\u0442\\u0430-\\u043a\\u043e\\u043c\\u043f\\u043b\\u0435\\u043a\\u0441\\u043d\\u043e\\u0439-\\u0437\\u0430\\u0441\\u0442\\u0440\\u043e\\u0439\\u043a\\u0438-\\u0437\\u0435\\u043c\\u0435\\u043b\\u044c\\u043d\\u043e\\u0433\\u043e-\\u0443\\u0447\\u0430\\u0441\\u0442\\u043a\\u0430-\\u043f\\u043b\\u043e\\u0449\\u0430\\u0434\\u044c\\u044e-124-\\u0433\\u0430-\\u0442\\u0443\\u0448\\u0438\\u043d\\u0441\\u043a\\u043e\\u0435-\\u0430\\u044d\\u0440\\u043e\\u043f\\u043e\\u043b\\u0435-\\u0433-\\u043c\\u043e\\u0441\\u043a\\u0432\\u0430\",\"postDate\":1493897398,\"expiryDate\":null,\"enabled\":1,\"parentId\":null,\"fields\":{\"51\":[\"108\"],\"30\":\"<p><u>\\u041e\\u043a\\u0430\\u0437\\u0430\\u043d\\u043d\\u0430\\u044f \\u0443\\u0441\\u043b\\u0443\\u0433\\u0430:<\\/u> \\u041c\\u0430\\u0440\\u043a\\u0435\\u0442\\u0438\\u043d\\u0433\\u043e\\u0432\\u043e\\u0435 \\u0438\\u0441\\u0441\\u043b\\u0435\\u0434\\u043e\\u0432\\u0430\\u043d\\u0438\\u0435 \\u0440\\u044b\\u043d\\u043a\\u0430 \\u043d\\u0435\\u0434\\u0432\\u0438\\u0436\\u0438\\u043c\\u043e\\u0441\\u0442\\u0438 \\u041c\\u043e\\u0441\\u043a\\u0432\\u044b, \\u041e\\u0446\\u0435\\u043d\\u043a\\u0430 \\u0441\\u0442\\u043e\\u0438\\u043c\\u043e\\u0441\\u0442\\u0438 \\u043f\\u0440\\u043e\\u0435\\u043a\\u0442\\u0430, \\u041f\\u043e\\u0441\\u0442\\u0440\\u043e\\u0435\\u043d\\u0438\\u0435 \\u0444\\u0438\\u043d\\u0430\\u043d\\u0441\\u043e\\u0432\\u043e\\u0439 \\u043c\\u043e\\u0434\\u0435\\u043b\\u0438 \\u043f\\u0440\\u043e\\u0435\\u043a\\u0442\\u0430, \\u041e\\u0446\\u0435\\u043d\\u043a\\u0430 \\u0441\\u0442\\u043e\\u0438\\u043c\\u043e\\u0441\\u0442\\u0438 \\u043f\\u0440\\u043e\\u0435\\u043a\\u0442\\u0430, \\u041e\\u0446\\u0435\\u043d\\u043a\\u0430 \\u044d\\u0444\\u0444\\u0435\\u043a\\u0442\\u0438\\u0432\\u043d\\u043e\\u0441\\u0442\\u0438 \\u043f\\u0440\\u043e\\u0435\\u043a\\u0442\\u0430, \\u0410\\u043d\\u0430\\u043b\\u0438\\u0437 \\u0447\\u0443\\u0432\\u0441\\u0442\\u0432\\u0438\\u0442\\u0435\\u043b\\u044c\\u043d\\u043e\\u0441\\u0442\\u0438 \\u043f\\u0440\\u043e\\u0435\\u043a\\u0442\\u0430 \\u043a \\u0438\\u0437\\u043c\\u0435\\u043d\\u0435\\u043d\\u0438\\u044e \\u043a\\u043e\\u043d\\u044a\\u044e\\u043d\\u043a\\u0442\\u0443\\u0440\\u044b \\u0440\\u044b\\u043d\\u043a\\u0430, \\u0441\\u0442\\u0440\\u0435\\u0441\\u0441-\\u043c\\u043e\\u0434\\u0435\\u043b\\u044c\\r\\n  <\\/p>\\r\\n<p><u>\\u0422\\u0435\\u043a\\u0443\\u0449\\u0430\\u044f \\u0441\\u0438\\u0442\\u0443\\u0430\\u0446\\u0438\\u044f:<\\/u> \\u041f\\u043e\\u043b\\u0443\\u0447\\u0435\\u043d\\u0430 \\u0432\\u0441\\u044f \\u0440\\u0430\\u0437\\u0440\\u0435\\u0448\\u0438\\u0442\\u0435\\u043b\\u044c\\u043d\\u0430\\u044f \\u0434\\u043e\\u043a\\u0443\\u043c\\u0435\\u043d\\u0442\\u0430\\u0446\\u0438\\u044f, \\u043f\\u043e\\u0441\\u0442\\u0440\\u043e\\u0435\\u043d\\u044b \\u0421\\u0442\\u0430\\u0434\\u0438\\u043e\\u043d \\u00ab\\u0421\\u043f\\u0430\\u0440\\u0442\\u0430\\u043a\\u00bb, \\u0436\\u0438\\u043b\\u044b\\u0435 \\u0434\\u043e\\u043c\\u0430 \\u0432 \\u0440\\u0430\\u043c\\u043a\\u0430\\u0445 \\u043f\\u0435\\u0440\\u0432\\u043e\\u0439 \\u043e\\u0447\\u0435\\u0440\\u0435\\u0434\\u0438, \\u0432\\u0435\\u0434\\u0443\\u0442\\u0441\\u044f \\u043f\\u0440\\u043e\\u0435\\u043a\\u0442\\u043d\\u044b\\u0435 \\u0440\\u0430\\u0431\\u043e\\u0442\\u044b \\u0432 \\u043e\\u0442\\u043d\\u043e\\u0448\\u0435\\u043d\\u0438\\u0438 \\u043e\\u0441\\u0442\\u0430\\u043b\\u044c\\u043d\\u044b\\u0445 \\u043e\\u0431\\u044a\\u0435\\u043a\\u0442\\u043e\\u0432.<\\/p>\",\"32\":\"\",\"31\":\"\"}}', '2017-05-04 11:29:58', '2017-05-04 11:29:58', 'f0e25708-e0d3-4b55-8df8-9494e7e51108'),
 ('93', '111', '6', '1', 'ru', '1', '', '{\"typeId\":null,\"authorId\":\"1\",\"title\":\"\\u041f\\u043e \\u0437\\u0430\\u043a\\u0430\\u0437\\u0443 \\u0441\\u0442\\u0440\\u0430\\u0445\\u043e\\u0432\\u043e\\u0439 \\u043a\\u043e\\u043c\\u043f\\u0430\\u043d\\u0438\\u0438 \\u0431\\u044b\\u043b\\u0430 \\u043f\\u0440\\u043e\\u0432\\u0435\\u0434\\u0435\\u043d\\u0430 \\u0440\\u0430\\u0431\\u043e\\u0442\\u0430 \\u043f\\u043e \\u0432\\u044b\\u044f\\u0432\\u043b\\u0435\\u043d\\u0438\\u044e \\u043e\\u0431\\u044a\\u0435\\u043c\\u043e\\u0432 \\u0438 \\u0441\\u0442\\u043e\\u0438\\u043c\\u043e\\u0441\\u0442\\u0438 \\u043f\\u043e\\u0432\\u0440\\u0435\\u0436\\u0434\\u0435\\u043d\\u043d\\u043e\\u0433\\u043e \\u0438\\u043c\\u0443\\u0449\\u0435\\u0441\\u0442\\u0432\\u0430 \\u0432 \\u0440\\u0435\\u0437\\u0443\\u043b\\u044c\\u0442\\u0430\\u0442\\u0435 \\u0432\\u0437\\u0440\\u044b\\u0432\\u0430, \\u043f\\u0440\\u043e\\u0438\\u0437\\u043e\\u0448\\u0435\\u0434\\u0448\\u0435\\u0433\\u043e \\u043d\\u0430 \\u0433\\u0430\\u0437\\u043e\\u043a\\u043e\\u043d\\u0434\\u0435\\u043d\\u0441\\u0430\\u0442\\u043d\\u043e\\u043c \\u0437\\u0430\\u0432\\u043e\\u0434\\u0435. \\u0417\\u0430\\u044f\\u0432\\u043b\\u0435\\u043d\\u043d\\u0430\\u044f \\u0421\\u0442\\u0440\\u0430\\u0445\\u043e\\u0432\\u0430\\u0442\\u0435\\u043b\\u0435\\u043c \\u0441\\u0443\\u043c\\u043c\\u0430 \\u0441\\u0442\\u0440\\u0430\\u0445\\u043e\\u0432\\u043e\\u0433\\u043e \\u0432\\u043e\\u0437\\u043c\\u0435\\u0449\\u0435\\u043d\\u0438\\u044f \\u0431\\u043e\\u043b\\u0435\\u0435 600 \\u043c\\u043b\\u043d.\\u0440.\",\"slug\":\"\\u043f\\u043e-\\u0437\\u0430\\u043a\\u0430\\u0437\\u0443-\\u0441\\u0442\\u0440\\u0430\\u0445\\u043e\\u0432\\u043e\\u0439-\\u043a\\u043e\\u043c\\u043f\\u0430\\u043d\\u0438\\u0438-\\u0431\\u044b\\u043b\\u0430-\\u043f\\u0440\\u043e\\u0432\\u0435\\u0434\\u0435\\u043d\\u0430-\\u0440\\u0430\\u0431\\u043e\\u0442\\u0430-\\u043f\\u043e-\\u0432\\u044b\\u044f\\u0432\\u043b\\u0435\\u043d\\u0438\\u044e-\\u043e\\u0431\\u044a\\u0435\\u043c\\u043e\\u0432-\\u0438-\\u0441\\u0442\\u043e\\u0438\\u043c\\u043e\\u0441\\u0442\\u0438-\\u043f\\u043e\\u0432\\u0440\\u0435\\u0436\\u0434\\u0435\\u043d\\u043d\\u043e\\u0433\\u043e-\\u0438\\u043c\\u0443\\u0449\\u0435\\u0441\\u0442\\u0432\\u0430-\\u0432-\\u0440\\u0435\\u0437\\u0443\\u043b\\u044c\\u0442\\u0430\\u0442\\u0435-\\u0432\\u0437\\u0440\\u044b\\u0432\\u0430-\\u043f\\u0440\\u043e\\u0438\\u0437\\u043e\\u0448\\u0435\\u0434\\u0448\\u0435\\u0433\\u043e-\\u043d\\u0430-\\u0433\\u0430\\u0437\\u043e\\u043a\\u043e\\u043d\\u0434\\u0435\\u043d\\u0441\\u0430\\u0442\\u043d\\u043e\\u043c-\\u0437\\u0430\\u0432\\u043e\\u0434\\u0435-\\u0437\\u0430\\u044f\\u0432\\u043b\\u0435\\u043d\\u043d\\u0430\\u044f-\\u0441\\u0442\\u0440\\u0430\\u0445\\u043e\\u0432\\u0430\\u0442\\u0435\\u043b\\u0435\\u043c-\\u0441\\u0443\\u043c\\u043c\\u0430-\\u0441\\u0442\\u0440\\u0430\\u0445\\u043e\\u0432\\u043e\\u0433\\u043e-\\u0432\\u043e\\u0437\\u043c\\u0435\\u0449\\u0435\\u043d\\u0438\\u044f-\\u0431\\u043e\\u043b\\u0435\\u0435-600-\\u043c\\u043b\\u043d-\\u0440\",\"postDate\":1493897437,\"expiryDate\":null,\"enabled\":1,\"parentId\":null,\"fields\":{\"51\":[\"108\"],\"30\":\"<p><u>\\u041e\\u043a\\u0430\\u0437\\u0430\\u043d\\u0438\\u0435 \\u0443\\u0441\\u043b\\u0443\\u0433<\\/u>: \\u0410\\u043d\\u0430\\u043b\\u0438\\u0437 \\u0442\\u0435\\u0445\\u043d\\u0438\\u0447\\u0435\\u0441\\u043a\\u043e\\u0439 \\u0434\\u043e\\u043a\\u0443\\u043c\\u0435\\u043d\\u0442\\u0430\\u0446\\u0438\\u0438, \\u043e\\u0446\\u0435\\u043d\\u043a\\u0430 \\u0441\\u0442\\u0435\\u043f\\u0435\\u043d\\u0438 \\u043f\\u043e\\u0432\\u0440\\u0435\\u0436\\u0434\\u0435\\u043d\\u0438\\u044f \\u0438 \\u0441\\u043e\\u0441\\u0442\\u043e\\u044f\\u043d\\u0438\\u044f \\u043f\\u043e\\u0432\\u0440\\u0435\\u0436\\u0434\\u0435\\u043d\\u043d\\u044b\\u0445 \\u043e\\u0431\\u044a\\u0435\\u043a\\u0442\\u043e\\u0432, \\u043e\\u0446\\u0435\\u043d\\u043a\\u0430 \\u0441\\u0442\\u043e\\u0438\\u043c\\u043e\\u0441\\u0442\\u0438 \\u0432\\u043e\\u0441\\u0441\\u0442\\u0430\\u043d\\u043e\\u0432\\u0438\\u0442\\u0435\\u043b\\u044c\\u043d\\u044b\\u0445 \\u0440\\u0430\\u0431\\u043e\\u0442 \\u0438 \\u0437\\u0430\\u0442\\u0440\\u0430\\u0442.<\\/p>\\r\\n<p><u>\\u041e\\u0441\\u043e\\u0431\\u0435\\u043d\\u043d\\u043e\\u0441\\u0442\\u0438:<\\/u> \\u0421\\u043b\\u043e\\u0436\\u043d\\u043e\\u0441\\u0442\\u044c \\u0438\\u0434\\u0435\\u043d\\u0442\\u0438\\u0444\\u0438\\u043a\\u0430\\u0446\\u0438\\u0438 \\u043f\\u043e\\u0441\\u0442\\u0440\\u0430\\u0434\\u0430\\u0432\\u0448\\u0435\\u0433\\u043e \\u0438\\u043c\\u0443\\u0449\\u0435\\u0441\\u0442\\u0432\\u0430. \\u041f\\u0440\\u0438\\u0432\\u043b\\u0435\\u0447\\u0435\\u043d\\u0438\\u0435 \\u044d\\u043a\\u0441\\u043f\\u0435\\u0440\\u0442\\u043e\\u0432 \\u0432 \\u043e\\u0431\\u043b\\u0430\\u0441\\u0442\\u0438 \\u0441\\u0442\\u0440\\u043e\\u0438\\u0442\\u0435\\u043b\\u044c\\u043d\\u043e\\u0439 \\u044d\\u043a\\u0441\\u043f\\u0435\\u0440\\u0442\\u0438\\u0437\\u044b. \\u041c\\u043d\\u043e\\u0433\\u043e\\u043a\\u0440\\u0430\\u0442\\u043d\\u044b\\u0435 \\u0432\\u0441\\u0442\\u0440\\u0435\\u0447\\u0438 \\u0441 \\u043f\\u0440\\u0435\\u0434\\u0441\\u0442\\u0430\\u0432\\u0438\\u0442\\u0435\\u043b\\u044f\\u043c\\u0438 \\u0441\\u0442\\u0440\\u0430\\u0445\\u043e\\u0432\\u0430\\u0442\\u0435\\u043b\\u044f. \\u041e\\u0442\\u0441\\u0443\\u0442\\u0441\\u0442\\u0432\\u0438\\u0435 \\u043a\\u043e\\u043d\\u043a\\u0443\\u0440\\u0435\\u043d\\u0446\\u0438\\u0438 \\u043f\\u043e\\u0441\\u0442\\u0430\\u0432\\u0449\\u0438\\u043a\\u043e\\u0432 \\u043e\\u0431\\u043e\\u0440\\u0443\\u0434\\u043e\\u0432\\u0430\\u043d\\u0438\\u044f \\u0438 \\u0441\\u0442\\u0440\\u043e\\u0438\\u0442\\u0435\\u043b\\u044c\\u043d\\u044b\\u0445 \\u0443\\u0441\\u043b\\u0443\\u0433 \\u0432 \\u0441\\u0432\\u044f\\u0437\\u0438 \\u0441\\u043e \\u0441\\u043f\\u0435\\u0446\\u0438\\u0444\\u0438\\u043a\\u043e\\u0439 \\u043f\\u0440\\u0435\\u0434\\u043f\\u0440\\u0438\\u044f\\u0442\\u0438\\u044f. \\u0418\\u0441\\u043a\\u043b\\u044e\\u0447\\u0435\\u043d\\u0438\\u0435 \\u0438\\u0437 \\u043f\\u0435\\u0440\\u0435\\u0447\\u043d\\u044f \\u0440\\u044f\\u0434\\u0430 \\u0437\\u0430\\u044f\\u0432\\u043b\\u0435\\u043d\\u043d\\u043e\\u0433\\u043e \\u043e\\u0431\\u043e\\u0440\\u0443\\u0434\\u043e\\u0432\\u0430\\u043d\\u0438\\u044f, \\u0442\\u0430\\u043a \\u043a\\u0430\\u043a \\u0432 \\u0440\\u0435\\u0437\\u0443\\u043b\\u044c\\u0442\\u0430\\u0442\\u0435 \\u0430\\u0432\\u0430\\u0440\\u0438\\u0438 \\u0443 \\u0447\\u0430\\u0441\\u0442\\u0438 \\u043e\\u0431\\u043e\\u0440\\u0443\\u0434\\u043e\\u0432\\u0430\\u043d\\u0438\\u044f \\u043f\\u043e\\u0441\\u0442\\u0440\\u0430\\u0434\\u0430\\u043b \\u043b\\u0438\\u0448\\u044c \\u043a\\u043e\\u0436\\u0443\\u0445 \\u0438\\u043b\\u0438 \\u0437\\u0430\\u043c\\u0435\\u043d\\u044f\\u0435\\u043c\\u044b\\u0435 \\u0447\\u0430\\u0441\\u0442\\u0438. \\u0418\\u0441\\u043a\\u043b\\u044e\\u0447\\u0435\\u043d\\u0438\\u0435 \\u0438\\u0437 \\u0441\\u043c\\u0435\\u0442\\u044b \\u0437\\u0430\\u0442\\u0440\\u0430\\u0442 \\u043d\\u0430 \\u043c\\u043e\\u0434\\u0435\\u0440\\u043d\\u0438\\u0437\\u0430\\u0446\\u0438\\u044e \\u043a\\u0430\\u0431\\u0435\\u043b\\u044f \\u0438 \\u0437\\u0430\\u0442\\u0440\\u0430\\u0442\\u044b \\u043d\\u0430 \\u043f\\u0435\\u0440\\u0435\\u043a\\u043b\\u0430\\u0434\\u043a\\u0443 \\u043f\\u0435\\u0440\\u0435\\u0434\\u0430\\u0442\\u043e\\u0447\\u043d\\u044b\\u0445 \\u0443\\u0441\\u0442\\u0440\\u043e\\u0439\\u0441\\u0442\\u0432 \\u043f\\u043e \\u043d\\u043e\\u0432\\u043e\\u043c\\u0443 \\u043f\\u0440\\u043e\\u0435\\u043a\\u0442\\u0443, \\u043a\\u043e\\u0442\\u043e\\u0440\\u044b\\u0439 \\u043f\\u0440\\u0435\\u0434\\u043f\\u043e\\u043b\\u0430\\u0433\\u0430\\u043b \\u0443\\u0432\\u0435\\u043b\\u0438\\u0447\\u0435\\u043d\\u0438\\u0435 \\u0442\\u0440\\u0430\\u0441\\u0441\\u044b \\u0431\\u043e\\u043b\\u0435\\u0435 \\u0447\\u0435\\u043c \\u043d\\u0430 10 \\u043a\\u043c. \\u0421\\u0442\\u0440\\u0430\\u0445\\u043e\\u0432\\u0430\\u044f \\u0441\\u0442\\u043e\\u0438\\u043c\\u043e\\u0441\\u0442\\u044c \\u0431\\u0435\\u0437 \\u0443\\u0447\\u0435\\u0442\\u0430 \\u0438\\u0437\\u043d\\u043e\\u0441\\u0430 (\\u043f\\u043e \\u0414\\u043e\\u0433\\u043e\\u0432\\u043e\\u0440\\u0443 \\u0441\\u0442\\u0440\\u0430\\u0445\\u043e\\u0432\\u0430\\u043d\\u0438\\u044f).\\r\\n  <\\/p>\\r\\n<p><u>\\u0420\\u0435\\u0437\\u0443\\u043b\\u044c\\u0442\\u0430\\u0442\\u044b \\u0440\\u0430\\u0431\\u043e\\u0442\\u044b<\\/u>: \\u0441\\u043e\\u0433\\u043b\\u0430\\u0441\\u043e\\u0432\\u0430\\u043d\\u043d\\u044b\\u0439 \\u043e\\u0442\\u0447\\u0435\\u0442 \\u043f\\u043e \\u043e\\u043f\\u0440\\u0435\\u0434\\u0435\\u043b\\u0435\\u043d\\u0438\\u044e \\u043e\\u0431\\u044a\\u0435\\u043c\\u043e\\u0432 \\u043f\\u043e\\u0432\\u0440\\u0435\\u0436\\u0434\\u0435\\u043d\\u043d\\u043e\\u0433\\u043e \\u0438\\u043c\\u0443\\u0449\\u0435\\u0441\\u0442\\u0432\\u0430 \\u0438 \\u043e\\u043f\\u0440\\u0435\\u0434\\u0435\\u043b\\u0435\\u043d\\u0438\\u044e \\u0441\\u0443\\u043c\\u043c\\u044b \\u0441\\u0442\\u0440\\u0430\\u0445\\u043e\\u0432\\u043e\\u0433\\u043e \\u0432\\u043e\\u0437\\u043c\\u0435\\u0449\\u0435\\u043d\\u0438\\u044f \\u043f\\u043e \\u0430\\u0432\\u0430\\u0440\\u0438\\u0439\\u043d\\u043e\\u2013\\u0432\\u043e\\u0441\\u0441\\u0442\\u0430\\u043d\\u043e\\u0432\\u0438\\u0442\\u0435\\u043b\\u044c\\u043d\\u043e\\u043c\\u0443 \\u0440\\u0435\\u043c\\u043e\\u043d\\u0442\\u0443 \\u043f\\u043e\\u0432\\u0440\\u0435\\u0436\\u0434\\u0435\\u043d\\u043d\\u043e\\u0433\\u043e \\u043e\\u0431\\u044a\\u0435\\u043a\\u0442\\u0430 (\\u0441\\u043d\\u0438\\u0436\\u0435\\u043d\\u0438\\u0435 \\u0437\\u0430\\u044f\\u0432\\u043b\\u0435\\u043d\\u043d\\u043e\\u0439 \\u0441\\u0442\\u043e\\u0438\\u043c\\u043e\\u0441\\u0442\\u0438 \\u043e\\u0440\\u0438\\u0435\\u043d\\u0442\\u0438\\u0440\\u043e\\u0432\\u043e\\u0447\\u043d\\u043e \\u043d\\u0430 10 %).<\\/p>\",\"32\":\"\",\"31\":\"\"}}', '2017-05-04 11:30:38', '2017-05-04 11:30:38', '337087e9-871d-4e3b-a27a-84744f900249'),
 ('94', '112', '6', '1', 'ru', '1', '', '{\"typeId\":null,\"authorId\":\"1\",\"title\":\"\\u0411\\u043e\\u043b\\u0435\\u0435 10 \\u043b\\u0435\\u0442 \\u043d\\u0430\\u0448\\u0430 \\u043a\\u043e\\u043c\\u043f\\u0430\\u043d\\u0438\\u044f \\u0441\\u043e\\u0442\\u0440\\u0443\\u0434\\u043d\\u0438\\u0447\\u0430\\u0435\\u0442 \\u0441 \\u0411\\u0430\\u043d\\u043a\\u043e\\u043c, \\u043a\\u043e\\u0442\\u043e\\u0440\\u044b\\u0439 \\u0432\\u0445\\u043e\\u0434\\u0438\\u0442 \\u0432 \\u0422\\u043e\\u043f 50 \\u0440\\u0435\\u0439\\u0442\\u0438\\u043d\\u0433\\u0430 \\u0411\\u0430\\u043d\\u043a\\u043e\\u0432 \\u0420\\u043e\\u0441\\u0441\\u0438\\u0438, \\u0434\\u043b\\u044f \\u043a\\u043e\\u0442\\u043e\\u0440\\u043e\\u0433\\u043e \\u043c\\u044b \\u043f\\u0440\\u043e\\u0438\\u0437\\u0432\\u043e\\u0434\\u0438\\u043c \\u043e\\u0446\\u0435\\u043d\\u043a\\u0443 \\u0438 \\u043f\\u0435\\u0440\\u0435\\u043e\\u0446\\u0435\\u043d\\u043a\\u0443 \\u043f\\u043e \\u041c\\u0421\\u0424\\u041e \\u0438 \\u0420\\u0421\\u0411\\u0423 \\u0431\\u043e\\u043b\\u0435\\u0435 200 \\u043e\\u0431\\u044a\\u0435\\u043a\\u0442\\u043e\\u0432 \\u043d\\u0435\\u0434\\u0432\\u0438\\u0436\\u0438\\u043c\\u043e\\u0441\\u0442\\u0438 \\u0435\\u0436\\u0435\\u0433\\u043e\\u0434\\u043d\\u043e, \\u0440\\u0430\\u0441\\u043f\\u043e\\u043b\\u043e\\u0436\\u0435\\u043d\\u043d\\u044b\\u0445 \\u0431\\u043e\\u043b\\u0435\\u0435 \\u0447\\u0435\\u043c \\u0432 20 \\u0440\\u0435\\u0433\\u0438\\u043e\\u043d\\u0430\\u0445 \\u0420\\u043e\\u0441\\u0441\\u0438\\u0438\",\"slug\":\"\\u0431\\u043e\\u043b\\u0435\\u0435-10-\\u043b\\u0435\\u0442-\\u043d\\u0430\\u0448\\u0430-\\u043a\\u043e\\u043c\\u043f\\u0430\\u043d\\u0438\\u044f-\\u0441\\u043e\\u0442\\u0440\\u0443\\u0434\\u043d\\u0438\\u0447\\u0430\\u0435\\u0442-\\u0441-\\u0431\\u0430\\u043d\\u043a\\u043e\\u043c-\\u043a\\u043e\\u0442\\u043e\\u0440\\u044b\\u0439-\\u0432\\u0445\\u043e\\u0434\\u0438\\u0442-\\u0432-\\u0442\\u043e\\u043f-50-\\u0440\\u0435\\u0439\\u0442\\u0438\\u043d\\u0433\\u0430-\\u0431\\u0430\\u043d\\u043a\\u043e\\u0432-\\u0440\\u043e\\u0441\\u0441\\u0438\\u0438-\\u0434\\u043b\\u044f-\\u043a\\u043e\\u0442\\u043e\\u0440\\u043e\\u0433\\u043e-\\u043c\\u044b-\\u043f\\u0440\\u043e\\u0438\\u0437\\u0432\\u043e\\u0434\\u0438\\u043c-\\u043e\\u0446\\u0435\\u043d\\u043a\\u0443-\\u0438-\\u043f\\u0435\\u0440\\u0435\\u043e\\u0446\\u0435\\u043d\\u043a\\u0443-\\u043f\\u043e-\\u043c\\u0441\\u0444\\u043e-\\u0438-\\u0440\\u0441\\u0431\\u0443-\\u0431\\u043e\\u043b\\u0435\\u0435-200-\\u043e\\u0431\\u044a\\u0435\\u043a\\u0442\\u043e\\u0432-\\u043d\\u0435\\u0434\\u0432\\u0438\\u0436\\u0438\\u043c\\u043e\\u0441\\u0442\\u0438-\\u0435\\u0436\\u0435\\u0433\\u043e\\u0434\\u043d\\u043e-\\u0440\\u0430\\u0441\\u043f\\u043e\\u043b\\u043e\\u0436\\u0435\\u043d\\u043d\\u044b\\u0445-\\u0431\\u043e\\u043b\\u0435\\u0435-\\u0447\\u0435\\u043c-\\u0432-20-\\u0440\\u0435\\u0433\\u0438\\u043e\\u043d\\u0430\\u0445-\\u0440\\u043e\\u0441\\u0441\\u0438\\u0438\",\"postDate\":1493897497,\"expiryDate\":null,\"enabled\":1,\"parentId\":null,\"fields\":{\"51\":[\"108\"],\"30\":\"<p><u>\\u0420\\u0435\\u0437\\u0443\\u043b\\u044c\\u0442\\u0430\\u0442\\u044b \\u043e\\u0446\\u0435\\u043d\\u043a\\u0438<\\/u> \\u0441\\u043f\\u0440\\u0430\\u0432\\u0435\\u0434\\u043b\\u0438\\u0432\\u043e\\u0439 (\\u0440\\u044b\\u043d\\u043e\\u0447\\u043d\\u043e\\u0439) \\u0441\\u0442\\u043e\\u0438\\u043c\\u043e\\u0441\\u0442\\u0438 \\u0438 \\u0440\\u044b\\u043d\\u043e\\u0447\\u043d\\u043e\\u0439 \\u0441\\u0442\\u0430\\u0432\\u043a\\u0438 \\u0430\\u0440\\u0435\\u043d\\u0434\\u043d\\u043e\\u0439 \\u043f\\u043b\\u0430\\u0442\\u044b \\u043e\\u0431\\u044a\\u0435\\u043a\\u0442\\u043e\\u0432 \\u043d\\u0435\\u0434\\u0432\\u0438\\u0436\\u0438\\u043c\\u043e\\u0441\\u0442\\u0438 \\u0431\\u044b\\u043b\\u0438 \\u0438\\u0441\\u043f\\u043e\\u043b\\u044c\\u0437\\u043e\\u0432\\u0430\\u043d\\u044b \\u043f\\u0440\\u0438 \\u043f\\u0440\\u0438\\u043d\\u044f\\u0442\\u0438\\u0438 \\u0443\\u043f\\u0440\\u0430\\u0432\\u043b\\u0435\\u043d\\u0447\\u0435\\u0441\\u043a\\u0438\\u0445 \\u0440\\u0435\\u0448\\u0435\\u043d\\u0438\\u0439, \\u043a\\u0430\\u043a \\u0434\\u043b\\u044f \\u0446\\u0435\\u043b\\u0435\\u0439 \\u043f\\u0440\\u043e\\u0434\\u0430\\u0436\\u0438, \\u0442\\u0430\\u043a \\u0438 \\u0434\\u043b\\u044f \\u0441\\u0434\\u0430\\u0447\\u0438 \\u043e\\u0431\\u044a\\u0435\\u043a\\u0442\\u043e\\u0432 \\u0432 \\u0430\\u0440\\u0435\\u043d\\u0434\\u0443, \\u0430 \\u0442\\u0430\\u043a\\u0436\\u0435 \\u0434\\u043b\\u044f \\u043f\\u043e\\u0434\\u0433\\u043e\\u0442\\u043e\\u0432\\u043a\\u0438 \\u0444\\u0438\\u043d\\u0430\\u043d\\u0441\\u043e\\u0432\\u043e\\u0439 \\u043e\\u0442\\u0447\\u0435\\u0442\\u043d\\u043e\\u0441\\u0442\\u0438 \\u043a\\u043e\\u043c\\u043f\\u0430\\u043d\\u0438\\u0438 \\u0432 \\u0441\\u043e\\u043e\\u0442\\u0432\\u0435\\u0442\\u0441\\u0442\\u0432\\u0438\\u0438 \\u0441 \\u0442\\u0440\\u0435\\u0431\\u043e\\u0432\\u0430\\u043d\\u0438\\u044f\\u043c\\u0438 \\u041c\\u0421\\u0424\\u041e, \\u0432 \\u0442.\\u0447. \\u041c\\u0421\\u0424O13. \\u0421\\u043e\\u0433\\u043b\\u0430\\u0441\\u043e\\u0432\\u0430\\u043d\\u0438\\u0435 \\u0440\\u0435\\u0437\\u0443\\u043b\\u044c\\u0442\\u0430\\u0442\\u043e\\u0432 \\u043e\\u0446\\u0435\\u043d\\u043a\\u0438 \\u0441 \\u043c\\u0435\\u0436\\u0434\\u0443\\u043d\\u0430\\u0440\\u043e\\u0434\\u043d\\u044b\\u043c\\u0438 \\u0430\\u0443\\u0434\\u0438\\u0442\\u043e\\u0440\\u0441\\u043a\\u0438\\u043c\\u0438 \\u043a\\u043e\\u043c\\u043f\\u0430\\u043d\\u0438\\u044f\\u043c\\u0438 \\u0438\\u0437 BIG4.<\\/p>\",\"32\":\"\",\"31\":\"\"}}', '2017-05-04 11:31:37', '2017-05-04 11:31:37', '659ef26e-7e5f-48f4-9027-f2dfee20d634'),
 ('95', '113', '6', '1', 'ru', '1', '', '{\"typeId\":null,\"authorId\":\"1\",\"title\":\"\\u041f\\u043e \\u0437\\u0430\\u043a\\u0430\\u0437\\u0443 \\u0434\\u0435\\u0432\\u0435\\u043b\\u043e\\u043f\\u0435\\u0440\\u0441\\u043a\\u043e\\u0439 \\u043a\\u043e\\u043c\\u043f\\u0430\\u043d\\u0438\\u0438 \\u0431\\u044b\\u043b\\u0430 \\u043f\\u0440\\u043e\\u0432\\u0435\\u0434\\u0435\\u043d\\u0430 \\u0440\\u0430\\u0431\\u043e\\u0442\\u0430 \\u043f\\u043e \\u0410\\u043d\\u0430\\u043b\\u0438\\u0437\\u0443 \\u043d\\u0430\\u0438\\u043b\\u0443\\u0447\\u0448\\u0435\\u0433\\u043e \\u0438\\u0441\\u043f\\u043e\\u043b\\u044c\\u0437\\u043e\\u0432\\u0430\\u043d\\u0438\\u044f (\\u0410\\u043d\\u0430\\u043b\\u0438\\u0437 \\u041d\\u042d\\u0418) \\u0437\\u0434\\u0430\\u043d\\u0438\\u044f (\\u0431\\u044b\\u0432\\u0448\\u0435\\u0439 \\u0433\\u043e\\u0441\\u0442\\u0438\\u043d\\u0438\\u0446\\u044b) \\u043e\\u0431\\u0449\\u0435\\u0439 \\u043f\\u043b\\u043e\\u0449\\u0430\\u0434\\u044c\\u044e 11 672,4 \\u043a\\u0432. \\u043c., \\u0440\\u0430\\u0441\\u043f\\u043e\\u043b\\u043e\\u0436\\u0435\\u043d\\u043d\\u043e\\u0439 \\u043d\\u0430 \\u0437\\u0435\\u043c\\u0435\\u043b\\u044c\\u043d\\u043e\\u043c \\u0443\\u0447\\u0430\\u0441\\u0442\\u043a\\u0435 \\u043f\\u043b\\u043e\\u0449\\u0430\\u0434\\u044c\\u044e 0,67 \\u0433\\u0430 \\u0432 \\u0433.\\u041d\\u0438\\u0436\\u043d\\u0438\\u0439 \\u041d\\u043e\\u0432\\u0433\\u043e\\u0440\\u043e\\u0434.\",\"slug\":\"\\u043f\\u043e-\\u0437\\u0430\\u043a\\u0430\\u0437\\u0443-\\u0434\\u0435\\u0432\\u0435\\u043b\\u043e\\u043f\\u0435\\u0440\\u0441\\u043a\\u043e\\u0439-\\u043a\\u043e\\u043c\\u043f\\u0430\\u043d\\u0438\\u0438-\\u0431\\u044b\\u043b\\u0430-\\u043f\\u0440\\u043e\\u0432\\u0435\\u0434\\u0435\\u043d\\u0430-\\u0440\\u0430\\u0431\\u043e\\u0442\\u0430-\\u043f\\u043e-\\u0430\\u043d\\u0430\\u043b\\u0438\\u0437\\u0443-\\u043d\\u0430\\u0438\\u043b\\u0443\\u0447\\u0448\\u0435\\u0433\\u043e-\\u0438\\u0441\\u043f\\u043e\\u043b\\u044c\\u0437\\u043e\\u0432\\u0430\\u043d\\u0438\\u044f-\\u0430\\u043d\\u0430\\u043b\\u0438\\u0437-\\u043d\\u044d\\u0438-\\u0437\\u0434\\u0430\\u043d\\u0438\\u044f-\\u0431\\u044b\\u0432\\u0448\\u0435\\u0439-\\u0433\\u043e\\u0441\\u0442\\u0438\\u043d\\u0438\\u0446\\u044b-\\u043e\\u0431\\u0449\\u0435\\u0439-\\u043f\\u043b\\u043e\\u0449\\u0430\\u0434\\u044c\\u044e-11-672-4-\\u043a\\u0432-\\u043c-\\u0440\\u0430\\u0441\\u043f\\u043e\\u043b\\u043e\\u0436\\u0435\\u043d\\u043d\\u043e\\u0439-\\u043d\\u0430-\\u0437\\u0435\\u043c\\u0435\\u043b\\u044c\\u043d\\u043e\\u043c-\\u0443\\u0447\\u0430\\u0441\\u0442\\u043a\\u0435-\\u043f\\u043b\\u043e\\u0449\\u0430\\u0434\\u044c\\u044e-0-67-\\u0433\\u0430-\\u0432-\\u0433-\\u043d\\u0438\\u0436\\u043d\\u0438\\u0439-\\u043d\\u043e\\u0432\\u0433\\u043e\\u0440\\u043e\\u0434\",\"postDate\":1493897600,\"expiryDate\":null,\"enabled\":1,\"parentId\":null,\"fields\":{\"51\":[\"108\"],\"30\":\"<p><u>\\u0410\\u043d\\u0430\\u043b\\u0438\\u0437\\u0438\\u0440\\u0443\\u0435\\u043c\\u044b\\u0435 \\u0432\\u0430\\u0440\\u0438\\u0430\\u043d\\u0442\\u044b \\u0438\\u0441\\u043f\\u043e\\u043b\\u044c\\u0437\\u043e\\u0432\\u0430\\u043d\\u0438\\u044f<\\/u>: \\u0420\\u0435\\u043a\\u043e\\u043d\\u0441\\u0442\\u0440\\u0443\\u043a\\u0446\\u0438\\u044f \\u043f\\u043e\\u0434 \\u043e\\u0444\\u0438\\u0441\\u043d\\u043e\\u0435 \\u0437\\u0434\\u0430\\u043d\\u0438\\u0435, \\u0420\\u0435\\u043a\\u043e\\u043d\\u0441\\u0442\\u0440\\u0443\\u043a\\u0446\\u0438\\u044f \\u043f\\u043e\\u0434 \\u0433\\u043e\\u0441\\u0442\\u0438\\u043d\\u0438\\u0446\\u0443. \\r\\n  <\\/p>\\r\\n<p><u>\\u0420\\u0435\\u0437\\u0443\\u043b\\u044c\\u0442\\u0430\\u0442 \\u0430\\u043d\\u0430\\u043b\\u0438\\u0437\\u0430<\\/u>: \\u0420\\u0435\\u043a\\u043e\\u043d\\u0441\\u0442\\u0440\\u0443\\u043a\\u0446\\u0438\\u044f \\u043f\\u043e\\u0434 \\u0433\\u043e\\u0441\\u0442\\u0438\\u043d\\u0438\\u0446\\u0443\\r\\n  <\\/p>\\r\\n<p><u>\\u0422\\u0435\\u043a\\u0443\\u0449\\u0430\\u044f \\u0441\\u0438\\u0442\\u0443\\u0430\\u0446\\u0438\\u044f<\\/u>: \\u0412\\u044b\\u0434\\u0435\\u043b\\u0435\\u043d\\u043e \\u0444\\u0438\\u043d\\u0430\\u043d\\u0441\\u0438\\u0440\\u043e\\u0432\\u0430\\u043d\\u0438\\u0435, \\u043e\\u0431\\u044a\\u0435\\u043a\\u0442 \\u043d\\u0430\\u0445\\u043e\\u0434\\u0438\\u0442\\u0441\\u044f \\u0432 \\u0441\\u0442\\u0430\\u0434\\u0438\\u0438 \\u0440\\u0435\\u043a\\u043e\\u043d\\u0441\\u0442\\u0440\\u0443\\u043a\\u0446\\u0438\\u0438 \\u043f\\u043e\\u0434 \\u0437\\u0434\\u0430\\u043d\\u0438\\u0435 4* \\u0433\\u043e\\u0441\\u0442\\u0438\\u043d\\u0438\\u0446\\u044b \\u043f\\u043e\\u0434 \\u0431\\u0440\\u0435\\u043d\\u0434\\u043e\\u043c \\u043c\\u0435\\u0436\\u0434\\u0443\\u043d\\u0430\\u0440\\u043e\\u0434\\u043d\\u043e\\u0439 \\u0433\\u043e\\u0441\\u0442\\u0438\\u043d\\u0438\\u0447\\u043d\\u043e\\u0439 \\u0441\\u0435\\u0442\\u0438 \\u0438 \\u0436\\u0438\\u043b\\u043e\\u0433\\u043e \\u044d\\u043b\\u0438\\u0442\\u043d\\u043e\\u0433\\u043e \\u0434\\u043e\\u043c\\u0430 \\u043a\\u043b\\u0443\\u0431\\u043d\\u043e\\u0433\\u043e \\u0442\\u0438\\u043f\\u0430<\\/p>\",\"32\":\"\",\"31\":\"\"}}', '2017-05-04 11:33:20', '2017-05-04 11:33:20', '156e0a08-06bf-4b94-bedd-07ca6da6744f'),
 ('96', '113', '6', '1', 'ru', '2', '', '{\"typeId\":\"6\",\"authorId\":\"1\",\"title\":\"\\u041f\\u043e \\u0437\\u0430\\u043a\\u0430\\u0437\\u0443 \\u0434\\u0435\\u0432\\u0435\\u043b\\u043e\\u043f\\u0435\\u0440\\u0441\\u043a\\u043e\\u0439 \\u043a\\u043e\\u043c\\u043f\\u0430\\u043d\\u0438\\u0438 \\u0431\\u044b\\u043b\\u0430 \\u043f\\u0440\\u043e\\u0432\\u0435\\u0434\\u0435\\u043d\\u0430 \\u0440\\u0430\\u0431\\u043e\\u0442\\u0430 \\u043f\\u043e \\u0410\\u043d\\u0430\\u043b\\u0438\\u0437\\u0443 \\u043d\\u0430\\u0438\\u043b\\u0443\\u0447\\u0448\\u0435\\u0433\\u043e \\u0438\\u0441\\u043f\\u043e\\u043b\\u044c\\u0437\\u043e\\u0432\\u0430\\u043d\\u0438\\u044f (\\u0410\\u043d\\u0430\\u043b\\u0438\\u0437 \\u041d\\u042d\\u0418) \\u0437\\u0434\\u0430\\u043d\\u0438\\u044f (\\u0431\\u044b\\u0432\\u0448\\u0435\\u0439 \\u0433\\u043e\\u0441\\u0442\\u0438\\u043d\\u0438\\u0446\\u044b) \\u043e\\u0431\\u0449\\u0435\\u0439 \\u043f\\u043b\\u043e\\u0449\\u0430\\u0434\\u044c\\u044e 11 672,4 \\u043a\\u0432. \\u043c., \\u0440\\u0430\\u0441\\u043f\\u043e\\u043b\\u043e\\u0436\\u0435\\u043d\\u043d\\u043e\\u0439 \\u043d\\u0430 \\u0437\\u0435\\u043c\\u0435\\u043b\\u044c\\u043d\\u043e\\u043c \\u0443\\u0447\\u0430\\u0441\\u0442\\u043a\\u0435 \\u043f\\u043b\\u043e\\u0449\\u0430\\u0434\\u044c\\u044e 0,67 \\u0433\\u0430 \\u0432 \\u0433.\\u041d\\u0438\\u0436\\u043d\\u0438\\u0439 \\u041d\\u043e\\u0432\\u0433\\u043e\\u0440\\u043e\\u0434.\",\"slug\":\"\\u043f\\u043e-\\u0437\\u0430\\u043a\\u0430\\u0437\\u0443-\\u0434\\u0435\\u0432\\u0435\\u043b\\u043e\\u043f\\u0435\\u0440\\u0441\\u043a\\u043e\\u0439-\\u043a\\u043e\\u043c\\u043f\\u0430\\u043d\\u0438\\u0438-\\u0431\\u044b\\u043b\\u0430-\\u043f\\u0440\\u043e\\u0432\\u0435\\u0434\\u0435\\u043d\\u0430-\\u0440\\u0430\\u0431\\u043e\\u0442\\u0430-\\u043f\\u043e-\\u0430\\u043d\\u0430\\u043b\\u0438\\u0437\\u0443-\\u043d\\u0430\\u0438\\u043b\\u0443\\u0447\\u0448\\u0435\\u0433\\u043e-\\u0438\\u0441\\u043f\\u043e\\u043b\\u044c\\u0437\\u043e\\u0432\\u0430\\u043d\\u0438\\u044f-\\u0430\\u043d\\u0430\\u043b\\u0438\\u0437-\\u043d\\u044d\\u0438-\\u0437\\u0434\\u0430\\u043d\\u0438\\u044f-\\u0431\\u044b\\u0432\\u0448\\u0435\\u0439-\\u0433\\u043e\\u0441\\u0442\\u0438\\u043d\\u0438\\u0446\\u044b-\\u043e\\u0431\\u0449\\u0435\\u0439-\\u043f\\u043b\\u043e\\u0449\\u0430\\u0434\\u044c\\u044e-11-672-4-\\u043a\\u0432-\\u043c-\\u0440\\u0430\\u0441\\u043f\\u043e\\u043b\\u043e\\u0436\\u0435\\u043d\\u043d\\u043e\\u0439-\\u043d\\u0430-\\u0437\\u0435\\u043c\\u0435\\u043b\\u044c\\u043d\\u043e\\u043c-\\u0443\\u0447\\u0430\\u0441\\u0442\\u043a\\u0435-\\u043f\\u043b\\u043e\\u0449\\u0430\\u0434\\u044c\\u044e-0-67-\\u0433\\u0430-\\u0432-\\u0433-\\u043d\\u0438\\u0436\\u043d\\u0438\\u0439-\\u043d\\u043e\\u0432\\u0433\\u043e\\u0440\\u043e\\u0434\",\"postDate\":1493897580,\"expiryDate\":null,\"enabled\":1,\"parentId\":null,\"fields\":{\"51\":[\"108\"],\"30\":\"<p><u>\\u0410\\u043d\\u0430\\u043b\\u0438\\u0437\\u0438\\u0440\\u0443\\u0435\\u043c\\u044b\\u0435 \\u0432\\u0430\\u0440\\u0438\\u0430\\u043d\\u0442\\u044b \\u0438\\u0441\\u043f\\u043e\\u043b\\u044c\\u0437\\u043e\\u0432\\u0430\\u043d\\u0438\\u044f<\\/u>: \\u0420\\u0435\\u043a\\u043e\\u043d\\u0441\\u0442\\u0440\\u0443\\u043a\\u0446\\u0438\\u044f \\u043f\\u043e\\u0434 \\u043e\\u0444\\u0438\\u0441\\u043d\\u043e\\u0435 \\u0437\\u0434\\u0430\\u043d\\u0438\\u0435, \\u0420\\u0435\\u043a\\u043e\\u043d\\u0441\\u0442\\u0440\\u0443\\u043a\\u0446\\u0438\\u044f \\u043f\\u043e\\u0434 \\u0433\\u043e\\u0441\\u0442\\u0438\\u043d\\u0438\\u0446\\u0443. \\r\\n  <\\/p>\\r\\n<p><u>\\u0420\\u0435\\u0437\\u0443\\u043b\\u044c\\u0442\\u0430\\u0442 \\u0430\\u043d\\u0430\\u043b\\u0438\\u0437\\u0430<\\/u>: \\u0420\\u0435\\u043a\\u043e\\u043d\\u0441\\u0442\\u0440\\u0443\\u043a\\u0446\\u0438\\u044f \\u043f\\u043e\\u0434 \\u0433\\u043e\\u0441\\u0442\\u0438\\u043d\\u0438\\u0446\\u0443\\r\\n  <\\/p>\\r\\n<p><u>\\u0422\\u0435\\u043a\\u0443\\u0449\\u0430\\u044f \\u0441\\u0438\\u0442\\u0443\\u0430\\u0446\\u0438\\u044f<\\/u>: \\u0412\\u044b\\u0434\\u0435\\u043b\\u0435\\u043d\\u043e \\u0444\\u0438\\u043d\\u0430\\u043d\\u0441\\u0438\\u0440\\u043e\\u0432\\u0430\\u043d\\u0438\\u0435, \\u043e\\u0431\\u044a\\u0435\\u043a\\u0442 \\u043d\\u0430\\u0445\\u043e\\u0434\\u0438\\u0442\\u0441\\u044f \\u0432 \\u0441\\u0442\\u0430\\u0434\\u0438\\u0438 \\u0440\\u0435\\u043a\\u043e\\u043d\\u0441\\u0442\\u0440\\u0443\\u043a\\u0446\\u0438\\u0438 \\u043f\\u043e\\u0434 \\u0437\\u0434\\u0430\\u043d\\u0438\\u0435 4* \\u0433\\u043e\\u0441\\u0442\\u0438\\u043d\\u0438\\u0446\\u044b \\u043f\\u043e\\u0434 \\u0431\\u0440\\u0435\\u043d\\u0434\\u043e\\u043c \\u043c\\u0435\\u0436\\u0434\\u0443\\u043d\\u0430\\u0440\\u043e\\u0434\\u043d\\u043e\\u0439 \\u0433\\u043e\\u0441\\u0442\\u0438\\u043d\\u0438\\u0447\\u043d\\u043e\\u0439 \\u0441\\u0435\\u0442\\u0438 \\u0438 \\u0436\\u0438\\u043b\\u043e\\u0433\\u043e \\u044d\\u043b\\u0438\\u0442\\u043d\\u043e\\u0433\\u043e \\u0434\\u043e\\u043c\\u0430 \\u043a\\u043b\\u0443\\u0431\\u043d\\u043e\\u0433\\u043e \\u0442\\u0438\\u043f\\u0430<\\/p>\",\"38\":[\"36\"],\"39\":\"\",\"37\":\"\",\"32\":\"\",\"31\":\"\"}}', '2017-05-04 11:34:53', '2017-05-04 11:34:53', '4156e2d4-1b0d-4534-a98d-78b10d196173'),
 ('97', '112', '6', '1', 'ru', '2', '', '{\"typeId\":\"6\",\"authorId\":\"1\",\"title\":\"\\u0411\\u043e\\u043b\\u0435\\u0435 10 \\u043b\\u0435\\u0442 \\u043d\\u0430\\u0448\\u0430 \\u043a\\u043e\\u043c\\u043f\\u0430\\u043d\\u0438\\u044f \\u0441\\u043e\\u0442\\u0440\\u0443\\u0434\\u043d\\u0438\\u0447\\u0430\\u0435\\u0442 \\u0441 \\u0411\\u0430\\u043d\\u043a\\u043e\\u043c, \\u043a\\u043e\\u0442\\u043e\\u0440\\u044b\\u0439 \\u0432\\u0445\\u043e\\u0434\\u0438\\u0442 \\u0432 \\u0422\\u043e\\u043f 50 \\u0440\\u0435\\u0439\\u0442\\u0438\\u043d\\u0433\\u0430 \\u0411\\u0430\\u043d\\u043a\\u043e\\u0432 \\u0420\\u043e\\u0441\\u0441\\u0438\\u0438, \\u0434\\u043b\\u044f \\u043a\\u043e\\u0442\\u043e\\u0440\\u043e\\u0433\\u043e \\u043c\\u044b \\u043f\\u0440\\u043e\\u0438\\u0437\\u0432\\u043e\\u0434\\u0438\\u043c \\u043e\\u0446\\u0435\\u043d\\u043a\\u0443 \\u0438 \\u043f\\u0435\\u0440\\u0435\\u043e\\u0446\\u0435\\u043d\\u043a\\u0443 \\u043f\\u043e \\u041c\\u0421\\u0424\\u041e \\u0438 \\u0420\\u0421\\u0411\\u0423 \\u0431\\u043e\\u043b\\u0435\\u0435 200 \\u043e\\u0431\\u044a\\u0435\\u043a\\u0442\\u043e\\u0432 \\u043d\\u0435\\u0434\\u0432\\u0438\\u0436\\u0438\\u043c\\u043e\\u0441\\u0442\\u0438 \\u0435\\u0436\\u0435\\u0433\\u043e\\u0434\\u043d\\u043e, \\u0440\\u0430\\u0441\\u043f\\u043e\\u043b\\u043e\\u0436\\u0435\\u043d\\u043d\\u044b\\u0445 \\u0431\\u043e\\u043b\\u0435\\u0435 \\u0447\\u0435\\u043c \\u0432 20 \\u0440\\u0435\\u0433\\u0438\\u043e\\u043d\\u0430\\u0445 \\u0420\\u043e\\u0441\\u0441\\u0438\\u0438\",\"slug\":\"\\u0431\\u043e\\u043b\\u0435\\u0435-10-\\u043b\\u0435\\u0442-\\u043d\\u0430\\u0448\\u0430-\\u043a\\u043e\\u043c\\u043f\\u0430\\u043d\\u0438\\u044f-\\u0441\\u043e\\u0442\\u0440\\u0443\\u0434\\u043d\\u0438\\u0447\\u0430\\u0435\\u0442-\\u0441-\\u0431\\u0430\\u043d\\u043a\\u043e\\u043c-\\u043a\\u043e\\u0442\\u043e\\u0440\\u044b\\u0439-\\u0432\\u0445\\u043e\\u0434\\u0438\\u0442-\\u0432-\\u0442\\u043e\\u043f-50-\\u0440\\u0435\\u0439\\u0442\\u0438\\u043d\\u0433\\u0430-\\u0431\\u0430\\u043d\\u043a\\u043e\\u0432-\\u0440\\u043e\\u0441\\u0441\\u0438\\u0438-\\u0434\\u043b\\u044f-\\u043a\\u043e\\u0442\\u043e\\u0440\\u043e\\u0433\\u043e-\\u043c\\u044b-\\u043f\\u0440\\u043e\\u0438\\u0437\\u0432\\u043e\\u0434\\u0438\\u043c-\\u043e\\u0446\\u0435\\u043d\\u043a\\u0443-\\u0438-\\u043f\\u0435\\u0440\\u0435\\u043e\\u0446\\u0435\\u043d\\u043a\\u0443-\\u043f\\u043e-\\u043c\\u0441\\u0444\\u043e-\\u0438-\\u0440\\u0441\\u0431\\u0443-\\u0431\\u043e\\u043b\\u0435\\u0435-200-\\u043e\\u0431\\u044a\\u0435\\u043a\\u0442\\u043e\\u0432-\\u043d\\u0435\\u0434\\u0432\\u0438\\u0436\\u0438\\u043c\\u043e\\u0441\\u0442\\u0438-\\u0435\\u0436\\u0435\\u0433\\u043e\\u0434\\u043d\\u043e-\\u0440\\u0430\\u0441\\u043f\\u043e\\u043b\\u043e\\u0436\\u0435\\u043d\\u043d\\u044b\\u0445-\\u0431\\u043e\\u043b\\u0435\\u0435-\\u0447\\u0435\\u043c-\\u0432-20-\\u0440\\u0435\\u0433\\u0438\\u043e\\u043d\\u0430\\u0445-\\u0440\\u043e\\u0441\\u0441\\u0438\\u0438\",\"postDate\":1493897460,\"expiryDate\":null,\"enabled\":1,\"parentId\":null,\"fields\":{\"51\":[\"108\"],\"30\":\"<p><u>\\u0420\\u0435\\u0437\\u0443\\u043b\\u044c\\u0442\\u0430\\u0442\\u044b \\u043e\\u0446\\u0435\\u043d\\u043a\\u0438<\\/u> \\u0441\\u043f\\u0440\\u0430\\u0432\\u0435\\u0434\\u043b\\u0438\\u0432\\u043e\\u0439 (\\u0440\\u044b\\u043d\\u043e\\u0447\\u043d\\u043e\\u0439) \\u0441\\u0442\\u043e\\u0438\\u043c\\u043e\\u0441\\u0442\\u0438 \\u0438 \\u0440\\u044b\\u043d\\u043e\\u0447\\u043d\\u043e\\u0439 \\u0441\\u0442\\u0430\\u0432\\u043a\\u0438 \\u0430\\u0440\\u0435\\u043d\\u0434\\u043d\\u043e\\u0439 \\u043f\\u043b\\u0430\\u0442\\u044b \\u043e\\u0431\\u044a\\u0435\\u043a\\u0442\\u043e\\u0432 \\u043d\\u0435\\u0434\\u0432\\u0438\\u0436\\u0438\\u043c\\u043e\\u0441\\u0442\\u0438 \\u0431\\u044b\\u043b\\u0438 \\u0438\\u0441\\u043f\\u043e\\u043b\\u044c\\u0437\\u043e\\u0432\\u0430\\u043d\\u044b \\u043f\\u0440\\u0438 \\u043f\\u0440\\u0438\\u043d\\u044f\\u0442\\u0438\\u0438 \\u0443\\u043f\\u0440\\u0430\\u0432\\u043b\\u0435\\u043d\\u0447\\u0435\\u0441\\u043a\\u0438\\u0445 \\u0440\\u0435\\u0448\\u0435\\u043d\\u0438\\u0439, \\u043a\\u0430\\u043a \\u0434\\u043b\\u044f \\u0446\\u0435\\u043b\\u0435\\u0439 \\u043f\\u0440\\u043e\\u0434\\u0430\\u0436\\u0438, \\u0442\\u0430\\u043a \\u0438 \\u0434\\u043b\\u044f \\u0441\\u0434\\u0430\\u0447\\u0438 \\u043e\\u0431\\u044a\\u0435\\u043a\\u0442\\u043e\\u0432 \\u0432 \\u0430\\u0440\\u0435\\u043d\\u0434\\u0443, \\u0430 \\u0442\\u0430\\u043a\\u0436\\u0435 \\u0434\\u043b\\u044f \\u043f\\u043e\\u0434\\u0433\\u043e\\u0442\\u043e\\u0432\\u043a\\u0438 \\u0444\\u0438\\u043d\\u0430\\u043d\\u0441\\u043e\\u0432\\u043e\\u0439 \\u043e\\u0442\\u0447\\u0435\\u0442\\u043d\\u043e\\u0441\\u0442\\u0438 \\u043a\\u043e\\u043c\\u043f\\u0430\\u043d\\u0438\\u0438 \\u0432 \\u0441\\u043e\\u043e\\u0442\\u0432\\u0435\\u0442\\u0441\\u0442\\u0432\\u0438\\u0438 \\u0441 \\u0442\\u0440\\u0435\\u0431\\u043e\\u0432\\u0430\\u043d\\u0438\\u044f\\u043c\\u0438 \\u041c\\u0421\\u0424\\u041e, \\u0432 \\u0442.\\u0447. \\u041c\\u0421\\u0424O13. \\u0421\\u043e\\u0433\\u043b\\u0430\\u0441\\u043e\\u0432\\u0430\\u043d\\u0438\\u0435 \\u0440\\u0435\\u0437\\u0443\\u043b\\u044c\\u0442\\u0430\\u0442\\u043e\\u0432 \\u043e\\u0446\\u0435\\u043d\\u043a\\u0438 \\u0441 \\u043c\\u0435\\u0436\\u0434\\u0443\\u043d\\u0430\\u0440\\u043e\\u0434\\u043d\\u044b\\u043c\\u0438 \\u0430\\u0443\\u0434\\u0438\\u0442\\u043e\\u0440\\u0441\\u043a\\u0438\\u043c\\u0438 \\u043a\\u043e\\u043c\\u043f\\u0430\\u043d\\u0438\\u044f\\u043c\\u0438 \\u0438\\u0437 BIG4.<\\/p>\",\"38\":[\"36\"],\"39\":\"\",\"37\":\"\",\"32\":\"\",\"31\":\"\"}}', '2017-05-04 11:35:08', '2017-05-04 11:35:08', '03a0ada2-847e-40c4-8b90-d333b75e5244'),
 ('98', '111', '6', '1', 'ru', '2', '', '{\"typeId\":\"6\",\"authorId\":\"1\",\"title\":\"\\u041f\\u043e \\u0437\\u0430\\u043a\\u0430\\u0437\\u0443 \\u0441\\u0442\\u0440\\u0430\\u0445\\u043e\\u0432\\u043e\\u0439 \\u043a\\u043e\\u043c\\u043f\\u0430\\u043d\\u0438\\u0438 \\u0431\\u044b\\u043b\\u0430 \\u043f\\u0440\\u043e\\u0432\\u0435\\u0434\\u0435\\u043d\\u0430 \\u0440\\u0430\\u0431\\u043e\\u0442\\u0430 \\u043f\\u043e \\u0432\\u044b\\u044f\\u0432\\u043b\\u0435\\u043d\\u0438\\u044e \\u043e\\u0431\\u044a\\u0435\\u043c\\u043e\\u0432 \\u0438 \\u0441\\u0442\\u043e\\u0438\\u043c\\u043e\\u0441\\u0442\\u0438 \\u043f\\u043e\\u0432\\u0440\\u0435\\u0436\\u0434\\u0435\\u043d\\u043d\\u043e\\u0433\\u043e \\u0438\\u043c\\u0443\\u0449\\u0435\\u0441\\u0442\\u0432\\u0430 \\u0432 \\u0440\\u0435\\u0437\\u0443\\u043b\\u044c\\u0442\\u0430\\u0442\\u0435 \\u0432\\u0437\\u0440\\u044b\\u0432\\u0430, \\u043f\\u0440\\u043e\\u0438\\u0437\\u043e\\u0448\\u0435\\u0434\\u0448\\u0435\\u0433\\u043e \\u043d\\u0430 \\u0433\\u0430\\u0437\\u043e\\u043a\\u043e\\u043d\\u0434\\u0435\\u043d\\u0441\\u0430\\u0442\\u043d\\u043e\\u043c \\u0437\\u0430\\u0432\\u043e\\u0434\\u0435. \\u0417\\u0430\\u044f\\u0432\\u043b\\u0435\\u043d\\u043d\\u0430\\u044f \\u0421\\u0442\\u0440\\u0430\\u0445\\u043e\\u0432\\u0430\\u0442\\u0435\\u043b\\u0435\\u043c \\u0441\\u0443\\u043c\\u043c\\u0430 \\u0441\\u0442\\u0440\\u0430\\u0445\\u043e\\u0432\\u043e\\u0433\\u043e \\u0432\\u043e\\u0437\\u043c\\u0435\\u0449\\u0435\\u043d\\u0438\\u044f \\u0431\\u043e\\u043b\\u0435\\u0435 600 \\u043c\\u043b\\u043d.\\u0440.\",\"slug\":\"\\u043f\\u043e-\\u0437\\u0430\\u043a\\u0430\\u0437\\u0443-\\u0441\\u0442\\u0440\\u0430\\u0445\\u043e\\u0432\\u043e\\u0439-\\u043a\\u043e\\u043c\\u043f\\u0430\\u043d\\u0438\\u0438-\\u0431\\u044b\\u043b\\u0430-\\u043f\\u0440\\u043e\\u0432\\u0435\\u0434\\u0435\\u043d\\u0430-\\u0440\\u0430\\u0431\\u043e\\u0442\\u0430-\\u043f\\u043e-\\u0432\\u044b\\u044f\\u0432\\u043b\\u0435\\u043d\\u0438\\u044e-\\u043e\\u0431\\u044a\\u0435\\u043c\\u043e\\u0432-\\u0438-\\u0441\\u0442\\u043e\\u0438\\u043c\\u043e\\u0441\\u0442\\u0438-\\u043f\\u043e\\u0432\\u0440\\u0435\\u0436\\u0434\\u0435\\u043d\\u043d\\u043e\\u0433\\u043e-\\u0438\\u043c\\u0443\\u0449\\u0435\\u0441\\u0442\\u0432\\u0430-\\u0432-\\u0440\\u0435\\u0437\\u0443\\u043b\\u044c\\u0442\\u0430\\u0442\\u0435-\\u0432\\u0437\\u0440\\u044b\\u0432\\u0430-\\u043f\\u0440\\u043e\\u0438\\u0437\\u043e\\u0448\\u0435\\u0434\\u0448\\u0435\\u0433\\u043e-\\u043d\\u0430-\\u0433\\u0430\\u0437\\u043e\\u043a\\u043e\\u043d\\u0434\\u0435\\u043d\\u0441\\u0430\\u0442\\u043d\\u043e\\u043c-\\u0437\\u0430\\u0432\\u043e\\u0434\\u0435-\\u0437\\u0430\\u044f\\u0432\\u043b\\u0435\\u043d\\u043d\\u0430\\u044f-\\u0441\\u0442\\u0440\\u0430\\u0445\\u043e\\u0432\\u0430\\u0442\\u0435\\u043b\\u0435\\u043c-\\u0441\\u0443\\u043c\\u043c\\u0430-\\u0441\\u0442\\u0440\\u0430\\u0445\\u043e\\u0432\\u043e\\u0433\\u043e-\\u0432\\u043e\\u0437\\u043c\\u0435\\u0449\\u0435\\u043d\\u0438\\u044f-\\u0431\\u043e\\u043b\\u0435\\u0435-600-\\u043c\\u043b\\u043d-\\u0440\",\"postDate\":1493897400,\"expiryDate\":null,\"enabled\":1,\"parentId\":null,\"fields\":{\"51\":[\"108\"],\"30\":\"<p><u>\\u041e\\u043a\\u0430\\u0437\\u0430\\u043d\\u0438\\u0435 \\u0443\\u0441\\u043b\\u0443\\u0433<\\/u>: \\u0410\\u043d\\u0430\\u043b\\u0438\\u0437 \\u0442\\u0435\\u0445\\u043d\\u0438\\u0447\\u0435\\u0441\\u043a\\u043e\\u0439 \\u0434\\u043e\\u043a\\u0443\\u043c\\u0435\\u043d\\u0442\\u0430\\u0446\\u0438\\u0438, \\u043e\\u0446\\u0435\\u043d\\u043a\\u0430 \\u0441\\u0442\\u0435\\u043f\\u0435\\u043d\\u0438 \\u043f\\u043e\\u0432\\u0440\\u0435\\u0436\\u0434\\u0435\\u043d\\u0438\\u044f \\u0438 \\u0441\\u043e\\u0441\\u0442\\u043e\\u044f\\u043d\\u0438\\u044f \\u043f\\u043e\\u0432\\u0440\\u0435\\u0436\\u0434\\u0435\\u043d\\u043d\\u044b\\u0445 \\u043e\\u0431\\u044a\\u0435\\u043a\\u0442\\u043e\\u0432, \\u043e\\u0446\\u0435\\u043d\\u043a\\u0430 \\u0441\\u0442\\u043e\\u0438\\u043c\\u043e\\u0441\\u0442\\u0438 \\u0432\\u043e\\u0441\\u0441\\u0442\\u0430\\u043d\\u043e\\u0432\\u0438\\u0442\\u0435\\u043b\\u044c\\u043d\\u044b\\u0445 \\u0440\\u0430\\u0431\\u043e\\u0442 \\u0438 \\u0437\\u0430\\u0442\\u0440\\u0430\\u0442.<\\/p>\\r\\n<p><u>\\u041e\\u0441\\u043e\\u0431\\u0435\\u043d\\u043d\\u043e\\u0441\\u0442\\u0438:<\\/u> \\u0421\\u043b\\u043e\\u0436\\u043d\\u043e\\u0441\\u0442\\u044c \\u0438\\u0434\\u0435\\u043d\\u0442\\u0438\\u0444\\u0438\\u043a\\u0430\\u0446\\u0438\\u0438 \\u043f\\u043e\\u0441\\u0442\\u0440\\u0430\\u0434\\u0430\\u0432\\u0448\\u0435\\u0433\\u043e \\u0438\\u043c\\u0443\\u0449\\u0435\\u0441\\u0442\\u0432\\u0430. \\u041f\\u0440\\u0438\\u0432\\u043b\\u0435\\u0447\\u0435\\u043d\\u0438\\u0435 \\u044d\\u043a\\u0441\\u043f\\u0435\\u0440\\u0442\\u043e\\u0432 \\u0432 \\u043e\\u0431\\u043b\\u0430\\u0441\\u0442\\u0438 \\u0441\\u0442\\u0440\\u043e\\u0438\\u0442\\u0435\\u043b\\u044c\\u043d\\u043e\\u0439 \\u044d\\u043a\\u0441\\u043f\\u0435\\u0440\\u0442\\u0438\\u0437\\u044b. \\u041c\\u043d\\u043e\\u0433\\u043e\\u043a\\u0440\\u0430\\u0442\\u043d\\u044b\\u0435 \\u0432\\u0441\\u0442\\u0440\\u0435\\u0447\\u0438 \\u0441 \\u043f\\u0440\\u0435\\u0434\\u0441\\u0442\\u0430\\u0432\\u0438\\u0442\\u0435\\u043b\\u044f\\u043c\\u0438 \\u0441\\u0442\\u0440\\u0430\\u0445\\u043e\\u0432\\u0430\\u0442\\u0435\\u043b\\u044f. \\u041e\\u0442\\u0441\\u0443\\u0442\\u0441\\u0442\\u0432\\u0438\\u0435 \\u043a\\u043e\\u043d\\u043a\\u0443\\u0440\\u0435\\u043d\\u0446\\u0438\\u0438 \\u043f\\u043e\\u0441\\u0442\\u0430\\u0432\\u0449\\u0438\\u043a\\u043e\\u0432 \\u043e\\u0431\\u043e\\u0440\\u0443\\u0434\\u043e\\u0432\\u0430\\u043d\\u0438\\u044f \\u0438 \\u0441\\u0442\\u0440\\u043e\\u0438\\u0442\\u0435\\u043b\\u044c\\u043d\\u044b\\u0445 \\u0443\\u0441\\u043b\\u0443\\u0433 \\u0432 \\u0441\\u0432\\u044f\\u0437\\u0438 \\u0441\\u043e \\u0441\\u043f\\u0435\\u0446\\u0438\\u0444\\u0438\\u043a\\u043e\\u0439 \\u043f\\u0440\\u0435\\u0434\\u043f\\u0440\\u0438\\u044f\\u0442\\u0438\\u044f. \\u0418\\u0441\\u043a\\u043b\\u044e\\u0447\\u0435\\u043d\\u0438\\u0435 \\u0438\\u0437 \\u043f\\u0435\\u0440\\u0435\\u0447\\u043d\\u044f \\u0440\\u044f\\u0434\\u0430 \\u0437\\u0430\\u044f\\u0432\\u043b\\u0435\\u043d\\u043d\\u043e\\u0433\\u043e \\u043e\\u0431\\u043e\\u0440\\u0443\\u0434\\u043e\\u0432\\u0430\\u043d\\u0438\\u044f, \\u0442\\u0430\\u043a \\u043a\\u0430\\u043a \\u0432 \\u0440\\u0435\\u0437\\u0443\\u043b\\u044c\\u0442\\u0430\\u0442\\u0435 \\u0430\\u0432\\u0430\\u0440\\u0438\\u0438 \\u0443 \\u0447\\u0430\\u0441\\u0442\\u0438 \\u043e\\u0431\\u043e\\u0440\\u0443\\u0434\\u043e\\u0432\\u0430\\u043d\\u0438\\u044f \\u043f\\u043e\\u0441\\u0442\\u0440\\u0430\\u0434\\u0430\\u043b \\u043b\\u0438\\u0448\\u044c \\u043a\\u043e\\u0436\\u0443\\u0445 \\u0438\\u043b\\u0438 \\u0437\\u0430\\u043c\\u0435\\u043d\\u044f\\u0435\\u043c\\u044b\\u0435 \\u0447\\u0430\\u0441\\u0442\\u0438. \\u0418\\u0441\\u043a\\u043b\\u044e\\u0447\\u0435\\u043d\\u0438\\u0435 \\u0438\\u0437 \\u0441\\u043c\\u0435\\u0442\\u044b \\u0437\\u0430\\u0442\\u0440\\u0430\\u0442 \\u043d\\u0430 \\u043c\\u043e\\u0434\\u0435\\u0440\\u043d\\u0438\\u0437\\u0430\\u0446\\u0438\\u044e \\u043a\\u0430\\u0431\\u0435\\u043b\\u044f \\u0438 \\u0437\\u0430\\u0442\\u0440\\u0430\\u0442\\u044b \\u043d\\u0430 \\u043f\\u0435\\u0440\\u0435\\u043a\\u043b\\u0430\\u0434\\u043a\\u0443 \\u043f\\u0435\\u0440\\u0435\\u0434\\u0430\\u0442\\u043e\\u0447\\u043d\\u044b\\u0445 \\u0443\\u0441\\u0442\\u0440\\u043e\\u0439\\u0441\\u0442\\u0432 \\u043f\\u043e \\u043d\\u043e\\u0432\\u043e\\u043c\\u0443 \\u043f\\u0440\\u043e\\u0435\\u043a\\u0442\\u0443, \\u043a\\u043e\\u0442\\u043e\\u0440\\u044b\\u0439 \\u043f\\u0440\\u0435\\u0434\\u043f\\u043e\\u043b\\u0430\\u0433\\u0430\\u043b \\u0443\\u0432\\u0435\\u043b\\u0438\\u0447\\u0435\\u043d\\u0438\\u0435 \\u0442\\u0440\\u0430\\u0441\\u0441\\u044b \\u0431\\u043e\\u043b\\u0435\\u0435 \\u0447\\u0435\\u043c \\u043d\\u0430 10 \\u043a\\u043c. \\u0421\\u0442\\u0440\\u0430\\u0445\\u043e\\u0432\\u0430\\u044f \\u0441\\u0442\\u043e\\u0438\\u043c\\u043e\\u0441\\u0442\\u044c \\u0431\\u0435\\u0437 \\u0443\\u0447\\u0435\\u0442\\u0430 \\u0438\\u0437\\u043d\\u043e\\u0441\\u0430 (\\u043f\\u043e \\u0414\\u043e\\u0433\\u043e\\u0432\\u043e\\u0440\\u0443 \\u0441\\u0442\\u0440\\u0430\\u0445\\u043e\\u0432\\u0430\\u043d\\u0438\\u044f).\\r\\n  <\\/p>\\r\\n<p><u>\\u0420\\u0435\\u0437\\u0443\\u043b\\u044c\\u0442\\u0430\\u0442\\u044b \\u0440\\u0430\\u0431\\u043e\\u0442\\u044b<\\/u>: \\u0441\\u043e\\u0433\\u043b\\u0430\\u0441\\u043e\\u0432\\u0430\\u043d\\u043d\\u044b\\u0439 \\u043e\\u0442\\u0447\\u0435\\u0442 \\u043f\\u043e \\u043e\\u043f\\u0440\\u0435\\u0434\\u0435\\u043b\\u0435\\u043d\\u0438\\u044e \\u043e\\u0431\\u044a\\u0435\\u043c\\u043e\\u0432 \\u043f\\u043e\\u0432\\u0440\\u0435\\u0436\\u0434\\u0435\\u043d\\u043d\\u043e\\u0433\\u043e \\u0438\\u043c\\u0443\\u0449\\u0435\\u0441\\u0442\\u0432\\u0430 \\u0438 \\u043e\\u043f\\u0440\\u0435\\u0434\\u0435\\u043b\\u0435\\u043d\\u0438\\u044e \\u0441\\u0443\\u043c\\u043c\\u044b \\u0441\\u0442\\u0440\\u0430\\u0445\\u043e\\u0432\\u043e\\u0433\\u043e \\u0432\\u043e\\u0437\\u043c\\u0435\\u0449\\u0435\\u043d\\u0438\\u044f \\u043f\\u043e \\u0430\\u0432\\u0430\\u0440\\u0438\\u0439\\u043d\\u043e\\u2013\\u0432\\u043e\\u0441\\u0441\\u0442\\u0430\\u043d\\u043e\\u0432\\u0438\\u0442\\u0435\\u043b\\u044c\\u043d\\u043e\\u043c\\u0443 \\u0440\\u0435\\u043c\\u043e\\u043d\\u0442\\u0443 \\u043f\\u043e\\u0432\\u0440\\u0435\\u0436\\u0434\\u0435\\u043d\\u043d\\u043e\\u0433\\u043e \\u043e\\u0431\\u044a\\u0435\\u043a\\u0442\\u0430 (\\u0441\\u043d\\u0438\\u0436\\u0435\\u043d\\u0438\\u0435 \\u0437\\u0430\\u044f\\u0432\\u043b\\u0435\\u043d\\u043d\\u043e\\u0439 \\u0441\\u0442\\u043e\\u0438\\u043c\\u043e\\u0441\\u0442\\u0438 \\u043e\\u0440\\u0438\\u0435\\u043d\\u0442\\u0438\\u0440\\u043e\\u0432\\u043e\\u0447\\u043d\\u043e \\u043d\\u0430 10 %).<\\/p>\",\"38\":[\"36\"],\"39\":\"\",\"37\":\"\",\"32\":\"\",\"31\":\"\"}}', '2017-05-04 11:35:30', '2017-05-04 11:35:30', '478a1c6e-b7ac-4e0e-9a5c-9bd224644c33'),
 ('99', '110', '6', '1', 'ru', '2', '', '{\"typeId\":\"6\",\"authorId\":\"1\",\"title\":\"\\u041f\\u0430\\u043a\\u0435\\u0442 \\u043a\\u043e\\u043d\\u0441\\u0430\\u043b\\u0442\\u0438\\u043d\\u0433\\u043e\\u0432\\u044b\\u0445 \\u0443\\u0441\\u043b\\u0443\\u0433 \\u043f\\u0440\\u0438 \\u0440\\u0435\\u0430\\u043b\\u0438\\u0437\\u0430\\u0446\\u0438\\u0438 \\u043f\\u0440\\u043e\\u0435\\u043a\\u0442\\u0430 \\u043a\\u043e\\u043c\\u043f\\u043b\\u0435\\u043a\\u0441\\u043d\\u043e\\u0439 \\u0437\\u0430\\u0441\\u0442\\u0440\\u043e\\u0439\\u043a\\u0438 \\u0437\\u0435\\u043c\\u0435\\u043b\\u044c\\u043d\\u043e\\u0433\\u043e \\u0443\\u0447\\u0430\\u0441\\u0442\\u043a\\u0430 \\u043f\\u043b\\u043e\\u0449\\u0430\\u0434\\u044c\\u044e 124 \\u0433\\u0430. (\\u0422\\u0443\\u0448\\u0438\\u043d\\u0441\\u043a\\u043e\\u0435 \\u0430\\u044d\\u0440\\u043e\\u043f\\u043e\\u043b\\u0435) \\u0433.\\u041c\\u043e\\u0441\\u043a\\u0432\\u0430.\",\"slug\":\"\\u043f\\u0430\\u043a\\u0435\\u0442-\\u043a\\u043e\\u043d\\u0441\\u0430\\u043b\\u0442\\u0438\\u043d\\u0433\\u043e\\u0432\\u044b\\u0445-\\u0443\\u0441\\u043b\\u0443\\u0433-\\u043f\\u0440\\u0438-\\u0440\\u0435\\u0430\\u043b\\u0438\\u0437\\u0430\\u0446\\u0438\\u0438-\\u043f\\u0440\\u043e\\u0435\\u043a\\u0442\\u0430-\\u043a\\u043e\\u043c\\u043f\\u043b\\u0435\\u043a\\u0441\\u043d\\u043e\\u0439-\\u0437\\u0430\\u0441\\u0442\\u0440\\u043e\\u0439\\u043a\\u0438-\\u0437\\u0435\\u043c\\u0435\\u043b\\u044c\\u043d\\u043e\\u0433\\u043e-\\u0443\\u0447\\u0430\\u0441\\u0442\\u043a\\u0430-\\u043f\\u043b\\u043e\\u0449\\u0430\\u0434\\u044c\\u044e-124-\\u0433\\u0430-\\u0442\\u0443\\u0448\\u0438\\u043d\\u0441\\u043a\\u043e\\u0435-\\u0430\\u044d\\u0440\\u043e\\u043f\\u043e\\u043b\\u0435-\\u0433-\\u043c\\u043e\\u0441\\u043a\\u0432\\u0430\",\"postDate\":1493897340,\"expiryDate\":null,\"enabled\":1,\"parentId\":null,\"fields\":{\"51\":[\"108\"],\"30\":\"<p><u>\\u041e\\u043a\\u0430\\u0437\\u0430\\u043d\\u043d\\u0430\\u044f \\u0443\\u0441\\u043b\\u0443\\u0433\\u0430:<\\/u> \\u041c\\u0430\\u0440\\u043a\\u0435\\u0442\\u0438\\u043d\\u0433\\u043e\\u0432\\u043e\\u0435 \\u0438\\u0441\\u0441\\u043b\\u0435\\u0434\\u043e\\u0432\\u0430\\u043d\\u0438\\u0435 \\u0440\\u044b\\u043d\\u043a\\u0430 \\u043d\\u0435\\u0434\\u0432\\u0438\\u0436\\u0438\\u043c\\u043e\\u0441\\u0442\\u0438 \\u041c\\u043e\\u0441\\u043a\\u0432\\u044b, \\u041e\\u0446\\u0435\\u043d\\u043a\\u0430 \\u0441\\u0442\\u043e\\u0438\\u043c\\u043e\\u0441\\u0442\\u0438 \\u043f\\u0440\\u043e\\u0435\\u043a\\u0442\\u0430, \\u041f\\u043e\\u0441\\u0442\\u0440\\u043e\\u0435\\u043d\\u0438\\u0435 \\u0444\\u0438\\u043d\\u0430\\u043d\\u0441\\u043e\\u0432\\u043e\\u0439 \\u043c\\u043e\\u0434\\u0435\\u043b\\u0438 \\u043f\\u0440\\u043e\\u0435\\u043a\\u0442\\u0430, \\u041e\\u0446\\u0435\\u043d\\u043a\\u0430 \\u0441\\u0442\\u043e\\u0438\\u043c\\u043e\\u0441\\u0442\\u0438 \\u043f\\u0440\\u043e\\u0435\\u043a\\u0442\\u0430, \\u041e\\u0446\\u0435\\u043d\\u043a\\u0430 \\u044d\\u0444\\u0444\\u0435\\u043a\\u0442\\u0438\\u0432\\u043d\\u043e\\u0441\\u0442\\u0438 \\u043f\\u0440\\u043e\\u0435\\u043a\\u0442\\u0430, \\u0410\\u043d\\u0430\\u043b\\u0438\\u0437 \\u0447\\u0443\\u0432\\u0441\\u0442\\u0432\\u0438\\u0442\\u0435\\u043b\\u044c\\u043d\\u043e\\u0441\\u0442\\u0438 \\u043f\\u0440\\u043e\\u0435\\u043a\\u0442\\u0430 \\u043a \\u0438\\u0437\\u043c\\u0435\\u043d\\u0435\\u043d\\u0438\\u044e \\u043a\\u043e\\u043d\\u044a\\u044e\\u043d\\u043a\\u0442\\u0443\\u0440\\u044b \\u0440\\u044b\\u043d\\u043a\\u0430, \\u0441\\u0442\\u0440\\u0435\\u0441\\u0441-\\u043c\\u043e\\u0434\\u0435\\u043b\\u044c\\r\\n  <\\/p>\\r\\n<p><u>\\u0422\\u0435\\u043a\\u0443\\u0449\\u0430\\u044f \\u0441\\u0438\\u0442\\u0443\\u0430\\u0446\\u0438\\u044f:<\\/u> \\u041f\\u043e\\u043b\\u0443\\u0447\\u0435\\u043d\\u0430 \\u0432\\u0441\\u044f \\u0440\\u0430\\u0437\\u0440\\u0435\\u0448\\u0438\\u0442\\u0435\\u043b\\u044c\\u043d\\u0430\\u044f \\u0434\\u043e\\u043a\\u0443\\u043c\\u0435\\u043d\\u0442\\u0430\\u0446\\u0438\\u044f, \\u043f\\u043e\\u0441\\u0442\\u0440\\u043e\\u0435\\u043d\\u044b \\u0421\\u0442\\u0430\\u0434\\u0438\\u043e\\u043d \\u00ab\\u0421\\u043f\\u0430\\u0440\\u0442\\u0430\\u043a\\u00bb, \\u0436\\u0438\\u043b\\u044b\\u0435 \\u0434\\u043e\\u043c\\u0430 \\u0432 \\u0440\\u0430\\u043c\\u043a\\u0430\\u0445 \\u043f\\u0435\\u0440\\u0432\\u043e\\u0439 \\u043e\\u0447\\u0435\\u0440\\u0435\\u0434\\u0438, \\u0432\\u0435\\u0434\\u0443\\u0442\\u0441\\u044f \\u043f\\u0440\\u043e\\u0435\\u043a\\u0442\\u043d\\u044b\\u0435 \\u0440\\u0430\\u0431\\u043e\\u0442\\u044b \\u0432 \\u043e\\u0442\\u043d\\u043e\\u0448\\u0435\\u043d\\u0438\\u0438 \\u043e\\u0441\\u0442\\u0430\\u043b\\u044c\\u043d\\u044b\\u0445 \\u043e\\u0431\\u044a\\u0435\\u043a\\u0442\\u043e\\u0432.<\\/p>\",\"38\":[\"36\"],\"39\":\"\",\"37\":[\"26\"],\"32\":\"\",\"31\":\"\"}}', '2017-05-04 11:36:03', '2017-05-04 11:36:03', 'ae38abfc-faf4-4cb3-b0b2-3cd4ab03b4c3'),
 ('100', '110', '6', '1', 'ru', '3', '', '{\"typeId\":\"6\",\"authorId\":\"1\",\"title\":\"\\u041f\\u0430\\u043a\\u0435\\u0442 \\u043a\\u043e\\u043d\\u0441\\u0430\\u043b\\u0442\\u0438\\u043d\\u0433\\u043e\\u0432\\u044b\\u0445 \\u0443\\u0441\\u043b\\u0443\\u0433 \\u043f\\u0440\\u0438 \\u0440\\u0435\\u0430\\u043b\\u0438\\u0437\\u0430\\u0446\\u0438\\u0438 \\u043f\\u0440\\u043e\\u0435\\u043a\\u0442\\u0430 \\u043a\\u043e\\u043c\\u043f\\u043b\\u0435\\u043a\\u0441\\u043d\\u043e\\u0439 \\u0437\\u0430\\u0441\\u0442\\u0440\\u043e\\u0439\\u043a\\u0438 \\u0437\\u0435\\u043c\\u0435\\u043b\\u044c\\u043d\\u043e\\u0433\\u043e \\u0443\\u0447\\u0430\\u0441\\u0442\\u043a\\u0430 \\u043f\\u043b\\u043e\\u0449\\u0430\\u0434\\u044c\\u044e 124 \\u0433\\u0430. (\\u0422\\u0443\\u0448\\u0438\\u043d\\u0441\\u043a\\u043e\\u0435 \\u0430\\u044d\\u0440\\u043e\\u043f\\u043e\\u043b\\u0435) \\u0433.\\u041c\\u043e\\u0441\\u043a\\u0432\\u0430.\",\"slug\":\"\\u043f\\u0430\\u043a\\u0435\\u0442-\\u043a\\u043e\\u043d\\u0441\\u0430\\u043b\\u0442\\u0438\\u043d\\u0433\\u043e\\u0432\\u044b\\u0445-\\u0443\\u0441\\u043b\\u0443\\u0433-\\u043f\\u0440\\u0438-\\u0440\\u0435\\u0430\\u043b\\u0438\\u0437\\u0430\\u0446\\u0438\\u0438-\\u043f\\u0440\\u043e\\u0435\\u043a\\u0442\\u0430-\\u043a\\u043e\\u043c\\u043f\\u043b\\u0435\\u043a\\u0441\\u043d\\u043e\\u0439-\\u0437\\u0430\\u0441\\u0442\\u0440\\u043e\\u0439\\u043a\\u0438-\\u0437\\u0435\\u043c\\u0435\\u043b\\u044c\\u043d\\u043e\\u0433\\u043e-\\u0443\\u0447\\u0430\\u0441\\u0442\\u043a\\u0430-\\u043f\\u043b\\u043e\\u0449\\u0430\\u0434\\u044c\\u044e-124-\\u0433\\u0430-\\u0442\\u0443\\u0448\\u0438\\u043d\\u0441\\u043a\\u043e\\u0435-\\u0430\\u044d\\u0440\\u043e\\u043f\\u043e\\u043b\\u0435-\\u0433-\\u043c\\u043e\\u0441\\u043a\\u0432\\u0430\",\"postDate\":1493897340,\"expiryDate\":null,\"enabled\":1,\"parentId\":null,\"fields\":{\"51\":[\"108\"],\"30\":\"<p><u>\\u041e\\u043a\\u0430\\u0437\\u0430\\u043d\\u043d\\u0430\\u044f \\u0443\\u0441\\u043b\\u0443\\u0433\\u0430:<\\/u> \\u041c\\u0430\\u0440\\u043a\\u0435\\u0442\\u0438\\u043d\\u0433\\u043e\\u0432\\u043e\\u0435 \\u0438\\u0441\\u0441\\u043b\\u0435\\u0434\\u043e\\u0432\\u0430\\u043d\\u0438\\u0435 \\u0440\\u044b\\u043d\\u043a\\u0430 \\u043d\\u0435\\u0434\\u0432\\u0438\\u0436\\u0438\\u043c\\u043e\\u0441\\u0442\\u0438 \\u041c\\u043e\\u0441\\u043a\\u0432\\u044b, \\u041e\\u0446\\u0435\\u043d\\u043a\\u0430 \\u0441\\u0442\\u043e\\u0438\\u043c\\u043e\\u0441\\u0442\\u0438 \\u043f\\u0440\\u043e\\u0435\\u043a\\u0442\\u0430, \\u041f\\u043e\\u0441\\u0442\\u0440\\u043e\\u0435\\u043d\\u0438\\u0435 \\u0444\\u0438\\u043d\\u0430\\u043d\\u0441\\u043e\\u0432\\u043e\\u0439 \\u043c\\u043e\\u0434\\u0435\\u043b\\u0438 \\u043f\\u0440\\u043e\\u0435\\u043a\\u0442\\u0430, \\u041e\\u0446\\u0435\\u043d\\u043a\\u0430 \\u0441\\u0442\\u043e\\u0438\\u043c\\u043e\\u0441\\u0442\\u0438 \\u043f\\u0440\\u043e\\u0435\\u043a\\u0442\\u0430, \\u041e\\u0446\\u0435\\u043d\\u043a\\u0430 \\u044d\\u0444\\u0444\\u0435\\u043a\\u0442\\u0438\\u0432\\u043d\\u043e\\u0441\\u0442\\u0438 \\u043f\\u0440\\u043e\\u0435\\u043a\\u0442\\u0430, \\u0410\\u043d\\u0430\\u043b\\u0438\\u0437 \\u0447\\u0443\\u0432\\u0441\\u0442\\u0432\\u0438\\u0442\\u0435\\u043b\\u044c\\u043d\\u043e\\u0441\\u0442\\u0438 \\u043f\\u0440\\u043e\\u0435\\u043a\\u0442\\u0430 \\u043a \\u0438\\u0437\\u043c\\u0435\\u043d\\u0435\\u043d\\u0438\\u044e \\u043a\\u043e\\u043d\\u044a\\u044e\\u043d\\u043a\\u0442\\u0443\\u0440\\u044b \\u0440\\u044b\\u043d\\u043a\\u0430, \\u0441\\u0442\\u0440\\u0435\\u0441\\u0441-\\u043c\\u043e\\u0434\\u0435\\u043b\\u044c\\r\\n  <\\/p>\\r\\n<p><u>\\u0422\\u0435\\u043a\\u0443\\u0449\\u0430\\u044f \\u0441\\u0438\\u0442\\u0443\\u0430\\u0446\\u0438\\u044f:<\\/u> \\u041f\\u043e\\u043b\\u0443\\u0447\\u0435\\u043d\\u0430 \\u0432\\u0441\\u044f \\u0440\\u0430\\u0437\\u0440\\u0435\\u0448\\u0438\\u0442\\u0435\\u043b\\u044c\\u043d\\u0430\\u044f \\u0434\\u043e\\u043a\\u0443\\u043c\\u0435\\u043d\\u0442\\u0430\\u0446\\u0438\\u044f, \\u043f\\u043e\\u0441\\u0442\\u0440\\u043e\\u0435\\u043d\\u044b \\u0421\\u0442\\u0430\\u0434\\u0438\\u043e\\u043d \\u00ab\\u0421\\u043f\\u0430\\u0440\\u0442\\u0430\\u043a\\u00bb, \\u0436\\u0438\\u043b\\u044b\\u0435 \\u0434\\u043e\\u043c\\u0430 \\u0432 \\u0440\\u0430\\u043c\\u043a\\u0430\\u0445 \\u043f\\u0435\\u0440\\u0432\\u043e\\u0439 \\u043e\\u0447\\u0435\\u0440\\u0435\\u0434\\u0438, \\u0432\\u0435\\u0434\\u0443\\u0442\\u0441\\u044f \\u043f\\u0440\\u043e\\u0435\\u043a\\u0442\\u043d\\u044b\\u0435 \\u0440\\u0430\\u0431\\u043e\\u0442\\u044b \\u0432 \\u043e\\u0442\\u043d\\u043e\\u0448\\u0435\\u043d\\u0438\\u0438 \\u043e\\u0441\\u0442\\u0430\\u043b\\u044c\\u043d\\u044b\\u0445 \\u043e\\u0431\\u044a\\u0435\\u043a\\u0442\\u043e\\u0432.<\\/p>\",\"38\":[\"36\"],\"39\":\"\",\"37\":[\"26\"],\"32\":\"\",\"31\":\"\"}}', '2017-05-04 11:36:11', '2017-05-04 11:36:11', '2322b64f-1db3-46c2-892a-9fcc644b74b0'),
 ('101', '109', '6', '1', 'ru', '2', '', '{\"typeId\":\"6\",\"authorId\":\"1\",\"title\":\"\\u041f\\u0430\\u043a\\u0435\\u0442 \\u043a\\u043e\\u043d\\u0441\\u0430\\u043b\\u0442\\u0438\\u043d\\u0433\\u043e\\u0432\\u044b\\u0445 \\u0443\\u0441\\u043b\\u0443\\u0433 \\u043f\\u0440\\u0438 \\u0440\\u0435\\u0430\\u043b\\u0438\\u0437\\u0430\\u0446\\u0438\\u0438 \\u043f\\u0440\\u043e\\u0435\\u043a\\u0442\\u0430 \\u043a\\u043e\\u043c\\u043f\\u043b\\u0435\\u043a\\u0441\\u043d\\u043e\\u0439 \\u0437\\u0430\\u0441\\u0442\\u0440\\u043e\\u0439\\u043a\\u0438 \\u0437\\u0435\\u043c\\u0435\\u043b\\u044c\\u043d\\u043e\\u0433\\u043e \\u0443\\u0447\\u0430\\u0441\\u0442\\u043a\\u0430 \\u043f\\u043b\\u043e\\u0449\\u0430\\u0434\\u044c\\u044e 136,7 \\u0433\\u0430. (\\u0425\\u043e\\u0434\\u044b\\u043d\\u0441\\u043a\\u043e\\u0435 \\u043f\\u043e\\u043b\\u0435) \\u0433.\\u041c\\u043e\\u0441\\u043a\\u0432\\u0430.\",\"slug\":\"\\u043f\\u0430\\u043a\\u0435\\u0442-\\u043a\\u043e\\u043d\\u0441\\u0430\\u043b\\u0442\\u0438\\u043d\\u0433\\u043e\\u0432\\u044b\\u0445-\\u0443\\u0441\\u043b\\u0443\\u0433-\\u043f\\u0440\\u0438-\\u0440\\u0435\\u0430\\u043b\\u0438\\u0437\\u0430\\u0446\\u0438\\u0438-\\u043f\\u0440\\u043e\\u0435\\u043a\\u0442\\u0430-\\u043a\\u043e\\u043c\\u043f\\u043b\\u0435\\u043a\\u0441\\u043d\\u043e\\u0439-\\u0437\\u0430\\u0441\\u0442\\u0440\\u043e\\u0439\\u043a\\u0438-\\u0437\\u0435\\u043c\\u0435\\u043b\\u044c\\u043d\\u043e\\u0433\\u043e-\\u0443\\u0447\\u0430\\u0441\\u0442\\u043a\\u0430-\\u043f\\u043b\\u043e\\u0449\\u0430\\u0434\\u044c\\u044e-136-7-\\u0433\\u0430-\\u0445\\u043e\\u0434\\u044b\\u043d\\u0441\\u043a\\u043e\\u0435-\\u043f\\u043e\\u043b\\u0435-\\u0433-\\u043c\\u043e\\u0441\\u043a\\u0432\\u0430\",\"postDate\":1493897340,\"expiryDate\":null,\"enabled\":1,\"parentId\":null,\"fields\":{\"51\":[\"108\"],\"30\":\"<p><u>\\u041e\\u043a\\u0430\\u0437\\u0430\\u043d\\u043d\\u0430\\u044f \\u0443\\u0441\\u043b\\u0443\\u0433\\u0430:<\\/u> \\u041c\\u0430\\u0440\\u043a\\u0435\\u0442\\u0438\\u043d\\u0433\\u043e\\u0432\\u043e\\u0435 \\u0438\\u0441\\u0441\\u043b\\u0435\\u0434\\u043e\\u0432\\u0430\\u043d\\u0438\\u0435 \\u0440\\u044b\\u043d\\u043a\\u0430 \\u043d\\u0435\\u0434\\u0432\\u0438\\u0436\\u0438\\u043c\\u043e\\u0441\\u0442\\u0438 \\u041c\\u043e\\u0441\\u043a\\u0432\\u044b, \\u041e\\u0446\\u0435\\u043d\\u043a\\u0430 \\u0441\\u0442\\u043e\\u0438\\u043c\\u043e\\u0441\\u0442\\u0438 \\u043f\\u0440\\u043e\\u0435\\u043a\\u0442\\u0430, \\u041f\\u043e\\u0441\\u0442\\u0440\\u043e\\u0435\\u043d\\u0438\\u0435 \\u0444\\u0438\\u043d\\u0430\\u043d\\u0441\\u043e\\u0432\\u043e\\u0439 \\u043c\\u043e\\u0434\\u0435\\u043b\\u0438 \\u043f\\u0440\\u043e\\u0435\\u043a\\u0442\\u0430<\\/p>\\r\\n<p><u>\\u0422\\u0435\\u043a\\u0443\\u0449\\u0430\\u044f \\u0441\\u0438\\u0442\\u0443\\u0430\\u0446\\u0438\\u044f:<\\/u> \\u041a\\u043e\\u043c\\u043f\\u043b\\u0435\\u043a\\u0441\\u043d\\u0430\\u044f \\u0437\\u0430\\u0441\\u0442\\u0440\\u043e\\u0439\\u043a\\u0430 \\u0437\\u0430\\u0432\\u0435\\u0440\\u0448\\u0435\\u043d\\u0430 \\u0441\\u0442\\u0440\\u043e\\u0438\\u0442\\u0435\\u043b\\u044c\\u0441\\u0442\\u0432\\u043e\\u043c, \\u041e\\u0446\\u0435\\u043d\\u0438\\u0432\\u0430\\u0435\\u043c\\u044b\\u0435 \\u0437\\u0434\\u0430\\u043d\\u0438\\u044f \\u0432\\u0432\\u0435\\u0434\\u0435\\u043d\\u044b \\u0432 \\u044d\\u043a\\u0441\\u043f\\u043b\\u0443\\u0430\\u0442\\u0430\\u0446\\u0438\\u044e.\\r\\n  <\\/p>\",\"38\":[\"36\"],\"39\":\"\",\"37\":[\"26\"],\"32\":\"\",\"31\":\"\"}}', '2017-05-04 11:37:17', '2017-05-04 11:37:17', '120cbf4d-8445-4e4e-b393-e86439b52088'),
 ('102', '114', '6', '1', 'ru', '1', '', '{\"typeId\":null,\"authorId\":\"1\",\"title\":\"\\u0412 \\u0440\\u0430\\u043c\\u043a\\u0430\\u0445 \\u043f\\u0440\\u043e\\u0435\\u043a\\u0442\\u0430 \\u043f\\u043e \\u0446\\u0435\\u043d\\u043e\\u0432\\u043e\\u043c\\u0443 \\u0430\\u0443\\u0434\\u0438\\u0442\\u0443 \\u043f\\u0440\\u0438 \\u0441\\u0442\\u0440\\u043e\\u0438\\u0442\\u0435\\u043b\\u044c\\u0441\\u0442\\u0432\\u0435 \\u043d\\u043e\\u0432\\u043e\\u0433\\u043e \\u0445\\u0438\\u043c\\u0438\\u0447\\u0435\\u0441\\u043a\\u043e\\u0433\\u043e \\u0437\\u0430\\u0432\\u043e\\u0434\\u0430 \\u041a\\u043b\\u0438\\u0435\\u043d\\u0442 \\u0431\\u044b\\u043b \\u0437\\u0430\\u0438\\u043d\\u0442\\u0435\\u0440\\u0435\\u0441\\u043e\\u0432\\u0430\\u043d \\u0432 \\u043f\\u0440\\u0430\\u0432\\u0438\\u043b\\u044c\\u043d\\u043e\\u0441\\u0442\\u0438 \\u0441\\u043e\\u0441\\u0442\\u0430\\u0432\\u043b\\u0435\\u043d\\u0438\\u044f \\u0441\\u043c\\u0435\\u0442 \\u043d\\u0430 \\u0441\\u0442\\u0440\\u043e\\u0438\\u0442\\u0435\\u043b\\u044c\\u0441\\u0442\\u0432\\u043e \\u0438 \\u0437\\u0430\\u043a\\u0443\\u043f\\u043a\\u0443 \\u0440\\u043e\\u0441\\u0441\\u0438\\u0439\\u0441\\u043a\\u043e\\u0433\\u043e \\u0438 \\u0438\\u043c\\u043f\\u043e\\u0440\\u0442\\u043d\\u043e\\u0433\\u043e \\u043e\\u0431\\u043e\\u0440\\u0443\\u0434\\u043e\\u0432\\u0430\\u043d\\u0438\\u044f. \",\"slug\":\"\\u0432-\\u0440\\u0430\\u043c\\u043a\\u0430\\u0445-\\u043f\\u0440\\u043e\\u0435\\u043a\\u0442\\u0430-\\u043f\\u043e-\\u0446\\u0435\\u043d\\u043e\\u0432\\u043e\\u043c\\u0443-\\u0430\\u0443\\u0434\\u0438\\u0442\\u0443-\\u043f\\u0440\\u0438-\\u0441\\u0442\\u0440\\u043e\\u0438\\u0442\\u0435\\u043b\\u044c\\u0441\\u0442\\u0432\\u0435-\\u043d\\u043e\\u0432\\u043e\\u0433\\u043e-\\u0445\\u0438\\u043c\\u0438\\u0447\\u0435\\u0441\\u043a\\u043e\\u0433\\u043e-\\u0437\\u0430\\u0432\\u043e\\u0434\\u0430-\\u043a\\u043b\\u0438\\u0435\\u043d\\u0442-\\u0431\\u044b\\u043b-\\u0437\\u0430\\u0438\\u043d\\u0442\\u0435\\u0440\\u0435\\u0441\\u043e\\u0432\\u0430\\u043d-\\u0432-\\u043f\\u0440\\u0430\\u0432\\u0438\\u043b\\u044c\\u043d\\u043e\\u0441\\u0442\\u0438-\\u0441\\u043e\\u0441\\u0442\\u0430\\u0432\\u043b\\u0435\\u043d\\u0438\\u044f-\\u0441\\u043c\\u0435\\u0442-\\u043d\\u0430-\\u0441\\u0442\\u0440\\u043e\\u0438\\u0442\\u0435\\u043b\\u044c\\u0441\\u0442\\u0432\\u043e-\\u0438-\\u0437\\u0430\\u043a\\u0443\\u043f\\u043a\\u0443-\\u0440\\u043e\\u0441\\u0441\\u0438\\u0439\\u0441\\u043a\\u043e\\u0433\\u043e-\\u0438-\\u0438\\u043c\\u043f\\u043e\\u0440\\u0442\\u043d\\u043e\\u0433\\u043e-\\u043e\\u0431\\u043e\\u0440\\u0443\\u0434\\u043e\\u0432\\u0430\\u043d\\u0438\\u044f\",\"postDate\":1493898020,\"expiryDate\":null,\"enabled\":1,\"parentId\":null,\"fields\":{\"51\":[\"108\"],\"30\":\"<p>\\u041d\\u0430\\u0448\\u0438\\u043c\\u0438 \\u0441\\u043f\\u0435\\u0446\\u0438\\u0430\\u043b\\u0438\\u0441\\u0442\\u0430\\u043c\\u0438 \\u0431\\u044b\\u043b \\u043f\\u0440\\u043e\\u0432\\u0435\\u0434\\u0435\\u043d \\u043a\\u043e\\u043c\\u043f\\u043b\\u0435\\u043a\\u0441\\u043d\\u044b\\u0439 \\u0430\\u043d\\u0430\\u043b\\u0438\\u0437, \\u0432\\u043a\\u043b\\u044e\\u0447\\u0430\\u044e\\u0449\\u0438\\u0439 \\u0432 \\u0441\\u0435\\u0431\\u044f \\u043f\\u0440\\u043e\\u0432\\u0435\\u0440\\u043a\\u0443 \\u0441\\u043c\\u0435\\u0442, \\u0430 \\u0442\\u0430\\u043a \\u0436\\u0435 \\u0441\\u043e\\u043f\\u043e\\u0441\\u0442\\u0430\\u0432\\u043b\\u0435\\u043d\\u0438\\u0435 \\u0441\\u043c\\u0435\\u0442\\u043d\\u044b\\u0445 \\u0438 \\u0440\\u044b\\u043d\\u043e\\u0447\\u043d\\u044b\\u0445 \\u0446\\u0435\\u043d. \\u0412 \\u0445\\u043e\\u0434\\u0435 \\u043f\\u0440\\u043e\\u0432\\u0435\\u0434\\u0435\\u043d\\u043d\\u043e\\u0433\\u043e \\u0430\\u043d\\u0430\\u043b\\u0438\\u0437\\u0430 \\u0431\\u044b\\u043b\\u043e \\u0432\\u044b\\u044f\\u0432\\u043b\\u0435\\u043d\\u043e \\u0440\\u0430\\u0441\\u0445\\u043e\\u0436\\u0434\\u0435\\u043d\\u0438\\u0435 \\u0441\\u043c\\u0435\\u0442\\u043d\\u043e\\u0439 \\u0441\\u0442\\u043e\\u0438\\u043c\\u043e\\u0441\\u0442\\u0438 \\u043f\\u043e \\u043e\\u0442\\u0434\\u0435\\u043b\\u044c\\u043d\\u044b\\u043c \\u043f\\u043e\\u0437\\u0438\\u0446\\u0438\\u044f\\u043c \\u043d\\u0430 8-20%<\\/p>\",\"38\":[\"36\"],\"39\":\"\",\"37\":[\"24\"],\"32\":\"\",\"31\":\"\"}}', '2017-05-04 11:40:20', '2017-05-04 11:40:20', 'a53d5c64-351d-49fa-9f92-f7856d86c0e0'),
 ('103', '115', '6', '1', 'ru', '1', '', '{\"typeId\":null,\"authorId\":\"1\",\"title\":\"\\u0413\\u0440\\u0443\\u043f\\u043f\\u0430 \\u043a\\u043e\\u043c\\u043f\\u0430\\u043d\\u0438\\u0439 - \\u043a\\u0440\\u0443\\u043f\\u043d\\u044b\\u0439 \\u0437\\u0430\\u0441\\u0442\\u0440\\u043e\\u0439\\u0449\\u0438\\u043a \\u0432\\u0435\\u0434\\u0443\\u0449\\u0438\\u0439 \\u0441\\u0442\\u0440\\u043e\\u0438\\u0442\\u0435\\u043b\\u044c\\u0441\\u0442\\u0432\\u043e \\u0436\\u0438\\u043b\\u044b\\u0445 \\u043a\\u043e\\u043c\\u043f\\u043b\\u0435\\u043a\\u0441\\u043e\\u0432 \\u0432 \\u043d\\u0435\\u0441\\u043a\\u043e\\u043b\\u044c\\u043a\\u0438\\u0445 \\u0440\\u0435\\u0433\\u0438\\u043e\\u043d\\u0430\\u0445 \\u0420\\u043e\\u0441\\u0441\\u0438\\u0438 \\u043e\\u0431\\u0440\\u0430\\u0442\\u0438\\u043b\\u0441\\u044f \\u043a \\u043d\\u0430\\u0448\\u0438\\u043c \\u044d\\u043a\\u0441\\u043f\\u0435\\u0440\\u0442\\u0430\\u043c \\u0441 \\u0446\\u0435\\u043b\\u044c\\u044e \\u043f\\u043e\\u0434\\u0442\\u0432\\u0435\\u0440\\u0436\\u0434\\u0435\\u043d\\u0438\\u044f \\u0434\\u043e\\u0441\\u0442\\u043e\\u0432\\u0435\\u0440\\u043d\\u043e\\u0441\\u0442\\u0438 \\u0444\\u0438\\u043d\\u0430\\u043d\\u0441\\u043e\\u0432\\u043e\\u0439 \\u043e\\u0442\\u0447\\u0435\\u0442\\u043d\\u043e\\u0441\\u0442\\u0438 \\u043f\\u043e \\u041c\\u0421\\u0424\\u041e.\",\"slug\":\"\\u0433\\u0440\\u0443\\u043f\\u043f\\u0430-\\u043a\\u043e\\u043c\\u043f\\u0430\\u043d\\u0438\\u0439-\\u043a\\u0440\\u0443\\u043f\\u043d\\u044b\\u0439-\\u0437\\u0430\\u0441\\u0442\\u0440\\u043e\\u0439\\u0449\\u0438\\u043a-\\u0432\\u0435\\u0434\\u0443\\u0449\\u0438\\u0439-\\u0441\\u0442\\u0440\\u043e\\u0438\\u0442\\u0435\\u043b\\u044c\\u0441\\u0442\\u0432\\u043e-\\u0436\\u0438\\u043b\\u044b\\u0445-\\u043a\\u043e\\u043c\\u043f\\u043b\\u0435\\u043a\\u0441\\u043e\\u0432-\\u0432-\\u043d\\u0435\\u0441\\u043a\\u043e\\u043b\\u044c\\u043a\\u0438\\u0445-\\u0440\\u0435\\u0433\\u0438\\u043e\\u043d\\u0430\\u0445-\\u0440\\u043e\\u0441\\u0441\\u0438\\u0438-\\u043e\\u0431\\u0440\\u0430\\u0442\\u0438\\u043b\\u0441\\u044f-\\u043a-\\u043d\\u0430\\u0448\\u0438\\u043c-\\u044d\\u043a\\u0441\\u043f\\u0435\\u0440\\u0442\\u0430\\u043c-\\u0441-\\u0446\\u0435\\u043b\\u044c\\u044e-\\u043f\\u043e\\u0434\\u0442\\u0432\\u0435\\u0440\\u0436\\u0434\\u0435\\u043d\\u0438\\u044f-\\u0434\\u043e\\u0441\\u0442\\u043e\\u0432\\u0435\\u0440\\u043d\\u043e\\u0441\\u0442\\u0438-\\u0444\\u0438\\u043d\\u0430\\u043d\\u0441\\u043e\\u0432\\u043e\\u0439-\\u043e\\u0442\\u0447\\u0435\\u0442\\u043d\\u043e\\u0441\\u0442\\u0438-\\u043f\\u043e-\\u043c\\u0441\\u0444\\u043e\",\"postDate\":1493898097,\"expiryDate\":null,\"enabled\":1,\"parentId\":null,\"fields\":{\"51\":[\"108\"],\"30\":\"<p>\\u041f\\u043e \\u0440\\u0435\\u0437\\u0443\\u043b\\u044c\\u0442\\u0430\\u0442\\u0430\\u043c \\u0430\\u0443\\u0434\\u0438\\u0442\\u0430 \\u0413\\u0440\\u0443\\u043f\\u043f\\u044b \\u0431\\u044b\\u043b \\u0432\\u044b\\u043f\\u0443\\u0449\\u0435\\u043d \\u043e\\u0442\\u0447\\u0435\\u0442 \\u0420\\u0443\\u043a\\u043e\\u0432\\u043e\\u0434\\u0441\\u0442\\u0432\\u0443 \\u0413\\u0440\\u0443\\u043f\\u043f\\u044b \\u0441 \\u0432\\u044b\\u044f\\u0432\\u043b\\u0435\\u043d\\u043d\\u044b\\u043c\\u0438 \\u043d\\u0435\\u0434\\u043e\\u0441\\u0442\\u0430\\u0442\\u043a\\u0430\\u043c\\u0438 \\u0432 \\u0441\\u0438\\u0441\\u0442\\u0435\\u043c\\u0435 \\u0443\\u0447\\u0435\\u0442\\u0430 \\u0438 \\u043f\\u043e\\u0434\\u0433\\u043e\\u0442\\u043e\\u0432\\u043a\\u0438 \\u043e\\u0442\\u0447\\u0435\\u0442\\u043d\\u043e\\u0441\\u0442\\u0438, \\u0430 \\u0442\\u0430\\u043a\\u0436\\u0435 \\u0441\\u0438\\u0441\\u0442\\u0435\\u043c\\u0435 \\u0432\\u043d\\u0443\\u0442\\u0440\\u0435\\u043d\\u043d\\u0435\\u0433\\u043e \\u043a\\u043e\\u043d\\u0442\\u0440\\u043e\\u043b\\u044f. \\u041f\\u0440\\u0435\\u0434\\u043b\\u043e\\u0436\\u0435\\u043d\\u043d\\u044b\\u0435 \\u043d\\u0430\\u0448\\u0438\\u043c\\u0438 \\u0441\\u043f\\u0435\\u0446\\u0438\\u0430\\u043b\\u0438\\u0441\\u0442\\u0430\\u043c\\u0438 \\u0440\\u0435\\u0448\\u0435\\u043d\\u0438\\u044f \\u043f\\u043e\\u0437\\u0432\\u043e\\u043b\\u0438\\u043b\\u0438 \\u043e\\u043f\\u0442\\u0438\\u043c\\u0438\\u0437\\u0438\\u0440\\u043e\\u0432\\u0430\\u0442\\u044c \\u0444\\u0443\\u043d\\u043a\\u0446\\u0438\\u044e \\u043f\\u043e\\u0434\\u0433\\u043e\\u0442\\u043e\\u0432\\u043a\\u0438 \\u043e\\u0442\\u0447\\u0435\\u0442\\u043d\\u043e\\u0441\\u0442\\u0438 \\u043f\\u043e \\u041c\\u0421\\u0424\\u041e \\u0438 \\u043f\\u043e\\u0432\\u044b\\u0441\\u0438\\u0442\\u044c \\u043a\\u0432\\u0430\\u043b\\u0438\\u0444\\u0438\\u043a\\u0430\\u0446\\u0438\\u044e \\u0441\\u043e\\u0442\\u0440\\u0443\\u0434\\u043d\\u0438\\u043a\\u043e\\u0432. \\u041f\\u043e\\u0441\\u043b\\u0435 \\u0432\\u043d\\u0435\\u0434\\u0440\\u0435\\u043d\\u0438\\u044f \\u0420\\u0443\\u043a\\u043e\\u0432\\u043e\\u0434\\u0441\\u0442\\u0432\\u043e\\u043c \\u0440\\u0435\\u043a\\u043e\\u043c\\u0435\\u043d\\u0434\\u043e\\u0432\\u0430\\u043d\\u043d\\u044b\\u0445 \\u0440\\u0435\\u0448\\u0435\\u043d\\u0438\\u0439 \\u0444\\u043e\\u0440\\u043c\\u0438\\u0440\\u043e\\u0432\\u0430\\u043d\\u0438\\u0435 \\u043e\\u0442\\u0447\\u0435\\u0442\\u043d\\u043e\\u0441\\u0442\\u0438 \\u043f\\u043e \\u041c\\u0421\\u0424\\u041e \\u0432 \\u0413\\u0440\\u0443\\u043f\\u043f\\u0435 \\u043f\\u0440\\u043e\\u0438\\u0441\\u0445\\u043e\\u0434\\u0438\\u043b\\u043e \\u0432 \\u0431\\u043e\\u043b\\u0435\\u0435 \\u043a\\u043e\\u0440\\u043e\\u0442\\u043a\\u0438\\u0435 \\u0441\\u0440\\u043e\\u043a\\u0438 \\u0438 \\u0441 \\u043c\\u0438\\u043d\\u0438\\u043c\\u0430\\u043b\\u044c\\u043d\\u044b\\u043c \\u043a\\u043e\\u043b\\u0438\\u0447\\u0435\\u0441\\u0442\\u0432\\u043e\\u043c \\u043e\\u0448\\u0438\\u0431\\u043e\\u043a.<\\/p>\",\"38\":[\"36\"],\"39\":\"\",\"37\":[\"24\"],\"32\":\"\",\"31\":\"\"}}', '2017-05-04 11:41:37', '2017-05-04 11:41:37', 'dc1b5a3c-a1f3-4f0c-a97e-1baf6459d56a'),
 ('104', '117', '6', '1', 'ru', '1', '', '{\"typeId\":null,\"authorId\":\"1\",\"title\":\"\\u041a\\u043e\\u043c\\u043f\\u043b\\u0435\\u043a\\u0441\\u043d\\u044b\\u0439 \\u043f\\u043e\\u0434\\u0445\\u043e\\u0434 \\u043a \\u0440\\u0435\\u0448\\u0435\\u043d\\u0438\\u044e \\u0437\\u0430\\u0434\\u0430\\u0447\\u0438\",\"slug\":\"\\u043a\\u043e\\u043c\\u043f\\u043b\\u0435\\u043a\\u0441\\u043d\\u044b\\u0439-\\u043f\\u043e\\u0434\\u0445\\u043e\\u0434-\\u043a-\\u0440\\u0435\\u0448\\u0435\\u043d\\u0438\\u044e-\\u0437\\u0430\\u0434\\u0430\\u0447\\u0438\",\"postDate\":1493898536,\"expiryDate\":null,\"enabled\":1,\"parentId\":null,\"fields\":{\"51\":[\"116\"],\"30\":\"<p>\\u0412 \\u0445\\u043e\\u0434\\u0435 \\u043f\\u043e\\u0434\\u0433\\u043e\\u0442\\u043e\\u0432\\u043a\\u0438 \\u0434\\u043e\\u043a\\u0443\\u043c\\u0435\\u043d\\u0442\\u0430\\u0446\\u0438\\u0438 \\u043f\\u043e \\u043a\\u043e\\u043d\\u0442\\u0440\\u043e\\u043b\\u0438\\u0440\\u0443\\u0435\\u043c\\u044b\\u043c \\u0441\\u0434\\u0435\\u043b\\u043a\\u0430\\u043c \\u0434\\u043b\\u044f \\u043a\\u0440\\u0443\\u043f\\u043d\\u043e\\u0439 \\u043c\\u0435\\u0436\\u0434\\u0443\\u043d\\u0430\\u0440\\u043e\\u0434\\u043d\\u043e\\u0439 \\u043a\\u043e\\u043c\\u043f\\u0430\\u043d\\u0438\\u0438, \\u043f\\u0440\\u043e\\u0438\\u0437\\u0432\\u043e\\u0434\\u0438\\u0442\\u0435\\u043b\\u044f \\u0441\\u0442\\u0440\\u043e\\u0438\\u0442\\u0435\\u043b\\u044c\\u043d\\u044b\\u0445 \\u043c\\u0430\\u0442\\u0435\\u0440\\u0438\\u0430\\u043b\\u043e\\u0432, \\u043f\\u043e \\u043d\\u0430\\u0448\\u0435\\u0439 \\u0438\\u043d\\u0438\\u0446\\u0438\\u0430\\u0442\\u0438\\u0432\\u0435 \\u0431\\u044b\\u043b\\u0438 \\u0440\\u0430\\u0437\\u0440\\u0430\\u0431\\u043e\\u0442\\u0430\\u043d\\u044b \\u0432\\u043e\\u0437\\u043c\\u043e\\u0436\\u043d\\u044b\\u0435 \\u0432\\u0430\\u0440\\u0438\\u0430\\u043d\\u0442\\u044b \\u0440\\u0435\\u0441\\u0442\\u0440\\u0443\\u043a\\u0442\\u0443\\u0440\\u0438\\u0437\\u0430\\u0446\\u0438\\u0438 \\u043c\\u043e\\u0434\\u0435\\u043b\\u0438 \\u0441\\u0431\\u044b\\u0442\\u0430 \\u043f\\u0440\\u043e\\u0434\\u0443\\u043a\\u0446\\u0438\\u0438 \\u0441 \\u0443\\u0447\\u0435\\u0442\\u043e\\u043c \\u0434\\u0435\\u0439\\u0441\\u0442\\u0432\\u0443\\u044e\\u0449\\u0438\\u0445 \\u043d\\u0430\\u043b\\u043e\\u0433\\u043e\\u0432\\u044b\\u0445 \\u043b\\u044c\\u0433\\u043e\\u0442 \\u0438 \\u0441\\u043e\\u043f\\u0443\\u0442\\u0441\\u0442\\u0432\\u0443\\u044e\\u0449\\u0438\\u0445 \\u043d\\u0430\\u043b\\u043e\\u0433\\u043e\\u0432\\u044b\\u0445 \\u0440\\u0438\\u0441\\u043a\\u043e\\u0432.<\\/p>\\r\\n<p>\\u0412 \\u0440\\u0435\\u0437\\u0443\\u043b\\u044c\\u0442\\u0430\\u0442\\u0435 \\u043e\\u0431\\u0441\\u0443\\u0436\\u0434\\u0435\\u043d\\u0438\\u044f \\u043f\\u0440\\u0435\\u0434\\u043b\\u043e\\u0436\\u0435\\u043d\\u043d\\u044b\\u0445 \\u043d\\u0430\\u043c\\u0438 \\u0432\\u0430\\u0440\\u0438\\u0430\\u043d\\u0442\\u043e\\u0432, \\u041a\\u043b\\u0438\\u0435\\u043d\\u0442 \\u0432\\u044b\\u0431\\u0440\\u0430\\u043b \\u0438 \\u0432\\u043d\\u0435\\u0434\\u0440\\u0438\\u043b \\u043e\\u043f\\u0442\\u0438\\u043c\\u0430\\u043b\\u044c\\u043d\\u043e\\u0435 \\u0434\\u043b\\u044f \\u0441\\u0432\\u043e\\u0435\\u0433\\u043e \\u0431\\u0438\\u0437\\u043d\\u0435\\u0441\\u0430 \\u0440\\u0435\\u0448\\u0435\\u043d\\u0438\\u0435, \\u0441\\u043e\\u043e\\u0442\\u0432\\u0435\\u0442\\u0441\\u0442\\u0432\\u0443\\u044e\\u0449\\u0435\\u0435 \\u0441\\u0442\\u0440\\u0430\\u0442\\u0435\\u0433\\u0438\\u0438 \\u0438 \\u0446\\u0435\\u043b\\u044f\\u043c \\u0435\\u0433\\u043e \\u0440\\u0430\\u0437\\u0432\\u0438\\u0442\\u0438\\u044f.\\r\\n  <\\/p>\",\"38\":[\"36\",\"41\"],\"39\":\"\",\"37\":[\"28\"],\"32\":\"\",\"31\":\"\"}}', '2017-05-04 11:48:57', '2017-05-04 11:48:57', '2dbd73b1-3742-4e7f-b999-b23566d8a591'),
 ('105', '118', '6', '1', 'ru', '1', '', '{\"typeId\":null,\"authorId\":\"1\",\"title\":\"\\u0420\\u0430\\u0437\\u0440\\u0430\\u0431\\u043e\\u0442\\u043a\\u0430 \\u043f\\u0440\\u0430\\u043a\\u0442\\u0438\\u0447\\u0435\\u0441\\u043a\\u0438\\u0445 \\u0440\\u0435\\u0448\\u0435\\u043d\\u0438\\u0439 \\u0432 \\u0443\\u0441\\u043b\\u043e\\u0432\\u0438\\u044f\\u0445 \\u043f\\u0440\\u043e\\u0442\\u0438\\u0432\\u043e\\u0440\\u0435\\u0447\\u0438\\u0439\\/\\u043f\\u0440\\u043e\\u0431\\u0435\\u043b\\u043e\\u0432 \\u0432 \\u0437\\u0430\\u043a\\u043e\\u043d\\u043e\\u0434\\u0430\\u0442\\u0435\\u043b\\u044c\\u0441\\u0442\\u0432\\u0435\",\"slug\":\"\\u0440\\u0430\\u0437\\u0440\\u0430\\u0431\\u043e\\u0442\\u043a\\u0430-\\u043f\\u0440\\u0430\\u043a\\u0442\\u0438\\u0447\\u0435\\u0441\\u043a\\u0438\\u0445-\\u0440\\u0435\\u0448\\u0435\\u043d\\u0438\\u0439-\\u0432-\\u0443\\u0441\\u043b\\u043e\\u0432\\u0438\\u044f\\u0445-\\u043f\\u0440\\u043e\\u0442\\u0438\\u0432\\u043e\\u0440\\u0435\\u0447\\u0438\\u0439-\\u043f\\u0440\\u043e\\u0431\\u0435\\u043b\\u043e\\u0432-\\u0432-\\u0437\\u0430\\u043a\\u043e\\u043d\\u043e\\u0434\\u0430\\u0442\\u0435\\u043b\\u044c\\u0441\\u0442\\u0432\\u0435\",\"postDate\":1493898623,\"expiryDate\":null,\"enabled\":1,\"parentId\":null,\"fields\":{\"51\":[\"116\"],\"30\":\"<p>\\u0418\\u043d\\u043e\\u0441\\u0442\\u0440\\u0430\\u043d\\u043d\\u0430\\u044f \\u043a\\u043e\\u043c\\u043f\\u0430\\u043d\\u0438\\u044f, \\u043e\\u0440\\u0433\\u0430\\u043d\\u0438\\u0437\\u0430\\u0442\\u043e\\u0440 \\u043c\\u0435\\u0436\\u0434\\u0443\\u043d\\u0430\\u0440\\u043e\\u0434\\u043d\\u044b\\u0445 \\u0441\\u043f\\u043e\\u0440\\u0442\\u0438\\u0432\\u043d\\u044b\\u0445 \\u0442\\u0443\\u0440\\u043d\\u0438\\u0440\\u043e\\u0432 \\u0432 \\u0420\\u043e\\u0441\\u0441\\u0438\\u0438, \\u043e\\u0431\\u0440\\u0430\\u0442\\u0438\\u043b\\u0430\\u0441\\u044c \\u0437\\u0430 \\u0440\\u0430\\u0437\\u044a\\u044f\\u0441\\u043d\\u0435\\u043d\\u0438\\u044f\\u043c\\u0438 \\u043d\\u0430\\u043b\\u043e\\u0433\\u043e\\u0432\\u044b\\u0445 \\u043f\\u043e\\u0441\\u043b\\u0435\\u0434\\u0441\\u0442\\u0432\\u0438\\u0439, \\u0441\\u0432\\u044f\\u0437\\u0430\\u043d\\u043d\\u044b\\u0445 \\u0441 \\u0432\\u044b\\u043f\\u043b\\u0430\\u0442\\u0430\\u043c\\u0438 \\u0432\\u043e\\u0437\\u043d\\u0430\\u0433\\u0440\\u0430\\u0436\\u0434\\u0435\\u043d\\u0438\\u0439 \\u0438\\u043d\\u043e\\u0441\\u0442\\u0440\\u0430\\u043d\\u043d\\u044b\\u043c \\u0443\\u0447\\u0430\\u0441\\u0442\\u043d\\u0438\\u043a\\u0430\\u043c \\u0442\\u0443\\u0440\\u043d\\u0438\\u0440\\u0430.<\\/p>\\r\\n<p>\\u041e\\u0442\\u0441\\u0443\\u0442\\u0441\\u0442\\u0432\\u0438\\u0435 \\u043d\\u0430\\u043b\\u043e\\u0433\\u043e\\u0432\\u043e\\u0433\\u043e \\u0441\\u0442\\u0430\\u0442\\u0443\\u0441\\u0430 \\u0432 \\u0420\\u043e\\u0441\\u0441\\u0438\\u0438 \\u043d\\u0435 \\u043f\\u043e\\u0437\\u0432\\u043e\\u043b\\u044f\\u043b\\u043e \\u041a\\u043e\\u043c\\u043f\\u0430\\u043d\\u0438\\u0438 \\u043f\\u043e \\u0431\\u0443\\u043a\\u0432\\u0435 \\u0437\\u0430\\u043a\\u043e\\u043d\\u0430 \\u0441\\u0430\\u043c\\u043e\\u0441\\u0442\\u043e\\u044f\\u0442\\u0435\\u043b\\u044c\\u043d\\u043e \\u043e\\u0441\\u0443\\u0449\\u0435\\u0441\\u0442\\u0432\\u0438\\u0442\\u044c \\u0443\\u043f\\u043b\\u0430\\u0442\\u0443 \\u041d\\u0414\\u0424\\u041b. \\u0412 \\u0440\\u0435\\u0437\\u0443\\u043b\\u044c\\u0442\\u0430\\u0442\\u0435 \\u0440\\u0430\\u0437\\u0440\\u0430\\u0431\\u043e\\u0442\\u0430\\u043d\\u043d\\u043e\\u0433\\u043e \\u043f\\u043e\\u0434\\u0445\\u043e\\u0434\\u0430, \\u0441\\u043e\\u0433\\u043b\\u0430\\u0441\\u043e\\u0432\\u0430\\u043d\\u043d\\u043e\\u0433\\u043e \\u0441 \\u043d\\u0430\\u043b\\u043e\\u0433\\u043e\\u0432\\u044b\\u043c\\u0438 \\u043e\\u0440\\u0433\\u0430\\u043d\\u0430\\u043c\\u0438, \\u043c\\u044b \\u043e\\u0440\\u0433\\u0430\\u043d\\u0438\\u0437\\u043e\\u0432\\u0430\\u043b\\u0438 \\u0438 \\u043e\\u0440\\u0433\\u0430\\u043d\\u0438\\u0437\\u043e\\u0432\\u0430\\u043b\\u0438 \\u0438 \\u043e\\u0431\\u0435\\u0441\\u043f\\u0435\\u0447\\u0438\\u043b\\u0438 \\u043f\\u043e\\u0434\\u0430\\u0447\\u0443 \\u0434\\u0435\\u043a\\u043b\\u0430\\u0440\\u0430\\u0446\\u0438\\u0439 \\u0438 \\u0446\\u0435\\u043d\\u0442\\u0440\\u0430\\u043b\\u0438\\u0437\\u043e\\u0432\\u0430\\u043d\\u043d\\u0443\\u044e \\u0443\\u043f\\u043b\\u0430\\u0442\\u0443 \\u043d\\u0430\\u043b\\u043e\\u0433\\u0430.\\r\\n  <\\/p>\\r\\n<p>\\u041f\\u0440\\u043e\\u044f\\u0432\\u043b\\u0435\\u043d\\u043d\\u0430\\u044f \\u0433\\u0438\\u0431\\u043a\\u043e\\u0441\\u0442\\u044c, \\u043d\\u0435\\u0441\\u0442\\u0430\\u043d\\u0434\\u0430\\u0440\\u0442\\u043d\\u044b\\u0439 \\u043f\\u043e\\u0434\\u0445\\u043e\\u0434 \\u0432 \\u0440\\u0435\\u0448\\u0435\\u043d\\u0438\\u0438 \\u043f\\u0440\\u043e\\u0431\\u043b\\u0435\\u043c\\u044b \\u0441\\u043f\\u043e\\u0441\\u043e\\u0431\\u0441\\u0442\\u0432\\u043e\\u0432\\u0430\\u043b\\u0438 \\u043f\\u0440\\u0438\\u0432\\u043b\\u0435\\u0447\\u0435\\u043d\\u0438\\u044e \\u043d\\u0430\\u0448\\u0435\\u0439 \\u043a\\u043e\\u043c\\u043f\\u0430\\u043d\\u0438\\u0438 \\u043a \\u044d\\u043a\\u0441\\u043f\\u0435\\u0440\\u0442\\u043d\\u043e\\u043c\\u0443 \\u0441\\u043e\\u043f\\u0440\\u043e\\u0432\\u043e\\u0436\\u0434\\u0435\\u043d\\u0438\\u044e \\u0434\\u0440\\u0443\\u0433\\u0438\\u0445 \\u043f\\u0440\\u043e\\u0435\\u043a\\u0442\\u043e\\u0432 \\u041a\\u043b\\u0438\\u0435\\u043d\\u0442\\u0430 \\u043d\\u0430 \\u0442\\u0435\\u0440\\u0440\\u0438\\u0442\\u043e\\u0440\\u0438\\u0438 \\u0420\\u043e\\u0441\\u0441\\u0438\\u0438.\\r\\n  <\\/p>\",\"38\":[\"39\"],\"39\":\"\",\"37\":[\"28\"],\"32\":\"\",\"31\":\"\"}}', '2017-05-04 11:50:23', '2017-05-04 11:50:23', 'b878fec9-ea94-4979-9508-b772039233d1'),
 ('106', '25', '8', '1', 'ru', '2', '', '{\"typeId\":\"8\",\"authorId\":\"1\",\"title\":\"\\u0411\\u0443\\u0445\\u0433\\u0430\\u043b\\u0442\\u0435\\u0440\\u0441\\u043a\\u0438\\u0435 \\u0443\\u0441\\u043b\\u0443\\u0433\\u0438\",\"slug\":\"\\u0431\\u0443\\u0445\\u0433\\u0430\\u043b\\u0442\\u0435\\u0440\\u0441\\u043a\\u0438\\u0435-\\u0443\\u0441\\u043b\\u0443\\u0433\\u0438\",\"postDate\":1493738520,\"expiryDate\":null,\"enabled\":1,\"parentId\":\"\",\"fields\":{\"36\":\"<ul><li>\\u0412\\u0435\\u0434\\u0435\\u043d\\u0438\\u0435 \\u0431\\u0443\\u0445\\u0433\\u0430\\u043b\\u0442\\u0435\\u0440\\u0441\\u043a\\u043e\\u0433\\u043e \\u0443\\u0447\\u0435\\u0442\\u0430 \\u043f\\u043e \\u0441\\u0442\\u0430\\u043d\\u0434\\u0430\\u0440\\u0442\\u0430\\u043c \\u0420\\u0421\\u0411\\u0423<\\/li><li>\\u0412\\u0435\\u0434\\u0435\\u043d\\u0438\\u0435 \\u0431\\u0443\\u0445\\u0433\\u0430\\u043b\\u0442\\u0435\\u0440\\u0441\\u043a\\u043e\\u0433\\u043e \\u0443\\u0447\\u0435\\u0442\\u0430 \\u043f\\u043e \\u0441\\u0442\\u0430\\u043d\\u0434\\u0430\\u0440\\u0442\\u0430\\u043c \\u043a\\u043b\\u0438\\u0435\\u043d\\u0442\\u0430<\\/li><li>\\u041f\\u043e\\u0434\\u0433\\u043e\\u0442\\u043e\\u0432\\u043a\\u0430 \\u0444\\u0438\\u043d\\u0430\\u043d\\u0441\\u043e\\u0432\\u043e\\u0439 \\u043e\\u0442\\u0447\\u0435\\u0442\\u043d\\u043e\\u0441\\u0442\\u0438 \\u043f\\u043e \\u0441\\u0442\\u0430\\u043d\\u0434\\u0430\\u0440\\u0442\\u0430\\u043c \\u0420\\u0421\\u0411\\u0423<\\/li><li>\\u041f\\u043e\\u0434\\u0433\\u043e\\u0442\\u043e\\u0432\\u043a\\u0430 \\u0444\\u0438\\u043d\\u0430\\u043d\\u0441\\u043e\\u0432\\u043e\\u0439 \\u043e\\u0442\\u0447\\u0435\\u0442\\u043d\\u043e\\u0441\\u0442\\u0438 \\u043f\\u043e \\u0441\\u0442\\u0430\\u043d\\u0434\\u0430\\u0440\\u0442\\u0430\\u043c \\u043a\\u043b\\u0438\\u0435\\u043d\\u0442\\u0430<\\/li><li>\\u041f\\u043e\\u0434\\u0433\\u043e\\u0442\\u043e\\u0432\\u043a\\u0430 \\u043d\\u0430\\u043b\\u043e\\u0433\\u043e\\u0432\\u044b\\u0445 \\u0434\\u0435\\u043a\\u043b\\u0430\\u0440\\u0430\\u0446\\u0438\\u0439<\\/li><li>\\u0420\\u0430\\u0441\\u0447\\u0435\\u0442 \\u0437\\u0430\\u0440\\u0430\\u0431\\u043e\\u0442\\u043d\\u043e\\u0439 \\u043f\\u043b\\u0430\\u0442\\u044b<\\/li><li>\\u041a\\u0430\\u0434\\u0440\\u043e\\u0432\\u043e\\u0435 \\u0434\\u0435\\u043b\\u043e\\u043f\\u0440\\u043e\\u0438\\u0437\\u0432\\u043e\\u0434\\u0441\\u0442\\u0432\\u043e<\\/li><li>\\u041a\\u043e\\u043d\\u0441\\u0443\\u043b\\u044c\\u0442\\u0430\\u0446\\u0438\\u0438 \\u043f\\u043e \\u0432\\u043e\\u043f\\u0440\\u043e\\u0441\\u0430\\u043c \\u0431\\u0443\\u0445\\u0433\\u0430\\u043b\\u0442\\u0435\\u0440\\u0441\\u043a\\u043e\\u0433\\u043e \\u0443\\u0447\\u0435\\u0442\\u0430<\\/li><li>\\u041a\\u043e\\u043d\\u0441\\u0443\\u043b\\u044c\\u0442\\u0430\\u0446\\u0438\\u0438 \\u043f\\u043e \\u043e\\u043f\\u0442\\u0438\\u043c\\u0438\\u0437\\u0430\\u0446\\u0438\\u0438 \\u0431\\u0443\\u0445\\u0433\\u0430\\u043b\\u0442\\u0435\\u0440\\u0441\\u043a\\u0438\\u0445 \\u0441\\u043b\\u0443\\u0436\\u0431<\\/li><li>\\u0410\\u0443\\u0442\\u0441\\u043e\\u0440\\u0441\\u0438\\u043d\\u0433 \\u043e\\u0442\\u0434\\u0435\\u043b\\u044c\\u043d\\u044b\\u0445 \\u0443\\u0447\\u0435\\u0442\\u043d\\u044b\\u0445 \\u043f\\u0440\\u043e\\u0446\\u0435\\u0441\\u0441\\u043e\\u0432<\\/li><\\/ul>\\r\\n\",\"53\":\"\",\"38\":\"\",\"39\":\"\",\"40\":\"\",\"41\":\"\"}}', '2017-05-04 11:53:28', '2017-05-04 11:53:28', '4576ccfc-79d3-40d9-9eb2-80815a22355b'),
 ('107', '24', '8', '1', 'ru', '2', '', '{\"typeId\":\"8\",\"authorId\":\"1\",\"title\":\"\\u0410\\u0443\\u0434\\u0438\\u0442\\u043e\\u0440\\u0441\\u043a\\u0438\\u0435 \\u0443\\u0441\\u043b\\u0443\\u0433\\u0438\",\"slug\":\"\\u0430\\u0443\\u0434\\u0438\\u0442\\u043e\\u0440\\u0441\\u043a\\u0438\\u0435-\\u0443\\u0441\\u043b\\u0443\\u0433\\u0438\",\"postDate\":1493738520,\"expiryDate\":null,\"enabled\":1,\"parentId\":\"\",\"fields\":{\"36\":\"<ul><li>\\u0410\\u0443\\u0434\\u0438\\u0442 \\u0444\\u0438\\u043d\\u0430\\u043d\\u0441\\u043e\\u0432\\u043e\\u0439 \\u043e\\u0442\\u0447\\u0435\\u0442\\u043d\\u043e\\u0441\\u0442\\u0438, \\u043f\\u043e\\u0434\\u0433\\u043e\\u0442\\u043e\\u0432\\u043b\\u0435\\u043d\\u043d\\u043e\\u0439 \\u0432 \\u0441\\u043e\\u043e\\u0442\\u0432\\u0435\\u0442\\u0441\\u0442\\u0432\\u0438\\u0438 \\u0441 \\u043c\\u0435\\u0436\\u0434\\u0443\\u043d\\u0430\\u0440\\u043e\\u0434\\u043d\\u044b\\u043c\\u0438 \\u0441\\u0442\\u0430\\u043d\\u0434\\u0430\\u0440\\u0442\\u0430\\u043c\\u0438 IFRS \\u0438 US GAAP<\\/li><li>\\u0410\\u0443\\u0434\\u0438\\u0442 \\u0431\\u0443\\u0445\\u0433\\u0430\\u043b\\u0442\\u0435\\u0440\\u0441\\u043a\\u043e\\u0439 \\u043e\\u0442\\u0447\\u0435\\u0442\\u043d\\u043e\\u0441\\u0442\\u0438, \\u043f\\u043e\\u0434\\u0433\\u043e\\u0442\\u043e\\u0432\\u043b\\u0435\\u043d\\u043d\\u043e\\u0439 \\u0432 \\u0441\\u043e\\u043e\\u0442\\u0432\\u0435\\u0442\\u0441\\u0442\\u0432\\u0438\\u0438 \\u0441 \\u0442\\u0440\\u0435\\u0431\\u043e\\u0432\\u0430\\u043d\\u0438\\u044f\\u043c\\u0438 \\u0440\\u043e\\u0441\\u0441\\u0438\\u0439\\u0441\\u043a\\u043e\\u0433\\u043e \\u0437\\u0430\\u043a\\u043e\\u043d\\u043e\\u0434\\u0430\\u0442\\u0435\\u043b\\u044c\\u0441\\u0442\\u0432\\u0430<\\/li><li>\\u041f\\u043e\\u0434\\u0433\\u043e\\u0442\\u043e\\u0432\\u043a\\u0430 \\u0444\\u0438\\u043d\\u0430\\u043d\\u0441\\u043e\\u0432\\u043e\\u0439 \\u043e\\u0442\\u0447\\u0435\\u0442\\u043d\\u043e\\u0441\\u0442\\u0438 \\u0432 \\u0441\\u043e\\u043e\\u0442\\u0432\\u0435\\u0442\\u0441\\u0442\\u0432\\u0438\\u0438 \\u0441 \\u043c\\u0435\\u0436\\u0434\\u0443\\u043d\\u0430\\u0440\\u043e\\u0434\\u043d\\u044b\\u043c\\u0438 \\u0441\\u0442\\u0430\\u043d\\u0434\\u0430\\u0440\\u0442\\u0430\\u043c\\u0438<\\/li><li>\\u041a\\u043e\\u043d\\u0441\\u0443\\u043b\\u044c\\u0442\\u0438\\u0440\\u043e\\u0432\\u0430\\u043d\\u0438\\u0435 \\u043f\\u043e IFRS \\u0438 US GAAP<\\/li><li>\\u0423\\u0441\\u043b\\u0443\\u0433\\u0438 \\u0432\\u043d\\u0443\\u0442\\u0440\\u0435\\u043d\\u043d\\u0435\\u0433\\u043e \\u0430\\u0443\\u0434\\u0438\\u0442\\u0430<\\/li><li>\\u041e\\u0446\\u0435\\u043d\\u043a\\u0430 \\u0441\\u0438\\u0441\\u0442\\u0435\\u043c\\u044b \\u0432\\u043d\\u0443\\u0442\\u0440\\u0435\\u043d\\u043d\\u0435\\u0433\\u043e \\u043a\\u043e\\u043d\\u0442\\u0440\\u043e\\u043b\\u044f&nbsp;<\\/li><\\/ul>\\r\\n\",\"53\":\"\",\"38\":\"\",\"39\":\"\",\"40\":\"\",\"41\":\"\"}}', '2017-05-04 11:54:07', '2017-05-04 11:54:07', 'd7310753-bed2-447b-8b4d-58be47183022'),
 ('108', '119', '8', '1', 'ru', '1', '', '{\"typeId\":null,\"authorId\":\"1\",\"title\":\"\\u041a\\u043e\\u043d\\u0441\\u0443\\u043b\\u044c\\u0442\\u0438\\u0440\\u043e\\u0432\\u0430\\u043d\\u0438\\u0435 \\u043f\\u043e \\u0432\\u043e\\u043f\\u0440\\u043e\\u0441\\u0430\\u043c \\u0441\\u0442\\u0440\\u0430\\u0442\\u0435\\u0433\\u0438\\u0438 \\u0440\\u0430\\u0437\\u0432\\u0438\\u0442\\u0438\\u044f \\u0431\\u0438\\u0437\\u043d\\u0435\\u0441\\u0430\",\"slug\":\"\\u043a\\u043e\\u043d\\u0441\\u0443\\u043b\\u044c\\u0442\\u0438\\u0440\\u043e\\u0432\\u0430\\u043d\\u0438\\u0435-\\u043f\\u043e-\\u0432\\u043e\\u043f\\u0440\\u043e\\u0441\\u0430\\u043c-\\u0441\\u0442\\u0440\\u0430\\u0442\\u0435\\u0433\\u0438\\u0438-\\u0440\\u0430\\u0437\\u0432\\u0438\\u0442\\u0438\\u044f-\\u0431\\u0438\\u0437\\u043d\\u0435\\u0441\\u0430\",\"postDate\":1493898928,\"expiryDate\":null,\"enabled\":1,\"parentId\":\"26\",\"fields\":{\"36\":\"\",\"53\":\"\",\"38\":\"\",\"39\":\"\",\"40\":\"\",\"41\":\"\"}}', '2017-05-04 11:55:28', '2017-05-04 11:55:28', 'f1b12fb3-274a-4704-b998-b1f91d81db28'),
 ('109', '120', '8', '1', 'ru', '1', '', '{\"typeId\":null,\"authorId\":\"1\",\"title\":\"\\u0410\\u0443\\u0434\\u0438\\u0442 \\u0444\\u0438\\u043d\\u0430\\u043d\\u0441\\u043e\\u0432\\u043e\\u0439 \\u043e\\u0442\\u0447\\u0435\\u0442\\u043d\\u043e\\u0441\\u0442\\u0438, \\u043f\\u043e\\u0434\\u0433\\u043e\\u0442\\u043e\\u0432\\u043b\\u0435\\u043d\\u043d\\u043e\\u0439 \\u0432 \\u0441\\u043e\\u043e\\u0442\\u0432\\u0435\\u0442\\u0441\\u0442\\u0432\\u0438\\u0438 \\u0441 \\u043c\\u0435\\u0436\\u0434\\u0443\\u043d\\u0430\\u0440\\u043e\\u0434\\u043d\\u044b\\u043c\\u0438 \\u0441\\u0442\\u0430\\u043d\\u0434\\u0430\\u0440\\u0442\\u0430\\u043c\\u0438 IFRS \\u0438 US GAAP\",\"slug\":\"\\u0430\\u0443\\u0434\\u0438\\u0442-\\u0444\\u0438\\u043d\\u0430\\u043d\\u0441\\u043e\\u0432\\u043e\\u0439-\\u043e\\u0442\\u0447\\u0435\\u0442\\u043d\\u043e\\u0441\\u0442\\u0438-\\u043f\\u043e\\u0434\\u0433\\u043e\\u0442\\u043e\\u0432\\u043b\\u0435\\u043d\\u043d\\u043e\\u0439-\\u0432-\\u0441\\u043e\\u043e\\u0442\\u0432\\u0435\\u0442\\u0441\\u0442\\u0432\\u0438\\u0438-\\u0441-\\u043c\\u0435\\u0436\\u0434\\u0443\\u043d\\u0430\\u0440\\u043e\\u0434\\u043d\\u044b\\u043c\\u0438-\\u0441\\u0442\\u0430\\u043d\\u0434\\u0430\\u0440\\u0442\\u0430\\u043c\\u0438-ifrs-\\u0438-us-gaap\",\"postDate\":1493898987,\"expiryDate\":null,\"enabled\":1,\"parentId\":\"24\",\"fields\":{\"36\":\"\",\"53\":\"\",\"38\":\"\",\"39\":\"\",\"40\":\"\",\"41\":\"\"}}', '2017-05-04 11:56:27', '2017-05-04 11:56:27', '5ae4a453-703c-4348-a5aa-eb3c53c94645'),
 ('110', '121', '8', '1', 'ru', '1', '', '{\"typeId\":null,\"authorId\":\"1\",\"title\":\"\\u0410\\u0443\\u0434\\u0438\\u0442 \\u0431\\u0443\\u0445\\u0433\\u0430\\u043b\\u0442\\u0435\\u0440\\u0441\\u043a\\u043e\\u0439 \\u043e\\u0442\\u0447\\u0435\\u0442\\u043d\\u043e\\u0441\\u0442\\u0438, \\u043f\\u043e\\u0434\\u0433\\u043e\\u0442\\u043e\\u0432\\u043b\\u0435\\u043d\\u043d\\u043e\\u0439 \\u0432 \\u0441\\u043e\\u043e\\u0442\\u0432\\u0435\\u0442\\u0441\\u0442\\u0432\\u0438\\u0438 \\u0441 \\u0442\\u0440\\u0435\\u0431\\u043e\\u0432\\u0430\\u043d\\u0438\\u044f\\u043c\\u0438 \\u0440\\u043e\\u0441\\u0441\\u0438\\u0439\\u0441\\u043a\\u043e\\u0433\\u043e \\u0437\\u0430\\u043a\\u043e\\u043d\\u043e\\u0434\\u0430\\u0442\\u0435\\u043b\\u044c\\u0441\\u0442\\u0432\\u0430\",\"slug\":\"\\u0430\\u0443\\u0434\\u0438\\u0442-\\u0431\\u0443\\u0445\\u0433\\u0430\\u043b\\u0442\\u0435\\u0440\\u0441\\u043a\\u043e\\u0439-\\u043e\\u0442\\u0447\\u0435\\u0442\\u043d\\u043e\\u0441\\u0442\\u0438-\\u043f\\u043e\\u0434\\u0433\\u043e\\u0442\\u043e\\u0432\\u043b\\u0435\\u043d\\u043d\\u043e\\u0439-\\u0432-\\u0441\\u043e\\u043e\\u0442\\u0432\\u0435\\u0442\\u0441\\u0442\\u0432\\u0438\\u0438-\\u0441-\\u0442\\u0440\\u0435\\u0431\\u043e\\u0432\\u0430\\u043d\\u0438\\u044f\\u043c\\u0438-\\u0440\\u043e\\u0441\\u0441\\u0438\\u0439\\u0441\\u043a\\u043e\\u0433\\u043e-\\u0437\\u0430\\u043a\\u043e\\u043d\\u043e\\u0434\\u0430\\u0442\\u0435\\u043b\\u044c\\u0441\\u0442\\u0432\\u0430\",\"postDate\":1493899003,\"expiryDate\":null,\"enabled\":1,\"parentId\":\"24\",\"fields\":{\"36\":\"\",\"53\":\"\",\"38\":\"\",\"39\":\"\",\"40\":\"\",\"41\":\"\"}}', '2017-05-04 11:56:44', '2017-05-04 11:56:44', 'bc88a03a-dc34-4671-8530-6a89763d1df2'),
 ('111', '122', '8', '1', 'ru', '1', '', '{\"typeId\":null,\"authorId\":\"1\",\"title\":\"\\u041f\\u043e\\u0434\\u0433\\u043e\\u0442\\u043e\\u0432\\u043a\\u0430 \\u0444\\u0438\\u043d\\u0430\\u043d\\u0441\\u043e\\u0432\\u043e\\u0439 \\u043e\\u0442\\u0447\\u0435\\u0442\\u043d\\u043e\\u0441\\u0442\\u0438 \\u0432 \\u0441\\u043e\\u043e\\u0442\\u0432\\u0435\\u0442\\u0441\\u0442\\u0432\\u0438\\u0438 \\u0441 \\u043c\\u0435\\u0436\\u0434\\u0443\\u043d\\u0430\\u0440\\u043e\\u0434\\u043d\\u044b\\u043c\\u0438 \\u0441\\u0442\\u0430\\u043d\\u0434\\u0430\\u0440\\u0442\\u0430\\u043c\\u0438\",\"slug\":\"\\u043f\\u043e\\u0434\\u0433\\u043e\\u0442\\u043e\\u0432\\u043a\\u0430-\\u0444\\u0438\\u043d\\u0430\\u043d\\u0441\\u043e\\u0432\\u043e\\u0439-\\u043e\\u0442\\u0447\\u0435\\u0442\\u043d\\u043e\\u0441\\u0442\\u0438-\\u0432-\\u0441\\u043e\\u043e\\u0442\\u0432\\u0435\\u0442\\u0441\\u0442\\u0432\\u0438\\u0438-\\u0441-\\u043c\\u0435\\u0436\\u0434\\u0443\\u043d\\u0430\\u0440\\u043e\\u0434\\u043d\\u044b\\u043c\\u0438-\\u0441\\u0442\\u0430\\u043d\\u0434\\u0430\\u0440\\u0442\\u0430\\u043c\\u0438\",\"postDate\":1493899026,\"expiryDate\":null,\"enabled\":1,\"parentId\":\"24\",\"fields\":{\"36\":\"\",\"53\":\"\",\"38\":\"\",\"39\":\"\",\"40\":\"\",\"41\":\"\"}}', '2017-05-04 11:57:06', '2017-05-04 11:57:06', '19fa2d8f-c54b-41af-b84c-0467a199254b'),
 ('112', '123', '8', '1', 'ru', '1', '', '{\"typeId\":null,\"authorId\":\"1\",\"title\":\"\\u041a\\u043e\\u043d\\u0441\\u0443\\u043b\\u044c\\u0442\\u0438\\u0440\\u043e\\u0432\\u0430\\u043d\\u0438\\u0435 \\u043f\\u043e IFRS \\u0438 US GAAP\",\"slug\":\"\\u043a\\u043e\\u043d\\u0441\\u0443\\u043b\\u044c\\u0442\\u0438\\u0440\\u043e\\u0432\\u0430\\u043d\\u0438\\u0435-\\u043f\\u043e-ifrs-\\u0438-us-gaap\",\"postDate\":1493899042,\"expiryDate\":null,\"enabled\":1,\"parentId\":\"24\",\"fields\":{\"36\":\"\",\"53\":\"\",\"38\":\"\",\"39\":\"\",\"40\":\"\",\"41\":\"\"}}', '2017-05-04 11:57:23', '2017-05-04 11:57:23', '6e91ecca-cd76-4bf9-9337-b7854f912d27'),
 ('113', '124', '8', '1', 'ru', '1', '', '{\"typeId\":null,\"authorId\":\"1\",\"title\":\"\\u0423\\u0441\\u043b\\u0443\\u0433\\u0438 \\u0432\\u043d\\u0443\\u0442\\u0440\\u0435\\u043d\\u043d\\u0435\\u0433\\u043e \\u0430\\u0443\\u0434\\u0438\\u0442\\u0430\",\"slug\":\"\\u0443\\u0441\\u043b\\u0443\\u0433\\u0438-\\u0432\\u043d\\u0443\\u0442\\u0440\\u0435\\u043d\\u043d\\u0435\\u0433\\u043e-\\u0430\\u0443\\u0434\\u0438\\u0442\\u0430\",\"postDate\":1493899056,\"expiryDate\":null,\"enabled\":1,\"parentId\":\"24\",\"fields\":{\"36\":\"\",\"53\":\"\",\"38\":\"\",\"39\":\"\",\"40\":\"\",\"41\":\"\"}}', '2017-05-04 11:57:36', '2017-05-04 11:57:36', '2a093fa9-be53-4b51-b454-c2dae31dd08a'),
 ('114', '125', '8', '1', 'ru', '1', '', '{\"typeId\":null,\"authorId\":\"1\",\"title\":\"\\u041e\\u0446\\u0435\\u043d\\u043a\\u0430 \\u0441\\u0438\\u0441\\u0442\\u0435\\u043c\\u044b \\u0432\\u043d\\u0443\\u0442\\u0440\\u0435\\u043d\\u043d\\u0435\\u0433\\u043e \\u043a\\u043e\\u043d\\u0442\\u0440\\u043e\\u043b\\u044f \",\"slug\":\"\\u043e\\u0446\\u0435\\u043d\\u043a\\u0430-\\u0441\\u0438\\u0441\\u0442\\u0435\\u043c\\u044b-\\u0432\\u043d\\u0443\\u0442\\u0440\\u0435\\u043d\\u043d\\u0435\\u0433\\u043e-\\u043a\\u043e\\u043d\\u0442\\u0440\\u043e\\u043b\\u044f\",\"postDate\":1493899079,\"expiryDate\":null,\"enabled\":1,\"parentId\":\"24\",\"fields\":{\"36\":\"\",\"53\":\"\",\"38\":\"\",\"39\":\"\",\"40\":\"\",\"41\":\"\"}}', '2017-05-04 11:58:00', '2017-05-04 11:58:00', '935f380c-7db1-42e3-b1df-7e4732bb0971'),
 ('115', '126', '8', '1', 'ru', '1', '', '{\"typeId\":null,\"authorId\":\"1\",\"title\":\"\\u041a\\u043e\\u0440\\u043f\\u043e\\u0440\\u0430\\u0442\\u0438\\u0432\\u043d\\u043e\\u0435 \\u043d\\u0430\\u043b\\u043e\\u0433\\u043e\\u043e\\u0431\\u043b\\u043e\\u0436\\u0435\\u043d\\u0438\\u0435\",\"slug\":\"\\u043a\\u043e\\u0440\\u043f\\u043e\\u0440\\u0430\\u0442\\u0438\\u0432\\u043d\\u043e\\u0435-\\u043d\\u0430\\u043b\\u043e\\u0433\\u043e\\u043e\\u0431\\u043b\\u043e\\u0436\\u0435\\u043d\\u0438\\u0435\",\"postDate\":1493899124,\"expiryDate\":null,\"enabled\":1,\"parentId\":\"28\",\"fields\":{\"36\":\"<p>\\u041d\\u0430\\u0448\\u0438 \\u0441\\u043f\\u0435\\u0446\\u0438\\u0430\\u043b\\u0438\\u0441\\u0442\\u044b \\u0432 \\u043e\\u0431\\u043b\\u0430\\u0441\\u0442\\u0438 \\u043a\\u043e\\u0440\\u043f\\u043e\\u0440\\u0430\\u0442\\u0438\\u0432\\u043d\\u043e\\u0433\\u043e \\u043d\\u0430\\u043b\\u043e\\u0433\\u043e\\u043e\\u0431\\u043b\\u043e\\u0436\\u0435\\u043d\\u0438\\u044f \\u043e\\u0431\\u043b\\u0430\\u0434\\u0430\\u044e\\u0442 \\u043e\\u0431\\u0448\\u0438\\u0440\\u043d\\u044b\\u043c \\u043e\\u043f\\u044b\\u0442\\u043e\\u043c \\u043a\\u043e\\u043d\\u0441\\u0443\\u043b\\u044c\\u0442\\u0438\\u0440\\u043e\\u0432\\u0430\\u043d\\u0438\\u044f \\u043a\\u0440\\u0443\\u043f\\u043d\\u044b\\u0445 \\u0438\\u043d\\u043e\\u0441\\u0442\\u0440\\u0430\\u043d\\u043d\\u044b\\u0445 \\u0438 \\u0440\\u043e\\u0441\\u0441\\u0438\\u0439\\u0441\\u043a\\u0438\\u0445 \\u043a\\u043e\\u043c\\u043f\\u0430\\u043d\\u0438\\u0439 \\u0440\\u0430\\u0437\\u043b\\u0438\\u0447\\u043d\\u044b\\u0445 \\u043e\\u0442\\u0440\\u0430\\u0441\\u043b\\u0435\\u0439 \\u043f\\u0440\\u043e\\u043c\\u044b\\u0448\\u043b\\u0435\\u043d\\u043d\\u043e\\u0441\\u0442\\u0438. \\u041c\\u044b \\u043f\\u0440\\u0435\\u0434\\u043b\\u0430\\u0433\\u0430\\u0435\\u043c \\u0441\\u043b\\u0435\\u0434\\u0443\\u044e\\u0449\\u0438\\u0435 \\u043f\\u0440\\u043e\\u0444\\u0435\\u0441\\u0441\\u0438\\u043e\\u043d\\u0430\\u043b\\u044c\\u043d\\u044b\\u0435 \\u0443\\u0441\\u043b\\u0443\\u0433\\u0438 \\u0432 \\u043e\\u0431\\u043b\\u0430\\u0441\\u0442\\u0438 \\u043d\\u0430\\u043b\\u043e\\u0433\\u043e\\u043e\\u0431\\u043b\\u043e\\u0436\\u0435\\u043d\\u0438\\u044f:\\r\\n  <\\/p>\\r\\n<ul><li>\\u043a\\u043e\\u043d\\u0441\\u0443\\u043b\\u044c\\u0442\\u0438\\u0440\\u043e\\u0432\\u0430\\u043d\\u0438\\u0435 \\u043f\\u043e \\u0432\\u043e\\u043f\\u0440\\u043e\\u0441\\u0430\\u043c \\u043d\\u0430\\u043b\\u043e\\u0433\\u043e\\u0432\\u043e\\u0433\\u043e \\u0437\\u0430\\u043a\\u043e\\u043d\\u043e\\u0434\\u0430\\u0442\\u0435\\u043b\\u044c\\u0441\\u0442\\u0432\\u0430 \\u0438 \\u043d\\u0430\\u043b\\u043e\\u0433\\u043e\\u0432\\u044b\\u0445 \\u043f\\u043e\\u0441\\u043b\\u0435\\u0434\\u0441\\u0442\\u0432\\u0438\\u0439 \\u043e\\u043f\\u0440\\u0435\\u0434\\u0435\\u043b\\u0435\\u043d\\u043d\\u044b\\u0445 \\u0441\\u0434\\u0435\\u043b\\u043e\\u043a;\\r\\n  <\\/li><li>\\u0441\\u043e\\u0434\\u0435\\u0439\\u0441\\u0442\\u0432\\u0438\\u0435 \\u0432 \\u0441\\u043e\\u0437\\u0434\\u0430\\u043d\\u0438\\u0438, \\u0440\\u0435\\u043e\\u0440\\u0433\\u0430\\u043d\\u0438\\u0437\\u0430\\u0446\\u0438\\u0438 \\u0438 \\u043b\\u0438\\u043a\\u0432\\u0438\\u0434\\u0430\\u0446\\u0438\\u0438 \\u0431\\u0438\\u0437\\u043d\\u0435\\u0441\\u0430 \\u0432 \\u0420\\u043e\\u0441\\u0441\\u0438\\u0438;\\r\\n  <\\/li><li>\\u0443\\u0441\\u043b\\u0443\\u0433\\u0438, \\u0441\\u0432\\u044f\\u0437\\u0430\\u043d\\u043d\\u044b\\u0435 \\u0441\\u043e \\u0441\\u0442\\u0440\\u0443\\u043a\\u0442\\u0443\\u0440\\u0438\\u0437\\u0430\\u0446\\u0438\\u0435\\u0439 \\u0438\\u043d\\u043e\\u0441\\u0442\\u0440\\u0430\\u043d\\u043d\\u044b\\u0445 \\u0438\\u043d\\u0432\\u0435\\u0441\\u0442\\u0438\\u0446\\u0438\\u0439 \\u0432 \\u0420\\u043e\\u0441\\u0441\\u0438\\u0438;\\r\\n  <\\/li><li>\\u0443\\u0441\\u043b\\u0443\\u0433\\u0438 \\u043f\\u043e \\u043d\\u0430\\u043b\\u043e\\u0433\\u043e\\u0432\\u043e\\u0439 \\u043e\\u043f\\u0442\\u0438\\u043c\\u0438\\u0437\\u0430\\u0446\\u0438\\u0438, \\u043d\\u0430\\u043f\\u0440\\u0430\\u0432\\u043b\\u0435\\u043d\\u043d\\u044b\\u0435 \\u043d\\u0430 \\u043f\\u043e\\u043b\\u0443\\u0447\\u0435\\u043d\\u0438\\u0435 \\u043f\\u0440\\u0435\\u0438\\u043c\\u0443\\u0449\\u0435\\u0441\\u0442\\u0432 \\u043e\\u0442 \\u043d\\u0430\\u043b\\u043e\\u0433\\u043e\\u0432\\u043e\\u0433\\u043e \\u043f\\u043b\\u0430\\u043d\\u0438\\u0440\\u043e\\u0432\\u0430\\u043d\\u0438\\u044f \\u0438 \\u043e\\u0431\\u0435\\u0441\\u043f\\u0435\\u0447\\u0435\\u043d\\u0438\\u044f \\u043e\\u043f\\u0442\\u0438\\u043c\\u0438\\u0437\\u0430\\u0446\\u0438\\u0438 \\u0437\\u0430\\u0442\\u0440\\u0430\\u0442 \\u0438 \\u0434\\u0432\\u0438\\u0436\\u0435\\u043d\\u0438\\u044f \\u0434\\u0435\\u043d\\u0435\\u0436\\u043d\\u044b\\u0445 \\u043f\\u043e\\u0442\\u043e\\u043a\\u043e\\u0432 \\u0432 \\u043e\\u0442\\u043d\\u043e\\u0448\\u0435\\u043d\\u0438\\u0438 \\u043d\\u0430\\u043b\\u043e\\u0433\\u043e\\u0432\\u044b\\u0445 \\u0432\\u043e\\u043f\\u0440\\u043e\\u0441\\u043e\\u0432 \\u0438 \\u0440\\u0438\\u0441\\u043a\\u043e\\u0432;\\r\\n  <\\/li><li>\\u043d\\u0430\\u043b\\u043e\\u0433\\u043e\\u0432\\u044b\\u0435 \\u043e\\u0431\\u0437\\u043e\\u0440\\u044b \\u0434\\u0435\\u044f\\u0442\\u0435\\u043b\\u044c\\u043d\\u043e\\u0441\\u0442\\u0438 \\u043a\\u043b\\u0438\\u0435\\u043d\\u0442\\u043e\\u0432 \\u0432 \\u0420\\u043e\\u0441\\u0441\\u0438\\u0438, \\u043d\\u0430\\u043f\\u0440\\u0430\\u0432\\u043b\\u0435\\u043d\\u043d\\u044b\\u0435 \\u043d\\u0430 \\u0432\\u044b\\u044f\\u0432\\u043b\\u0435\\u043d\\u0438\\u0435 \\u043f\\u043e\\u0442\\u0435\\u043d\\u0446\\u0438\\u0430\\u043b\\u044c\\u043d\\u044b\\u0445 \\u043e\\u0431\\u043b\\u0430\\u0441\\u0442\\u0435\\u0439 \\u043d\\u0430\\u043b\\u043e\\u0433\\u043e\\u0432\\u044b\\u0445 \\u0440\\u0438\\u0441\\u043a\\u043e\\u0432.\\r\\n  <\\/li><\\/ul>\",\"53\":\"\",\"38\":\"\",\"39\":\"\",\"40\":\"\",\"41\":\"\"}}', '2017-05-04 11:58:45', '2017-05-04 11:58:45', '1581a208-4f7f-4939-bd3d-03bd1f84a944'),
 ('116', '127', '8', '1', 'ru', '1', '', '{\"typeId\":null,\"authorId\":\"1\",\"title\":\" \\u0422\\u0440\\u0430\\u043d\\u0441\\u0444\\u0435\\u0440\\u0442\\u043d\\u043e\\u0435 \\u0446\\u0435\\u043d\\u043e\\u043e\\u0431\\u0440\\u0430\\u0437\\u043e\\u0432\\u0430\\u043d\\u0438\\u0435\",\"slug\":\"\\u0442\\u0440\\u0430\\u043d\\u0441\\u0444\\u0435\\u0440\\u0442\\u043d\\u043e\\u0435-\\u0446\\u0435\\u043d\\u043e\\u043e\\u0431\\u0440\\u0430\\u0437\\u043e\\u0432\\u0430\\u043d\\u0438\\u0435\",\"postDate\":1493899185,\"expiryDate\":null,\"enabled\":1,\"parentId\":\"28\",\"fields\":{\"36\":\"<p>\\u0412 \\u0434\\u0435\\u043f\\u0430\\u0440\\u0442\\u0430\\u043c\\u0435\\u043d\\u0442\\u0435 \\u0442\\u0440\\u0430\\u043d\\u0441\\u0444\\u0435\\u0440\\u0442\\u043d\\u043e\\u0433\\u043e \\u0446\\u0435\\u043d\\u043e\\u043e\\u0431\\u0440\\u0430\\u0437\\u043e\\u0432\\u0430\\u043d\\u0438\\u044f Baker Tilly Russia \\u0440\\u0430\\u0431\\u043e\\u0442\\u0430\\u044e\\u0442 \\u043f\\u0440\\u043e\\u0444\\u0435\\u0441\\u0441\\u0438\\u043e\\u043d\\u0430\\u043b\\u044b, \\u0441\\u043f\\u0435\\u0446\\u0438\\u0430\\u043b\\u0438\\u0437\\u0438\\u0440\\u0443\\u044e\\u0449\\u0438\\u0435\\u0441\\u044f \\u0432 \\u0440\\u0430\\u0437\\u043b\\u0438\\u0447\\u043d\\u044b\\u0445 \\u0432\\u043e\\u043f\\u0440\\u043e\\u0441\\u0430\\u0445, \\u043f\\u0440\\u0438\\u043c\\u0435\\u043d\\u0435\\u043d\\u0438\\u044f \\u043f\\u043e\\u043b\\u043e\\u0436\\u0435\\u043d\\u0438\\u0439 \\u043e \\u0442\\u0440\\u0430\\u043d\\u0441\\u0444\\u0435\\u0440\\u0442\\u043d\\u043e\\u043c \\u0446\\u0435\\u043d\\u043e\\u043e\\u0431\\u0440\\u0430\\u0437\\u043e\\u0432\\u0430\\u043d\\u0438\\u0438. \\u0417\\u0430 \\u043f\\u043e\\u0441\\u043b\\u0435\\u0434\\u043d\\u0438\\u0435 \\u043d\\u0435\\u0441\\u043a\\u043e\\u043b\\u044c\\u043a\\u043e \\u043b\\u0435\\u0442 \\u0441\\u043e\\u0442\\u0440\\u0443\\u0434\\u043d\\u0438\\u043a\\u0438 \\u0434\\u0435\\u043f\\u0430\\u0440\\u0442\\u0430\\u043c\\u0435\\u043d\\u0442\\u0430 \\u0443\\u0441\\u043f\\u0435\\u0448\\u043d\\u043e \\u0440\\u0435\\u0430\\u043b\\u0438\\u0437\\u043e\\u0432\\u0430\\u043b\\u0438 \\u043c\\u043d\\u043e\\u0436\\u0435\\u0441\\u0442\\u0432\\u043e \\u043f\\u0440\\u043e\\u0435\\u043a\\u0442\\u043e\\u0432 \\u043f\\u043e \\u0442\\u0440\\u0430\\u043d\\u0441\\u0444\\u0435\\u0440\\u0442\\u043d\\u043e\\u043c\\u0443 \\u0446\\u0435\\u043d\\u043e\\u043e\\u0431\\u0440\\u0430\\u0437\\u043e\\u0432\\u0430\\u043d\\u0438\\u044e \\u0434\\u043b\\u044f \\u043f\\u0440\\u0435\\u0434\\u043f\\u0440\\u0438\\u044f\\u0442\\u0438\\u0439 \\u0440\\u0430\\u0437\\u043b\\u0438\\u0447\\u043d\\u044b\\u0445 \\u043e\\u0442\\u0440\\u0430\\u0441\\u043b\\u0435\\u0439.&nbsp;<\\/p><p><strong>\\u041f\\u0440\\u0435\\u0434\\u043e\\u0441\\u0442\\u0430\\u0432\\u043b\\u044f\\u0435\\u043c\\u044b\\u0435 \\u0443\\u0441\\u043b\\u0443\\u0433\\u0438:<\\/strong><\\/p>\\r\\n<ul><li>\\u041f\\u043e\\u043c\\u043e\\u0449\\u044c \\u0432 \\u043f\\u043e\\u0434\\u0433\\u043e\\u0442\\u043e\\u0432\\u043a\\u0435 \\u0434\\u043e\\u043a\\u0443\\u043c\\u0435\\u043d\\u0442\\u0430\\u0446\\u0438\\u0438 \\u043f\\u043e \\u0442\\u0440\\u0430\\u043d\\u0441\\u0444\\u0435\\u0440\\u0442\\u043d\\u043e\\u043c\\u0443 \\u0446\\u0435\\u043d\\u043e\\u043e\\u0431\\u0440\\u0430\\u0437\\u043e\\u0432\\u0430\\u043d\\u0438\\u044e, \\u0432\\u043a\\u043b\\u044e\\u0447\\u0430\\u044e\\u0449\\u0435\\u0439 \\u043e\\u0431\\u043e\\u0441\\u043d\\u043e\\u0432\\u0430\\u043d\\u0438\\u0435 \\u0438\\u0441\\u043f\\u043e\\u043b\\u044c\\u0437\\u0443\\u0435\\u043c\\u043e\\u0439 \\u043c\\u0435\\u0442\\u043e\\u0434\\u043e\\u043b\\u043e\\u0433\\u0438\\u0438 \\u0438 \\u0441\\u043e\\u043e\\u0442\\u0432\\u0435\\u0442\\u0441\\u0442\\u0432\\u0438\\u0435 \\u0442\\u0435\\u043a\\u0443\\u0449\\u0438\\u0445 \\u0446\\u0435\\u043d \\u043f\\u043e \\u043a\\u043e\\u043d\\u0442\\u0440\\u043e\\u043b\\u0438\\u0440\\u0443\\u0435\\u043c\\u044b\\u043c \\u0441\\u0434\\u0435\\u043b\\u043a\\u0430\\u043c \\u0440\\u044b\\u043d\\u043e\\u0447\\u043d\\u043e\\u043c\\u0443 \\u0443\\u0440\\u043e\\u0432\\u043d\\u044e, \\u0430 \\u0442\\u0430\\u043a\\u0436\\u0435 \\u0443\\u0432\\u0435\\u0434\\u043e\\u043c\\u043b\\u0435\\u043d\\u0438\\u0439 \\u043e \\u043a\\u043e\\u043d\\u0442\\u0440\\u043e\\u043b\\u0438\\u0440\\u0443\\u0435\\u043c\\u044b\\u0445 \\u0441\\u0434\\u0435\\u043b\\u043a\\u0430\\u0445<\\/li><li>\\u0414\\u0438\\u0430\\u0433\\u043d\\u043e\\u0441\\u0442\\u0438\\u043a\\u0430 \\u0440\\u0438\\u0441\\u043a\\u043e\\u0432 \\u0442\\u0440\\u0430\\u043d\\u0441\\u0444\\u0435\\u0440\\u0442\\u043d\\u043e\\u0433\\u043e \\u0446\\u0435\\u043d\\u043e\\u043e\\u0431\\u0440\\u0430\\u0437\\u043e\\u0432\\u0430\\u043d\\u0438\\u044f \\u0438 \\u043f\\u043e\\u0434\\u0433\\u043e\\u0442\\u043e\\u0432\\u043a\\u0430 \\u0440\\u0435\\u043a\\u043e\\u043c\\u0435\\u043d\\u0434\\u0430\\u0446\\u0438\\u0439 \\u043f\\u043e \\u0443\\u0441\\u043e\\u0432\\u0435\\u0440\\u0448\\u0435\\u043d\\u0441\\u0442\\u0432\\u043e\\u0432\\u0430\\u043d\\u0438\\u044e \\u0441\\u0443\\u0449\\u0435\\u0441\\u0442\\u0432\\u0443\\u044e\\u0449\\u0435\\u0439 \\u043f\\u043e\\u043b\\u0438\\u0442\\u0438\\u043a\\u0438 \\u0446\\u0435\\u043d\\u043e\\u043e\\u0431\\u0440\\u0430\\u0437\\u043e\\u0432\\u0430\\u043d\\u0438\\u044f, \\u0432 \\u0442\\u043e\\u043c \\u0447\\u0438\\u0441\\u043b\\u0435 \\u043f\\u0443\\u0442\\u0435\\u043c \\u0440\\u0435\\u043e\\u0440\\u0433\\u0430\\u043d\\u0438\\u0437\\u0430\\u0446\\u0438\\u0438 \\u043f\\u0440\\u043e\\u0438\\u0437\\u0432\\u043e\\u0434\\u0441\\u0442\\u0432\\u0435\\u043d\\u043d\\u043e-\\u0441\\u0431\\u044b\\u0442\\u043e\\u0432\\u043e\\u0439 \\u0441\\u0442\\u0440\\u0443\\u043a\\u0442\\u0443\\u0440\\u044b \\u043f\\u043e\\u0441\\u0442\\u0430\\u0432\\u043e\\u043a, \\u0438\\u0437\\u043c\\u0435\\u043d\\u0435\\u043d\\u0438\\u044f \\u043f\\u043e\\u0434\\u0445\\u043e\\u0434\\u0430 \\u043a \\u0444\\u043e\\u0440\\u043c\\u0438\\u0440\\u043e\\u0432\\u0430\\u043d\\u0438\\u044e \\u0446\\u0435\\u043d<\\/li><li>\\u041e\\u0431\\u043e\\u0441\\u043d\\u043e\\u0432\\u0430\\u043d\\u0438\\u0435 \\u0438\\u0441\\u043f\\u043e\\u043b\\u044c\\u0437\\u0443\\u0435\\u043c\\u043e\\u0439 \\u043c\\u0435\\u0442\\u043e\\u0434\\u043e\\u043b\\u043e\\u0433\\u0438\\u0438 \\u0438 \\u0441\\u043e\\u043e\\u0442\\u0432\\u0435\\u0442\\u0441\\u0442\\u0432\\u0438\\u044f \\u0442\\u0435\\u043a\\u0443\\u0449\\u0438\\u0445 \\u0446\\u0435\\u043d \\u0440\\u044b\\u043d\\u043e\\u0447\\u043d\\u043e\\u043c\\u0443 \\u0443\\u0440\\u043e\\u0432\\u043d\\u044e<\\/li><li>\\u041a\\u043e\\u043d\\u0441\\u0443\\u043b\\u044c\\u0442\\u0438\\u0440\\u043e\\u0432\\u0430\\u043d\\u0438\\u0435 \\u043f\\u043e \\u0432\\u043e\\u043f\\u0440\\u043e\\u0441\\u0430\\u043c \\u0441\\u0442\\u0440\\u0443\\u043a\\u0442\\u0443\\u0440\\u0438\\u0440\\u043e\\u0432\\u0430\\u043d\\u0438\\u044f \\u0432\\u043d\\u0443\\u0442\\u0440\\u0438\\u0433\\u0440\\u0443\\u043f\\u043f\\u043e\\u0432\\u044b\\u0445 \\u0441\\u0434\\u0435\\u043b\\u043e\\u043a \\u043d\\u0430 \\u043e\\u0441\\u043d\\u043e\\u0432\\u0435 \\u043f\\u0440\\u0438\\u043d\\u0446\\u0438\\u043f\\u0430 \\u0441\\u043e\\u043e\\u0442\\u0432\\u0435\\u0442\\u0441\\u0442\\u0432\\u0438\\u044f \\u0446\\u0435\\u043d \\u0440\\u044b\\u043d\\u043e\\u0447\\u043d\\u043e\\u043c\\u0443 \\u0443\\u0440\\u043e\\u0432\\u043d\\u044e, \\u0432 \\u0447\\u0430\\u0441\\u0442\\u043d\\u043e\\u0441\\u0442\\u0438 \\u043f\\u0440\\u0438 \\u043f\\u0435\\u0440\\u0435\\u0434\\u0430\\u0447\\u0435 \\u043f\\u0440\\u0430\\u0432 \\u043d\\u0430 \\u0438\\u043d\\u0442\\u0435\\u043b\\u043b\\u0435\\u043a\\u0442\\u0443\\u0430\\u043b\\u044c\\u043d\\u0443\\u044e \\u0441\\u043e\\u0431\\u0441\\u0442\\u0432\\u0435\\u043d\\u043d\\u043e\\u0441\\u0442\\u044c, \\u043e\\u0441\\u0443\\u0449\\u0435\\u0441\\u0442\\u0432\\u043b\\u0435\\u043d\\u0438\\u0438 \\u0444\\u0438\\u043d\\u0430\\u043d\\u0441\\u043e\\u0432\\u044b\\u0445 \\u043e\\u043f\\u0435\\u0440\\u0430\\u0446\\u0438\\u0439<\\/li><li>\\u041f\\u043e\\u043c\\u043e\\u0449\\u044c \\u043c\\u0435\\u0436\\u0434\\u0443\\u043d\\u0430\\u0440\\u043e\\u0434\\u043d\\u044b\\u043c \\u043a\\u043e\\u043c\\u043f\\u0430\\u043d\\u0438\\u044f\\u043c \\u0432 \\u0430\\u0434\\u0430\\u043f\\u0442\\u0430\\u0446\\u0438\\u0438 \\u0433\\u043b\\u043e\\u0431\\u0430\\u043b\\u044c\\u043d\\u043e\\u0439 \\u043f\\u043e\\u043b\\u0438\\u0442\\u0438\\u043a\\u0438 \\u0432 \\u043e\\u0431\\u043b\\u0430\\u0441\\u0442\\u0438 \\u0442\\u0440\\u0430\\u043d\\u0441\\u0444\\u0435\\u0440\\u0442\\u043d\\u043e\\u0433\\u043e \\u0446\\u0435\\u043d\\u043e\\u043e\\u0431\\u0440\\u0430\\u0437\\u043e\\u0432\\u0430\\u043d\\u0438\\u044f \\u043a \\u0442\\u0440\\u0435\\u0431\\u043e\\u0432\\u0430\\u043d\\u0438\\u044f\\u043c \\u0440\\u043e\\u0441\\u0441\\u0438\\u0439\\u0441\\u043a\\u043e\\u0433\\u043e \\u0437\\u0430\\u043a\\u043e\\u043d\\u043e\\u0434\\u0430\\u0442\\u0435\\u043b\\u044c\\u0441\\u0442\\u0432\\u0430<\\/li><li>\\u0420\\u0430\\u0437\\u0440\\u0430\\u0431\\u043e\\u0442\\u043a\\u0430 \\u0438 \\u0441\\u043e\\u0434\\u0435\\u0439\\u0441\\u0442\\u0432\\u0438\\u0435 \\u0432 \\u0441\\u043e\\u0437\\u0434\\u0430\\u043d\\u0438\\u0438 \\u0442\\u043e\\u0440\\u0433\\u043e\\u0432\\u043e-\\u0437\\u0430\\u043a\\u0443\\u043f\\u043e\\u0447\\u043d\\u044b\\u0445 \\u0441\\u0442\\u0440\\u0443\\u043a\\u0442\\u0443\\u0440<\\/li><li>\\u0420\\u0435\\u043a\\u043e\\u043c\\u0435\\u043d\\u0434\\u0430\\u0446\\u0438\\u0438 \\u043f\\u043e \\u0432\\u044b\\u0441\\u0442\\u0440\\u0430\\u0438\\u0432\\u0430\\u043d\\u0438\\u044e \\u0444\\u0443\\u043d\\u043a\\u0446\\u0438\\u0438 \\u043f\\u043e \\u0432\\u043e\\u043f\\u0440\\u043e\\u0441\\u0430\\u043c \\u0442\\u0440\\u0430\\u043d\\u0441\\u0444\\u0435\\u0440\\u0442\\u043d\\u043e\\u0433\\u043e \\u0446\\u0435\\u043d\\u043e\\u043e\\u0431\\u0440\\u0430\\u0437\\u043e\\u0432\\u0430\\u043d\\u0438\\u044f \\u043d\\u0430 \\u043f\\u0440\\u0435\\u0434\\u043f\\u0440\\u0438\\u044f\\u0442\\u0438\\u0438 \\u0438 \\u043f\\u0440\\u043e\\u0446\\u0435\\u0434\\u0443\\u0440\\u044b \\u044d\\u0444\\u0444\\u0435\\u043a\\u0442\\u0438\\u0432\\u043d\\u043e\\u0433\\u043e \\u0432\\u0437\\u0430\\u0438\\u043c\\u043e\\u0434\\u0435\\u0439\\u0441\\u0442\\u0432\\u0438\\u044f \\u043c\\u0435\\u0436\\u0434\\u0443 \\u0441\\u043e\\u043e\\u0442\\u0432\\u0435\\u0442\\u0441\\u0442\\u0432\\u0443\\u044e\\u0449\\u0438\\u043c\\u0438 \\u0441\\u043b\\u0443\\u0436\\u0431\\u0430\\u043c\\u0438 \\u043f\\u0440\\u0435\\u0434\\u043f\\u0440\\u0438\\u044f\\u0442\\u0438\\u044f \\u0432 \\u0440\\u0430\\u043c\\u043a\\u0430\\u0445 \\u0440\\u0430\\u0431\\u043e\\u0442 \\u043f\\u043e \\u0441\\u043e\\u0431\\u043b\\u044e\\u0434\\u0435\\u043d\\u0438\\u044e \\u043f\\u043e\\u043b\\u043e\\u0436\\u0435\\u043d\\u0438\\u0439 \\u043f\\u043e \\u0442\\u0440\\u0430\\u043d\\u0441\\u0444\\u0435\\u0440\\u0442\\u043d\\u043e\\u043c\\u0443 \\u0446\\u0435\\u043d\\u043e\\u043e\\u0431\\u0440\\u0430\\u0437\\u043e\\u0432\\u0430\\u043d\\u0438\\u044e<\\/li><li>\\u041a\\u043e\\u043d\\u0441\\u0443\\u043b\\u044c\\u0442\\u0438\\u0440\\u043e\\u0432\\u0430\\u043d\\u0438\\u0435 \\u043f\\u043e \\u0432\\u043e\\u043f\\u0440\\u043e\\u0441\\u0430\\u043c \\u0440\\u0430\\u0437\\u0440\\u0430\\u0431\\u043e\\u0442\\u043a\\u0438 \\u043c\\u0435\\u0442\\u043e\\u0434\\u043e\\u043b\\u043e\\u0433\\u0438\\u0438 \\u0442\\u0440\\u0430\\u043d\\u0441\\u0444\\u0435\\u0440\\u0442\\u043d\\u043e\\u0433\\u043e \\u0446\\u0435\\u043d\\u043e\\u043e\\u0431\\u0440\\u0430\\u0437\\u043e\\u0432\\u0430\\u043d\\u0438\\u044f \\u0432 \\u043e\\u0442\\u043d\\u043e\\u0448\\u0435\\u043d\\u0438\\u0438 \\u0443\\u0441\\u043b\\u0443\\u0433 \\u0438 \\u043c\\u043e\\u0434\\u0435\\u043b\\u0435\\u0439 \\u0440\\u0430\\u0441\\u043f\\u0440\\u0435\\u0434\\u0435\\u043b\\u0435\\u043d\\u0438\\u044f \\u0437\\u0430\\u0442\\u0440\\u0430\\u0442 \\u043d\\u0430 \\u0443\\u0441\\u043b\\u0443\\u0433\\u0438 \\u0443\\u043f\\u0440\\u0430\\u0432\\u043b\\u0435\\u043d\\u0447\\u0435\\u0441\\u043a\\u043e\\u0433\\u043e \\u0445\\u0430\\u0440\\u0430\\u043a\\u0442\\u0435\\u0440\\u0430<\\/li><li>\\u0420\\u0430\\u0437\\u0440\\u0430\\u0431\\u043e\\u0442\\u043a\\u0430 \\u0431\\u0438\\u0437\\u043d\\u0435\\u0441-\\u043f\\u0440\\u043e\\u0446\\u0435\\u0441\\u0441\\u043e\\u0432 \\u0438 \\u0441\\u0438\\u0441\\u0442\\u0435\\u043c\\u044b \\u0432\\u043d\\u0443\\u0442\\u0440\\u0435\\u043d\\u043d\\u0435\\u0433\\u043e \\u043a\\u043e\\u043d\\u0442\\u0440\\u043e\\u043b\\u044f \\u0434\\u043b\\u044f \\u0446\\u0435\\u043b\\u0435\\u0439 \\u0441\\u043e\\u0431\\u043b\\u044e\\u0434\\u0435\\u043d\\u0438\\u044f \\u043f\\u043e\\u043b\\u0438\\u0442\\u0438\\u043a\\u0438 \\u0442\\u0440\\u0430\\u043d\\u0441\\u0444\\u0435\\u0440\\u0442\\u043d\\u043e\\u0433\\u043e \\u0446\\u0435\\u043d\\u043e\\u043e\\u0431\\u0440\\u0430\\u0437\\u043e\\u0432\\u0430\\u043d\\u0438\\u044f<\\/li><li>\\u0421\\u043e\\u0434\\u0435\\u0439\\u0441\\u0442\\u0432\\u0438\\u0435 \\u0432 \\u0443\\u0440\\u0435\\u0433\\u0443\\u043b\\u0438\\u0440\\u043e\\u0432\\u0430\\u043d\\u0438\\u0438 \\u0441\\u043f\\u043e\\u0440\\u043e\\u0432, \\u0432\\u043e\\u0437\\u043d\\u0438\\u043a\\u0430\\u044e\\u0449\\u0438\\u0445 \\u043f\\u043e \\u0438\\u0442\\u043e\\u0433\\u0430\\u043c \\u043f\\u0440\\u043e\\u0432\\u0435\\u0434\\u0435\\u043d\\u0438\\u044f \\u043d\\u0430\\u043b\\u043e\\u0433\\u043e\\u0432\\u044b\\u0445 \\u043f\\u0440\\u043e\\u0432\\u0435\\u0440\\u043e\\u043a \\u043f\\u043e \\u0432\\u043e\\u043f\\u0440\\u043e\\u0441\\u0430\\u043c \\u0446\\u0435\\u043d\\u043e\\u043e\\u0431\\u0440\\u0430\\u0437\\u043e\\u0432\\u0430\\u043d\\u0438\\u044f \\u0434\\u043b\\u044f \\u0446\\u0435\\u043b\\u0435\\u0439 \\u043d\\u0430\\u043b\\u043e\\u0433\\u043e\\u043e\\u0431\\u043b\\u043e\\u0436\\u0435\\u043d\\u0438\\u044f (\\u0432\\u043a\\u043b\\u044e\\u0447\\u0430\\u044f \\u0441\\u043f\\u043e\\u0440\\u044b \\u0432 \\u0440\\u0430\\u043c\\u043a\\u0430\\u0445 \\u0441\\u0442. 40 \\u041d\\u0430\\u043b\\u043e\\u0433\\u043e\\u0432\\u043e\\u0433\\u043e \\u043a\\u043e\\u0434\\u0435\\u043a\\u0441\\u0430 \\u0420\\u0424, \\u0442\\u0430\\u043a \\u0438 \\u0432 \\u0440\\u0430\\u043c\\u043a\\u0430\\u0445 \\u043d\\u043e\\u0432\\u044b\\u0445 \\u043f\\u043e\\u043b\\u043e\\u0436\\u0435\\u043d\\u0438\\u0439 \\u041d\\u0430\\u043b\\u043e\\u0433\\u043e\\u0432\\u043e\\u0433\\u043e \\u043a\\u043e\\u0434\\u0435\\u043a\\u0441\\u0430 \\u0420\\u0424 \\u043f\\u043e \\u043a\\u043e\\u043d\\u0442\\u0440\\u043e\\u043b\\u044e \\u0446\\u0435\\u043d \\u0434\\u043b\\u044f \\u0446\\u0435\\u043b\\u0435\\u0439 \\u043d\\u0430\\u043b\\u043e\\u0433\\u043e\\u043e\\u0431\\u043b\\u043e\\u0436\\u0435\\u043d\\u0438\\u044f)<\\/li><li>\\u041c\\u044b \\u043f\\u043e\\u043c\\u043e\\u0436\\u0435\\u043c \\u0432\\u0430\\u043c \\u0443\\u0441\\u043f\\u0435\\u0448\\u043d\\u043e \\u043e\\u0440\\u0438\\u0435\\u043d\\u0442\\u0438\\u0440\\u043e\\u0432\\u0430\\u0442\\u044c\\u0441\\u044f \\u0432 \\u0438\\u0437\\u043c\\u0435\\u043d\\u0435\\u043d\\u0438\\u044f\\u0445, \\u043f\\u0440\\u043e\\u0438\\u0441\\u0445\\u043e\\u0434\\u044f\\u0449\\u0438\\u0445 \\u0432 \\u043d\\u0430\\u043b\\u043e\\u0433\\u043e\\u0432\\u043e\\u0439 \\u0438 \\u044e\\u0440\\u0438\\u0434\\u0438\\u0447\\u0435\\u0441\\u043a\\u043e\\u0439 \\u0441\\u0444\\u0435\\u0440\\u0430\\u0445<\\/li><\\/ul>\\r\\n\",\"53\":\"\",\"38\":\"\",\"39\":\"\",\"40\":\"\",\"41\":\"\"}}', '2017-05-04 11:59:45', '2017-05-04 11:59:45', 'a2be748e-a9c5-49c4-a378-c570ec441894'),
 ('117', '128', '8', '1', 'ru', '1', '', '{\"typeId\":null,\"authorId\":\"1\",\"title\":\"\\u041c\\u0435\\u0436\\u0434\\u0443\\u043d\\u0430\\u0440\\u043e\\u0434\\u043d\\u043e\\u0435 \\u043d\\u0430\\u043b\\u043e\\u0433\\u043e\\u0432\\u043e\\u0435 \\u043f\\u043b\\u0430\\u043d\\u0438\\u0440\\u043e\\u0432\\u0430\\u043d\\u0438\\u0435 \\u0438 \\u043e\\u0442\\u0447\\u0435\\u0442\\u043d\\u043e\\u0441\\u0442\\u044c \\u043f\\u043e \\u043a\\u043e\\u043d\\u0442\\u0440\\u043e\\u043b\\u0438\\u0440\\u0443\\u0435\\u043c\\u044b\\u043c \\u0438\\u043d\\u043e\\u0441\\u0442\\u0440\\u0430\\u043d\\u043d\\u044b\\u043c \\u043a\\u043e\\u043c\\u043f\\u0430\\u043d\\u0438\\u044f\\u043c\",\"slug\":\"\\u043c\\u0435\\u0436\\u0434\\u0443\\u043d\\u0430\\u0440\\u043e\\u0434\\u043d\\u043e\\u0435-\\u043d\\u0430\\u043b\\u043e\\u0433\\u043e\\u0432\\u043e\\u0435-\\u043f\\u043b\\u0430\\u043d\\u0438\\u0440\\u043e\\u0432\\u0430\\u043d\\u0438\\u0435-\\u0438-\\u043e\\u0442\\u0447\\u0435\\u0442\\u043d\\u043e\\u0441\\u0442\\u044c-\\u043f\\u043e-\\u043a\\u043e\\u043d\\u0442\\u0440\\u043e\\u043b\\u0438\\u0440\\u0443\\u0435\\u043c\\u044b\\u043c-\\u0438\\u043d\\u043e\\u0441\\u0442\\u0440\\u0430\\u043d\\u043d\\u044b\\u043c-\\u043a\\u043e\\u043c\\u043f\\u0430\\u043d\\u0438\\u044f\\u043c\",\"postDate\":1493899245,\"expiryDate\":null,\"enabled\":1,\"parentId\":\"28\",\"fields\":{\"36\":\"<p>\\u041c\\u0435\\u0436\\u0434\\u0443\\u043d\\u0430\\u0440\\u043e\\u0434\\u043d\\u044b\\u0435 \\u043a\\u043e\\u043c\\u043f\\u0430\\u043d\\u0438\\u0438 \\u043e\\u0431\\u043b\\u0430\\u0434\\u0430\\u044e\\u0442 \\u0441\\u043f\\u0435\\u0446\\u0438\\u0444\\u0438\\u0447\\u0435\\u0441\\u043a\\u0438\\u043c\\u0438 \\u043f\\u043e\\u0442\\u0440\\u0435\\u0431\\u043d\\u043e\\u0441\\u0442\\u044f\\u043c\\u0438 \\u0432 \\u043e\\u0442\\u043d\\u043e\\u0448\\u0435\\u043d\\u0438\\u0438 \\u043d\\u0430\\u043b\\u043e\\u0433\\u043e\\u043e\\u0431\\u043b\\u043e\\u0436\\u0435\\u043d\\u0438\\u044f, \\u043f\\u043e\\u0434\\u0430\\u0447\\u0438 \\u0434\\u043e\\u043a\\u0443\\u043c\\u0435\\u043d\\u0442\\u043e\\u0432 \\u0438 \\u0443\\u043f\\u0440\\u0430\\u0432\\u043b\\u0435\\u043d\\u0438\\u044f \\u0432 \\u0420\\u043e\\u0441\\u0441\\u0438\\u0438. \\u041c\\u0435\\u0436\\u0434\\u0443\\u043d\\u0430\\u0440\\u043e\\u0434\\u043d\\u044b\\u0435 \\u0438 \\u0440\\u043e\\u0441\\u0441\\u0438\\u0439\\u0441\\u043a\\u0438\\u0435 \\u043a\\u043e\\u043c\\u043f\\u0430\\u043d\\u0438\\u0438 \\u0441\\u0442\\u0430\\u043b\\u043a\\u0438\\u0432\\u0430\\u044e\\u0442\\u0441\\u044f \\u0441 \\u0440\\u0430\\u0437\\u043b\\u0438\\u0447\\u043d\\u044b\\u043c\\u0438 \\u043d\\u0430\\u043b\\u043e\\u0433\\u043e\\u0432\\u044b\\u043c\\u0438 \\u0432\\u043e\\u043f\\u0440\\u043e\\u0441\\u0430\\u043c\\u0438, \\u0438\\u043c\\u0435\\u044e\\u0449\\u0438\\u043c\\u0438 \\u043e\\u043f\\u0440\\u0435\\u0434\\u0435\\u043b\\u0435\\u043d\\u043d\\u0443\\u044e \\u0441\\u043f\\u0435\\u0446\\u0438\\u0444\\u0438\\u043a\\u0443 \\u0434\\u043b\\u044f \\u043a\\u0430\\u0436\\u0434\\u043e\\u0439 \\u0438\\u0437 \\u043d\\u0438\\u0445. \\u041d\\u0430\\u0448\\u0430 \\u043a\\u043e\\u043c\\u0430\\u043d\\u0434\\u0430 \\u043f\\u0440\\u0435\\u0434\\u043e\\u0441\\u0442\\u0430\\u0432\\u043b\\u044f\\u0435\\u0442 \\u043a\\u0432\\u0430\\u043b\\u0438\\u0444\\u0438\\u0446\\u0438\\u0440\\u043e\\u0432\\u0430\\u043d\\u043d\\u044b\\u0435 \\u0443\\u0441\\u043b\\u0443\\u0433\\u0438 \\u043f\\u043e \\u043c\\u0435\\u0436\\u0434\\u0443\\u043d\\u0430\\u0440\\u043e\\u0434\\u043d\\u043e\\u043c\\u0443 \\u043d\\u0430\\u043b\\u043e\\u0433\\u043e\\u0432\\u043e\\u043c\\u0443 \\u043a\\u043e\\u043d\\u0441\\u0443\\u043b\\u044c\\u0442\\u0438\\u0440\\u043e\\u0432\\u0430\\u043d\\u0438\\u044e, \\u043d\\u0430\\u043b\\u043e\\u0433\\u043e\\u0432\\u044b\\u043c \\u043f\\u0440\\u043e\\u0432\\u0435\\u0440\\u043a\\u0430\\u043c \\u0438 \\u043f\\u043e\\u0434\\u043e\\u0431\\u043d\\u044b\\u043c \\u0443\\u0441\\u043b\\u0443\\u0433\\u0430\\u043c, \\u043a\\u043e\\u0442\\u043e\\u0440\\u044b\\u0435 \\u043e\\u0442\\u0432\\u0435\\u0447\\u0430\\u044e\\u0442 \\u043d\\u0443\\u0436\\u0434\\u0430\\u043c \\u0431\\u0438\\u0437\\u043d\\u0435\\u0441\\u0430 \\u0432 \\u043a\\u0430\\u0436\\u0434\\u043e\\u043c \\u0441\\u0435\\u043a\\u0442\\u043e\\u0440\\u0435 \\u044d\\u043a\\u043e\\u043d\\u043e\\u043c\\u0438\\u043a\\u0438.<\\/p><p>\\u041c\\u044b \\u043e\\u043a\\u0430\\u0437\\u044b\\u0432\\u0430\\u0435\\u043c \\u0441\\u043e\\u0434\\u0435\\u0439\\u0441\\u0442\\u0432\\u0438\\u0435 \\u0432 \\u043e\\u0431\\u0435\\u0441\\u043f\\u0435\\u0447\\u0435\\u043d\\u0438\\u0438 \\u0441\\u043e\\u043e\\u0442\\u0432\\u0435\\u0442\\u0441\\u0442\\u0432\\u0438\\u044f \\u0434\\u0435\\u044f\\u0442\\u0435\\u043b\\u044c\\u043d\\u043e\\u0441\\u0442\\u0438 \\u043a\\u043e\\u043c\\u043f\\u0430\\u043d\\u0438\\u0438 \\u0442\\u0440\\u0435\\u0431\\u043e\\u0432\\u0430\\u043d\\u0438\\u044f\\u043c \\u043f\\u0440\\u0438\\u043c\\u0435\\u043d\\u0438\\u043c\\u043e\\u0433\\u043e \\u043d\\u0430\\u043b\\u043e\\u0433\\u043e\\u0432\\u043e\\u0433\\u043e \\u0437\\u0430\\u043a\\u043e\\u043d\\u043e\\u0434\\u0430\\u0442\\u0435\\u043b\\u044c\\u0441\\u0442\\u0432\\u0430 \\u0438 \\u043f\\u043e\\u043b\\u043e\\u0436\\u0435\\u043d\\u0438\\u0439, \\u0430 \\u0442\\u0430\\u043a\\u0436\\u0435 \\u0441\\u043e\\u043e\\u0442\\u0432\\u0435\\u0442\\u0441\\u0442\\u0432\\u0438\\u044f \\u043e\\u0441\\u043d\\u043e\\u0432\\u043d\\u044b\\u043c \\u043e\\u0442\\u0440\\u0430\\u0441\\u043b\\u0435\\u0432\\u044b\\u043c \\u0441\\u0442\\u0430\\u043d\\u0434\\u0430\\u0440\\u0442\\u0430\\u043c:<\\/p>\\r\\n<ul><li>\\u0412\\u044b\\u0431\\u043e\\u0440 \\u044d\\u0444\\u0444\\u0435\\u043a\\u0442\\u0438\\u0432\\u043d\\u043e\\u0439 \\u0441\\u0442\\u0440\\u0443\\u043a\\u0442\\u0443\\u0440\\u044b \\u0441\\u043e\\u0431\\u0441\\u0442\\u0432\\u0435\\u043d\\u043d\\u043e\\u0441\\u0442\\u0438, \\u0443\\u043f\\u0440\\u0430\\u0432\\u043b\\u0435\\u043d\\u0438\\u044f \\u0438 \\u043e\\u043f\\u0435\\u0440\\u0430\\u0446\\u0438\\u0439 \\u0441 \\u043d\\u0430\\u043b\\u043e\\u0433\\u043e\\u0432\\u043e\\u0439 \\u0442\\u043e\\u0447\\u043a\\u0438 \\u0437\\u0440\\u0435\\u043d\\u0438\\u044f<\\/li><li>\\u0421\\u0442\\u0440\\u0443\\u043a\\u0442\\u0443\\u0440\\u0438\\u0440\\u043e\\u0432\\u0430\\u043d\\u0438\\u0435 \\u043e\\u043f\\u0435\\u0440\\u0430\\u0446\\u0438\\u0439 \\u043f\\u043e \\u0440\\u0435\\u043f\\u0430\\u0442\\u0440\\u0438\\u0430\\u0446\\u0438\\u0438 \\u043f\\u0440\\u0438\\u0431\\u044b\\u043b\\u0438 \\u0438 \\u0438\\u0441\\u043f\\u043e\\u043b\\u044c\\u0437\\u043e\\u0432\\u0430\\u043d\\u0438\\u044e \\u0443\\u0431\\u044b\\u0442\\u043a\\u043e\\u0432<\\/li><li>\\u0421\\u0442\\u0440\\u0443\\u043a\\u0442\\u0443\\u0440\\u0438\\u0440\\u043e\\u0432\\u0430\\u043d\\u0438\\u0435 \\u0438\\u043d\\u0432\\u0435\\u0441\\u0442\\u0438\\u0446\\u0438\\u0439 \\u0432\\u043d\\u0443\\u0442\\u0440\\u0438 \\u0441\\u0442\\u0440\\u0430\\u043d\\u044b \\u0438 \\u0437\\u0430 \\u0440\\u0443\\u0431\\u0435\\u0436\\u043e\\u043c<\\/li><li>\\u0424\\u043e\\u0440\\u043c\\u0438\\u0440\\u043e\\u0432\\u0430\\u043d\\u0438\\u0435 \\u0446\\u0435\\u043f\\u043e\\u0447\\u043a\\u0438 \\u043f\\u043e\\u0441\\u0442\\u0430\\u0432\\u043e\\u043a \\u0438 \\u0441\\u043e\\u0432\\u043c\\u0435\\u0441\\u0442\\u043d\\u043e\\u0433\\u043e \\u043f\\u0440\\u0435\\u0434\\u043e\\u0441\\u0442\\u0430\\u0432\\u043b\\u0435\\u043d\\u0438\\u044f \\u0443\\u0441\\u043b\\u0443\\u0433, \\u044d\\u0444\\u0444\\u0435\\u043a\\u0442\\u0438\\u0432\\u043d\\u044b\\u0445 \\u0441 \\u043d\\u0430\\u043b\\u043e\\u0433\\u043e\\u0432\\u043e\\u0439 \\u0442\\u043e\\u0447\\u043a\\u0438 \\u0437\\u0440\\u0435\\u043d\\u0438\\u044f<\\/li><\\/ul>\\r\\n\",\"53\":\"\",\"38\":\"\",\"39\":\"\",\"40\":\"\",\"41\":\"\"}}', '2017-05-04 12:00:46', '2017-05-04 12:00:46', 'f8d3cba4-995b-4ba5-ae9c-c3fd67c4a118'),
 ('118', '129', '8', '1', 'ru', '1', '', '{\"typeId\":null,\"authorId\":\"1\",\"title\":\"\\u0423\\u0441\\u043b\\u0443\\u0433\\u0438 \\u043f\\u043e \\u0441\\u043e\\u0432\\u0435\\u0440\\u0448\\u0435\\u043d\\u0441\\u0442\\u0432\\u043e\\u0432\\u0430\\u043d\\u0438\\u044e \\u043d\\u0430\\u043b\\u043e\\u0433\\u043e\\u0432\\u043e\\u0439 \\u0444\\u0443\\u043d\\u043a\\u0446\\u0438\\u0438 \\u0438 \\u043d\\u0430\\u043b\\u043e\\u0433\\u043e\\u0432\\u043e\\u0439 \\u043f\\u043e\\u043b\\u0438\\u0442\\u0438\\u043a\\u0438\",\"slug\":\"\\u0443\\u0441\\u043b\\u0443\\u0433\\u0438-\\u043f\\u043e-\\u0441\\u043e\\u0432\\u0435\\u0440\\u0448\\u0435\\u043d\\u0441\\u0442\\u0432\\u043e\\u0432\\u0430\\u043d\\u0438\\u044e-\\u043d\\u0430\\u043b\\u043e\\u0433\\u043e\\u0432\\u043e\\u0439-\\u0444\\u0443\\u043d\\u043a\\u0446\\u0438\\u0438-\\u0438-\\u043d\\u0430\\u043b\\u043e\\u0433\\u043e\\u0432\\u043e\\u0439-\\u043f\\u043e\\u043b\\u0438\\u0442\\u0438\\u043a\\u0438\",\"postDate\":1493899344,\"expiryDate\":null,\"enabled\":1,\"parentId\":\"28\",\"fields\":{\"36\":\"<p>\\u0412\\u0432\\u0438\\u0434\\u0443 \\u0447\\u0430\\u0441\\u0442\\u044b\\u0445 \\u0438\\u0437\\u043c\\u0435\\u043d\\u0435\\u043d\\u0438\\u0439 \\u0438 \\u0441\\u043b\\u043e\\u0436\\u043d\\u043e\\u0441\\u0442\\u0438 \\u0440\\u043e\\u0441\\u0441\\u0438\\u0439\\u0441\\u043a\\u043e\\u0433\\u043e \\u043d\\u0430\\u043b\\u043e\\u0433\\u043e\\u0432\\u043e\\u0433\\u043e \\u0437\\u0430\\u043a\\u043e\\u043d\\u043e\\u0434\\u0430\\u0442\\u0435\\u043b\\u044c\\u0441\\u0442\\u0432\\u0430, \\u043f\\u043e\\u0441\\u0442\\u043e\\u044f\\u043d\\u043d\\u044b\\u0439 \\u043a\\u043e\\u043d\\u0442\\u0440\\u043e\\u043b\\u044c \\u0438 \\u043f\\u0440\\u043e\\u0433\\u043d\\u043e\\u0437\\u0438\\u0440\\u043e\\u0432\\u0430\\u043d\\u0438\\u0435 \\u043d\\u0435\\u043e\\u0431\\u0445\\u043e\\u0434\\u0438\\u043c\\u044b, \\u0447\\u0442\\u043e\\u0431\\u044b \\u0432\\u0430\\u0448\\u0430 \\u043a\\u043e\\u043c\\u043f\\u0430\\u043d\\u0438\\u044f \\u0441\\u043e\\u043e\\u0442\\u0432\\u0435\\u0442\\u0441\\u0442\\u0432\\u043e\\u0432\\u0430\\u043b\\u0430 \\u0442\\u0440\\u0435\\u0431\\u043e\\u0432\\u0430\\u043d\\u0438\\u044f\\u043c \\u0438 \\u0438\\u043c\\u0435\\u043b\\u0430 \\u043d\\u0430\\u0434\\u043b\\u0435\\u0436\\u0430\\u0449\\u0438\\u0439 \\u043d\\u0430\\u043b\\u043e\\u0433\\u043e\\u0432\\u044b\\u0439 \\u0441\\u0442\\u0430\\u0442\\u0443\\u0441. \\u041f\\u0440\\u0438\\u0432\\u043b\\u0435\\u043a\\u0430\\u044f \\u043a \\u0432\\u044b\\u043f\\u043e\\u043b\\u043d\\u0435\\u043d\\u0438\\u044e \\u0437\\u0430\\u0434\\u0430\\u0447 \\u043d\\u0430\\u0448\\u0438\\u0445 \\u0432\\u044b\\u0441\\u043e\\u043a\\u043e\\u043a\\u0432\\u0430\\u043b\\u0438\\u0444\\u0438\\u0446\\u0438\\u0440\\u043e\\u0432\\u0430\\u043d\\u043d\\u044b\\u0445 \\u044d\\u043a\\u0441\\u043f\\u0435\\u0440\\u0442\\u043e\\u0432, \\u0441\\u043f\\u043e\\u0441\\u043e\\u0431\\u043d\\u044b\\u0445 \\u043e\\u043f\\u0435\\u0440\\u0430\\u0442\\u0438\\u0432\\u043d\\u043e \\u043e\\u0440\\u0438\\u0435\\u043d\\u0442\\u0438\\u0440\\u043e\\u0432\\u0430\\u0442\\u044c\\u0441\\u044f \\u0432 \\u0443\\u0441\\u043b\\u043e\\u0432\\u0438\\u044f\\u0445 \\u0438\\u0437\\u043c\\u0435\\u043d\\u044f\\u044e\\u0449\\u0435\\u0439\\u0441\\u044f \\u0441\\u0440\\u0435\\u0434\\u044b, \\u0432\\u044b \\u043e\\u0431\\u0435\\u0441\\u043f\\u0435\\u0447\\u0438\\u0442\\u0435 \\u0443\\u0441\\u043f\\u0435\\u0448\\u043d\\u0443\\u044e \\u0434\\u0435\\u044f\\u0442\\u0435\\u043b\\u044c\\u043d\\u043e\\u0441\\u0442\\u044c \\u0441\\u0432\\u043e\\u0435\\u0439 \\u043a\\u043e\\u043c\\u043f\\u0430\\u043d\\u0438\\u0438.<\\/p><p>\\u041f\\u0435\\u0440\\u0435\\u0447\\u0435\\u043d\\u044c \\u043f\\u0440\\u0435\\u0434\\u043b\\u0430\\u0433\\u0430\\u0435\\u043c\\u044b\\u0445 \\u0443\\u0441\\u043b\\u0443\\u0433:<\\/p><ul><li>\\u041f\\u043e\\u0441\\u0442\\u043e\\u044f\\u043d\\u043d\\u044b\\u0439 \\u043c\\u043e\\u043d\\u0438\\u0442\\u043e\\u0440\\u0438\\u043d\\u0433 \\u0438\\u0437\\u043c\\u0435\\u043d\\u0435\\u043d\\u0438\\u0439 \\u0432 \\u0437\\u0430\\u043a\\u043e\\u043d\\u043e\\u0434\\u0430\\u0442\\u0435\\u043b\\u044c\\u0441\\u0442\\u0432\\u0435<\\/li><li>\\u041e\\u0431\\u0435\\u0441\\u043f\\u0435\\u0447\\u0435\\u043d\\u0438\\u0435 \\u0441\\u043e\\u0431\\u043b\\u044e\\u0434\\u0435\\u043d\\u0438\\u044f \\u043d\\u0430\\u043b\\u043e\\u0433\\u043e\\u0432\\u043e\\u0433\\u043e \\u0437\\u0430\\u043a\\u043e\\u043d\\u043e\\u0434\\u0430\\u0442\\u0435\\u043b\\u044c\\u0441\\u0442\\u0432\\u0430<\\/li><li>\\u0417\\u0430\\u0449\\u0438\\u0442\\u0430 \\u0438\\u043d\\u0442\\u0435\\u0440\\u0435\\u0441\\u043e\\u0432 \\u043a\\u043e\\u043c\\u043f\\u0430\\u043d\\u0438\\u0438 \\u043a\\u0430\\u043a \\u043d\\u0430\\u043b\\u043e\\u0433\\u043e\\u043f\\u043b\\u0430\\u0442\\u0435\\u043b\\u044c\\u0449\\u0438\\u043a\\u0430<\\/li><li>\\u0424\\u043e\\u0440\\u043c\\u0438\\u0440\\u043e\\u0432\\u0430\\u043d\\u0438\\u0435 \\u043d\\u0430\\u043b\\u043e\\u0433\\u043e\\u0432\\u043e\\u0439 \\u0441\\u0442\\u0440\\u0430\\u0442\\u0435\\u0433\\u0438\\u0438<\\/li><li>\\u0420\\u0430\\u0437\\u0440\\u0430\\u0431\\u043e\\u0442\\u043a\\u0430 \\u043a\\u043b\\u044e\\u0447\\u0435\\u0432\\u044b\\u0445 \\u043f\\u043e\\u043a\\u0430\\u0437\\u0430\\u0442\\u0435\\u043b\\u0435\\u0439 \\u044d\\u0444\\u0444\\u0435\\u043a\\u0442\\u0438\\u0432\\u043d\\u043e\\u0441\\u0442\\u0438 \\u0440\\u0435\\u0430\\u043b\\u0438\\u0437\\u0430\\u0446\\u0438\\u0438 \\u043d\\u0430\\u043b\\u043e\\u0433\\u043e\\u0432\\u043e\\u0439 \\u0441\\u0442\\u0440\\u0430\\u0442\\u0435\\u0433\\u0438\\u0438<\\/li><li>\\u0423\\u043d\\u0438\\u0444\\u0438\\u043a\\u0430\\u0446\\u0438\\u044f \\u043c\\u0435\\u0442\\u043e\\u0434\\u043e\\u043b\\u043e\\u0433\\u0438\\u0438 \\u0432\\u0435\\u0434\\u0435\\u043d\\u0438\\u044f \\u043d\\u0430\\u043b\\u043e\\u0433\\u043e\\u0432\\u043e\\u0433\\u043e \\u0443\\u0447\\u0435\\u0442\\u0430<\\/li><li>\\u041e\\u043f\\u0442\\u0438\\u043c\\u0438\\u0437\\u0430\\u0446\\u0438\\u044f \\u0431\\u0438\\u0437\\u043d\\u0435\\u0441-\\u043f\\u0440\\u043e\\u0446\\u0435\\u0441\\u0441\\u043e\\u0432<\\/li><li>\\u041d\\u0430\\u043b\\u043e\\u0433\\u043e\\u0432\\u0430\\u044f \\u043e\\u043f\\u0442\\u0438\\u043c\\u0438\\u0437\\u0430\\u0446\\u0438\\u044f<\\/li><li>\\u0420\\u0430\\u0437\\u0440\\u0430\\u0431\\u043e\\u0442\\u043a\\u0430 \\u0441\\u0438\\u0441\\u0442\\u0435\\u043c \\u043a\\u043e\\u043d\\u0442\\u0440\\u043e\\u043b\\u044f \\u0438 \\u043e\\u0446\\u0435\\u043d\\u043a\\u0438 \\u043d\\u0430\\u043b\\u043e\\u0433\\u043e\\u0432\\u044b\\u0445 \\u0440\\u0438\\u0441\\u043a\\u043e\\u0432<\\/li><li>\\u0420\\u0430\\u0437\\u0440\\u0430\\u0431\\u043e\\u0442\\u043a\\u0430 \\u0441\\u0438\\u0441\\u0442\\u0435\\u043c\\u044b \\u043d\\u0430\\u043b\\u043e\\u0433\\u043e\\u0432\\u043e\\u0433\\u043e \\u043f\\u0440\\u043e\\u0433\\u043d\\u043e\\u0437\\u0438\\u0440\\u043e\\u0432\\u0430\\u043d\\u0438\\u044f<\\/li><li>\\u041e\\u043f\\u0442\\u0438\\u043c\\u0438\\u0437\\u0430\\u0446\\u0438\\u044f \\u043f\\u0440\\u043e\\u0446\\u0435\\u0441\\u0441\\u043e\\u0432 \\u0432\\u0435\\u0434\\u0435\\u043d\\u0438\\u044f \\u043d\\u0430\\u043b\\u043e\\u0433\\u043e\\u0432\\u043e\\u0433\\u043e \\u0443\\u0447\\u0435\\u0442\\u0430 \\u0432 \\u043a\\u043e\\u043d\\u0442\\u0435\\u043a\\u0441\\u0442\\u0435 \\u00ab\\u0443\\u0441\\u043a\\u043e\\u0440\\u0435\\u043d\\u0438\\u044f \\u0441\\u0440\\u043e\\u043a\\u043e\\u0432 \\u0437\\u0430\\u043a\\u0440\\u044b\\u0442\\u0438\\u044f \\u043e\\u0442\\u0447\\u0435\\u0442\\u043d\\u043e\\u0433\\u043e \\u043f\\u0435\\u0440\\u0438\\u043e\\u0434\\u0430\\u00bb<\\/li><li>\\u0420\\u0430\\u0437\\u0440\\u0430\\u0431\\u043e\\u0442\\u043a\\u0430 \\u043e\\u0440\\u0433\\u0430\\u043d\\u0438\\u0437\\u0430\\u0446\\u0438\\u043e\\u043d\\u043d\\u043e\\u0439 \\u0441\\u0442\\u0440\\u0443\\u043a\\u0442\\u0443\\u0440\\u044b \\u043d\\u0430\\u043b\\u043e\\u0433\\u043e\\u0432\\u043e\\u0439 \\u0441\\u043b\\u0443\\u0436\\u0431\\u044b<\\/li><li>\\u0420\\u0430\\u0441\\u043f\\u0440\\u0435\\u0434\\u0435\\u043b\\u0435\\u043d\\u0438\\u0435 \\u0440\\u043e\\u043b\\u0435\\u0439 \\u0438 \\u043f\\u043e\\u043b\\u043d\\u043e\\u043c\\u043e\\u0447\\u0438\\u0439 \\u0441\\u043e\\u0442\\u0440\\u0443\\u0434\\u043d\\u0438\\u043a\\u043e\\u0432 \\u043d\\u0430\\u043b\\u043e\\u0433\\u043e\\u0432\\u043e\\u0439 \\u0441\\u043b\\u0443\\u0436\\u0431\\u044b<\\/li><li>\\u041c\\u0435\\u0442\\u043e\\u0434\\u043e\\u043b\\u043e\\u0433\\u0438\\u0447\\u0435\\u0441\\u043a\\u0430\\u044f \\u043f\\u043e\\u0434\\u0434\\u0435\\u0440\\u0436\\u043a\\u0430 \\u0430\\u0432\\u0442\\u043e\\u043c\\u0430\\u0442\\u0438\\u0437\\u0430\\u0446\\u0438\\u0438 \\u043d\\u0430\\u043b\\u043e\\u0433\\u043e\\u0432\\u043e\\u0433\\u043e \\u0443\\u0447\\u0435\\u0442\\u0430 \\u0432 ERP-\\u0441\\u0438\\u0441\\u0442\\u0435\\u043c\\u0430\\u0445 (Oracle, SAP, 1C \\u0438 \\u0434\\u0440\\u0443\\u0433\\u0438\\u0435)<\\/li><li>\\u041d\\u0430\\u043b\\u043e\\u0433\\u043e\\u0432\\u043e\\u0435 \\u043f\\u043b\\u0430\\u043d\\u0438\\u0440\\u043e\\u0432\\u0430\\u043d\\u0438\\u0435 \\u0438 \\u043f\\u0440\\u043e\\u0433\\u043d\\u043e\\u0437\\u0438\\u0440\\u043e\\u0432\\u0430\\u043d\\u0438\\u0435<\\/li><li>\\u0421\\u043e\\u0441\\u0442\\u0430\\u0432\\u043b\\u0435\\u043d\\u0438\\u0435 \\u0431\\u0443\\u0445\\u0433\\u0430\\u043b\\u0442\\u0435\\u0440\\u0441\\u043a\\u043e\\u0439 \\u043e\\u0442\\u0447\\u0435\\u0442\\u043d\\u043e\\u0441\\u0442\\u0438 \\u0432 \\u043d\\u0430\\u043b\\u043e\\u0433\\u043e\\u0432\\u043e\\u0439 \\u0447\\u0430\\u0441\\u0442\\u0438 \\u0412\\u044b\\u043f\\u043e\\u043b\\u043d\\u0435\\u043d\\u0438\\u0435 \\u043f\\u0440\\u043e\\u0446\\u0435\\u0434\\u0443\\u0440\\u044b \\u043d\\u0430\\u043b\\u043e\\u0433\\u043e\\u0432\\u043e\\u0433\\u043e \\u0430\\u0434\\u043c\\u0438\\u043d\\u0438\\u0441\\u0442\\u0440\\u0438\\u0440\\u043e\\u0432\\u0430\\u043d\\u0438\\u044f<\\/li><li>\\u041f\\u0440\\u0430\\u043a\\u0442\\u0438\\u0447\\u0435\\u0441\\u043a\\u043e\\u0435 \\u043f\\u0440\\u0438\\u043c\\u0435\\u043d\\u0435\\u043d\\u0438\\u0435 \\u0437\\u0430\\u043a\\u043e\\u043d\\u043e\\u0434\\u0430\\u0442\\u0435\\u043b\\u044c\\u0441\\u0442\\u0432\\u0430 (\\u043f\\u043e\\u0441\\u0442\\u0430\\u043d\\u043e\\u0432\\u043b\\u0435\\u043d\\u0438\\u044f \\u043c\\u0435\\u0441\\u0442\\u043d\\u044b\\u0445 \\u043d\\u0430\\u043b\\u043e\\u0433\\u043e\\u0432\\u044b\\u0445 \\u043e\\u0440\\u0433\\u0430\\u043d\\u043e\\u0432, \\u0441\\u0443\\u0434\\u0435\\u0431\\u043d\\u0430\\u044f \\u043f\\u0440\\u0430\\u043a\\u0442\\u0438\\u043a\\u0430, \\u0442.\\u0434.)<\\/li><\\/ul>\\r\\n\",\"53\":\"\",\"38\":\"\",\"39\":\"\",\"40\":\"\",\"41\":\"\"}}', '2017-05-04 12:02:24', '2017-05-04 12:02:24', 'befb1e00-8180-4ace-9737-8ebb7fe339cc'),
 ('119', '130', '8', '1', 'ru', '1', '', '{\"typeId\":null,\"authorId\":\"1\",\"title\":\"\\u0420\\u0430\\u0437\\u0440\\u0435\\u0448\\u0435\\u043d\\u0438\\u0435 \\u043d\\u0430\\u043b\\u043e\\u0433\\u043e\\u0432\\u044b\\u0445 \\u0441\\u043f\\u043e\\u0440\\u043e\\u0432\",\"slug\":\"\\u0440\\u0430\\u0437\\u0440\\u0435\\u0448\\u0435\\u043d\\u0438\\u0435-\\u043d\\u0430\\u043b\\u043e\\u0433\\u043e\\u0432\\u044b\\u0445-\\u0441\\u043f\\u043e\\u0440\\u043e\\u0432\",\"postDate\":1493899402,\"expiryDate\":null,\"enabled\":1,\"parentId\":\"28\",\"fields\":{\"36\":\"<p>\\u041d\\u0430\\u0448\\u0430 \\u043a\\u043e\\u043c\\u0430\\u043d\\u0434\\u0430 \\u043f\\u0440\\u0435\\u0434\\u043e\\u0441\\u0442\\u0430\\u0432\\u043b\\u044f\\u0435\\u0442 \\u0441\\u043f\\u0435\\u0446\\u0438\\u0430\\u043b\\u0438\\u0437\\u0438\\u0440\\u043e\\u0432\\u0430\\u043d\\u043d\\u044b\\u0435 \\u0443\\u0441\\u043b\\u0443\\u0433\\u0438 \\u0432 \\u043e\\u0431\\u043b\\u0430\\u0441\\u0442\\u0438 \\u0441\\u043e\\u0431\\u043b\\u044e\\u0434\\u0435\\u043d\\u0438\\u044f \\u043d\\u0430\\u043b\\u043e\\u0433\\u043e\\u0432\\u043e\\u0433\\u043e \\u0437\\u0430\\u043a\\u043e\\u043d\\u043e\\u0434\\u0430\\u0442\\u0435\\u043b\\u044c\\u0441\\u0442\\u0432\\u0430 \\u0438 \\u043a\\u043e\\u043d\\u0441\\u0443\\u043b\\u044c\\u0442\\u0430\\u0446\\u0438\\u0438 \\u043d\\u0430 \\u0441\\u043b\\u0443\\u0447\\u0430\\u0439 \\u0432\\u043e\\u0437\\u043d\\u0438\\u043a\\u043d\\u043e\\u0432\\u0435\\u043d\\u0438\\u044f \\u0441\\u043f\\u043e\\u0440\\u0430 \\u0441 \\u043d\\u0430\\u043b\\u043e\\u0433\\u043e\\u0432\\u044b\\u043c\\u0438 \\u043e\\u0440\\u0433\\u0430\\u043d\\u0430\\u043c\\u0438. \\u0421\\u043f\\u0435\\u0446\\u0438\\u0430\\u043b\\u0438\\u0441\\u0442\\u044b Baker Tilly Russia \\u043f\\u043e \\u0440\\u0430\\u0437\\u0440\\u0435\\u0448\\u0435\\u043d\\u0438\\u044e \\u0441\\u043f\\u043e\\u0440\\u043e\\u0432 \\u043f\\u0440\\u0435\\u043a\\u0440\\u0430\\u0441\\u043d\\u043e \\u0437\\u0430\\u0440\\u0435\\u043a\\u043e\\u043c\\u0435\\u043d\\u0434\\u043e\\u0432\\u0430\\u043b\\u0438 \\u0441\\u0435\\u0431\\u044f \\u0432 \\u043e\\u0431\\u043b\\u0430\\u0441\\u0442\\u0438 \\u043f\\u0435\\u0440\\u0435\\u0433\\u043e\\u0432\\u043e\\u0440\\u043e\\u0432 \\u043f\\u043e \\u0443\\u0440\\u0435\\u0433\\u0443\\u043b\\u0438\\u0440\\u043e\\u0432\\u0430\\u043d\\u0438\\u044e \\u0441\\u043f\\u043e\\u0440\\u043e\\u0432, \\u0432 \\u0442\\u043e\\u043c \\u0447\\u0438\\u0441\\u043b\\u0435 \\u0432 \\u0441\\u0443\\u0434\\u0435 \\u0438 \\u0433\\u043e\\u0442\\u043e\\u0432\\u044b \\u0432\\u044b\\u043f\\u043e\\u043b\\u043d\\u0438\\u0442\\u044c \\u0440\\u044f\\u0434 \\u0441\\u043b\\u0435\\u0434\\u0443\\u044e\\u0449\\u0438\\u0445 \\u0437\\u0430\\u0434\\u0430\\u0447:<\\/p>\\r\\n<ul><li>\\u041f\\u0440\\u0430\\u0432\\u043e\\u0432\\u0430\\u044f \\u044d\\u043a\\u0441\\u043f\\u0435\\u0440\\u0442\\u0438\\u0437\\u0430 \\u0434\\u0435\\u0439\\u0441\\u0442\\u0432\\u0438\\u0439 \\u0438 \\u0440\\u0435\\u0448\\u0435\\u043d\\u0438\\u0439 \\u043d\\u0430\\u043b\\u043e\\u0433\\u043e\\u0432\\u044b\\u0445 \\u043e\\u0440\\u0433\\u0430\\u043d\\u043e\\u0432<\\/li><li>\\u0421\\u043e\\u043f\\u0440\\u043e\\u0432\\u043e\\u0436\\u0434\\u0435\\u043d\\u0438\\u0435 \\u043a\\u0430\\u043c\\u0435\\u0440\\u0430\\u043b\\u044c\\u043d\\u044b\\u0445 \\u0438 \\u0432\\u044b\\u0435\\u0437\\u0434\\u043d\\u044b\\u0445 \\u043d\\u0430\\u043b\\u043e\\u0433\\u043e\\u0432\\u044b\\u0445 \\u043f\\u0440\\u043e\\u0432\\u0435\\u0440\\u043e\\u043a<\\/li><li>\\u041f\\u043e\\u0434\\u0433\\u043e\\u0442\\u043e\\u0432\\u043a\\u0430 \\u0432\\u043e\\u0437\\u0440\\u0430\\u0436\\u0435\\u043d\\u0438\\u0439 \\u043d\\u0430 \\u0430\\u043a\\u0442\\u044b, \\u0436\\u0430\\u043b\\u043e\\u0431 \\u043d\\u0430 \\u0440\\u0435\\u0448\\u0435\\u043d\\u0438\\u044f \\u043f\\u043e \\u0440\\u0435\\u0437\\u0443\\u043b\\u044c\\u0442\\u0430\\u0442\\u0430\\u043c \\u043d\\u0430\\u043b\\u043e\\u0433\\u043e\\u0432\\u044b\\u0445 \\u043f\\u0440\\u043e\\u0432\\u0435\\u0440\\u043e\\u043a<\\/li><li>\\u0414\\u043e\\u0441\\u0443\\u0434\\u0435\\u0431\\u043d\\u0430\\u044f \\u043f\\u043e\\u0434\\u0434\\u0435\\u0440\\u0436\\u043a\\u0430 \\u0432 \\u0445\\u043e\\u0434\\u0435 \\u0441\\u043f\\u043e\\u0440\\u043e\\u0432 \\u0441 \\u043d\\u0430\\u043b\\u043e\\u0433\\u043e\\u0432\\u044b\\u043c\\u0438 \\u043e\\u0440\\u0433\\u0430\\u043d\\u0430\\u043c\\u0438<\\/li><li>\\u041f\\u0440\\u0435\\u0434\\u0441\\u0442\\u0430\\u0432\\u043b\\u0435\\u043d\\u0438\\u0435 \\u0438\\u043d\\u0442\\u0435\\u0440\\u0435\\u0441\\u043e\\u0432 \\u043a\\u043b\\u0438\\u0435\\u043d\\u0442\\u0430 \\u0432\\u043e \\u0432\\u0441\\u0435\\u0445 \\u0441\\u0443\\u0434\\u0435\\u0431\\u043d\\u044b\\u0445 \\u0438\\u043d\\u0441\\u0442\\u0430\\u043d\\u0446\\u0438\\u044f\\u0445<\\/li><li>\\u041f\\u043e\\u0434\\u0433\\u043e\\u0442\\u043e\\u0432\\u043a\\u0430 \\u043c\\u0438\\u0440\\u043e\\u0432\\u044b\\u0445 \\u0441\\u043e\\u0433\\u043b\\u0430\\u0448\\u0435\\u043d\\u0438\\u0439<\\/li><li>\\u041f\\u043e\\u0434\\u0433\\u043e\\u0442\\u043e\\u0432\\u043a\\u0430 \\u0434\\u043e\\u0433\\u043e\\u0432\\u043e\\u0440\\u043e\\u0432 \\u043e \\u0441\\u043e\\u0437\\u0434\\u0430\\u043d\\u0438\\u0438 \\u043a\\u043e\\u043d\\u0441\\u043e\\u043b\\u0438\\u0434\\u0438\\u0440\\u043e\\u0432\\u0430\\u043d\\u043d\\u043e\\u0439 \\u0433\\u0440\\u0443\\u043f\\u043f\\u044b \\u043d\\u0430\\u043b\\u043e\\u0433\\u043e\\u043f\\u043b\\u0430\\u0442\\u0435\\u043b\\u044c\\u0449\\u0438\\u043a\\u043e\\u0432<\\/li><li>\\u041f\\u043e\\u0434\\u0433\\u043e\\u0442\\u043e\\u0432\\u043a\\u0430 \\u0441\\u043e\\u0433\\u043b\\u0430\\u0448\\u0435\\u043d\\u0438\\u0439 \\u043e \\u0446\\u0435\\u043d\\u043e\\u043e\\u0431\\u0440\\u0430\\u0437\\u043e\\u0432\\u0430\\u043d\\u0438\\u0438 (APA)<\\/li><li>\\u0421\\u043e\\u043f\\u0440\\u043e\\u0432\\u043e\\u0436\\u0434\\u0435\\u043d\\u0438\\u0435 \\u0432\\u0437\\u0430\\u0438\\u043c\\u043e\\u0441\\u043e\\u0433\\u043b\\u0430\\u0441\\u0438\\u0442\\u0435\\u043b\\u044c\\u043d\\u044b\\u0445 \\u043f\\u0440\\u043e\\u0446\\u0435\\u0434\\u0443\\u0440 (MAP)<\\/li><\\/ul>\\r\\n\",\"53\":\"\",\"38\":\"\",\"39\":\"\",\"40\":\"\",\"41\":\"\"}}', '2017-05-04 12:03:22', '2017-05-04 12:03:22', '53e58d2c-1cae-47e3-8234-8af372f20735'),
 ('120', '131', '8', '1', 'ru', '1', '', '{\"typeId\":null,\"authorId\":\"1\",\"title\":\"\\u0412\\u0435\\u0434\\u0435\\u043d\\u0438\\u0435 \\u0431\\u0443\\u0445\\u0433\\u0430\\u043b\\u0442\\u0435\\u0440\\u0441\\u043a\\u043e\\u0433\\u043e \\u0443\\u0447\\u0435\\u0442\\u0430 \\u043f\\u043e \\u0441\\u0442\\u0430\\u043d\\u0434\\u0430\\u0440\\u0442\\u0430\\u043c \\u0420\\u0421\\u0411\\u0423\",\"slug\":\"\\u0432\\u0435\\u0434\\u0435\\u043d\\u0438\\u0435-\\u0431\\u0443\\u0445\\u0433\\u0430\\u043b\\u0442\\u0435\\u0440\\u0441\\u043a\\u043e\\u0433\\u043e-\\u0443\\u0447\\u0435\\u0442\\u0430-\\u043f\\u043e-\\u0441\\u0442\\u0430\\u043d\\u0434\\u0430\\u0440\\u0442\\u0430\\u043c-\\u0440\\u0441\\u0431\\u0443\",\"postDate\":1493903921,\"expiryDate\":null,\"enabled\":1,\"parentId\":\"25\",\"fields\":{\"36\":\"\",\"53\":\"\",\"38\":\"\",\"39\":\"\",\"40\":\"\",\"41\":\"\"}}', '2017-05-04 13:18:42', '2017-05-04 13:18:42', '4f2a6b51-15e4-4be3-9da0-3e7268dc0fa8');
INSERT INTO `craft_entryversions` (`id`, `entryId`, `sectionId`, `creatorId`, `locale`, `num`, `notes`, `data`, `dateCreated`, `dateUpdated`, `uid`) VALUES
 ('121', '132', '8', '1', 'ru', '1', '', '{\"typeId\":null,\"authorId\":\"1\",\"title\":\"\\u0412\\u0435\\u0434\\u0435\\u043d\\u0438\\u0435 \\u0431\\u0443\\u0445\\u0433\\u0430\\u043b\\u0442\\u0435\\u0440\\u0441\\u043a\\u043e\\u0433\\u043e \\u0443\\u0447\\u0435\\u0442\\u0430 \\u043f\\u043e \\u0441\\u0442\\u0430\\u043d\\u0434\\u0430\\u0440\\u0442\\u0430\\u043c \\u043a\\u043b\\u0438\\u0435\\u043d\\u0442\\u0430\",\"slug\":\"\\u0432\\u0435\\u0434\\u0435\\u043d\\u0438\\u0435-\\u0431\\u0443\\u0445\\u0433\\u0430\\u043b\\u0442\\u0435\\u0440\\u0441\\u043a\\u043e\\u0433\\u043e-\\u0443\\u0447\\u0435\\u0442\\u0430-\\u043f\\u043e-\\u0441\\u0442\\u0430\\u043d\\u0434\\u0430\\u0440\\u0442\\u0430\\u043c-\\u043a\\u043b\\u0438\\u0435\\u043d\\u0442\\u0430\",\"postDate\":1493903938,\"expiryDate\":null,\"enabled\":1,\"parentId\":\"25\",\"fields\":{\"36\":\"\",\"53\":\"\",\"38\":\"\",\"39\":\"\",\"40\":\"\",\"41\":\"\"}}', '2017-05-04 13:18:58', '2017-05-04 13:18:58', 'acdbff52-ecde-48da-9e97-f6bfafa0e2f7'),
 ('124', '135', '8', '1', 'ru', '1', '', '{\"typeId\":null,\"authorId\":\"1\",\"title\":\"\\u041f\\u043e\\u0434\\u0433\\u043e\\u0442\\u043e\\u0432\\u043a\\u0430 \\u043d\\u0430\\u043b\\u043e\\u0433\\u043e\\u0432\\u044b\\u0445 \\u0434\\u0435\\u043a\\u043b\\u0430\\u0440\\u0430\\u0446\\u0438\\u0439\",\"slug\":\"\\u043f\\u043e\\u0434\\u0433\\u043e\\u0442\\u043e\\u0432\\u043a\\u0430-\\u043d\\u0430\\u043b\\u043e\\u0433\\u043e\\u0432\\u044b\\u0445-\\u0434\\u0435\\u043a\\u043b\\u0430\\u0440\\u0430\\u0446\\u0438\\u0439\",\"postDate\":1493904757,\"expiryDate\":null,\"enabled\":1,\"parentId\":\"25\",\"fields\":{\"36\":\"\",\"53\":\"\",\"38\":\"\",\"39\":\"\",\"40\":\"\",\"41\":\"\"}}', '2017-05-04 13:32:37', '2017-05-04 13:32:37', 'd9cd666b-d6aa-4367-ab0f-b1c20bede7b3'),
 ('125', '136', '8', '1', 'ru', '1', '', '{\"typeId\":null,\"authorId\":\"1\",\"title\":\"\\u0420\\u0430\\u0441\\u0447\\u0435\\u0442 \\u0437\\u0430\\u0440\\u0430\\u0431\\u043e\\u0442\\u043d\\u043e\\u0439 \\u043f\\u043b\\u0430\\u0442\\u044b\",\"slug\":\"\\u0440\\u0430\\u0441\\u0447\\u0435\\u0442-\\u0437\\u0430\\u0440\\u0430\\u0431\\u043e\\u0442\\u043d\\u043e\\u0439-\\u043f\\u043b\\u0430\\u0442\\u044b\",\"postDate\":1493904770,\"expiryDate\":null,\"enabled\":1,\"parentId\":\"25\",\"fields\":{\"36\":\"\",\"53\":\"\",\"38\":\"\",\"39\":\"\",\"40\":\"\",\"41\":\"\"}}', '2017-05-04 13:32:50', '2017-05-04 13:32:50', '4dddcd24-b0bb-40a8-8f20-39fe98596c9b'),
 ('126', '137', '8', '1', 'ru', '1', '', '{\"typeId\":null,\"authorId\":\"1\",\"title\":\"\\u041a\\u0430\\u0434\\u0440\\u043e\\u0432\\u043e\\u0435 \\u0434\\u0435\\u043b\\u043e\\u043f\\u0440\\u043e\\u0438\\u0437\\u0432\\u043e\\u0434\\u0441\\u0442\\u0432\\u043e\",\"slug\":\"\\u043a\\u0430\\u0434\\u0440\\u043e\\u0432\\u043e\\u0435-\\u0434\\u0435\\u043b\\u043e\\u043f\\u0440\\u043e\\u0438\\u0437\\u0432\\u043e\\u0434\\u0441\\u0442\\u0432\\u043e\",\"postDate\":1493904781,\"expiryDate\":null,\"enabled\":1,\"parentId\":\"25\",\"fields\":{\"36\":\"\",\"53\":\"\",\"38\":\"\",\"39\":\"\",\"40\":\"\",\"41\":\"\"}}', '2017-05-04 13:33:01', '2017-05-04 13:33:01', '7836d192-d714-4ba6-af7a-aec2cb97dd71'),
 ('127', '138', '8', '1', 'ru', '1', '', '{\"typeId\":null,\"authorId\":\"1\",\"title\":\"\\u041a\\u043e\\u043d\\u0441\\u0443\\u043b\\u044c\\u0442\\u0430\\u0446\\u0438\\u0438 \\u043f\\u043e \\u0432\\u043e\\u043f\\u0440\\u043e\\u0441\\u0430\\u043c \\u0431\\u0443\\u0445\\u0433\\u0430\\u043b\\u0442\\u0435\\u0440\\u0441\\u043a\\u043e\\u0433\\u043e \\u0443\\u0447\\u0435\\u0442\\u0430\",\"slug\":\"\\u043a\\u043e\\u043d\\u0441\\u0443\\u043b\\u044c\\u0442\\u0430\\u0446\\u0438\\u0438-\\u043f\\u043e-\\u0432\\u043e\\u043f\\u0440\\u043e\\u0441\\u0430\\u043c-\\u0431\\u0443\\u0445\\u0433\\u0430\\u043b\\u0442\\u0435\\u0440\\u0441\\u043a\\u043e\\u0433\\u043e-\\u0443\\u0447\\u0435\\u0442\\u0430\",\"postDate\":1493904791,\"expiryDate\":null,\"enabled\":1,\"parentId\":\"25\",\"fields\":{\"36\":\"\",\"53\":\"\",\"38\":\"\",\"39\":\"\",\"40\":\"\",\"41\":\"\"}}', '2017-05-04 13:33:11', '2017-05-04 13:33:11', '394a81a3-9c05-454e-b69b-f2efac33509b'),
 ('128', '139', '8', '1', 'ru', '1', '', '{\"typeId\":null,\"authorId\":\"1\",\"title\":\"\\u041a\\u043e\\u043d\\u0441\\u0443\\u043b\\u044c\\u0442\\u0430\\u0446\\u0438\\u0438 \\u043f\\u043e \\u043e\\u043f\\u0442\\u0438\\u043c\\u0438\\u0437\\u0430\\u0446\\u0438\\u0438 \\u0431\\u0443\\u0445\\u0433\\u0430\\u043b\\u0442\\u0435\\u0440\\u0441\\u043a\\u0438\\u0445 \\u0441\\u043b\\u0443\\u0436\\u0431\",\"slug\":\"\\u043a\\u043e\\u043d\\u0441\\u0443\\u043b\\u044c\\u0442\\u0430\\u0446\\u0438\\u0438-\\u043f\\u043e-\\u043e\\u043f\\u0442\\u0438\\u043c\\u0438\\u0437\\u0430\\u0446\\u0438\\u0438-\\u0431\\u0443\\u0445\\u0433\\u0430\\u043b\\u0442\\u0435\\u0440\\u0441\\u043a\\u0438\\u0445-\\u0441\\u043b\\u0443\\u0436\\u0431\",\"postDate\":1493904835,\"expiryDate\":null,\"enabled\":1,\"parentId\":\"25\",\"fields\":{\"36\":\"\",\"53\":\"\",\"38\":\"\",\"39\":\"\",\"40\":\"\",\"41\":\"\"}}', '2017-05-04 13:33:55', '2017-05-04 13:33:55', '4b0ea7a8-ccbc-4934-89e5-6de77b7d9788'),
 ('129', '140', '8', '1', 'ru', '1', '', '{\"typeId\":null,\"authorId\":\"1\",\"title\":\"\\u0410\\u0443\\u0442\\u0441\\u043e\\u0440\\u0441\\u0438\\u043d\\u0433 \\u043e\\u0442\\u0434\\u0435\\u043b\\u044c\\u043d\\u044b\\u0445 \\u0443\\u0447\\u0435\\u0442\\u043d\\u044b\\u0445 \\u043f\\u0440\\u043e\\u0446\\u0435\\u0441\\u0441\\u043e\\u0432\",\"slug\":\"\\u0430\\u0443\\u0442\\u0441\\u043e\\u0440\\u0441\\u0438\\u043d\\u0433-\\u043e\\u0442\\u0434\\u0435\\u043b\\u044c\\u043d\\u044b\\u0445-\\u0443\\u0447\\u0435\\u0442\\u043d\\u044b\\u0445-\\u043f\\u0440\\u043e\\u0446\\u0435\\u0441\\u0441\\u043e\\u0432\",\"postDate\":1493904847,\"expiryDate\":null,\"enabled\":1,\"parentId\":\"25\",\"fields\":{\"36\":\"\",\"53\":\"\",\"38\":\"\",\"39\":\"\",\"40\":\"\",\"41\":\"\"}}', '2017-05-04 13:34:08', '2017-05-04 13:34:08', 'fdebb60f-53c6-47a0-8513-c36016083f44'),
 ('130', '141', '8', '1', 'ru', '1', '', '{\"typeId\":null,\"authorId\":\"1\",\"title\":\"\\u0421\\u043e\\u043f\\u0440\\u043e\\u0432\\u043e\\u0436\\u0434\\u0435\\u043d\\u0438\\u0435 \\u0438\\u043d\\u0432\\u0435\\u0441\\u0442\\u0438\\u0446\\u0438\\u043e\\u043d\\u043d\\u044b\\u0445 \\u0441\\u0434\\u0435\\u043b\\u043e\\u043a \",\"slug\":\"\\u0441\\u043e\\u043f\\u0440\\u043e\\u0432\\u043e\\u0436\\u0434\\u0435\\u043d\\u0438\\u0435-\\u0438\\u043d\\u0432\\u0435\\u0441\\u0442\\u0438\\u0446\\u0438\\u043e\\u043d\\u043d\\u044b\\u0445-\\u0441\\u0434\\u0435\\u043b\\u043e\\u043a\",\"postDate\":1493904959,\"expiryDate\":null,\"enabled\":1,\"parentId\":\"27\",\"fields\":{\"36\":\"<p>\\u2022<span class=\\\"Apple-tab-span\\\"> <\\/span>\\u041e\\u043f\\u0440\\u0435\\u0434\\u0435\\u043b\\u0435\\u043d\\u0438\\u0435 \\u0440\\u0438\\u0441\\u043a\\u043e\\u0432, \\u0432\\u043b\\u0438\\u044f\\u044e\\u0449\\u0438\\u0445 \\u043d\\u0430 \\u0440\\u0435\\u0448\\u0435\\u043d\\u0438\\u0435 \\u043e\\u0431 \\u0438\\u043d\\u0432\\u0435\\u0441\\u0442\\u0438\\u0440\\u043e\\u0432\\u0430\\u043d\\u0438\\u0438 \\u0438 \\u0441\\u0442\\u043e\\u0438\\u043c\\u043e\\u0441\\u0442\\u044c \\u0431\\u0438\\u0437\\u043d\\u0435\\u0441\\u0430, \\u0432 \\u0442\\u043e\\u043c \\u0447\\u0438\\u0441\\u043b\\u0435 \\u0430\\u043d\\u0430\\u043b\\u0438\\u0437 \\u043e\\u043f\\u0435\\u0440\\u0430\\u0446\\u0438\\u0439 \\u0441 \\u0430\\u0444\\u0444\\u0438\\u043b\\u0438\\u0440\\u043e\\u0432\\u0430\\u043d\\u043d\\u044b\\u043c\\u0438 \\u0441\\u0442\\u043e\\u0440\\u043e\\u043d\\u0430\\u043c\\u0438 \\u0438 \\u0432\\u044b\\u044f\\u0432\\u043b\\u0435\\u043d\\u0438\\u0435 \\u043f\\u043e\\u0442\\u0435\\u043d\\u0446\\u0438\\u0430\\u043b\\u044c\\u043d\\u043e \\u0441\\u043e\\u043c\\u043d\\u0438\\u0442\\u0435\\u043b\\u044c\\u043d\\u044b\\u0445 \\u043e\\u043f\\u0435\\u0440\\u0430\\u0446\\u0438\\u0439<\\/p><p>\\u2022<span class=\\\"Apple-tab-span\\\"> <\\/span>\\u041a\\u043e\\u043c\\u043f\\u043b\\u0435\\u043a\\u0441\\u043d\\u044b\\u0439 \\u0444\\u0438\\u043d\\u0430\\u043d\\u0441\\u043e\\u0432\\u044b\\u0439 \\u0430\\u043d\\u0430\\u043b\\u0438\\u0437 \\u0441\\u043e \\u0441\\u0442\\u043e\\u0440\\u043e\\u043d\\u044b \\u043f\\u043e\\u043a\\u0443\\u043f\\u0430\\u0442\\u0435\\u043b\\u044f<\\/p><p>\\u2022<span class=\\\"Apple-tab-span\\\"> <\\/span>\\u041a\\u043e\\u043c\\u043f\\u043b\\u0435\\u043a\\u0441\\u043d\\u044b\\u0439 \\u0444\\u0438\\u043d\\u0430\\u043d\\u0441\\u043e\\u0432\\u044b\\u0439 \\u0430\\u043d\\u0430\\u043b\\u0438\\u0437 \\u0441\\u043e \\u0441\\u0442\\u043e\\u0440\\u043e\\u043d\\u044b \\u043f\\u0440\\u043e\\u0434\\u0430\\u0432\\u0446\\u0430<\\/p><p>\\u2022<span class=\\\"Apple-tab-span\\\"> <\\/span>\\u041d\\u0430\\u043b\\u043e\\u0433\\u043e\\u0432\\u044b\\u0439 \\u0430\\u043d\\u0430\\u043b\\u0438\\u0437<\\/p>\",\"53\":\"\",\"38\":\"\",\"39\":\"\",\"40\":\"\",\"41\":\"\"}}', '2017-05-04 13:35:59', '2017-05-04 13:35:59', 'c09d7a5c-d5fe-4770-a9bf-a83a01df4cb6'),
 ('131', '142', '8', '1', 'ru', '1', '', '{\"typeId\":null,\"authorId\":\"1\",\"title\":\"\\u0421\\u043b\\u0438\\u044f\\u043d\\u0438\\u044f \\u0438 \\u043f\\u043e\\u0433\\u043b\\u043e\\u0449\\u0435\\u043d\\u0438\\u044f\",\"slug\":\"\\u0441\\u043b\\u0438\\u044f\\u043d\\u0438\\u044f-\\u0438-\\u043f\\u043e\\u0433\\u043b\\u043e\\u0449\\u0435\\u043d\\u0438\\u044f\",\"postDate\":1493905054,\"expiryDate\":null,\"enabled\":1,\"parentId\":\"27\",\"fields\":{\"36\":\"<p>\\u041a\\u043e\\u043d\\u0441\\u0443\\u043b\\u044c\\u0442\\u0438\\u0440\\u043e\\u0432\\u0430\\u043d\\u0438\\u0435 \\u0432 \\u043e\\u0442\\u043d\\u043e\\u0448\\u0435\\u043d\\u0438\\u0438 \\u0441\\u0434\\u0435\\u043b\\u043a\\u0438 \\u043d\\u0430 \\u0441\\u0442\\u043e\\u0440\\u043e\\u043d\\u0435 \\u043f\\u0440\\u043e\\u0434\\u0430\\u0432\\u0446\\u0430 \\u043c\\u043e\\u0436\\u0435\\u0442 \\u0432\\u043a\\u043b\\u044e\\u0447\\u0430\\u0442\\u044c:<\\/p><ul><li>\\u041f\\u0440\\u0435\\u0434\\u0432\\u0430\\u0440\\u0438\\u0442\\u0435\\u043b\\u044c\\u043d\\u044b\\u0439 \\u0430\\u043d\\u0430\\u043b\\u0438\\u0437 \\u0431\\u0438\\u0437\\u043d\\u0435\\u0441\\u0430 \\u0438 \\u043a\\u043e\\u043d\\u0441\\u0443\\u043b\\u044c\\u0442\\u0438\\u0440\\u043e\\u0432\\u0430\\u043d\\u0438\\u0435 \\u043f\\u043e \\u0432\\u043e\\u043f\\u0440\\u043e\\u0441\\u0430\\u043c \\u043f\\u0440\\u0435\\u0434\\u043f\\u0440\\u043e\\u0434\\u0430\\u0436\\u043d\\u043e\\u0439 \\u043f\\u043e\\u0434\\u0433\\u043e\\u0442\\u043e\\u0432\\u043a\\u0438;<\\/li><li>\\u041f\\u0440\\u0435\\u0434\\u0432\\u0430\\u0440\\u0438\\u0442\\u0435\\u043b\\u044c\\u043d\\u0430\\u044f \\u043e\\u0446\\u0435\\u043d\\u043a\\u0430 \\u0441\\u0442\\u043e\\u0438\\u043c\\u043e\\u0441\\u0442\\u0438;<\\/li><li>\\u0412\\u044b\\u044f\\u0432\\u043b\\u0435\\u043d\\u0438\\u0435 \\u043a\\u0440\\u0443\\u0433\\u0430 \\u0432\\u043e\\u0437\\u043c\\u043e\\u0436\\u043d\\u044b\\u0445 \\u043f\\u043e\\u043a\\u0443\\u043f\\u0430\\u0442\\u0435\\u043b\\u0435\\u0439;<\\/li><li>\\u0412\\u0437\\u0430\\u0438\\u043c\\u043e\\u0434\\u0435\\u0439\\u0441\\u0442\\u0432\\u0438\\u0435 \\u0441 \\u043f\\u043e\\u0442\\u0435\\u043d\\u0446\\u0438\\u0430\\u043b\\u044c\\u043d\\u044b\\u043c\\u0438 \\u043f\\u043e\\u043a\\u0443\\u043f\\u0430\\u0442\\u0435\\u043b\\u044f\\u043c\\u0438 \\u0434\\u043b\\u044f \\u043e\\u043f\\u0440\\u0435\\u0434\\u0435\\u043b\\u0435\\u043d\\u0438\\u044f \\u0438\\u0445 \\u0437\\u0430\\u0438\\u043d\\u0442\\u0435\\u0440\\u0435\\u0441\\u043e\\u0432\\u0430\\u043d\\u043d\\u043e\\u0441\\u0442\\u0438 \\u0432 \\u0441\\u0434\\u0435\\u043b\\u043a\\u0435;<\\/li><li>\\u041f\\u0440\\u0435\\u0434\\u0441\\u0442\\u0430\\u0432\\u043b\\u0435\\u043d\\u0438\\u0435 \\u0430\\u043a\\u0442\\u0438\\u0432\\u0430 \\u043e\\u0442\\u043e\\u0431\\u0440\\u0430\\u043d\\u043d\\u044b\\u043c \\u043f\\u043e\\u043a\\u0443\\u043f\\u0430\\u0442\\u0435\\u043b\\u044f\\u043c \\u0438 \\u043e\\u0446\\u0435\\u043d\\u043a\\u0430 \\u043f\\u043e\\u043b\\u0443\\u0447\\u0435\\u043d\\u043d\\u044b\\u0445 \\u043f\\u0440\\u0435\\u0434\\u043b\\u043e\\u0436\\u0435\\u043d\\u0438\\u0439;<\\/li><li>\\u0421\\u043e\\u043f\\u0440\\u043e\\u0432\\u043e\\u0436\\u0434\\u0435\\u043d\\u0438\\u0435 \\u043f\\u0435\\u0440\\u0435\\u0433\\u043e\\u0432\\u043e\\u0440\\u043d\\u043e\\u0433\\u043e \\u043f\\u0440\\u043e\\u0446\\u0435\\u0441\\u0441\\u0430, \\u043f\\u043e\\u0434\\u043f\\u0438\\u0441\\u0430\\u043d\\u0438\\u044f \\u0441\\u043e\\u0433\\u043b\\u0430\\u0448\\u0435\\u043d\\u0438\\u0439 \\u0438 \\u043e\\u043a\\u043e\\u043d\\u0447\\u0430\\u0442\\u0435\\u043b\\u044c\\u043d\\u043e\\u0433\\u043e \\u043e\\u0444\\u043e\\u0440\\u043c\\u043b\\u0435\\u043d\\u0438\\u044f \\u0441\\u0434\\u0435\\u043b\\u043a\\u0438.<\\/li><\\/ul><p>\\u041a\\u043e\\u043d\\u0441\\u0443\\u043b\\u044c\\u0442\\u0438\\u0440\\u043e\\u0432\\u0430\\u043d\\u0438\\u0435 \\u043d\\u0430 \\u0441\\u0442\\u043e\\u0440\\u043e\\u043d\\u0435 \\u043f\\u043e\\u043a\\u0443\\u043f\\u0430\\u0442\\u0435\\u043b\\u044f \\u043c\\u043e\\u0436\\u0435\\u0442 \\u0432\\u043a\\u043b\\u044e\\u0447\\u0430\\u0442\\u044c:<\\/p><ul><li>\\u041f\\u043e\\u0438\\u0441\\u043a \\u043f\\u043e\\u0442\\u0435\\u043d\\u0446\\u0438\\u0430\\u043b\\u044c\\u043d\\u044b\\u0445 \\u043e\\u0431\\u044a\\u0435\\u043a\\u0442\\u043e\\u0432 \\u0434\\u043b\\u044f \\u043f\\u0440\\u0438\\u043e\\u0431\\u0440\\u0435\\u0442\\u0435\\u043d\\u0438\\u044f;<\\/li><li>\\u041f\\u0440\\u0435\\u0434\\u0432\\u0430\\u0440\\u0438\\u0442\\u0435\\u043b\\u044c\\u043d\\u0430\\u044f \\u043e\\u0446\\u0435\\u043d\\u043a\\u0430 \\u0441\\u0442\\u043e\\u0438\\u043c\\u043e\\u0441\\u0442\\u0438;<\\/li><li>\\u041a\\u043e\\u043d\\u0441\\u0443\\u043b\\u044c\\u0442\\u0438\\u0440\\u043e\\u0432\\u0430\\u043d\\u0438\\u0435 \\u043f\\u043e \\u0432\\u043e\\u043f\\u0440\\u043e\\u0441\\u0430\\u043c \\u043f\\u043e\\u0434\\u0433\\u043e\\u0442\\u043e\\u0432\\u043a\\u0438 \\u043f\\u0440\\u0435\\u0434\\u043b\\u043e\\u0436\\u0435\\u043d\\u0438\\u044f;<\\/li><li>\\u0421\\u043e\\u043f\\u0440\\u043e\\u0432\\u043e\\u0436\\u0434\\u0435\\u043d\\u0438\\u0435 \\u043f\\u0435\\u0440\\u0435\\u0433\\u043e\\u0432\\u043e\\u0440\\u043d\\u043e\\u0433\\u043e \\u043f\\u0440\\u043e\\u0446\\u0435\\u0441\\u0441\\u0430 \\u0438 \\u0441\\u043e\\u0434\\u0435\\u0439\\u0441\\u0442\\u0432\\u0438\\u0435 \\u043f\\u0440\\u0438 \\u043e\\u0444\\u043e\\u0440\\u043c\\u043b\\u0435\\u043d\\u0438\\u0438 \\u0441\\u0434\\u0435\\u043b\\u043a\\u0438.<\\/li><\\/ul>\",\"53\":\"\",\"38\":\"\",\"39\":\"\",\"40\":\"\",\"41\":\"\"}}', '2017-05-04 13:37:35', '2017-05-04 13:37:35', '88151276-f54d-4da1-8eab-5071262093c6'),
 ('132', '143', '8', '1', 'ru', '1', '', '{\"typeId\":null,\"authorId\":\"1\",\"title\":\"\\u041e\\u0446\\u0435\\u043d\\u043a\\u0430\",\"slug\":\"\\u043e\\u0446\\u0435\\u043d\\u043a\\u0430\",\"postDate\":1493905205,\"expiryDate\":null,\"enabled\":1,\"parentId\":\"27\",\"fields\":{\"36\":\"<p>\\u041d\\u0430\\u0448\\u0438 \\u0441\\u043f\\u0435\\u0446\\u0438\\u0430\\u043b\\u0438\\u0441\\u0442\\u044b \\u0433\\u043e\\u0442\\u043e\\u0432\\u044b \\u043f\\u0440\\u043e\\u0432\\u0435\\u0441\\u0442\\u0438 \\u0434\\u043b\\u044f \\u0432\\u0430\\u0441:<\\/p><p>\\r\\n<\\/p><ul><li>\\u043d\\u0435\\u0437\\u0430\\u0432\\u0438\\u0441\\u0438\\u043c\\u0443\\u044e \\u0441\\u043f\\u0440\\u0430\\u0432\\u0435\\u0434\\u043b\\u0438\\u0432\\u0443\\u044e \\u0440\\u044b\\u043d\\u043e\\u0447\\u043d\\u0443\\u044e \\u043e\\u0446\\u0435\\u043d\\u043a\\u0443 \\u0441\\u0442\\u043e\\u0438\\u043c\\u043e\\u0441\\u0442\\u0438 \\u0430\\u043a\\u0442\\u0438\\u0432\\u043e\\u0432 \\u0432 \\u0440\\u0430\\u0437\\u043b\\u0438\\u0447\\u043d\\u044b\\u0445 \\u0441\\u0446\\u0435\\u043d\\u0430\\u0440\\u0438\\u044f\\u0445 \\u0441\\u0434\\u0435\\u043b\\u043e\\u043a;<\\/li><li>\\u0440\\u0430\\u0437\\u0440\\u0430\\u0431\\u043e\\u0442\\u0430\\u0442\\u044c \\u0444\\u0438\\u043d\\u0430\\u043d\\u0441\\u043e\\u0432\\u0443\\u044e \\u043c\\u043e\\u0434\\u0435\\u043b\\u044c \\u0441 \\u0446\\u0435\\u043b\\u044c\\u044e \\u043e\\u043f\\u0440\\u0435\\u0434\\u0435\\u043b\\u0435\\u043d\\u0438\\u044f \\u043d\\u0435\\u043e\\u0431\\u0445\\u043e\\u0434\\u0438\\u043c\\u043e\\u0441\\u0442\\u0438 \\u043f\\u0440\\u0438\\u0432\\u043b\\u0435\\u0447\\u0435\\u043d\\u0438\\u044f \\u0444\\u0438\\u043d\\u0430\\u043d\\u0441\\u0438\\u0440\\u043e\\u0432\\u0430\\u043d\\u0438\\u044f;<\\/li><li>\\u043f\\u0440\\u043e\\u0432\\u0435\\u0441\\u0442\\u0438 \\u0438\\u043d\\u0434\\u0438\\u043a\\u0430\\u0442\\u0438\\u0432\\u043d\\u044b\\u0439 \\u0430\\u043d\\u0430\\u043b\\u0438\\u0437 \\u0444\\u0438\\u043d\\u0430\\u043d\\u0441\\u043e\\u0432\\u043e\\u0433\\u043e \\u0441\\u043e\\u0441\\u0442\\u043e\\u044f\\u043d\\u0438\\u044f, \\u0432\\u044b\\u0441\\u0442\\u0443\\u043f\\u0430\\u044f \\u043a\\u0430\\u043a \\u043d\\u0430 \\u0441\\u0442\\u043e\\u0440\\u043e\\u043d\\u0435 \\u043f\\u043e\\u043a\\u0443\\u043f\\u0430\\u0442\\u0435\\u043b\\u044f, \\u0442\\u0430\\u043a \\u0438 \\u043f\\u0440\\u043e\\u0434\\u0430\\u0432\\u0446\\u0430.<\\/li><\\/ul>\\r\\n<p><strong>\\u041f\\u0440\\u043e\\u0435\\u043a\\u0442\\u043d\\u043e\\u0435 \\u0444\\u0438\\u043d\\u0430\\u043d\\u0441\\u0438\\u0440\\u043e\\u0432\\u0430\\u043d\\u0438\\u0435<\\/strong>\\r\\n  <\\/p>\\r\\n<ul><li>\\u0440\\u0430\\u0441\\u0441\\u043c\\u043e\\u0442\\u0440\\u0435\\u0442\\u044c \\u0438\\u043d\\u0432\\u0435\\u0441\\u0442\\u0438\\u0446\\u0438\\u043e\\u043d\\u043d\\u044b\\u0439 \\u043f\\u0440\\u043e\\u0435\\u043a\\u0442 \\u0441 \\u0442\\u043e\\u0447\\u043a\\u0438 \\u0437\\u0440\\u0435\\u043d\\u0438\\u044f \\u044d\\u0444\\u0444\\u0435\\u043a\\u0442\\u0438\\u0432\\u043d\\u043e\\u0441\\u0442\\u0438;\\r\\n  <\\/li><li>\\u0441\\u0442\\u0440\\u0443\\u043a\\u0442\\u0443\\u0440\\u0438\\u0440\\u043e\\u0432\\u0430\\u0442\\u044c \\u043f\\u0440\\u043e\\u0435\\u043a\\u0442, \\u0440\\u0430\\u0437\\u0440\\u0430\\u0431\\u043e\\u0442\\u0430\\u0442\\u044c \\u0441\\u0442\\u0440\\u0430\\u0442\\u0435\\u0433\\u0438\\u044e \\u0438 \\u043f\\u043b\\u0430\\u043d\\u044b \\u0440\\u0430\\u0437\\u0432\\u0438\\u0442\\u0438\\u044f;\\r\\n  <\\/li><li>\\u043f\\u0440\\u043e\\u0430\\u043d\\u0430\\u043b\\u0438\\u0437\\u0438\\u0440\\u043e\\u0432\\u0430\\u0442\\u044c \\u043f\\u043e\\u0442\\u0435\\u043d\\u0446\\u0438\\u0430\\u043b\\u044c\\u043d\\u044b\\u0435 \\u0440\\u0438\\u0441\\u043a\\u0438 \\u0438 \\u043d\\u0430\\u0439\\u0442\\u0438 \\u0441\\u043f\\u043e\\u0441\\u043e\\u0431\\u044b \\u043c\\u0438\\u043d\\u0438\\u043c\\u0438\\u0437\\u0438\\u0440\\u043e\\u0432\\u0430\\u0442\\u044c \\u0438\\u0445; \\r\\n  <\\/li><li>\\u043f\\u043e\\u0434\\u0433\\u043e\\u0442\\u043e\\u0432\\u0438\\u0442\\u044c \\u043d\\u0435\\u043e\\u0431\\u0445\\u043e\\u0434\\u0438\\u043c\\u0443\\u044e \\u0434\\u043e\\u043a\\u0443\\u043c\\u0435\\u043d\\u0442\\u0430\\u0446\\u0438\\u044e.\\r\\n  <\\/li><\\/ul>\\r\\n<p><strong>\\u042e\\u0440\\u0438\\u0434\\u0438\\u0447\\u0435\\u0441\\u043a\\u043e\\u0435 \\u0438 \\u043d\\u0430\\u043b\\u043e\\u0433\\u043e\\u0432\\u043e\\u0435 \\u0441\\u043e\\u043f\\u0440\\u043e\\u0432\\u043e\\u0436\\u0434\\u0435\\u043d\\u0438\\u0435 \\u0441\\u0434\\u0435\\u043b\\u043e\\u043a<\\/strong>\\r\\n  <\\/p>\\r\\n<ul><li>\\u041f\\u043e\\u0438\\u0441\\u043a \\u043e\\u043f\\u0442\\u0438\\u043c\\u0430\\u043b\\u044c\\u043d\\u043e\\u0439 \\u043f\\u0440\\u0430\\u0432\\u043e\\u0432\\u043e\\u0439 \\u043a\\u043e\\u043d\\u0441\\u0442\\u0440\\u0443\\u043a\\u0446\\u0438\\u0438 \\u0434\\u043b\\u044f \\u043e\\u0444\\u043e\\u0440\\u043c\\u043b\\u0435\\u043d\\u0438\\u044f \\u0441\\u0434\\u0435\\u043b\\u043a\\u0438.<\\/li><li>\\u0412\\u044b\\u044f\\u0432\\u043b\\u0435\\u043d\\u0438\\u0435 \\u0438 \\u043e\\u0446\\u0435\\u043d\\u043a\\u0430 \\u043f\\u0440\\u0430\\u0432\\u043e\\u0432\\u044b\\u0445 \\u0440\\u0438\\u0441\\u043a\\u043e\\u0432.<\\/li><li>\\u0420\\u0430\\u0437\\u0440\\u0430\\u0431\\u043e\\u0442\\u043a\\u0430 \\u0434\\u043e\\u043a\\u0443\\u043c\\u0435\\u043d\\u0442\\u043e\\u0432 \\u0434\\u043b\\u044f \\u043e\\u0444\\u043e\\u0440\\u043c\\u043b\\u0435\\u043d\\u0438\\u044f \\u0441\\u0434\\u0435\\u043b\\u043a\\u0438.<\\/li><li>\\u0412\\u0437\\u0430\\u0438\\u043c\\u043e\\u0434\\u0435\\u0439\\u0441\\u0442\\u0432\\u0438\\u0435 \\u0441 \\u043e\\u0440\\u0433\\u0430\\u043d\\u0430\\u043c\\u0438 \\u0433\\u043e\\u0441\\u0443\\u0434\\u0430\\u0440\\u0441\\u0442\\u0432\\u0435\\u043d\\u043d\\u043e\\u0439 \\u0432\\u043b\\u0430\\u0441\\u0442\\u0438 \\u043f\\u043e \\u0432\\u043e\\u043f\\u0440\\u043e\\u0441\\u0443 \\u043e\\u0444\\u043e\\u0440\\u043c\\u043b\\u0435\\u043d\\u0438\\u044f \\u0441\\u0434\\u0435\\u043b\\u043a\\u0438.<\\/li><li>\\u041e\\u0446\\u0435\\u043d\\u043a\\u0430 \\u043d\\u0430\\u043b\\u043e\\u0433\\u043e\\u0432\\u044b\\u0445 \\u043f\\u043e\\u0441\\u043b\\u0435\\u0434\\u0441\\u0442\\u0432\\u0438\\u0439 \\u043f\\u043b\\u0430\\u043d\\u0438\\u0440\\u0443\\u0435\\u043c\\u044b\\u0445 \\u0441\\u0434\\u0435\\u043b\\u043e\\u043a (\\u0434\\u043e\\u0433\\u043e\\u0432\\u043e\\u0440\\u043e\\u0432).<\\/li><li>\\u041a\\u043e\\u043d\\u0441\\u0443\\u043b\\u044c\\u0442\\u0438\\u0440\\u043e\\u0432\\u0430\\u043d\\u0438\\u0435 \\u043f\\u043e \\u0432\\u043e\\u043f\\u0440\\u043e\\u0441\\u0430\\u043c \\u043d\\u0430\\u043b\\u043e\\u0433\\u043e\\u043e\\u0431\\u043b\\u043e\\u0436\\u0435\\u043d\\u0438\\u044f \\u0432 \\u0441\\u0444\\u0435\\u0440\\u0435 \\u0441\\u043b\\u0438\\u044f\\u043d\\u0438\\u0439, \\u043f\\u043e\\u0433\\u043b\\u043e\\u0449\\u0435\\u043d\\u0438\\u0439, \\u043b\\u0438\\u043a\\u0432\\u0438\\u0434\\u0430\\u0446\\u0438\\u0438 \\u043f\\u0440\\u0435\\u0434\\u043f\\u0440\\u0438\\u044f\\u0442\\u0438\\u0439.<\\/li><\\/ul>\\r\\n<p><strong>\\u0420\\u0435\\u0441\\u0442\\u0440\\u0443\\u043a\\u0442\\u0443\\u0440\\u0438\\u0437\\u0430\\u0446\\u0438\\u044f<\\/strong>\\r\\n  <\\/p>\\r\\n<ul><li>\\u0412\\u044b\\u043a\\u0443\\u043f \\u043a\\u043e\\u043d\\u0442\\u0440\\u043e\\u043b\\u044c\\u043d\\u043e\\u0433\\u043e \\u043f\\u0430\\u043a\\u0435\\u0442\\u0430 \\u043c\\u0435\\u043d\\u0435\\u0434\\u0436\\u043c\\u0435\\u043d\\u0442\\u043e\\u043c \\u043a\\u043e\\u043c\\u043f\\u0430\\u043d\\u0438\\u0438;&nbsp;<\\/li><li>\\u041e\\u0442\\u0434\\u0435\\u043b\\u0435\\u043d\\u0438\\u0435 (spin-off). \\u0412&nbsp;\\u0440\\u0435\\u0437\\u0443\\u043b\\u044c\\u0442\\u0430\\u0442\\u0435 \\u0441\\u043e\\u0437\\u0434\\u0430\\u0435\\u0442\\u0441\\u044f \\u043e\\u0442\\u0434\\u0435\\u043b\\u044c\\u043d\\u043e\\u0435 \\u044e\\u0440\\u0438\\u0434\\u0438\\u0447\\u0435\\u0441\\u043a\\u043e\\u0435 \\u043b\\u0438\\u0446\\u043e, \\u0434\\u043e\\u0447\\u0435\\u0440\\u043d\\u044f\\u044f \\u043a\\u043e\\u043c\\u043f\\u0430\\u043d\\u0438\\u044f, \\u0432 \\u043a\\u043e\\u0442\\u043e\\u0440\\u043e\\u0439 \\u0430\\u043a\\u0446\\u0438\\u043e\\u043d\\u0435\\u0440\\u044b \\u043c\\u0430\\u0442\\u0435\\u0440\\u0438\\u043d\\u0441\\u043a\\u043e\\u0439 \\u043a\\u043e\\u043c\\u043f\\u0430\\u043d\\u0438\\u0438 \\u043f\\u043e\\u043b\\u0443\\u0447\\u0430\\u044e\\u0442 \\u0434\\u043e\\u043b\\u044e \\u043f\\u0440\\u043e\\u043f\\u043e\\u0440\\u0446\\u0438\\u043e\\u043d\\u0430\\u043b\\u044c\\u043d\\u043e \\u0438\\u0445 \\u0434\\u043e\\u043b\\u0435 \\u0432 \\u043c\\u0430\\u0442\\u0435\\u0440\\u0438\\u043d\\u0441\\u043a\\u043e\\u0439 \\u043a\\u043e\\u043c\\u043f\\u0430\\u043d\\u0438\\u0438. \\u041d\\u0430\\u043b\\u0438\\u0447\\u043d\\u044b\\u0445 \\u0434\\u0435\\u043d\\u0435\\u0433 \\u0432 \\u0440\\u0435\\u0437\\u0443\\u043b\\u044c\\u0442\\u0430\\u0442\\u0435 \\u0442\\u0430\\u043a\\u043e\\u0439 \\u0442\\u0440\\u0430\\u043d\\u0441\\u0444\\u043e\\u0440\\u043c\\u0430\\u0446\\u0438\\u0438 \\u043c\\u0430\\u0442\\u0435\\u0440\\u0438\\u043d\\u0441\\u043a\\u0430\\u044f \\u043a\\u043e\\u043c\\u043f\\u0430\\u043d\\u0438\\u044f \\u043d\\u0435 \\u043f\\u043e\\u043b\\u0443\\u0447\\u0430\\u0435\\u0442;<\\/li><li>\\u0420\\u0430\\u0437\\u0434\\u0435\\u043b\\u0435\\u043d\\u0438\\u0435 \\u043a\\u043e\\u043c\\u043f\\u0430\\u043d\\u0438\\u0438 (split-up). \\u041c\\u0430\\u0442\\u0435\\u0440\\u0438\\u043d\\u0441\\u043a\\u0430\\u044f \\u043a\\u043e\\u043c\\u043f\\u0430\\u043d\\u0438\\u044f \\u0440\\u0430\\u0441\\u0449\\u0435\\u043f\\u043b\\u044f\\u0435\\u0442\\u0441\\u044f \\u043d\\u0430 \\u043d\\u0435\\u0441\\u043a\\u043e\\u043b\\u044c\\u043a\\u043e \\u043a\\u043e\\u043c\\u043f\\u0430\\u043d\\u0438\\u0439 \\u0432 \\u0440\\u0435\\u0437\\u0443\\u043b\\u044c\\u0442\\u0430\\u0442\\u0435 \\u0441\\u0435\\u0440\\u0438\\u0438 \\u043e\\u0442\\u0434\\u0435\\u043b\\u0435\\u043d\\u0438\\u0439, \\u0430 \\u0441\\u0430\\u043c\\u0430 \\u043f\\u0435\\u0440\\u0435\\u0441\\u0442\\u0430\\u0435\\u0442 \\u0441\\u0443\\u0449\\u0435\\u0441\\u0442\\u0432\\u043e\\u0432\\u0430\\u0442\\u044c;<\\/li><li>\\u041f\\u0440\\u043e\\u0434\\u0430\\u0436\\u0430 \\u043f\\u043e\\u0434\\u0440\\u0430\\u0437\\u0434\\u0435\\u043b\\u0435\\u043d\\u0438\\u0439 (divestiture). \\u041f\\u0440\\u043e\\u0434\\u0430\\u0436\\u0430 \\u0447\\u0430\\u0441\\u0442\\u0438 \\u043a\\u043e\\u043c\\u043f\\u0430\\u043d\\u0438\\u0438 \\u0442\\u0440\\u0435\\u0442\\u044c\\u0435\\u0439 \\u0441\\u0442\\u043e\\u0440\\u043e\\u043d\\u0435. \\u0412 \\u0440\\u0435\\u0437\\u0443\\u043b\\u044c\\u0442\\u0430\\u0442\\u0435 \\u043f\\u0440\\u043e\\u0434\\u0430\\u0432\\u0435\\u0446 \\u043f\\u043e\\u043b\\u0443\\u0447\\u0430\\u0435\\u0442 \\u0436\\u0438\\u0432\\u044b\\u0435 \\u0434\\u0435\\u043d\\u044c\\u0433\\u0438 \\u0438\\u043b\\u0438 \\u044d\\u043a\\u0432\\u0438\\u0432\\u0430\\u043b\\u0435\\u043d\\u0442\\u043d\\u043e\\u0435 \\u0432\\u043e\\u0437\\u043c\\u0435\\u0449\\u0435\\u043d\\u0438\\u0435;<\\/li><li>\\u0412\\u044b\\u0434\\u0435\\u043b\\u0435\\u043d\\u0438\\u0435 (carve-out). \\u0427\\u0430\\u0441\\u0442\\u044c \\u0430\\u043a\\u0446\\u0438\\u0439 \\u043a\\u0430\\u043a\\u043e\\u0433\\u043e-\\u043b\\u0438\\u0431\\u043e \\u043f\\u043e\\u0434\\u0440\\u0430\\u0437\\u0434\\u0435\\u043b\\u0435\\u043d\\u0438\\u044f, \\u0434\\u043e\\u0447\\u0435\\u0440\\u043d\\u0435\\u0439 \\u043a\\u043e\\u043c\\u043f\\u0430\\u043d\\u0438\\u0438 \\u043f\\u0440\\u0435\\u0434\\u043b\\u0430\\u0433\\u0430\\u044e\\u0442\\u0441\\u044f \\u043a \\u043f\\u0440\\u043e\\u0434\\u0430\\u0436\\u0435 \\u0448\\u0438\\u0440\\u043e\\u043a\\u043e\\u043c\\u0443 \\u043a\\u0440\\u0443\\u0433\\u0443 \\u043b\\u0438\\u0446;<\\/li><li>\\u041b\\u0438\\u043a\\u0432\\u0438\\u0434\\u0430\\u0446\\u0438\\u044f (Liquidation).<\\/li><\\/ul>\\r\\n\",\"53\":\"\",\"38\":\"\",\"39\":\"\",\"40\":\"\",\"41\":\"\"}}', '2017-05-04 13:40:06', '2017-05-04 13:40:06', '8260f6b9-37bd-4e73-8d59-8e35288824dd'),
 ('133', '144', '8', '1', 'ru', '1', '', '{\"typeId\":null,\"authorId\":\"1\",\"title\":\"\\u0424\\u0438\\u043d\\u0430\\u043d\\u0441\\u043e\\u0432\\u043e-\\u044d\\u043a\\u043e\\u043d\\u043e\\u043c\\u0438\\u0447\\u0435\\u0441\\u043a\\u0438\\u0439 \\u0430\\u043d\\u0430\\u043b\\u0438\\u0437\",\"slug\":\"\\u0444\\u0438\\u043d\\u0430\\u043d\\u0441\\u043e\\u0432\\u043e-\\u044d\\u043a\\u043e\\u043d\\u043e\\u043c\\u0438\\u0447\\u0435\\u0441\\u043a\\u0438\\u0439-\\u0430\\u043d\\u0430\\u043b\\u0438\\u0437\",\"postDate\":1493905329,\"expiryDate\":null,\"enabled\":1,\"parentId\":\"30\",\"fields\":{\"36\":\"\",\"53\":\"\",\"38\":\"\",\"39\":\"\",\"40\":\"\",\"41\":\"\"}}', '2017-05-04 13:42:09', '2017-05-04 13:42:09', '27b4e98c-4cc1-40d7-b582-5dd1ef3cfd32'),
 ('134', '145', '8', '1', 'ru', '1', '', '{\"typeId\":null,\"authorId\":\"1\",\"title\":\"\\u042d\\u043a\\u043e\\u043d\\u043e\\u043c\\u0438\\u0447\\u0435\\u0441\\u043a\\u0430\\u044f \\u044d\\u043a\\u0441\\u043f\\u0435\\u0440\\u0442\\u0438\\u0437\\u0430 \\u0438 \\u043e\\u0446\\u0435\\u043d\\u043a\\u0430\",\"slug\":\"\\u044d\\u043a\\u043e\\u043d\\u043e\\u043c\\u0438\\u0447\\u0435\\u0441\\u043a\\u0430\\u044f-\\u044d\\u043a\\u0441\\u043f\\u0435\\u0440\\u0442\\u0438\\u0437\\u0430-\\u0438-\\u043e\\u0446\\u0435\\u043d\\u043a\\u0430\",\"postDate\":1493905342,\"expiryDate\":null,\"enabled\":1,\"parentId\":\"30\",\"fields\":{\"36\":\"\",\"53\":\"\",\"38\":\"\",\"39\":\"\",\"40\":\"\",\"41\":\"\"}}', '2017-05-04 13:42:23', '2017-05-04 13:42:23', 'f45b1aa0-caa1-4ded-b1f9-95345a743dee'),
 ('135', '146', '8', '1', 'ru', '1', '', '{\"typeId\":null,\"authorId\":\"1\",\"title\":\"\\u041d\\u0430\\u043b\\u043e\\u0433\\u043e\\u0432\\u0430\\u044f \\u044d\\u043a\\u0441\\u043f\\u0435\\u0440\\u0442\\u0438\\u0437\\u0430\",\"slug\":\"\\u043d\\u0430\\u043b\\u043e\\u0433\\u043e\\u0432\\u0430\\u044f-\\u044d\\u043a\\u0441\\u043f\\u0435\\u0440\\u0442\\u0438\\u0437\\u0430\",\"postDate\":1493905356,\"expiryDate\":null,\"enabled\":1,\"parentId\":\"30\",\"fields\":{\"36\":\"\",\"53\":\"\",\"38\":\"\",\"39\":\"\",\"40\":\"\",\"41\":\"\"}}', '2017-05-04 13:42:36', '2017-05-04 13:42:36', 'c93d32ff-747a-4159-aa87-86f1bbd2b4f9'),
 ('136', '147', '8', '1', 'ru', '1', '', '{\"typeId\":null,\"authorId\":\"1\",\"title\":\"\\u0422\\u0435\\u0445\\u043d\\u043e\\u043b\\u043e\\u0433\\u0438\\u0447\\u0435\\u0441\\u043a\\u0438\\u0439 \\u0438 \\u0446\\u0435\\u043d\\u043e\\u0432\\u043e\\u0439 \\u0430\\u0443\\u0434\\u0438\\u0442, \\u0430\\u043d\\u0430\\u043b\\u0438\\u0437 \\u0438\\u043d\\u0432\\u0435\\u0441\\u0442\\u0438\\u0446\\u0438\\u043e\\u043d\\u043d\\u044b\\u0445 \\u043f\\u043b\\u0430\\u043d\\u043e\\u0432 \\u0438 \\u0444\\u0438\\u043d\\u0430\\u043d\\u0441\\u043e\\u0432\\u044b\\u0445 \\u043c\\u043e\\u0434\\u0435\\u043b\\u0435\\u0439 \",\"slug\":\"\\u0442\\u0435\\u0445\\u043d\\u043e\\u043b\\u043e\\u0433\\u0438\\u0447\\u0435\\u0441\\u043a\\u0438\\u0439-\\u0438-\\u0446\\u0435\\u043d\\u043e\\u0432\\u043e\\u0439-\\u0430\\u0443\\u0434\\u0438\\u0442-\\u0430\\u043d\\u0430\\u043b\\u0438\\u0437-\\u0438\\u043d\\u0432\\u0435\\u0441\\u0442\\u0438\\u0446\\u0438\\u043e\\u043d\\u043d\\u044b\\u0445-\\u043f\\u043b\\u0430\\u043d\\u043e\\u0432-\\u0438-\\u0444\\u0438\\u043d\\u0430\\u043d\\u0441\\u043e\\u0432\\u044b\\u0445-\\u043c\\u043e\\u0434\\u0435\\u043b\\u0435\\u0439\",\"postDate\":1493905369,\"expiryDate\":null,\"enabled\":1,\"parentId\":\"30\",\"fields\":{\"36\":\"\",\"53\":\"\",\"38\":\"\",\"39\":\"\",\"40\":\"\",\"41\":\"\"}}', '2017-05-04 13:42:50', '2017-05-04 13:42:50', '6be048bb-ccb2-4782-95bd-23f10a6a7da9'),
 ('137', '148', '8', '1', 'ru', '1', '', '{\"typeId\":null,\"authorId\":\"1\",\"title\":\"\\u041a\\u043e\\u0440\\u043f\\u043e\\u0440\\u0430\\u0442\\u0438\\u0432\\u043d\\u0430\\u044f \\u0440\\u0430\\u0437\\u0432\\u0435\\u0434\\u043a\\u0430 \\u0438 \\u0441\\u0431\\u043e\\u0440 \\u0438\\u043d\\u0444\\u043e\\u0440\\u043c\\u0430\\u0446\\u0438\\u0438\",\"slug\":\"\\u043a\\u043e\\u0440\\u043f\\u043e\\u0440\\u0430\\u0442\\u0438\\u0432\\u043d\\u0430\\u044f-\\u0440\\u0430\\u0437\\u0432\\u0435\\u0434\\u043a\\u0430-\\u0438-\\u0441\\u0431\\u043e\\u0440-\\u0438\\u043d\\u0444\\u043e\\u0440\\u043c\\u0430\\u0446\\u0438\\u0438\",\"postDate\":1493905411,\"expiryDate\":null,\"enabled\":1,\"parentId\":\"30\",\"fields\":{\"36\":\"\",\"53\":\"\",\"38\":\"\",\"39\":\"\",\"40\":\"\",\"41\":\"\"}}', '2017-05-04 13:43:31', '2017-05-04 13:43:31', '5a333bb1-1a6c-4c32-9109-a42dc183dc75'),
 ('138', '151', '8', '1', 'ru', '1', '', '{\"typeId\":null,\"authorId\":\"1\",\"title\":\"C\\u0443\\u0434\\u0435\\u0431\\u043d\\u0430\\u044f \\u044d\\u043a\\u0441\\u043f\\u0435\\u0440\\u0442\\u0438\\u0437\\u0430, \\u043f\\u0440\\u0435\\u0434\\u0441\\u0442\\u0430\\u0432\\u0438\\u0442\\u0435\\u043b\\u044c\\u0441\\u0442\\u0432\\u043e \\u0432 \\u0445\\u043e\\u0434\\u0435 \\u0441\\u0443\\u0434\\u0435\\u0431\\u043d\\u044b\\u0445 \\u0440\\u0430\\u0437\\u0431\\u0438\\u0440\\u0430\\u0442\\u0435\\u043b\\u044c\\u0441\\u0442\\u0432, \\u0432 \\u0442\\u043e\\u043c \\u0447\\u0438\\u0441\\u043b\\u0435 \\u043c\\u0435\\u0436\\u0434\\u0443\\u043d\\u0430\\u0440\\u043e\\u0434\\u043d\\u044b\\u0445\",\"slug\":\"c\\u0443\\u0434\\u0435\\u0431\\u043d\\u0430\\u044f-\\u044d\\u043a\\u0441\\u043f\\u0435\\u0440\\u0442\\u0438\\u0437\\u0430-\\u043f\\u0440\\u0435\\u0434\\u0441\\u0442\\u0430\\u0432\\u0438\\u0442\\u0435\\u043b\\u044c\\u0441\\u0442\\u0432\\u043e-\\u0432-\\u0445\\u043e\\u0434\\u0435-\\u0441\\u0443\\u0434\\u0435\\u0431\\u043d\\u044b\\u0445-\\u0440\\u0430\\u0437\\u0431\\u0438\\u0440\\u0430\\u0442\\u0435\\u043b\\u044c\\u0441\\u0442\\u0432-\\u0432-\\u0442\\u043e\\u043c-\\u0447\\u0438\\u0441\\u043b\\u0435-\\u043c\\u0435\\u0436\\u0434\\u0443\\u043d\\u0430\\u0440\\u043e\\u0434\\u043d\\u044b\\u0445\",\"postDate\":1493905476,\"expiryDate\":null,\"enabled\":1,\"parentId\":\"30\",\"fields\":{\"36\":\"\",\"53\":\"\",\"38\":\"\",\"39\":\"\",\"40\":\"\",\"41\":\"\"}}', '2017-05-04 13:44:36', '2017-05-04 13:44:36', 'aaab2ceb-3de1-408a-9bb5-60bee5724503'),
 ('139', '152', '8', '1', 'ru', '1', '', '{\"typeId\":null,\"authorId\":\"1\",\"title\":\"\\u041a\\u043e\\u0440\\u043f\\u043e\\u0440\\u0430\\u0442\\u0438\\u0432\\u043d\\u043e\\u0435 \\u043f\\u0440\\u0430\\u0432\\u043e\",\"slug\":\"\\u043a\\u043e\\u0440\\u043f\\u043e\\u0440\\u0430\\u0442\\u0438\\u0432\\u043d\\u043e\\u0435-\\u043f\\u0440\\u0430\\u0432\\u043e\",\"postDate\":1493905600,\"expiryDate\":null,\"enabled\":1,\"parentId\":\"31\",\"fields\":{\"36\":\"<p>\\u2022<span class=\\\"Apple-tab-span\\\"> <\\/span>\\u0421\\u043e\\u0437\\u0434\\u0430\\u043d\\u0438\\u0435, \\u0440\\u0435\\u043e\\u0440\\u0433\\u0430\\u043d\\u0438\\u0437\\u0430\\u0446\\u0438\\u044f \\u0438 \\u043b\\u0438\\u043a\\u0432\\u0438\\u0434\\u0430\\u0446\\u0438\\u044f \\u043a\\u043e\\u043c\\u043f\\u0430\\u043d\\u0438\\u0439;&nbsp;<br>\\u2022<span class=\\\"Apple-tab-span\\\"> <\\/span>\\u041f\\u0440\\u0435\\u0434\\u0441\\u0442\\u0430\\u0432\\u043b\\u0435\\u043d\\u0438\\u044f \\u0438\\u043d\\u0442\\u0435\\u0440\\u0435\\u0441\\u043e\\u0432 \\u043a\\u043b\\u0438\\u0435\\u043d\\u0442\\u0430 \\u0432 \\u0424\\u0421\\u0424\\u0420 \\u0420\\u0424, \\u0424\\u0410\\u0421 \\u0420\\u0424, \\u0443 \\u043f\\u0440\\u043e\\u0444\\u0435\\u0441\\u0441\\u0438\\u043e\\u043d\\u0430\\u043b\\u044c\\u043d\\u044b\\u0445 \\u0440\\u0435\\u0433\\u0438\\u0441\\u0442\\u0440\\u0430\\u0442\\u043e\\u0440\\u043e\\u0432 \\u043f\\u0440\\u0438 \\u043f\\u043b\\u0430\\u043d\\u0438\\u0440\\u043e\\u0432\\u0430\\u043d\\u0438\\u0438, \\u043f\\u043e\\u0434\\u0433\\u043e\\u0442\\u043e\\u0432\\u043a\\u0435 \\u0438 \\u043f\\u0440\\u043e\\u0432\\u0435\\u0434\\u0435\\u043d\\u0438\\u0438 \\u0441\\u0434\\u0435\\u043b\\u043e\\u043a \\u0441 \\u0430\\u043a\\u0446\\u0438\\u044f\\u043c\\u0438, \\u0434\\u043e\\u043b\\u044f\\u043c\\u0438, \\u0440\\u0435\\u0433\\u0438\\u0441\\u0442\\u0440\\u0430\\u0446\\u0438\\u0438 \\u0440\\u0430\\u0437\\u043c\\u0435\\u0449\\u0435\\u043d\\u0438\\u044f \\u0430\\u043a\\u0446\\u0438\\u0439, \\u0441\\u043e\\u0431\\u043b\\u044e\\u0434\\u0435\\u043d\\u0438\\u044f \\u0442\\u0440\\u0435\\u0431\\u043e\\u0432\\u0430\\u043d\\u0438\\u0439 \\u0437\\u0430\\u043a\\u043e\\u043d\\u043e\\u0434\\u0430\\u0442\\u0435\\u043b\\u044c\\u0441\\u0442\\u0432\\u0430 \\u0420\\u0424 \\u0432 \\u0441\\u0444\\u0435\\u0440\\u0435 \\u043a\\u043e\\u0440\\u043f\\u043e\\u0440\\u0430\\u0442\\u0438\\u0432\\u043d\\u043e\\u0433\\u043e \\u043f\\u0440\\u0430\\u0432\\u0430;<br>\\u2022<span class=\\\"Apple-tab-span\\\"> <\\/span>\\u041f\\u043e\\u0434\\u0433\\u043e\\u0442\\u043e\\u0432\\u043a\\u0430 \\u0438 \\u0441\\u043e\\u043f\\u0440\\u043e\\u0432\\u043e\\u0436\\u0434\\u0435\\u043d\\u0438\\u0435 \\u0441\\u0434\\u0435\\u043b\\u043e\\u043a M&A;<br>\\u2022<span class=\\\"Apple-tab-span\\\"> <\\/span>\\u041f\\u043e\\u0434\\u0434\\u0435\\u0440\\u0436\\u043a\\u0430 \\u043f\\u0440\\u0438 \\u0440\\u0435\\u043e\\u0440\\u0433\\u0430\\u043d\\u0438\\u0437\\u0430\\u0446\\u0438\\u0438 \\u0438 \\u0440\\u0435\\u0441\\u0442\\u0440\\u0443\\u043a\\u0442\\u0443\\u0440\\u0438\\u0437\\u0430\\u0446\\u0438\\u0438 \\u0431\\u0438\\u0437\\u043d\\u0435\\u0441\\u0430 \\u0438 \\u0430\\u043a\\u0442\\u0438\\u0432\\u043e\\u0432;<br>\\u2022<span class=\\\"Apple-tab-span\\\"> <\\/span>\\u041f\\u0440\\u0430\\u0432\\u043e\\u0432\\u043e\\u0435 \\u0441\\u043e\\u043f\\u0440\\u043e\\u0432\\u043e\\u0436\\u0434\\u0435\\u043d\\u0438\\u0435 \\u0434\\u0435\\u044f\\u0442\\u0435\\u043b\\u044c\\u043d\\u043e\\u0441\\u0442\\u0438 \\u044d\\u043c\\u0438\\u0442\\u0435\\u043d\\u0442\\u043e\\u0432 \\u0446\\u0435\\u043d\\u043d\\u044b\\u0445 \\u0431\\u0443\\u043c\\u0430\\u0433 \\u0438 \\u0441\\u0434\\u0435\\u043b\\u043e\\u043a \\u0441 \\u043d\\u0438\\u043c\\u0438;<br>\\u2022<span class=\\\"Apple-tab-span\\\"> <\\/span>\\u0423\\u0440\\u0435\\u0433\\u0443\\u043b\\u0438\\u0440\\u043e\\u0432\\u0430\\u043d\\u0438\\u044f \\u043a\\u043e\\u0440\\u043f\\u043e\\u0440\\u0430\\u0442\\u0438\\u0432\\u043d\\u044b\\u0445 \\u043a\\u043e\\u043d\\u0444\\u043b\\u0438\\u043a\\u0442\\u043e\\u0432 \\u0438 \\u043f\\u0440\\u0435\\u0434\\u0441\\u0442\\u0430\\u0432\\u043b\\u0435\\u043d\\u0438\\u044f \\u0438\\u043d\\u0442\\u0435\\u0440\\u0435\\u0441\\u043e\\u0432 \\u043c\\u0438\\u043d\\u043e\\u0440\\u0438\\u0442\\u0430\\u0440\\u043d\\u044b\\u0445 \\u0438\\u043b\\u0438 \\u043c\\u0430\\u0436\\u043e\\u0440\\u0438\\u0442\\u0430\\u0440\\u043d\\u044b\\u0445 \\u0430\\u043a\\u0446\\u0438\\u043e\\u043d\\u0435\\u0440\\u043e\\u0432, \\u0443\\u0447\\u0430\\u0441\\u0442\\u043d\\u0438\\u043a\\u043e\\u0432 \\u043e\\u0431\\u0449\\u0435\\u0441\\u0442\\u0432\\u0430;<br>\\u2022<span class=\\\"Apple-tab-span\\\"> <\\/span>\\u041f\\u043e\\u0434\\u0433\\u043e\\u0442\\u043e\\u0432\\u043a\\u0438 \\u0438 \\u043f\\u0440\\u043e\\u0432\\u0435\\u0434\\u0435\\u043d\\u0438\\u044f \\u043e\\u0431\\u0449\\u0438\\u0445 \\u0441\\u043e\\u0431\\u0440\\u0430\\u043d\\u0438\\u0439 \\u0443\\u0447\\u0430\\u0441\\u0442\\u043d\\u0438\\u043a\\u043e\\u0432 (\\u0430\\u043a\\u0446\\u0438\\u043e\\u043d\\u0435\\u0440\\u043e\\u0432), \\u0437\\u0430\\u0441\\u0435\\u0434\\u0430\\u043d\\u0438\\u0439 \\u0441\\u043e\\u0432\\u0435\\u0442\\u043e\\u0432 \\u0434\\u0438\\u0440\\u0435\\u043a\\u0442\\u043e\\u0440\\u043e\\u0432;<br>\\u2022<span class=\\\"Apple-tab-span\\\"> <\\/span>\\u042e\\u0440\\u0438\\u0434\\u0438\\u0447\\u0435\\u0441\\u043a\\u0430\\u044f \\u043f\\u043e\\u0434\\u0434\\u0435\\u0440\\u0436\\u043a\\u0430 \\u043a\\u043b\\u0438\\u0435\\u043d\\u0442\\u043e\\u0432 \\u043d\\u0430 \\u0432\\u0441\\u0435\\u0445 \\u0441\\u0442\\u0430\\u0434\\u0438\\u044f\\u0445 \\u043e\\u0441\\u0443\\u0449\\u0435\\u0441\\u0442\\u0432\\u043b\\u0435\\u043d\\u0438\\u044f \\u0438\\u043d\\u0432\\u0435\\u0441\\u0442\\u0438\\u0446\\u0438\\u043e\\u043d\\u043d\\u044b\\u0445 \\u043f\\u0440\\u043e\\u0435\\u043a\\u0442\\u043e\\u0432.<\\/p>\",\"53\":\"\",\"38\":\"\",\"39\":\"\",\"40\":\"\",\"41\":\"\"}}', '2017-05-04 13:46:40', '2017-05-04 13:46:40', 'a82f99a6-c38f-4b50-ac7b-c8ad15843030'),
 ('140', '153', '8', '1', 'ru', '1', '', '{\"typeId\":null,\"authorId\":\"1\",\"title\":\"\\u0421\\u043e\\u043f\\u0440\\u043e\\u0432\\u043e\\u0436\\u0434\\u0435\\u043d\\u0438\\u0435 \\u0438\\u043d\\u043e\\u0441\\u0442\\u0440\\u0430\\u043d\\u043d\\u044b\\u0445 \\u0438\\u043d\\u0432\\u0435\\u0441\\u0442\\u0438\\u0446\\u0438\\u0439 \\u0432 \\u0420\\u043e\\u0441\\u0441\\u0438\\u0438\",\"slug\":\"\\u0441\\u043e\\u043f\\u0440\\u043e\\u0432\\u043e\\u0436\\u0434\\u0435\\u043d\\u0438\\u0435-\\u0438\\u043d\\u043e\\u0441\\u0442\\u0440\\u0430\\u043d\\u043d\\u044b\\u0445-\\u0438\\u043d\\u0432\\u0435\\u0441\\u0442\\u0438\\u0446\\u0438\\u0439-\\u0432-\\u0440\\u043e\\u0441\\u0441\\u0438\\u0438\",\"postDate\":1493905626,\"expiryDate\":null,\"enabled\":1,\"parentId\":\"31\",\"fields\":{\"36\":\"<p>\\u2022<span class=\\\"Apple-tab-span\\\"> <\\/span>\\u0410\\u043a\\u043a\\u0440\\u0435\\u0434\\u0438\\u0442\\u0430\\u0446\\u0438\\u044f\\/\\u0441\\u043d\\u044f\\u0442\\u0438\\u0435 \\u0441 \\u0443\\u0447\\u0435\\u0442\\u0430 \\u043f\\u0440\\u0435\\u0434\\u0441\\u0442\\u0430\\u0432\\u0438\\u0442\\u0435\\u043b\\u044c\\u0441\\u0442\\u0432 \\u0438 \\u0444\\u0438\\u043b\\u0438\\u0430\\u043b\\u043e\\u0432 \\u0438\\u043d\\u043e\\u0441\\u0442\\u0440\\u0430\\u043d\\u043d\\u044b\\u0445 \\u043a\\u043e\\u043c\\u043f\\u0430\\u043d\\u0438\\u0439;<\\/p><p>\\u2022<span class=\\\"Apple-tab-span\\\"> <\\/span>\\u041f\\u043e\\u043c\\u043e\\u0449\\u044c \\u0432 \\u0432\\u044b\\u0431\\u043e\\u0440\\u0435 \\u0440\\u0435\\u0433\\u0438\\u043e\\u043d\\u0430 \\u0434\\u043b\\u044f \\u0438\\u043d\\u0432\\u0435\\u0441\\u0442\\u0438\\u0440\\u043e\\u0432\\u0430\\u043d\\u0438\\u044f: \\u0441\\u0440\\u0430\\u0432\\u043d\\u0438\\u0442\\u0435\\u043b\\u044c\\u043d\\u044b\\u0439 \\u0430\\u043d\\u0430\\u043b\\u0438\\u0437, \\u043e\\u0446\\u0435\\u043d\\u043a\\u0430 \\u043f\\u0440\\u0438\\u0432\\u043b\\u0435\\u043a\\u0430\\u0442\\u0435\\u043b\\u044c\\u043d\\u043e\\u0441\\u0442\\u0438, Due Diligence \\u0437\\u0435\\u043c\\u0435\\u043b\\u044c\\u043d\\u043e\\u0433\\u043e \\u0443\\u0447\\u0430\\u0441\\u0442\\u043a\\u0430;<\\/p><p>\\u2022<span class=\\\"Apple-tab-span\\\"> <\\/span>\\u041c\\u0438\\u043d\\u0438\\u043c\\u0438\\u0437\\u0430\\u0446\\u0438\\u044f \\u0432\\u043e\\u0437\\u043c\\u043e\\u0436\\u043d\\u044b\\u0445 \\u043d\\u0430\\u043b\\u043e\\u0433\\u043e\\u0432\\u044b\\u0445 \\u0440\\u0438\\u0441\\u043a\\u043e\\u0432 \\u043d\\u0430 \\u043e\\u0441\\u043d\\u043e\\u0432\\u0430\\u043d\\u0438\\u0438 \\u0434\\u0435\\u0439\\u0441\\u0442\\u0432\\u0443\\u044e\\u0449\\u0435\\u0433\\u043e \\u0444\\u0435\\u0434\\u0435\\u0440\\u0430\\u043b\\u044c\\u043d\\u043e\\u0433\\u043e \\u0438 \\u043c\\u0435\\u0441\\u0442\\u043d\\u043e\\u0433\\u043e \\u0437\\u0430\\u043a\\u043e\\u043d\\u043e\\u0434\\u0430\\u0442\\u0435\\u043b\\u044c\\u0441\\u0442\\u0432\\u0430;<\\/p><p>\\u2022<span class=\\\"Apple-tab-span\\\"> <\\/span>\\u041f\\u0440\\u0435\\u0434\\u0441\\u0442\\u0430\\u0432\\u043b\\u0435\\u043d\\u0438\\u0435 \\u0438\\u043d\\u0442\\u0435\\u0440\\u0435\\u0441\\u043e\\u0432 \\u0437\\u0430\\u043a\\u0430\\u0437\\u0447\\u0438\\u043a\\u0430 \\u043f\\u0440\\u0438 \\u043f\\u0440\\u043e\\u0432\\u0435\\u0434\\u0435\\u043d\\u0438\\u0438 \\u043f\\u0435\\u0440\\u0435\\u0433\\u043e\\u0432\\u043e\\u0440\\u043e\\u0432 \\u0441 \\u043f\\u0440\\u0435\\u0434\\u0441\\u0442\\u0430\\u0432\\u0438\\u0442\\u0435\\u043b\\u044f\\u043c\\u0438 \\u043e\\u0440\\u0433\\u0430\\u043d\\u043e\\u0432 \\u0433\\u043e\\u0441\\u0443\\u0434\\u0430\\u0440\\u0441\\u0442\\u0432\\u0435\\u043d\\u043d\\u043e\\u0439 \\u0432\\u043b\\u0430\\u0441\\u0442\\u0438 \\u0438 \\u043c\\u0435\\u0441\\u0442\\u043d\\u043e\\u0433\\u043e \\u0441\\u0430\\u043c\\u043e\\u0443\\u043f\\u0440\\u0430\\u0432\\u043b\\u0435\\u043d\\u0438\\u044f;<\\/p><p>\\u2022<span class=\\\"Apple-tab-span\\\"> <\\/span>\\u0412\\u0441\\u0435\\u0441\\u0442\\u043e\\u0440\\u043e\\u043d\\u043d\\u044f\\u044f \\u044e\\u0440\\u0438\\u0434\\u0438\\u0447\\u0435\\u0441\\u043a\\u0430\\u044f \\u043f\\u043e\\u0434\\u0434\\u0435\\u0440\\u0436\\u043a\\u0430 \\u043d\\u0430 \\u0441\\u0442\\u0430\\u0434\\u0438\\u0438 \\u0440\\u0435\\u0430\\u043b\\u0438\\u0437\\u0430\\u0446\\u0438\\u0438 \\u043f\\u0440\\u043e\\u0435\\u043a\\u0442\\u0430;<\\/p><p>\\u2022<span class=\\\"Apple-tab-span\\\"> <\\/span>\\u042e\\u0440\\u0438\\u0434\\u0438\\u0447\\u0435\\u0441\\u043a\\u043e\\u0435 \\u0441\\u043e\\u043f\\u0440\\u043e\\u0432\\u043e\\u0436\\u0434\\u0435\\u043d\\u0438\\u0435, \\u043f\\u0440\\u0435\\u0434\\u0441\\u0442\\u0430\\u0432\\u043b\\u0435\\u043d\\u0438\\u0435 \\u0438\\u043d\\u0442\\u0435\\u0440\\u0435\\u0441\\u043e\\u0432 \\u0437\\u0430\\u043a\\u0430\\u0437\\u0447\\u0438\\u043a\\u0430 \\u0432 \\u0441\\u0443\\u0434\\u0430\\u0445 \\u043c\\u0435\\u0441\\u0442\\u043d\\u043e\\u0433\\u043e \\u0438 \\u0444\\u0435\\u0434\\u0435\\u0440\\u0430\\u043b\\u044c\\u043d\\u043e\\u0433\\u043e \\u0437\\u043d\\u0430\\u0447\\u0435\\u043d\\u0438\\u044f \\u0432 \\u0441\\u043b\\u0443\\u0447\\u0430\\u0435 \\u043a\\u043e\\u043d\\u0444\\u043b\\u0438\\u043a\\u0442\\u043e\\u0432 \\u0441 \\u043f\\u0430\\u0440\\u0442\\u043d\\u0451\\u0440\\u0430\\u043c\\u0438 \\u0438 \\u043e\\u0440\\u0433\\u0430\\u043d\\u0430\\u043c\\u0438 \\u0432\\u043b\\u0430\\u0441\\u0442\\u0438.<\\/p>\",\"53\":\"\",\"38\":\"\",\"39\":\"\",\"40\":\"\",\"41\":\"\"}}', '2017-05-04 13:47:06', '2017-05-04 13:47:06', 'd4c02fca-1033-4110-897a-c32f124045ea'),
 ('141', '152', '8', '1', 'ru', '2', '', '{\"typeId\":\"8\",\"authorId\":\"1\",\"title\":\"\\u041a\\u043e\\u0440\\u043f\\u043e\\u0440\\u0430\\u0442\\u0438\\u0432\\u043d\\u043e\\u0435 \\u043f\\u0440\\u0430\\u0432\\u043e\",\"slug\":\"\\u043a\\u043e\\u0440\\u043f\\u043e\\u0440\\u0430\\u0442\\u0438\\u0432\\u043d\\u043e\\u0435-\\u043f\\u0440\\u0430\\u0432\\u043e\",\"postDate\":1493905560,\"expiryDate\":null,\"enabled\":1,\"parentId\":\"31\",\"fields\":{\"36\":\"<ul><li>\\u0421\\u043e\\u0437\\u0434\\u0430\\u043d\\u0438\\u0435, \\u0440\\u0435\\u043e\\u0440\\u0433\\u0430\\u043d\\u0438\\u0437\\u0430\\u0446\\u0438\\u044f \\u0438 \\u043b\\u0438\\u043a\\u0432\\u0438\\u0434\\u0430\\u0446\\u0438\\u044f \\u043a\\u043e\\u043c\\u043f\\u0430\\u043d\\u0438\\u0439;&nbsp;<\\/li><li>\\u041f\\u0440\\u0435\\u0434\\u0441\\u0442\\u0430\\u0432\\u043b\\u0435\\u043d\\u0438\\u044f \\u0438\\u043d\\u0442\\u0435\\u0440\\u0435\\u0441\\u043e\\u0432 \\u043a\\u043b\\u0438\\u0435\\u043d\\u0442\\u0430 \\u0432 \\u0424\\u0421\\u0424\\u0420 \\u0420\\u0424, \\u0424\\u0410\\u0421 \\u0420\\u0424, \\u0443 \\u043f\\u0440\\u043e\\u0444\\u0435\\u0441\\u0441\\u0438\\u043e\\u043d\\u0430\\u043b\\u044c\\u043d\\u044b\\u0445 \\u0440\\u0435\\u0433\\u0438\\u0441\\u0442\\u0440\\u0430\\u0442\\u043e\\u0440\\u043e\\u0432 \\u043f\\u0440\\u0438 \\u043f\\u043b\\u0430\\u043d\\u0438\\u0440\\u043e\\u0432\\u0430\\u043d\\u0438\\u0438, \\u043f\\u043e\\u0434\\u0433\\u043e\\u0442\\u043e\\u0432\\u043a\\u0435 \\u0438 \\u043f\\u0440\\u043e\\u0432\\u0435\\u0434\\u0435\\u043d\\u0438\\u0438 \\u0441\\u0434\\u0435\\u043b\\u043e\\u043a \\u0441 \\u0430\\u043a\\u0446\\u0438\\u044f\\u043c\\u0438, \\u0434\\u043e\\u043b\\u044f\\u043c\\u0438, \\u0440\\u0435\\u0433\\u0438\\u0441\\u0442\\u0440\\u0430\\u0446\\u0438\\u0438 \\u0440\\u0430\\u0437\\u043c\\u0435\\u0449\\u0435\\u043d\\u0438\\u044f \\u0430\\u043a\\u0446\\u0438\\u0439, \\u0441\\u043e\\u0431\\u043b\\u044e\\u0434\\u0435\\u043d\\u0438\\u044f \\u0442\\u0440\\u0435\\u0431\\u043e\\u0432\\u0430\\u043d\\u0438\\u0439 \\u0437\\u0430\\u043a\\u043e\\u043d\\u043e\\u0434\\u0430\\u0442\\u0435\\u043b\\u044c\\u0441\\u0442\\u0432\\u0430 \\u0420\\u0424 \\u0432 \\u0441\\u0444\\u0435\\u0440\\u0435 \\u043a\\u043e\\u0440\\u043f\\u043e\\u0440\\u0430\\u0442\\u0438\\u0432\\u043d\\u043e\\u0433\\u043e \\u043f\\u0440\\u0430\\u0432\\u0430;<\\/li><li>\\u041f\\u043e\\u0434\\u0433\\u043e\\u0442\\u043e\\u0432\\u043a\\u0430 \\u0438 \\u0441\\u043e\\u043f\\u0440\\u043e\\u0432\\u043e\\u0436\\u0434\\u0435\\u043d\\u0438\\u0435 \\u0441\\u0434\\u0435\\u043b\\u043e\\u043a M&A;<\\/li><li>\\u041f\\u043e\\u0434\\u0434\\u0435\\u0440\\u0436\\u043a\\u0430 \\u043f\\u0440\\u0438 \\u0440\\u0435\\u043e\\u0440\\u0433\\u0430\\u043d\\u0438\\u0437\\u0430\\u0446\\u0438\\u0438 \\u0438 \\u0440\\u0435\\u0441\\u0442\\u0440\\u0443\\u043a\\u0442\\u0443\\u0440\\u0438\\u0437\\u0430\\u0446\\u0438\\u0438 \\u0431\\u0438\\u0437\\u043d\\u0435\\u0441\\u0430 \\u0438 \\u0430\\u043a\\u0442\\u0438\\u0432\\u043e\\u0432;<\\/li><li>\\u041f\\u0440\\u0430\\u0432\\u043e\\u0432\\u043e\\u0435 \\u0441\\u043e\\u043f\\u0440\\u043e\\u0432\\u043e\\u0436\\u0434\\u0435\\u043d\\u0438\\u0435 \\u0434\\u0435\\u044f\\u0442\\u0435\\u043b\\u044c\\u043d\\u043e\\u0441\\u0442\\u0438 \\u044d\\u043c\\u0438\\u0442\\u0435\\u043d\\u0442\\u043e\\u0432 \\u0446\\u0435\\u043d\\u043d\\u044b\\u0445 \\u0431\\u0443\\u043c\\u0430\\u0433 \\u0438 \\u0441\\u0434\\u0435\\u043b\\u043e\\u043a \\u0441 \\u043d\\u0438\\u043c\\u0438;<\\/li><li>\\u0423\\u0440\\u0435\\u0433\\u0443\\u043b\\u0438\\u0440\\u043e\\u0432\\u0430\\u043d\\u0438\\u044f \\u043a\\u043e\\u0440\\u043f\\u043e\\u0440\\u0430\\u0442\\u0438\\u0432\\u043d\\u044b\\u0445 \\u043a\\u043e\\u043d\\u0444\\u043b\\u0438\\u043a\\u0442\\u043e\\u0432 \\u0438 \\u043f\\u0440\\u0435\\u0434\\u0441\\u0442\\u0430\\u0432\\u043b\\u0435\\u043d\\u0438\\u044f \\u0438\\u043d\\u0442\\u0435\\u0440\\u0435\\u0441\\u043e\\u0432 \\u043c\\u0438\\u043d\\u043e\\u0440\\u0438\\u0442\\u0430\\u0440\\u043d\\u044b\\u0445 \\u0438\\u043b\\u0438 \\u043c\\u0430\\u0436\\u043e\\u0440\\u0438\\u0442\\u0430\\u0440\\u043d\\u044b\\u0445 \\u0430\\u043a\\u0446\\u0438\\u043e\\u043d\\u0435\\u0440\\u043e\\u0432, \\u0443\\u0447\\u0430\\u0441\\u0442\\u043d\\u0438\\u043a\\u043e\\u0432 \\u043e\\u0431\\u0449\\u0435\\u0441\\u0442\\u0432\\u0430;<\\/li><li>\\u041f\\u043e\\u0434\\u0433\\u043e\\u0442\\u043e\\u0432\\u043a\\u0438 \\u0438 \\u043f\\u0440\\u043e\\u0432\\u0435\\u0434\\u0435\\u043d\\u0438\\u044f \\u043e\\u0431\\u0449\\u0438\\u0445 \\u0441\\u043e\\u0431\\u0440\\u0430\\u043d\\u0438\\u0439 \\u0443\\u0447\\u0430\\u0441\\u0442\\u043d\\u0438\\u043a\\u043e\\u0432 (\\u0430\\u043a\\u0446\\u0438\\u043e\\u043d\\u0435\\u0440\\u043e\\u0432), \\u0437\\u0430\\u0441\\u0435\\u0434\\u0430\\u043d\\u0438\\u0439 \\u0441\\u043e\\u0432\\u0435\\u0442\\u043e\\u0432 \\u0434\\u0438\\u0440\\u0435\\u043a\\u0442\\u043e\\u0440\\u043e\\u0432;<\\/li><li>\\u042e\\u0440\\u0438\\u0434\\u0438\\u0447\\u0435\\u0441\\u043a\\u0430\\u044f \\u043f\\u043e\\u0434\\u0434\\u0435\\u0440\\u0436\\u043a\\u0430 \\u043a\\u043b\\u0438\\u0435\\u043d\\u0442\\u043e\\u0432 \\u043d\\u0430 \\u0432\\u0441\\u0435\\u0445 \\u0441\\u0442\\u0430\\u0434\\u0438\\u044f\\u0445 \\u043e\\u0441\\u0443\\u0449\\u0435\\u0441\\u0442\\u0432\\u043b\\u0435\\u043d\\u0438\\u044f \\u0438\\u043d\\u0432\\u0435\\u0441\\u0442\\u0438\\u0446\\u0438\\u043e\\u043d\\u043d\\u044b\\u0445 \\u043f\\u0440\\u043e\\u0435\\u043a\\u0442\\u043e\\u0432.<\\/li><\\/ul>\",\"53\":\"\",\"38\":\"\",\"39\":\"\",\"40\":\"\",\"41\":\"\"}}', '2017-05-04 13:53:58', '2017-05-04 13:53:58', '23132149-dfc0-434e-b6d6-cf0e9332767d'),
 ('142', '153', '8', '1', 'ru', '2', '', '{\"typeId\":\"8\",\"authorId\":\"1\",\"title\":\"\\u0421\\u043e\\u043f\\u0440\\u043e\\u0432\\u043e\\u0436\\u0434\\u0435\\u043d\\u0438\\u0435 \\u0438\\u043d\\u043e\\u0441\\u0442\\u0440\\u0430\\u043d\\u043d\\u044b\\u0445 \\u0438\\u043d\\u0432\\u0435\\u0441\\u0442\\u0438\\u0446\\u0438\\u0439 \\u0432 \\u0420\\u043e\\u0441\\u0441\\u0438\\u0438\",\"slug\":\"\\u0441\\u043e\\u043f\\u0440\\u043e\\u0432\\u043e\\u0436\\u0434\\u0435\\u043d\\u0438\\u0435-\\u0438\\u043d\\u043e\\u0441\\u0442\\u0440\\u0430\\u043d\\u043d\\u044b\\u0445-\\u0438\\u043d\\u0432\\u0435\\u0441\\u0442\\u0438\\u0446\\u0438\\u0439-\\u0432-\\u0440\\u043e\\u0441\\u0441\\u0438\\u0438\",\"postDate\":1493905620,\"expiryDate\":null,\"enabled\":1,\"parentId\":\"31\",\"fields\":{\"36\":\"<ul><li>\\u0410\\u043a\\u043a\\u0440\\u0435\\u0434\\u0438\\u0442\\u0430\\u0446\\u0438\\u044f\\/\\u0441\\u043d\\u044f\\u0442\\u0438\\u0435 \\u0441 \\u0443\\u0447\\u0435\\u0442\\u0430 \\u043f\\u0440\\u0435\\u0434\\u0441\\u0442\\u0430\\u0432\\u0438\\u0442\\u0435\\u043b\\u044c\\u0441\\u0442\\u0432 \\u0438 \\u0444\\u0438\\u043b\\u0438\\u0430\\u043b\\u043e\\u0432 \\u0438\\u043d\\u043e\\u0441\\u0442\\u0440\\u0430\\u043d\\u043d\\u044b\\u0445 \\u043a\\u043e\\u043c\\u043f\\u0430\\u043d\\u0438\\u0439;<\\/li><li>\\u041f\\u043e\\u043c\\u043e\\u0449\\u044c \\u0432 \\u0432\\u044b\\u0431\\u043e\\u0440\\u0435 \\u0440\\u0435\\u0433\\u0438\\u043e\\u043d\\u0430 \\u0434\\u043b\\u044f \\u0438\\u043d\\u0432\\u0435\\u0441\\u0442\\u0438\\u0440\\u043e\\u0432\\u0430\\u043d\\u0438\\u044f: \\u0441\\u0440\\u0430\\u0432\\u043d\\u0438\\u0442\\u0435\\u043b\\u044c\\u043d\\u044b\\u0439 \\u0430\\u043d\\u0430\\u043b\\u0438\\u0437, \\u043e\\u0446\\u0435\\u043d\\u043a\\u0430 \\u043f\\u0440\\u0438\\u0432\\u043b\\u0435\\u043a\\u0430\\u0442\\u0435\\u043b\\u044c\\u043d\\u043e\\u0441\\u0442\\u0438, Due Diligence \\u0437\\u0435\\u043c\\u0435\\u043b\\u044c\\u043d\\u043e\\u0433\\u043e \\u0443\\u0447\\u0430\\u0441\\u0442\\u043a\\u0430;<\\/li><li>\\u041c\\u0438\\u043d\\u0438\\u043c\\u0438\\u0437\\u0430\\u0446\\u0438\\u044f \\u0432\\u043e\\u0437\\u043c\\u043e\\u0436\\u043d\\u044b\\u0445 \\u043d\\u0430\\u043b\\u043e\\u0433\\u043e\\u0432\\u044b\\u0445 \\u0440\\u0438\\u0441\\u043a\\u043e\\u0432 \\u043d\\u0430 \\u043e\\u0441\\u043d\\u043e\\u0432\\u0430\\u043d\\u0438\\u0438 \\u0434\\u0435\\u0439\\u0441\\u0442\\u0432\\u0443\\u044e\\u0449\\u0435\\u0433\\u043e \\u0444\\u0435\\u0434\\u0435\\u0440\\u0430\\u043b\\u044c\\u043d\\u043e\\u0433\\u043e \\u0438 \\u043c\\u0435\\u0441\\u0442\\u043d\\u043e\\u0433\\u043e \\u0437\\u0430\\u043a\\u043e\\u043d\\u043e\\u0434\\u0430\\u0442\\u0435\\u043b\\u044c\\u0441\\u0442\\u0432\\u0430;<\\/li><li>\\u041f\\u0440\\u0435\\u0434\\u0441\\u0442\\u0430\\u0432\\u043b\\u0435\\u043d\\u0438\\u0435 \\u0438\\u043d\\u0442\\u0435\\u0440\\u0435\\u0441\\u043e\\u0432 \\u0437\\u0430\\u043a\\u0430\\u0437\\u0447\\u0438\\u043a\\u0430 \\u043f\\u0440\\u0438 \\u043f\\u0440\\u043e\\u0432\\u0435\\u0434\\u0435\\u043d\\u0438\\u0438 \\u043f\\u0435\\u0440\\u0435\\u0433\\u043e\\u0432\\u043e\\u0440\\u043e\\u0432 \\u0441 \\u043f\\u0440\\u0435\\u0434\\u0441\\u0442\\u0430\\u0432\\u0438\\u0442\\u0435\\u043b\\u044f\\u043c\\u0438 \\u043e\\u0440\\u0433\\u0430\\u043d\\u043e\\u0432 \\u0433\\u043e\\u0441\\u0443\\u0434\\u0430\\u0440\\u0441\\u0442\\u0432\\u0435\\u043d\\u043d\\u043e\\u0439 \\u0432\\u043b\\u0430\\u0441\\u0442\\u0438 \\u0438 \\u043c\\u0435\\u0441\\u0442\\u043d\\u043e\\u0433\\u043e \\u0441\\u0430\\u043c\\u043e\\u0443\\u043f\\u0440\\u0430\\u0432\\u043b\\u0435\\u043d\\u0438\\u044f;<\\/li><li>\\u0412\\u0441\\u0435\\u0441\\u0442\\u043e\\u0440\\u043e\\u043d\\u043d\\u044f\\u044f \\u044e\\u0440\\u0438\\u0434\\u0438\\u0447\\u0435\\u0441\\u043a\\u0430\\u044f \\u043f\\u043e\\u0434\\u0434\\u0435\\u0440\\u0436\\u043a\\u0430 \\u043d\\u0430 \\u0441\\u0442\\u0430\\u0434\\u0438\\u0438 \\u0440\\u0435\\u0430\\u043b\\u0438\\u0437\\u0430\\u0446\\u0438\\u0438 \\u043f\\u0440\\u043e\\u0435\\u043a\\u0442\\u0430;<\\/li><li>\\u042e\\u0440\\u0438\\u0434\\u0438\\u0447\\u0435\\u0441\\u043a\\u043e\\u0435 \\u0441\\u043e\\u043f\\u0440\\u043e\\u0432\\u043e\\u0436\\u0434\\u0435\\u043d\\u0438\\u0435, \\u043f\\u0440\\u0435\\u0434\\u0441\\u0442\\u0430\\u0432\\u043b\\u0435\\u043d\\u0438\\u0435 \\u0438\\u043d\\u0442\\u0435\\u0440\\u0435\\u0441\\u043e\\u0432 \\u0437\\u0430\\u043a\\u0430\\u0437\\u0447\\u0438\\u043a\\u0430 \\u0432 \\u0441\\u0443\\u0434\\u0430\\u0445 \\u043c\\u0435\\u0441\\u0442\\u043d\\u043e\\u0433\\u043e \\u0438 \\u0444\\u0435\\u0434\\u0435\\u0440\\u0430\\u043b\\u044c\\u043d\\u043e\\u0433\\u043e \\u0437\\u043d\\u0430\\u0447\\u0435\\u043d\\u0438\\u044f \\u0432 \\u0441\\u043b\\u0443\\u0447\\u0430\\u0435 \\u043a\\u043e\\u043d\\u0444\\u043b\\u0438\\u043a\\u0442\\u043e\\u0432 \\u0441 \\u043f\\u0430\\u0440\\u0442\\u043d\\u0451\\u0440\\u0430\\u043c\\u0438 \\u0438 \\u043e\\u0440\\u0433\\u0430\\u043d\\u0430\\u043c\\u0438 \\u0432\\u043b\\u0430\\u0441\\u0442\\u0438.<\\/li><\\/ul>\\r\\n\",\"53\":\"\",\"38\":\"\",\"39\":\"\",\"40\":\"\",\"41\":\"\"}}', '2017-05-04 14:00:55', '2017-05-04 14:00:55', '780d4a19-5fb4-4be2-8664-71ae72babc4d'),
 ('143', '154', '8', '1', 'ru', '1', '', '{\"typeId\":null,\"authorId\":\"1\",\"title\":\"\\u041a\\u043e\\u043c\\u043c\\u0435\\u0440\\u0447\\u0435\\u0441\\u043a\\u043e\\u0435 \\u043f\\u0440\\u0430\\u0432\\u043e, \\u0432\\u043a\\u043b\\u044e\\u0447\\u0430\\u044f \\u0440\\u0430\\u0437\\u0440\\u0430\\u0431\\u043e\\u0442\\u043a\\u0443 \\u043e\\u043f\\u0435\\u0440\\u0430\\u0446\\u0438\\u043e\\u043d\\u043d\\u043e\\u0439 \\u0441\\u0442\\u0440\\u0443\\u043a\\u0442\\u0443\\u0440\\u044b \\u0432\\u0435\\u0434\\u0435\\u043d\\u0438\\u044f \\u0431\\u0438\\u0437\\u043d\\u0435\\u0441\\u0430 \\u0438 \\u043f\\u043e\\u0434\\u0433\\u043e\\u0442\\u043e\\u0432\\u043a\\u0443 \\u0440\\u0430\\u0437\\u043b\\u0438\\u0447\\u043d\\u044b\\u0445 \\u0434\\u043e\\u0433\\u043e\\u0432\\u043e\\u0440\\u043e\\u0432\",\"slug\":\"\\u043a\\u043e\\u043c\\u043c\\u0435\\u0440\\u0447\\u0435\\u0441\\u043a\\u043e\\u0435-\\u043f\\u0440\\u0430\\u0432\\u043e-\\u0432\\u043a\\u043b\\u044e\\u0447\\u0430\\u044f-\\u0440\\u0430\\u0437\\u0440\\u0430\\u0431\\u043e\\u0442\\u043a\\u0443-\\u043e\\u043f\\u0435\\u0440\\u0430\\u0446\\u0438\\u043e\\u043d\\u043d\\u043e\\u0439-\\u0441\\u0442\\u0440\\u0443\\u043a\\u0442\\u0443\\u0440\\u044b-\\u0432\\u0435\\u0434\\u0435\\u043d\\u0438\\u044f-\\u0431\\u0438\\u0437\\u043d\\u0435\\u0441\\u0430-\\u0438-\\u043f\\u043e\\u0434\\u0433\\u043e\\u0442\\u043e\\u0432\\u043a\\u0443-\\u0440\\u0430\\u0437\\u043b\\u0438\\u0447\\u043d\\u044b\\u0445-\\u0434\\u043e\\u0433\\u043e\\u0432\\u043e\\u0440\\u043e\\u0432\",\"postDate\":1493906522,\"expiryDate\":null,\"enabled\":1,\"parentId\":\"31\",\"fields\":{\"36\":\"<ul><li>\\u0420\\u0430\\u0437\\u0440\\u0430\\u0431\\u043e\\u0442\\u043a\\u0430 \\u0442\\u0438\\u043f\\u043e\\u0432\\u044b\\u0445 \\u043a\\u043e\\u043c\\u043c\\u0435\\u0440\\u0447\\u0435\\u0441\\u043a\\u0438\\u0445 \\u0434\\u043e\\u0433\\u043e\\u0432\\u043e\\u0440\\u043e\\u0432, \\u0432\\u0435\\u0434\\u0435\\u043d\\u0438\\u0435 \\u043f\\u0435\\u0440\\u0435\\u0433\\u043e\\u0432\\u043e\\u0440\\u043e\\u0432 \\u043f\\u043e \\u0438\\u0445 \\u0437\\u0430\\u043a\\u043b\\u044e\\u0447\\u0435\\u043d\\u0438\\u044e, \\u0432 \\u0442\\u043e\\u043c \\u0447\\u0438\\u0441\\u043b\\u0435 \\u0430\\u0433\\u0435\\u043d\\u0442\\u0441\\u043a\\u0438\\u0445 \\u0434\\u043e\\u0433\\u043e\\u0432\\u043e\\u0440\\u043e\\u0432 \\u0438 \\u0434\\u043e\\u0433\\u043e\\u0432\\u043e\\u0440\\u043e\\u0432 \\u043a\\u043e\\u043c\\u0438\\u0441\\u0441\\u0438\\u0438, \\u0441\\u0442\\u0440\\u043e\\u0438\\u0442\\u0435\\u043b\\u044c\\u043d\\u043e\\u0433\\u043e \\u043f\\u043e\\u0434\\u0440\\u044f\\u0434\\u0430, \\u0430\\u0440\\u0435\\u043d\\u0434\\u044b, \\u043e\\u043a\\u0430\\u0437\\u0430\\u043d\\u0438\\u044f \\u0443\\u0441\\u043b\\u0443\\u0433, \\u0434\\u0438\\u0441\\u0442\\u0440\\u0438\\u0431\\u044c\\u044e\\u0442\\u043e\\u0440\\u0441\\u043a\\u0438\\u0445 \\u0441\\u043e\\u0433\\u043b\\u0430\\u0448\\u0435\\u043d\\u0438\\u0439 \\u0438 \\u0434\\u0440\\u0443\\u0433\\u043e\\u0435;<\\/li><li>\\u041f\\u043e\\u0434\\u0433\\u043e\\u0442\\u043e\\u0432\\u043a\\u0430 \\u0441\\u043e\\u043f\\u0440\\u043e\\u0432\\u043e\\u0434\\u0438\\u0442\\u0435\\u043b\\u044c\\u043d\\u043e\\u0439 \\u0434\\u043e\\u043a\\u0443\\u043c\\u0435\\u043d\\u0442\\u0430\\u0446\\u0438\\u0438 \\u043a \\u0434\\u043e\\u0433\\u043e\\u0432\\u043e\\u0440\\u0430\\u043c (\\u043f\\u0440\\u0438\\u0435\\u043c\\u043e\\u0447\\u043d\\u044b\\u0435 \\u0430\\u043a\\u0442\\u044b, \\u0441\\u043e\\u0433\\u043b\\u0430\\u0448\\u0435\\u043d\\u0438\\u044f \\u043e \\u043f\\u0440\\u043e\\u043b\\u043e\\u043d\\u0433\\u0430\\u0446\\u0438\\u0438, \\u0440\\u0430\\u0441\\u0442\\u043e\\u0440\\u0436\\u0435\\u043d\\u0438\\u0435 \\u0434\\u043e\\u0433\\u043e\\u0432\\u043e\\u0440\\u043e\\u0432);<\\/li><li>\\u0420\\u0430\\u0437\\u0440\\u0430\\u0431\\u043e\\u0442\\u043a\\u0430 \\u0432\\u043d\\u0443\\u0442\\u0440\\u0435\\u043d\\u043d\\u0438\\u0445 \\u0430\\u043a\\u0442\\u043e\\u0432 \\u043a\\u043e\\u043c\\u043f\\u0430\\u043d\\u0438\\u0439, \\u0440\\u0435\\u0433\\u0443\\u043b\\u0438\\u0440\\u0443\\u044e\\u0449\\u0438\\u0445 \\u0434\\u043e\\u0433\\u043e\\u0432\\u043e\\u0440\\u043d\\u0443\\u044e \\u0440\\u0430\\u0431\\u043e\\u0442\\u0443, \\u043f\\u043e\\u0440\\u044f\\u0434\\u043e\\u043a \\u0437\\u0430\\u043a\\u043b\\u044e\\u0447\\u0435\\u043d\\u0438\\u044f \\u0438 \\u0438\\u0437\\u043c\\u0435\\u043d\\u0435\\u043d\\u0438\\u044f \\u0434\\u043e\\u0433\\u043e\\u0432\\u043e\\u0440\\u043e\\u0432, \\u0432\\u043e\\u0437\\u043d\\u0438\\u043a\\u043d\\u043e\\u0432\\u0435\\u043d\\u0438\\u0435 \\u0438 \\u0438\\u0441\\u043f\\u043e\\u043b\\u043d\\u0435\\u043d\\u0438\\u0435 \\u043a\\u0440\\u0435\\u0434\\u0438\\u0442\\u043e\\u0440\\u0441\\u043a\\u043e\\u0439 \\u0438 \\u0434\\u0435\\u0431\\u0438\\u0442\\u043e\\u0440\\u0441\\u043a\\u043e\\u0439 \\u0437\\u0430\\u0434\\u043e\\u043b\\u0436\\u0435\\u043d\\u043d\\u043e\\u0441\\u0442\\u0435\\u0439;<\\/li><\\/ul>\",\"53\":\"\",\"38\":\"\",\"39\":\"\",\"40\":\"\",\"41\":\"\"}}', '2017-05-04 14:02:02', '2017-05-04 14:02:02', '4c630b19-7312-4aa6-b45b-74494bda9367'),
 ('144', '155', '8', '1', 'ru', '1', '', '{\"typeId\":null,\"authorId\":\"1\",\"title\":\"\\u0417\\u0435\\u043c\\u043b\\u044f-\\u043d\\u0435\\u0434\\u0432\\u0438\\u0436\\u0438\\u043c\\u043e\\u0441\\u0442\\u044c-\\u0441\\u0442\\u0440\\u043e\\u0438\\u0442\\u0435\\u043b\\u044c\\u0441\\u0442\\u0432\\u043e\",\"slug\":\"\\u0437\\u0435\\u043c\\u043b\\u044f-\\u043d\\u0435\\u0434\\u0432\\u0438\\u0436\\u0438\\u043c\\u043e\\u0441\\u0442\\u044c-\\u0441\\u0442\\u0440\\u043e\\u0438\\u0442\\u0435\\u043b\\u044c\\u0441\\u0442\\u0432\\u043e\",\"postDate\":1493906564,\"expiryDate\":null,\"enabled\":1,\"parentId\":\"31\",\"fields\":{\"36\":\"<ul><li>\\u0421\\u0442\\u0440\\u0443\\u043a\\u0442\\u0443\\u0440\\u0438\\u0440\\u043e\\u0432\\u0430\\u043d\\u0438\\u0435 \\u0441\\u0434\\u0435\\u043b\\u043e\\u043a \\u043f\\u043e \\u043f\\u0440\\u0438\\u043e\\u0431\\u0440\\u0435\\u0442\\u0435\\u043d\\u0438\\u044e \\u0438 \\u043f\\u0440\\u043e\\u0434\\u0430\\u0436\\u0435 \\u043d\\u0435\\u0434\\u0432\\u0438\\u0436\\u0438\\u043c\\u043e\\u0433\\u043e \\u0438\\u043c\\u0443\\u0449\\u0435\\u0441\\u0442\\u0432\\u0430<\\/li><li>\\u0420\\u0435\\u0433\\u0438\\u0441\\u0442\\u0440\\u0430\\u0446\\u0438\\u044f \\u043f\\u0440\\u0430\\u0432 \\u043d\\u0430 \\u043d\\u0435\\u0434\\u0432\\u0438\\u0436\\u0438\\u043c\\u043e\\u0435 \\u0438\\u043c\\u0443\\u0449\\u0435\\u0441\\u0442\\u0432\\u043e \\u0438 \\u0441\\u0434\\u0435\\u043b\\u043e\\u043a \\u0441 \\u043d\\u0438\\u043c<\\/li><li>\\u0421\\u043e\\u043f\\u0440\\u043e\\u0432\\u043e\\u0436\\u0434\\u0435\\u043d\\u0438\\u0435 \\u0441\\u0434\\u0435\\u043b\\u043e\\u043a \\u043f\\u043e \\u0430\\u0440\\u0435\\u043d\\u0434\\u0435<\\/li><li>\\u041f\\u0440\\u0430\\u0432\\u043e\\u0432\\u0430\\u044f \\u043f\\u043e\\u0434\\u0434\\u0435\\u0440\\u0436\\u043a\\u0430 \\u043f\\u0440\\u0438 \\u0440\\u0435\\u0430\\u043b\\u0438\\u0437\\u0430\\u0446\\u0438\\u0438 \\u0441\\u0442\\u0440\\u043e\\u0438\\u0442\\u0435\\u043b\\u044c\\u043d\\u044b\\u0445 \\u043f\\u0440\\u043e\\u0435\\u043a\\u0442\\u043e\\u0432 \\u043d\\u0430 \\u043d\\u0435\\u0437\\u0430\\u0441\\u0442\\u0440\\u043e\\u0435\\u043d\\u043d\\u044b\\u0445 (greenfield) \\u0438 \\u0437\\u0430\\u0441\\u0442\\u0440\\u043e\\u0435\\u043d\\u043d\\u044b\\u0445 (brownfield) \\u0437\\u0435\\u043c\\u0435\\u043b\\u044c\\u043d\\u044b\\u0445 \\u0443\\u0447\\u0430\\u0441\\u0442\\u043a\\u0430\\u0445<\\/li><li>\\u042e\\u0440\\u0438\\u0434\\u0438\\u0447\\u0435\\u0441\\u043a\\u0430\\u044f \\u043f\\u043e\\u0434\\u0434\\u0435\\u0440\\u0436\\u043a\\u0430 \\u043f\\u0440\\u0438 \\u0441\\u043e\\u0433\\u043b\\u0430\\u0441\\u043e\\u0432\\u0430\\u043d\\u0438\\u0438 \\u0438 \\u0437\\u0430\\u043a\\u043b\\u044e\\u0447\\u0435\\u043d\\u0438\\u0438 \\u0434\\u043e\\u0433\\u043e\\u0432\\u043e\\u0440\\u043e\\u0432 (\\u0434\\u043e\\u0433\\u043e\\u0432\\u043e\\u0440\\u0430 \\u0433\\u0435\\u043d\\u0435\\u0440\\u0430\\u043b\\u044c\\u043d\\u043e\\u0433\\u043e \\u043f\\u043e\\u0434\\u0440\\u044f\\u0434\\u0430, \\u0441\\u043e\\u0433\\u043b\\u0430\\u0448\\u0435\\u043d\\u0438\\u044f \\u043e\\u0431 \\u0443\\u043f\\u0440\\u0430\\u0432\\u043b\\u0435\\u043d\\u0438\\u0438 \\u0441\\u0442\\u0440\\u043e\\u0438\\u0442\\u0435\\u043b\\u044c\\u0441\\u0442\\u0432\\u043e\\u043c, \\u0434\\u043e\\u0433\\u043e\\u0432\\u043e\\u0440 \\u0441 \\u0433\\u0435\\u043d\\u0435\\u0440\\u0430\\u043b\\u044c\\u043d\\u044b\\u043c \\u043f\\u0440\\u043e\\u0435\\u043a\\u0442\\u0430\\u043d\\u0442\\u043e\\u043c \\u0438 \\u043f\\u0440.)<\\/li><li>\\u042e\\u0440\\u0438\\u0434\\u0438\\u0447\\u0435\\u0441\\u043a\\u043e\\u0435 \\u0441\\u043e\\u043f\\u0440\\u043e\\u0432\\u043e\\u0436\\u0434\\u0435\\u043d\\u0438\\u0435 \\u043f\\u0440\\u043e\\u0435\\u043a\\u0442\\u043e\\u0432 \\u043f\\u043e \\u0440\\u0430\\u0437\\u0432\\u0435\\u0434\\u043a\\u0435 \\u0438 \\u0434\\u043e\\u0431\\u044b\\u0447\\u0435 \\u043f\\u043e\\u043b\\u0435\\u0437\\u043d\\u044b\\u0445 \\u0438\\u0441\\u043a\\u043e\\u043f\\u0430\\u0435\\u043c\\u044b\\u0445 (\\u0432 \\u0442\\u043e\\u043c \\u0447\\u0438\\u0441\\u043b\\u0435, \\u0432 \\u0440\\u0430\\u043c\\u043a\\u0430\\u0445 \\u0441\\u043e\\u0433\\u043b\\u0430\\u0448\\u0435\\u043d\\u0438\\u0439 \\u043e \\u0440\\u0430\\u0437\\u0434\\u0435\\u043b\\u0435 \\u043f\\u0440\\u043e\\u0434\\u0443\\u043a\\u0446\\u0438\\u0438 (\\u0421\\u0420\\u041f))<\\/li><li>\\u041f\\u043e\\u0434\\u0434\\u0435\\u0440\\u0436\\u043a\\u0430 \\u0432 \\u0432\\u043e\\u043f\\u0440\\u043e\\u0441\\u0430\\u0445 \\u043b\\u0438\\u0446\\u0435\\u043d\\u0437\\u0438\\u0440\\u043e\\u0432\\u0430\\u043d\\u0438\\u044f \\u0438 \\u043f\\u0440.<\\/li><\\/ul>\",\"53\":\"\",\"38\":\"\",\"39\":\"\",\"40\":\"\",\"41\":\"\"}}', '2017-05-04 14:02:44', '2017-05-04 14:02:44', '0a157cf8-a470-4323-b397-3c12c034f619'),
 ('145', '141', '8', '1', 'ru', '2', '', '{\"typeId\":\"8\",\"authorId\":\"1\",\"title\":\"\\u0421\\u043e\\u043f\\u0440\\u043e\\u0432\\u043e\\u0436\\u0434\\u0435\\u043d\\u0438\\u0435 \\u0438\\u043d\\u0432\\u0435\\u0441\\u0442\\u0438\\u0446\\u0438\\u043e\\u043d\\u043d\\u044b\\u0445 \\u0441\\u0434\\u0435\\u043b\\u043e\\u043a \",\"slug\":\"\\u0441\\u043e\\u043f\\u0440\\u043e\\u0432\\u043e\\u0436\\u0434\\u0435\\u043d\\u0438\\u0435-\\u0438\\u043d\\u0432\\u0435\\u0441\\u0442\\u0438\\u0446\\u0438\\u043e\\u043d\\u043d\\u044b\\u0445-\\u0441\\u0434\\u0435\\u043b\\u043e\\u043a\",\"postDate\":1493904900,\"expiryDate\":null,\"enabled\":1,\"parentId\":\"27\",\"fields\":{\"36\":\"<ul><li>\\u041e\\u043f\\u0440\\u0435\\u0434\\u0435\\u043b\\u0435\\u043d\\u0438\\u0435 \\u0440\\u0438\\u0441\\u043a\\u043e\\u0432, \\u0432\\u043b\\u0438\\u044f\\u044e\\u0449\\u0438\\u0445 \\u043d\\u0430 \\u0440\\u0435\\u0448\\u0435\\u043d\\u0438\\u0435 \\u043e\\u0431 \\u0438\\u043d\\u0432\\u0435\\u0441\\u0442\\u0438\\u0440\\u043e\\u0432\\u0430\\u043d\\u0438\\u0438 \\u0438 \\u0441\\u0442\\u043e\\u0438\\u043c\\u043e\\u0441\\u0442\\u044c \\u0431\\u0438\\u0437\\u043d\\u0435\\u0441\\u0430, \\u0432 \\u0442\\u043e\\u043c \\u0447\\u0438\\u0441\\u043b\\u0435 \\u0430\\u043d\\u0430\\u043b\\u0438\\u0437 \\u043e\\u043f\\u0435\\u0440\\u0430\\u0446\\u0438\\u0439 \\u0441 \\u0430\\u0444\\u0444\\u0438\\u043b\\u0438\\u0440\\u043e\\u0432\\u0430\\u043d\\u043d\\u044b\\u043c\\u0438 \\u0441\\u0442\\u043e\\u0440\\u043e\\u043d\\u0430\\u043c\\u0438 \\u0438 \\u0432\\u044b\\u044f\\u0432\\u043b\\u0435\\u043d\\u0438\\u0435 \\u043f\\u043e\\u0442\\u0435\\u043d\\u0446\\u0438\\u0430\\u043b\\u044c\\u043d\\u043e \\u0441\\u043e\\u043c\\u043d\\u0438\\u0442\\u0435\\u043b\\u044c\\u043d\\u044b\\u0445 \\u043e\\u043f\\u0435\\u0440\\u0430\\u0446\\u0438\\u0439<\\/li><li>\\u041a\\u043e\\u043c\\u043f\\u043b\\u0435\\u043a\\u0441\\u043d\\u044b\\u0439 \\u0444\\u0438\\u043d\\u0430\\u043d\\u0441\\u043e\\u0432\\u044b\\u0439 \\u0430\\u043d\\u0430\\u043b\\u0438\\u0437 \\u0441\\u043e \\u0441\\u0442\\u043e\\u0440\\u043e\\u043d\\u044b \\u043f\\u043e\\u043a\\u0443\\u043f\\u0430\\u0442\\u0435\\u043b\\u044f<\\/li><li>\\u041a\\u043e\\u043c\\u043f\\u043b\\u0435\\u043a\\u0441\\u043d\\u044b\\u0439 \\u0444\\u0438\\u043d\\u0430\\u043d\\u0441\\u043e\\u0432\\u044b\\u0439 \\u0430\\u043d\\u0430\\u043b\\u0438\\u0437 \\u0441\\u043e \\u0441\\u0442\\u043e\\u0440\\u043e\\u043d\\u044b \\u043f\\u0440\\u043e\\u0434\\u0430\\u0432\\u0446\\u0430<\\/li><li>\\u041d\\u0430\\u043b\\u043e\\u0433\\u043e\\u0432\\u044b\\u0439 \\u0430\\u043d\\u0430\\u043b\\u0438\\u0437<\\/li><\\/ul>\\r\\n\",\"53\":\"\",\"38\":\"\",\"39\":\"\",\"40\":\"\",\"41\":\"\"}}', '2017-05-04 14:13:30', '2017-05-04 14:13:30', '4fcbed4e-2535-45b7-bbfb-2f2e02125a95'),
 ('146', '142', '8', '1', 'ru', '2', '', '{\"typeId\":\"8\",\"authorId\":\"1\",\"title\":\"\\u0421\\u043b\\u0438\\u044f\\u043d\\u0438\\u044f \\u0438 \\u043f\\u043e\\u0433\\u043b\\u043e\\u0449\\u0435\\u043d\\u0438\\u044f\",\"slug\":\"\\u0441\\u043b\\u0438\\u044f\\u043d\\u0438\\u044f-\\u0438-\\u043f\\u043e\\u0433\\u043b\\u043e\\u0449\\u0435\\u043d\\u0438\\u044f\",\"postDate\":1493905020,\"expiryDate\":null,\"enabled\":1,\"parentId\":\"27\",\"fields\":{\"36\":\"<p>\\u041a\\u043e\\u043d\\u0441\\u0443\\u043b\\u044c\\u0442\\u0438\\u0440\\u043e\\u0432\\u0430\\u043d\\u0438\\u0435 \\u0432 \\u043e\\u0442\\u043d\\u043e\\u0448\\u0435\\u043d\\u0438\\u0438 \\u0441\\u0434\\u0435\\u043b\\u043a\\u0438 \\u043d\\u0430 \\u0441\\u0442\\u043e\\u0440\\u043e\\u043d\\u0435 \\u043f\\u0440\\u043e\\u0434\\u0430\\u0432\\u0446\\u0430 \\u043c\\u043e\\u0436\\u0435\\u0442 \\u0432\\u043a\\u043b\\u044e\\u0447\\u0430\\u0442\\u044c:<\\/p>\\r\\n<ul><li>\\u041f\\u0440\\u0435\\u0434\\u0432\\u0430\\u0440\\u0438\\u0442\\u0435\\u043b\\u044c\\u043d\\u044b\\u0439 \\u0430\\u043d\\u0430\\u043b\\u0438\\u0437 \\u0431\\u0438\\u0437\\u043d\\u0435\\u0441\\u0430 \\u0438 \\u043a\\u043e\\u043d\\u0441\\u0443\\u043b\\u044c\\u0442\\u0438\\u0440\\u043e\\u0432\\u0430\\u043d\\u0438\\u0435 \\u043f\\u043e \\u0432\\u043e\\u043f\\u0440\\u043e\\u0441\\u0430\\u043c \\u043f\\u0440\\u0435\\u0434\\u043f\\u0440\\u043e\\u0434\\u0430\\u0436\\u043d\\u043e\\u0439 \\u043f\\u043e\\u0434\\u0433\\u043e\\u0442\\u043e\\u0432\\u043a\\u0438;<\\/li><li>\\u041f\\u0440\\u0435\\u0434\\u0432\\u0430\\u0440\\u0438\\u0442\\u0435\\u043b\\u044c\\u043d\\u0430\\u044f \\u043e\\u0446\\u0435\\u043d\\u043a\\u0430 \\u0441\\u0442\\u043e\\u0438\\u043c\\u043e\\u0441\\u0442\\u0438;<\\/li><li>\\u0412\\u044b\\u044f\\u0432\\u043b\\u0435\\u043d\\u0438\\u0435 \\u043a\\u0440\\u0443\\u0433\\u0430 \\u0432\\u043e\\u0437\\u043c\\u043e\\u0436\\u043d\\u044b\\u0445 \\u043f\\u043e\\u043a\\u0443\\u043f\\u0430\\u0442\\u0435\\u043b\\u0435\\u0439;<\\/li><li>\\u0412\\u0437\\u0430\\u0438\\u043c\\u043e\\u0434\\u0435\\u0439\\u0441\\u0442\\u0432\\u0438\\u0435 \\u0441 \\u043f\\u043e\\u0442\\u0435\\u043d\\u0446\\u0438\\u0430\\u043b\\u044c\\u043d\\u044b\\u043c\\u0438 \\u043f\\u043e\\u043a\\u0443\\u043f\\u0430\\u0442\\u0435\\u043b\\u044f\\u043c\\u0438 \\u0434\\u043b\\u044f \\u043e\\u043f\\u0440\\u0435\\u0434\\u0435\\u043b\\u0435\\u043d\\u0438\\u044f \\u0438\\u0445 \\u0437\\u0430\\u0438\\u043d\\u0442\\u0435\\u0440\\u0435\\u0441\\u043e\\u0432\\u0430\\u043d\\u043d\\u043e\\u0441\\u0442\\u0438 \\u0432 \\u0441\\u0434\\u0435\\u043b\\u043a\\u0435;<\\/li><li>\\u041f\\u0440\\u0435\\u0434\\u0441\\u0442\\u0430\\u0432\\u043b\\u0435\\u043d\\u0438\\u0435 \\u0430\\u043a\\u0442\\u0438\\u0432\\u0430 \\u043e\\u0442\\u043e\\u0431\\u0440\\u0430\\u043d\\u043d\\u044b\\u043c \\u043f\\u043e\\u043a\\u0443\\u043f\\u0430\\u0442\\u0435\\u043b\\u044f\\u043c \\u0438 \\u043e\\u0446\\u0435\\u043d\\u043a\\u0430 \\u043f\\u043e\\u043b\\u0443\\u0447\\u0435\\u043d\\u043d\\u044b\\u0445 \\u043f\\u0440\\u0435\\u0434\\u043b\\u043e\\u0436\\u0435\\u043d\\u0438\\u0439;<\\/li><li>\\u0421\\u043e\\u043f\\u0440\\u043e\\u0432\\u043e\\u0436\\u0434\\u0435\\u043d\\u0438\\u0435 \\u043f\\u0435\\u0440\\u0435\\u0433\\u043e\\u0432\\u043e\\u0440\\u043d\\u043e\\u0433\\u043e \\u043f\\u0440\\u043e\\u0446\\u0435\\u0441\\u0441\\u0430, \\u043f\\u043e\\u0434\\u043f\\u0438\\u0441\\u0430\\u043d\\u0438\\u044f \\u0441\\u043e\\u0433\\u043b\\u0430\\u0448\\u0435\\u043d\\u0438\\u0439 \\u0438 \\u043e\\u043a\\u043e\\u043d\\u0447\\u0430\\u0442\\u0435\\u043b\\u044c\\u043d\\u043e\\u0433\\u043e \\u043e\\u0444\\u043e\\u0440\\u043c\\u043b\\u0435\\u043d\\u0438\\u044f \\u0441\\u0434\\u0435\\u043b\\u043a\\u0438.<\\/li><\\/ul>\\r\\n<p>\\u041a\\u043e\\u043d\\u0441\\u0443\\u043b\\u044c\\u0442\\u0438\\u0440\\u043e\\u0432\\u0430\\u043d\\u0438\\u0435 \\u043d\\u0430 \\u0441\\u0442\\u043e\\u0440\\u043e\\u043d\\u0435 \\u043f\\u043e\\u043a\\u0443\\u043f\\u0430\\u0442\\u0435\\u043b\\u044f \\u043c\\u043e\\u0436\\u0435\\u0442 \\u0432\\u043a\\u043b\\u044e\\u0447\\u0430\\u0442\\u044c:<\\/p>\\r\\n<ul><li>\\u041f\\u043e\\u0438\\u0441\\u043a \\u043f\\u043e\\u0442\\u0435\\u043d\\u0446\\u0438\\u0430\\u043b\\u044c\\u043d\\u044b\\u0445 \\u043e\\u0431\\u044a\\u0435\\u043a\\u0442\\u043e\\u0432 \\u0434\\u043b\\u044f \\u043f\\u0440\\u0438\\u043e\\u0431\\u0440\\u0435\\u0442\\u0435\\u043d\\u0438\\u044f;<\\/li><li>\\u041f\\u0440\\u0435\\u0434\\u0432\\u0430\\u0440\\u0438\\u0442\\u0435\\u043b\\u044c\\u043d\\u0430\\u044f \\u043e\\u0446\\u0435\\u043d\\u043a\\u0430 \\u0441\\u0442\\u043e\\u0438\\u043c\\u043e\\u0441\\u0442\\u0438;<\\/li><li>\\u041a\\u043e\\u043d\\u0441\\u0443\\u043b\\u044c\\u0442\\u0438\\u0440\\u043e\\u0432\\u0430\\u043d\\u0438\\u0435 \\u043f\\u043e \\u0432\\u043e\\u043f\\u0440\\u043e\\u0441\\u0430\\u043c \\u043f\\u043e\\u0434\\u0433\\u043e\\u0442\\u043e\\u0432\\u043a\\u0438 \\u043f\\u0440\\u0435\\u0434\\u043b\\u043e\\u0436\\u0435\\u043d\\u0438\\u044f;<\\/li><li>\\u0421\\u043e\\u043f\\u0440\\u043e\\u0432\\u043e\\u0436\\u0434\\u0435\\u043d\\u0438\\u0435 \\u043f\\u0435\\u0440\\u0435\\u0433\\u043e\\u0432\\u043e\\u0440\\u043d\\u043e\\u0433\\u043e \\u043f\\u0440\\u043e\\u0446\\u0435\\u0441\\u0441\\u0430 \\u0438 \\u0441\\u043e\\u0434\\u0435\\u0439\\u0441\\u0442\\u0432\\u0438\\u0435 \\u043f\\u0440\\u0438 \\u043e\\u0444\\u043e\\u0440\\u043c\\u043b\\u0435\\u043d\\u0438\\u0438 \\u0441\\u0434\\u0435\\u043b\\u043a\\u0438.<\\/li><\\/ul>\",\"53\":\"\",\"38\":\"\",\"39\":\"\",\"40\":\"\",\"41\":\"\"}}', '2017-05-04 14:13:43', '2017-05-04 14:13:43', '61d671bd-0ad6-4dd4-9066-684b990db073'),
 ('147', '143', '8', '1', 'ru', '2', '', '{\"typeId\":\"8\",\"authorId\":\"1\",\"title\":\"\\u041e\\u0446\\u0435\\u043d\\u043a\\u0430\",\"slug\":\"\\u043e\\u0446\\u0435\\u043d\\u043a\\u0430\",\"postDate\":1493905200,\"expiryDate\":null,\"enabled\":1,\"parentId\":\"27\",\"fields\":{\"36\":\"<p>\\u041d\\u0430\\u0448\\u0438 \\u0441\\u043f\\u0435\\u0446\\u0438\\u0430\\u043b\\u0438\\u0441\\u0442\\u044b \\u0433\\u043e\\u0442\\u043e\\u0432\\u044b \\u043f\\u0440\\u043e\\u0432\\u0435\\u0441\\u0442\\u0438 \\u0434\\u043b\\u044f \\u0432\\u0430\\u0441:<\\/p>\\r\\n<p>\\r\\n<\\/p>\\r\\n<ul><li>\\u043d\\u0435\\u0437\\u0430\\u0432\\u0438\\u0441\\u0438\\u043c\\u0443\\u044e \\u0441\\u043f\\u0440\\u0430\\u0432\\u0435\\u0434\\u043b\\u0438\\u0432\\u0443\\u044e \\u0440\\u044b\\u043d\\u043e\\u0447\\u043d\\u0443\\u044e \\u043e\\u0446\\u0435\\u043d\\u043a\\u0443 \\u0441\\u0442\\u043e\\u0438\\u043c\\u043e\\u0441\\u0442\\u0438 \\u0430\\u043a\\u0442\\u0438\\u0432\\u043e\\u0432 \\u0432 \\u0440\\u0430\\u0437\\u043b\\u0438\\u0447\\u043d\\u044b\\u0445 \\u0441\\u0446\\u0435\\u043d\\u0430\\u0440\\u0438\\u044f\\u0445 \\u0441\\u0434\\u0435\\u043b\\u043e\\u043a;<\\/li><li>\\u0440\\u0430\\u0437\\u0440\\u0430\\u0431\\u043e\\u0442\\u0430\\u0442\\u044c \\u0444\\u0438\\u043d\\u0430\\u043d\\u0441\\u043e\\u0432\\u0443\\u044e \\u043c\\u043e\\u0434\\u0435\\u043b\\u044c \\u0441 \\u0446\\u0435\\u043b\\u044c\\u044e \\u043e\\u043f\\u0440\\u0435\\u0434\\u0435\\u043b\\u0435\\u043d\\u0438\\u044f \\u043d\\u0435\\u043e\\u0431\\u0445\\u043e\\u0434\\u0438\\u043c\\u043e\\u0441\\u0442\\u0438 \\u043f\\u0440\\u0438\\u0432\\u043b\\u0435\\u0447\\u0435\\u043d\\u0438\\u044f \\u0444\\u0438\\u043d\\u0430\\u043d\\u0441\\u0438\\u0440\\u043e\\u0432\\u0430\\u043d\\u0438\\u044f;<\\/li><li>\\u043f\\u0440\\u043e\\u0432\\u0435\\u0441\\u0442\\u0438 \\u0438\\u043d\\u0434\\u0438\\u043a\\u0430\\u0442\\u0438\\u0432\\u043d\\u044b\\u0439 \\u0430\\u043d\\u0430\\u043b\\u0438\\u0437 \\u0444\\u0438\\u043d\\u0430\\u043d\\u0441\\u043e\\u0432\\u043e\\u0433\\u043e \\u0441\\u043e\\u0441\\u0442\\u043e\\u044f\\u043d\\u0438\\u044f, \\u0432\\u044b\\u0441\\u0442\\u0443\\u043f\\u0430\\u044f \\u043a\\u0430\\u043a \\u043d\\u0430 \\u0441\\u0442\\u043e\\u0440\\u043e\\u043d\\u0435 \\u043f\\u043e\\u043a\\u0443\\u043f\\u0430\\u0442\\u0435\\u043b\\u044f, \\u0442\\u0430\\u043a \\u0438 \\u043f\\u0440\\u043e\\u0434\\u0430\\u0432\\u0446\\u0430.<\\/li><\\/ul>\\r\\n<p><strong>\\u041f\\u0440\\u043e\\u0435\\u043a\\u0442\\u043d\\u043e\\u0435 \\u0444\\u0438\\u043d\\u0430\\u043d\\u0441\\u0438\\u0440\\u043e\\u0432\\u0430\\u043d\\u0438\\u0435<\\/strong>\\r\\n  <\\/p>\\r\\n<ul><li>\\u0440\\u0430\\u0441\\u0441\\u043c\\u043e\\u0442\\u0440\\u0435\\u0442\\u044c \\u0438\\u043d\\u0432\\u0435\\u0441\\u0442\\u0438\\u0446\\u0438\\u043e\\u043d\\u043d\\u044b\\u0439 \\u043f\\u0440\\u043e\\u0435\\u043a\\u0442 \\u0441 \\u0442\\u043e\\u0447\\u043a\\u0438 \\u0437\\u0440\\u0435\\u043d\\u0438\\u044f \\u044d\\u0444\\u0444\\u0435\\u043a\\u0442\\u0438\\u0432\\u043d\\u043e\\u0441\\u0442\\u0438;\\r\\n  <\\/li><li>\\u0441\\u0442\\u0440\\u0443\\u043a\\u0442\\u0443\\u0440\\u0438\\u0440\\u043e\\u0432\\u0430\\u0442\\u044c \\u043f\\u0440\\u043e\\u0435\\u043a\\u0442, \\u0440\\u0430\\u0437\\u0440\\u0430\\u0431\\u043e\\u0442\\u0430\\u0442\\u044c \\u0441\\u0442\\u0440\\u0430\\u0442\\u0435\\u0433\\u0438\\u044e \\u0438 \\u043f\\u043b\\u0430\\u043d\\u044b \\u0440\\u0430\\u0437\\u0432\\u0438\\u0442\\u0438\\u044f;\\r\\n  <\\/li><li>\\u043f\\u0440\\u043e\\u0430\\u043d\\u0430\\u043b\\u0438\\u0437\\u0438\\u0440\\u043e\\u0432\\u0430\\u0442\\u044c \\u043f\\u043e\\u0442\\u0435\\u043d\\u0446\\u0438\\u0430\\u043b\\u044c\\u043d\\u044b\\u0435 \\u0440\\u0438\\u0441\\u043a\\u0438 \\u0438 \\u043d\\u0430\\u0439\\u0442\\u0438 \\u0441\\u043f\\u043e\\u0441\\u043e\\u0431\\u044b \\u043c\\u0438\\u043d\\u0438\\u043c\\u0438\\u0437\\u0438\\u0440\\u043e\\u0432\\u0430\\u0442\\u044c \\u0438\\u0445; \\r\\n  <\\/li><li>\\u043f\\u043e\\u0434\\u0433\\u043e\\u0442\\u043e\\u0432\\u0438\\u0442\\u044c \\u043d\\u0435\\u043e\\u0431\\u0445\\u043e\\u0434\\u0438\\u043c\\u0443\\u044e \\u0434\\u043e\\u043a\\u0443\\u043c\\u0435\\u043d\\u0442\\u0430\\u0446\\u0438\\u044e.\\r\\n  <\\/li><\\/ul>\\r\\n<p><strong>\\u042e\\u0440\\u0438\\u0434\\u0438\\u0447\\u0435\\u0441\\u043a\\u043e\\u0435 \\u0438 \\u043d\\u0430\\u043b\\u043e\\u0433\\u043e\\u0432\\u043e\\u0435 \\u0441\\u043e\\u043f\\u0440\\u043e\\u0432\\u043e\\u0436\\u0434\\u0435\\u043d\\u0438\\u0435 \\u0441\\u0434\\u0435\\u043b\\u043e\\u043a<\\/strong>\\r\\n  <\\/p>\\r\\n<ul><li>\\u041f\\u043e\\u0438\\u0441\\u043a \\u043e\\u043f\\u0442\\u0438\\u043c\\u0430\\u043b\\u044c\\u043d\\u043e\\u0439 \\u043f\\u0440\\u0430\\u0432\\u043e\\u0432\\u043e\\u0439 \\u043a\\u043e\\u043d\\u0441\\u0442\\u0440\\u0443\\u043a\\u0446\\u0438\\u0438 \\u0434\\u043b\\u044f \\u043e\\u0444\\u043e\\u0440\\u043c\\u043b\\u0435\\u043d\\u0438\\u044f \\u0441\\u0434\\u0435\\u043b\\u043a\\u0438.<\\/li><li>\\u0412\\u044b\\u044f\\u0432\\u043b\\u0435\\u043d\\u0438\\u0435 \\u0438 \\u043e\\u0446\\u0435\\u043d\\u043a\\u0430 \\u043f\\u0440\\u0430\\u0432\\u043e\\u0432\\u044b\\u0445 \\u0440\\u0438\\u0441\\u043a\\u043e\\u0432.<\\/li><li>\\u0420\\u0430\\u0437\\u0440\\u0430\\u0431\\u043e\\u0442\\u043a\\u0430 \\u0434\\u043e\\u043a\\u0443\\u043c\\u0435\\u043d\\u0442\\u043e\\u0432 \\u0434\\u043b\\u044f \\u043e\\u0444\\u043e\\u0440\\u043c\\u043b\\u0435\\u043d\\u0438\\u044f \\u0441\\u0434\\u0435\\u043b\\u043a\\u0438.<\\/li><li>\\u0412\\u0437\\u0430\\u0438\\u043c\\u043e\\u0434\\u0435\\u0439\\u0441\\u0442\\u0432\\u0438\\u0435 \\u0441 \\u043e\\u0440\\u0433\\u0430\\u043d\\u0430\\u043c\\u0438 \\u0433\\u043e\\u0441\\u0443\\u0434\\u0430\\u0440\\u0441\\u0442\\u0432\\u0435\\u043d\\u043d\\u043e\\u0439 \\u0432\\u043b\\u0430\\u0441\\u0442\\u0438 \\u043f\\u043e \\u0432\\u043e\\u043f\\u0440\\u043e\\u0441\\u0443 \\u043e\\u0444\\u043e\\u0440\\u043c\\u043b\\u0435\\u043d\\u0438\\u044f \\u0441\\u0434\\u0435\\u043b\\u043a\\u0438.<\\/li><li>\\u041e\\u0446\\u0435\\u043d\\u043a\\u0430 \\u043d\\u0430\\u043b\\u043e\\u0433\\u043e\\u0432\\u044b\\u0445 \\u043f\\u043e\\u0441\\u043b\\u0435\\u0434\\u0441\\u0442\\u0432\\u0438\\u0439 \\u043f\\u043b\\u0430\\u043d\\u0438\\u0440\\u0443\\u0435\\u043c\\u044b\\u0445 \\u0441\\u0434\\u0435\\u043b\\u043e\\u043a (\\u0434\\u043e\\u0433\\u043e\\u0432\\u043e\\u0440\\u043e\\u0432).<\\/li><li>\\u041a\\u043e\\u043d\\u0441\\u0443\\u043b\\u044c\\u0442\\u0438\\u0440\\u043e\\u0432\\u0430\\u043d\\u0438\\u0435 \\u043f\\u043e \\u0432\\u043e\\u043f\\u0440\\u043e\\u0441\\u0430\\u043c \\u043d\\u0430\\u043b\\u043e\\u0433\\u043e\\u043e\\u0431\\u043b\\u043e\\u0436\\u0435\\u043d\\u0438\\u044f \\u0432 \\u0441\\u0444\\u0435\\u0440\\u0435 \\u0441\\u043b\\u0438\\u044f\\u043d\\u0438\\u0439, \\u043f\\u043e\\u0433\\u043b\\u043e\\u0449\\u0435\\u043d\\u0438\\u0439, \\u043b\\u0438\\u043a\\u0432\\u0438\\u0434\\u0430\\u0446\\u0438\\u0438 \\u043f\\u0440\\u0435\\u0434\\u043f\\u0440\\u0438\\u044f\\u0442\\u0438\\u0439.<\\/li><\\/ul>\\r\\n<p><strong>\\u0420\\u0435\\u0441\\u0442\\u0440\\u0443\\u043a\\u0442\\u0443\\u0440\\u0438\\u0437\\u0430\\u0446\\u0438\\u044f<\\/strong>\\r\\n  <\\/p>\\r\\n<ul><li>\\u0412\\u044b\\u043a\\u0443\\u043f \\u043a\\u043e\\u043d\\u0442\\u0440\\u043e\\u043b\\u044c\\u043d\\u043e\\u0433\\u043e \\u043f\\u0430\\u043a\\u0435\\u0442\\u0430 \\u043c\\u0435\\u043d\\u0435\\u0434\\u0436\\u043c\\u0435\\u043d\\u0442\\u043e\\u043c \\u043a\\u043e\\u043c\\u043f\\u0430\\u043d\\u0438\\u0438;&nbsp;<\\/li><li>\\u041e\\u0442\\u0434\\u0435\\u043b\\u0435\\u043d\\u0438\\u0435 (spin-off). \\u0412&nbsp;\\u0440\\u0435\\u0437\\u0443\\u043b\\u044c\\u0442\\u0430\\u0442\\u0435 \\u0441\\u043e\\u0437\\u0434\\u0430\\u0435\\u0442\\u0441\\u044f \\u043e\\u0442\\u0434\\u0435\\u043b\\u044c\\u043d\\u043e\\u0435 \\u044e\\u0440\\u0438\\u0434\\u0438\\u0447\\u0435\\u0441\\u043a\\u043e\\u0435 \\u043b\\u0438\\u0446\\u043e, \\u0434\\u043e\\u0447\\u0435\\u0440\\u043d\\u044f\\u044f \\u043a\\u043e\\u043c\\u043f\\u0430\\u043d\\u0438\\u044f, \\u0432 \\u043a\\u043e\\u0442\\u043e\\u0440\\u043e\\u0439 \\u0430\\u043a\\u0446\\u0438\\u043e\\u043d\\u0435\\u0440\\u044b \\u043c\\u0430\\u0442\\u0435\\u0440\\u0438\\u043d\\u0441\\u043a\\u043e\\u0439 \\u043a\\u043e\\u043c\\u043f\\u0430\\u043d\\u0438\\u0438 \\u043f\\u043e\\u043b\\u0443\\u0447\\u0430\\u044e\\u0442 \\u0434\\u043e\\u043b\\u044e \\u043f\\u0440\\u043e\\u043f\\u043e\\u0440\\u0446\\u0438\\u043e\\u043d\\u0430\\u043b\\u044c\\u043d\\u043e \\u0438\\u0445 \\u0434\\u043e\\u043b\\u0435 \\u0432 \\u043c\\u0430\\u0442\\u0435\\u0440\\u0438\\u043d\\u0441\\u043a\\u043e\\u0439 \\u043a\\u043e\\u043c\\u043f\\u0430\\u043d\\u0438\\u0438. \\u041d\\u0430\\u043b\\u0438\\u0447\\u043d\\u044b\\u0445 \\u0434\\u0435\\u043d\\u0435\\u0433 \\u0432 \\u0440\\u0435\\u0437\\u0443\\u043b\\u044c\\u0442\\u0430\\u0442\\u0435 \\u0442\\u0430\\u043a\\u043e\\u0439 \\u0442\\u0440\\u0430\\u043d\\u0441\\u0444\\u043e\\u0440\\u043c\\u0430\\u0446\\u0438\\u0438 \\u043c\\u0430\\u0442\\u0435\\u0440\\u0438\\u043d\\u0441\\u043a\\u0430\\u044f \\u043a\\u043e\\u043c\\u043f\\u0430\\u043d\\u0438\\u044f \\u043d\\u0435 \\u043f\\u043e\\u043b\\u0443\\u0447\\u0430\\u0435\\u0442;<\\/li><li>\\u0420\\u0430\\u0437\\u0434\\u0435\\u043b\\u0435\\u043d\\u0438\\u0435 \\u043a\\u043e\\u043c\\u043f\\u0430\\u043d\\u0438\\u0438 (split-up). \\u041c\\u0430\\u0442\\u0435\\u0440\\u0438\\u043d\\u0441\\u043a\\u0430\\u044f \\u043a\\u043e\\u043c\\u043f\\u0430\\u043d\\u0438\\u044f \\u0440\\u0430\\u0441\\u0449\\u0435\\u043f\\u043b\\u044f\\u0435\\u0442\\u0441\\u044f \\u043d\\u0430 \\u043d\\u0435\\u0441\\u043a\\u043e\\u043b\\u044c\\u043a\\u043e \\u043a\\u043e\\u043c\\u043f\\u0430\\u043d\\u0438\\u0439 \\u0432 \\u0440\\u0435\\u0437\\u0443\\u043b\\u044c\\u0442\\u0430\\u0442\\u0435 \\u0441\\u0435\\u0440\\u0438\\u0438 \\u043e\\u0442\\u0434\\u0435\\u043b\\u0435\\u043d\\u0438\\u0439, \\u0430 \\u0441\\u0430\\u043c\\u0430 \\u043f\\u0435\\u0440\\u0435\\u0441\\u0442\\u0430\\u0435\\u0442 \\u0441\\u0443\\u0449\\u0435\\u0441\\u0442\\u0432\\u043e\\u0432\\u0430\\u0442\\u044c;<\\/li><li>\\u041f\\u0440\\u043e\\u0434\\u0430\\u0436\\u0430 \\u043f\\u043e\\u0434\\u0440\\u0430\\u0437\\u0434\\u0435\\u043b\\u0435\\u043d\\u0438\\u0439 (divestiture). \\u041f\\u0440\\u043e\\u0434\\u0430\\u0436\\u0430 \\u0447\\u0430\\u0441\\u0442\\u0438 \\u043a\\u043e\\u043c\\u043f\\u0430\\u043d\\u0438\\u0438 \\u0442\\u0440\\u0435\\u0442\\u044c\\u0435\\u0439 \\u0441\\u0442\\u043e\\u0440\\u043e\\u043d\\u0435. \\u0412 \\u0440\\u0435\\u0437\\u0443\\u043b\\u044c\\u0442\\u0430\\u0442\\u0435 \\u043f\\u0440\\u043e\\u0434\\u0430\\u0432\\u0435\\u0446 \\u043f\\u043e\\u043b\\u0443\\u0447\\u0430\\u0435\\u0442 \\u0436\\u0438\\u0432\\u044b\\u0435 \\u0434\\u0435\\u043d\\u044c\\u0433\\u0438 \\u0438\\u043b\\u0438 \\u044d\\u043a\\u0432\\u0438\\u0432\\u0430\\u043b\\u0435\\u043d\\u0442\\u043d\\u043e\\u0435 \\u0432\\u043e\\u0437\\u043c\\u0435\\u0449\\u0435\\u043d\\u0438\\u0435;<\\/li><li>\\u0412\\u044b\\u0434\\u0435\\u043b\\u0435\\u043d\\u0438\\u0435 (carve-out). \\u0427\\u0430\\u0441\\u0442\\u044c \\u0430\\u043a\\u0446\\u0438\\u0439 \\u043a\\u0430\\u043a\\u043e\\u0433\\u043e-\\u043b\\u0438\\u0431\\u043e \\u043f\\u043e\\u0434\\u0440\\u0430\\u0437\\u0434\\u0435\\u043b\\u0435\\u043d\\u0438\\u044f, \\u0434\\u043e\\u0447\\u0435\\u0440\\u043d\\u0435\\u0439 \\u043a\\u043e\\u043c\\u043f\\u0430\\u043d\\u0438\\u0438 \\u043f\\u0440\\u0435\\u0434\\u043b\\u0430\\u0433\\u0430\\u044e\\u0442\\u0441\\u044f \\u043a \\u043f\\u0440\\u043e\\u0434\\u0430\\u0436\\u0435 \\u0448\\u0438\\u0440\\u043e\\u043a\\u043e\\u043c\\u0443 \\u043a\\u0440\\u0443\\u0433\\u0443 \\u043b\\u0438\\u0446;<\\/li><li>\\u041b\\u0438\\u043a\\u0432\\u0438\\u0434\\u0430\\u0446\\u0438\\u044f (Liquidation).<\\/li><\\/ul>\",\"53\":\"\",\"38\":\"\",\"39\":\"\",\"40\":\"\",\"41\":\"\"}}', '2017-05-04 14:13:55', '2017-05-04 14:13:55', 'a1a76c87-f457-4a01-8474-66da02fcac6e'),
 ('148', '156', '8', '1', 'ru', '1', '', '{\"typeId\":null,\"authorId\":\"1\",\"title\":\"\\u0418\\u043d\\u0442\\u0435\\u043b\\u043b\\u0435\\u043a\\u0442\\u0443\\u0430\\u043b\\u044c\\u043d\\u0430\\u044f \\u0441\\u043e\\u0431\\u0441\\u0442\\u0432\\u0435\\u043d\\u043d\\u043e\\u0441\\u0442\\u044c\",\"slug\":\"\\u0438\\u043d\\u0442\\u0435\\u043b\\u043b\\u0435\\u043a\\u0442\\u0443\\u0430\\u043b\\u044c\\u043d\\u0430\\u044f-\\u0441\\u043e\\u0431\\u0441\\u0442\\u0432\\u0435\\u043d\\u043d\\u043e\\u0441\\u0442\\u044c\",\"postDate\":1493907281,\"expiryDate\":null,\"enabled\":1,\"parentId\":\"31\",\"fields\":{\"36\":\"<ul><li>\\u0420\\u0435\\u0433\\u0438\\u0441\\u0442\\u0440\\u0430\\u0446\\u0438\\u044f \\u0442\\u043e\\u0432\\u0430\\u0440\\u043d\\u043e\\u0433\\u043e \\u0437\\u043d\\u0430\\u043a\\u0430 (\\u0431\\u0440\\u0435\\u043d\\u0434\\u0430, \\u0441\\u043b\\u043e\\u0433\\u0430\\u043d\\u0430, \\u043b\\u043e\\u0433\\u043e\\u0442\\u0438\\u043f\\u0430, \\u0437\\u043d\\u0430\\u043a\\u0430 \\u043e\\u0431\\u0441\\u043b\\u0443\\u0436\\u0438\\u0432\\u0430\\u043d\\u0438\\u044f);<\\/li><li>\\u041c\\u0435\\u0436\\u0434\\u0443\\u043d\\u0430\\u0440\\u043e\\u0434\\u043d\\u0430\\u044f \\u0440\\u0435\\u0433\\u0438\\u0441\\u0442\\u0440\\u0430\\u0446\\u0438\\u044f \\u0442\\u043e\\u0432\\u0430\\u0440\\u043d\\u044b\\u0445 \\u0437\\u043d\\u0430\\u043a\\u043e\\u0432;<\\/li><li>\\u041c\\u0435\\u0436\\u0434\\u0443\\u043d\\u0430\\u0440\\u043e\\u0434\\u043d\\u043e\\u0435 \\u043f\\u0430\\u0442\\u0435\\u043d\\u0442\\u043e\\u0432\\u0430\\u043d\\u0438\\u0435;<\\/li><li>\\u0412\\u043d\\u0435\\u0441\\u0435\\u043d\\u0438\\u0435 \\u0432 \\u0442\\u0430\\u043c\\u043e\\u0436\\u0435\\u043d\\u043d\\u044b\\u0439 \\u0440\\u0435\\u0435\\u0441\\u0442\\u0440 \\u0438 \\u0431\\u043e\\u0440\\u044c\\u0431\\u0430 \\u0441 \\u043d\\u0435\\u0437\\u0430\\u043a\\u043e\\u043d\\u043d\\u044b\\u043c \\u0438\\u043c\\u043f\\u043e\\u0440\\u0442\\u043e\\u043c;<\\/li><li>\\u0420\\u0430\\u0437\\u0440\\u0430\\u0431\\u043e\\u0442\\u043a\\u0430 \\u0438 \\u0440\\u0435\\u0433\\u0438\\u0441\\u0442\\u0440\\u0430\\u0446\\u0438\\u044f \\u043b\\u0438\\u0446\\u0435\\u043d\\u0437\\u0438\\u043e\\u043d\\u043d\\u044b\\u0445 \\u0434\\u043e\\u0433\\u043e\\u0432\\u043e\\u0440\\u043e\\u0432, \\u0434\\u043e\\u0433\\u043e\\u0432\\u043e\\u0440\\u043e\\u0432 \\u043e\\u0442\\u0447\\u0443\\u0436\\u0434\\u0435\\u043d\\u0438\\u044f, \\u0434\\u043e\\u0433\\u043e\\u0432\\u043e\\u0440\\u043e\\u0432 \\u043a\\u043e\\u043c\\u043c\\u0435\\u0440\\u0447\\u0435\\u0441\\u043a\\u043e\\u0439 \\u043a\\u043e\\u043d\\u0446\\u0435\\u0441\\u0441\\u0438\\u0438 (\\u0444\\u0440\\u0430\\u043d\\u0447\\u0430\\u0439\\u0437\\u0438\\u043d\\u0433\\u0430).<\\/li><\\/ul>\",\"53\":\"\",\"38\":\"\",\"39\":\"\",\"40\":\"\",\"41\":\"\"}}', '2017-05-04 14:14:41', '2017-05-04 14:14:41', 'f5752cce-2f91-4007-bb69-836cb3d54f94'),
 ('149', '157', '8', '1', 'ru', '1', '', '{\"typeId\":null,\"authorId\":\"1\",\"title\":\"\\u0410\\u043d\\u0442\\u0438\\u043c\\u043e\\u043d\\u043e\\u043f\\u043e\\u043b\\u044c\\u043d\\u043e\\u0435 \\u0437\\u0430\\u043a\\u043e\\u043d\\u043e\\u0434\\u0430\\u0442\\u0435\\u043b\\u044c\\u0441\\u0442\\u0432\\u043e\",\"slug\":\"\\u0430\\u043d\\u0442\\u0438\\u043c\\u043e\\u043d\\u043e\\u043f\\u043e\\u043b\\u044c\\u043d\\u043e\\u0435-\\u0437\\u0430\\u043a\\u043e\\u043d\\u043e\\u0434\\u0430\\u0442\\u0435\\u043b\\u044c\\u0441\\u0442\\u0432\\u043e\",\"postDate\":1493907317,\"expiryDate\":null,\"enabled\":1,\"parentId\":\"31\",\"fields\":{\"36\":\"<ul><li>\\u041a\\u043e\\u043d\\u0441\\u0443\\u043b\\u044c\\u0442\\u0430\\u0446\\u0438\\u0438 \\u043f\\u043e \\u0432\\u043e\\u043f\\u0440\\u043e\\u0441\\u0430\\u043c \\u043f\\u0440\\u0438\\u043c\\u0435\\u043d\\u0435\\u043d\\u0438\\u044f \\u0430\\u043d\\u0442\\u0438\\u043c\\u043e\\u043d\\u043e\\u043f\\u043e\\u043b\\u044c\\u043d\\u043e\\u0433\\u043e \\u0437\\u0430\\u043a\\u043e\\u043d\\u043e\\u0434\\u0430\\u0442\\u0435\\u043b\\u044c\\u0441\\u0442\\u0432\\u0430<\\/li><li>\\u041f\\u0440\\u0430\\u0432\\u043e\\u0432\\u0430\\u044f \\u043f\\u043e\\u0434\\u0434\\u0435\\u0440\\u0436\\u043a\\u0430 \\u043a\\u043e\\u043c\\u043f\\u0430\\u043d\\u0438\\u0439 \\u0432 \\u0445\\u043e\\u0434\\u0435 \\u043f\\u0440\\u043e\\u0432\\u0435\\u0440\\u043e\\u043a \\u0424\\u0410\\u0421 \\u0420\\u043e\\u0441\\u0441\\u0438\\u0438<\\/li><li>\\u041f\\u0440\\u0435\\u0434\\u0441\\u0442\\u0430\\u0432\\u043b\\u0435\\u043d\\u0438\\u0435 \\u0438\\u043d\\u0442\\u0435\\u0440\\u0435\\u0441\\u043e\\u0432 \\u043a\\u043b\\u0438\\u0435\\u043d\\u0442\\u043e\\u0432 \\u043f\\u0440\\u0438 \\u0440\\u0430\\u0441\\u0441\\u043c\\u043e\\u0442\\u0440\\u0435\\u043d\\u0438\\u0438 \\u0434\\u0435\\u043b \\u0432 \\u0424\\u0410\\u0421 \\u0420\\u043e\\u0441\\u0441\\u0438\\u0438<\\/li><li>\\u0421\\u043e\\u043f\\u0440\\u043e\\u0432\\u043e\\u0436\\u0434\\u0435\\u043d\\u0438\\u0435 \\u043a\\u043b\\u0438\\u0435\\u043d\\u0442\\u043e\\u0432 \\u0432 \\u0445\\u043e\\u0434\\u0435 \\u0441\\u0443\\u0434\\u0435\\u0431\\u043d\\u044b\\u0445 \\u0441\\u043f\\u043e\\u0440\\u043e\\u0432 \\u0441 \\u0430\\u043d\\u0442\\u0438\\u0442\\u0440\\u0430\\u0441\\u0442\\u043e\\u0432\\u044b\\u043c \\u043e\\u0440\\u0433\\u0430\\u043d\\u043e\\u043c<\\/li><li>\\u041f\\u0440\\u0430\\u0432\\u043e\\u0432\\u0430\\u044f \\u043f\\u043e\\u043c\\u043e\\u0449\\u044c \\u0432 \\u0441\\u0444\\u0435\\u0440\\u0435 \\u0433\\u043e\\u0441\\u0443\\u0434\\u0430\\u0440\\u0441\\u0442\\u0432\\u0435\\u043d\\u043d\\u044b\\u0445 \\u0437\\u0430\\u043a\\u0443\\u043f\\u043e\\u043a \\u0438 \\u0440\\u0435\\u0433\\u0443\\u043b\\u0438\\u0440\\u043e\\u0432\\u0430\\u043d\\u0438\\u044f \\u0442\\u043e\\u0440\\u0433\\u043e\\u0432\\u043e\\u0439 \\u0434\\u0435\\u044f\\u0442\\u0435\\u043b\\u044c\\u043d\\u043e\\u0441\\u0442\\u0438<\\/li><li>\\u041a\\u043e\\u043d\\u0441\\u0443\\u043b\\u044c\\u0442\\u0438\\u0440\\u043e\\u0432\\u0430\\u043d\\u0438\\u0435 \\u043f\\u043e \\u0437\\u0430\\u043a\\u043e\\u043d\\u043e\\u0434\\u0430\\u0442\\u0435\\u043b\\u044c\\u0441\\u0442\\u0432\\u0443 \\u0432 \\u0441\\u0444\\u0435\\u0440\\u0435 \\u0440\\u0435\\u043a\\u043b\\u0430\\u043c\\u044b<\\/li><li>\\u0421\\u043e\\u043f\\u0440\\u043e\\u0432\\u043e\\u0436\\u0434\\u0435\\u043d\\u0438\\u0435 \\u0442\\u0435\\u043d\\u0434\\u0435\\u0440\\u043d\\u044b\\u0445 \\u043f\\u0440\\u043e\\u0446\\u0435\\u0434\\u0443\\u0440<\\/li><\\/ul>\",\"53\":\"\",\"38\":\"\",\"39\":\"\",\"40\":\"\",\"41\":\"\"}}', '2017-05-04 14:15:17', '2017-05-04 14:15:17', '519e0d1f-d55a-4f46-930a-3bf62fc60212'),
 ('150', '158', '8', '1', 'ru', '1', '', '{\"typeId\":null,\"authorId\":\"1\",\"title\":\"\\u0412\\u0430\\u043b\\u044e\\u0442\\u043d\\u043e\\u0435 \\u0440\\u0435\\u0433\\u0443\\u043b\\u0438\\u0440\\u043e\\u0432\\u0430\\u043d\\u0438\\u0435 \\u0438 \\u0442\\u0430\\u043c\\u043e\\u0436\\u0435\\u043d\\u043d\\u043e\\u0435 \\u043f\\u0440\\u0430\\u0432\\u043e\",\"slug\":\"\\u0432\\u0430\\u043b\\u044e\\u0442\\u043d\\u043e\\u0435-\\u0440\\u0435\\u0433\\u0443\\u043b\\u0438\\u0440\\u043e\\u0432\\u0430\\u043d\\u0438\\u0435-\\u0438-\\u0442\\u0430\\u043c\\u043e\\u0436\\u0435\\u043d\\u043d\\u043e\\u0435-\\u043f\\u0440\\u0430\\u0432\\u043e\",\"postDate\":1493907350,\"expiryDate\":null,\"enabled\":1,\"parentId\":\"31\",\"fields\":{\"36\":\"<ul><li>\\u0410\\u0443\\u0434\\u0438\\u0442 \\u0441\\u0434\\u0435\\u043b\\u043e\\u043a, \\u043d\\u0430\\u043f\\u0440\\u0430\\u0432\\u043b\\u0435\\u043d\\u043d\\u044b\\u0439 \\u043d\\u0430 \\u0432\\u044b\\u044f\\u0432\\u043b\\u0435\\u043d\\u0438\\u0435 \\u0440\\u0438\\u0441\\u043a\\u043e\\u0432 \\u043d\\u0435\\u0441\\u043e\\u043e\\u0442\\u0432\\u0435\\u0442\\u0441\\u0442\\u0432\\u0438\\u044f \\u0432\\u0430\\u043b\\u044e\\u0442\\u043d\\u043e\\u043c\\u0443 \\u0437\\u0430\\u043a\\u043e\\u043d\\u043e\\u0434\\u0430\\u0442\\u0435\\u043b\\u044c\\u0441\\u0442\\u0432\\u0443;<\\/li><li>\\u041f\\u0440\\u0430\\u0432\\u043e\\u0432\\u0430\\u044f \\u043f\\u043e\\u0434\\u0434\\u0435\\u0440\\u0436\\u043a\\u0430 \\u043f\\u0440\\u0438 \\u0441\\u043e\\u0441\\u0442\\u0430\\u0432\\u043b\\u0435\\u043d\\u0438\\u0438 \\u043f\\u0430\\u0441\\u043f\\u043e\\u0440\\u0442\\u043e\\u0432 \\u0441\\u0434\\u0435\\u043b\\u043e\\u043a, \\u043e\\u0444\\u043e\\u0440\\u043c\\u043b\\u0435\\u043d\\u0438\\u0438 \\u0434\\u043e\\u043a\\u0443\\u043c\\u0435\\u043d\\u0442\\u043e\\u0432 \\u0443\\u0447\\u0435\\u0442\\u0430 \\u0438 \\u043e\\u0442\\u0447\\u0435\\u0442\\u043d\\u043e\\u0441\\u0442\\u0438 \\u0434\\u043b\\u044f \\u0432\\u0430\\u043b\\u044e\\u0442\\u043d\\u043e\\u0433\\u043e \\u043a\\u043e\\u043d\\u0442\\u0440\\u043e\\u043b\\u044f;<\\/li><li>\\u042e\\u0440\\u0438\\u0434\\u0438\\u0447\\u0435\\u0441\\u043a\\u043e\\u0435 \\u0441\\u043e\\u043f\\u0440\\u043e\\u0432\\u043e\\u0436\\u0434\\u0435\\u043d\\u0438\\u0435 \\u0432 \\u0441\\u043f\\u043e\\u0440\\u0430\\u0445 \\u0441 \\u043a\\u043e\\u043d\\u0442\\u0440\\u043e\\u043b\\u0438\\u0440\\u0443\\u044e\\u0449\\u0438\\u043c\\u0438 \\u043e\\u0440\\u0433\\u0430\\u043d\\u0430\\u043c\\u0438;<\\/li><li>\\u041f\\u0440\\u0435\\u0434\\u0441\\u0442\\u0430\\u0432\\u043b\\u0435\\u043d\\u0438\\u0435 \\u0438\\u043d\\u0442\\u0435\\u0440\\u0435\\u0441\\u043e\\u0432 \\u0443\\u0447\\u0430\\u0441\\u0442\\u043d\\u0438\\u043a\\u043e\\u0432 \\u0412\\u042d\\u0414 \\u043d\\u0430 \\u0432\\u0441\\u0435\\u0445 \\u0441\\u0442\\u0430\\u0434\\u0438\\u044f\\u0445 \\u0438\\u0441\\u043f\\u043e\\u043b\\u043d\\u0435\\u043d\\u0438\\u044f \\u043a\\u043e\\u043d\\u0442\\u0440\\u0430\\u043a\\u0442\\u0430;<\\/li><li>\\u041e\\u0431\\u0436\\u0430\\u043b\\u043e\\u0432\\u0430\\u043d\\u0438\\u0435 \\u0448\\u0442\\u0440\\u0430\\u0444\\u043e\\u0432.<\\/li><\\/ul>\",\"53\":\"\",\"38\":\"\",\"39\":\"\",\"40\":\"\",\"41\":\"\"}}', '2017-05-04 14:15:51', '2017-05-04 14:15:51', 'ab684260-3bb0-4949-acc4-f5a0c4c0de5d'),
 ('151', '159', '8', '1', 'ru', '1', '', '{\"typeId\":null,\"authorId\":\"1\",\"title\":\"\\u0422\\u0440\\u0443\\u0434\\u043e\\u0432\\u043e\\u0435 \\u0438 \\u043c\\u0438\\u0433\\u0440\\u0430\\u0446\\u0438\\u043e\\u043d\\u043d\\u043e\\u0435 \\u043f\\u0440\\u0430\\u0432\\u043e\",\"slug\":\"\\u0442\\u0440\\u0443\\u0434\\u043e\\u0432\\u043e\\u0435-\\u0438-\\u043c\\u0438\\u0433\\u0440\\u0430\\u0446\\u0438\\u043e\\u043d\\u043d\\u043e\\u0435-\\u043f\\u0440\\u0430\\u0432\\u043e\",\"postDate\":1493907405,\"expiryDate\":null,\"enabled\":1,\"parentId\":\"31\",\"fields\":{\"36\":\"<ul><li>\\u0421\\u043e\\u043f\\u0440\\u043e\\u0432\\u043e\\u0436\\u0434\\u0435\\u043d\\u0438\\u0435 \\u0443\\u0432\\u043e\\u043b\\u044c\\u043d\\u0435\\u043d\\u0438\\u044f \\u043f\\u0440\\u043e\\u0431\\u043b\\u0435\\u043c\\u043d\\u044b\\u0445 \\u0440\\u0430\\u0431\\u043e\\u0442\\u043d\\u0438\\u043a\\u043e\\u0432;<\\/li><li>\\u0420\\u0430\\u0437\\u0440\\u0430\\u0431\\u043e\\u0442\\u043a\\u0430 \\u0432\\u0441\\u0435\\u0445 \\u0432\\u0438\\u0434\\u043e\\u0432 \\u0434\\u043e\\u043a\\u0443\\u043c\\u0435\\u043d\\u0442\\u043e\\u0432, \\u043d\\u0435\\u043e\\u0431\\u0445\\u043e\\u0434\\u0438\\u043c\\u044b\\u0445 \\u043a\\u043e\\u043c\\u043f\\u0430\\u043d\\u0438\\u0438 \\u0432 \\u0442\\u0440\\u0443\\u0434\\u043e\\u0432\\u044b\\u0445 \\u043e\\u0442\\u043d\\u043e\\u0448\\u0435\\u043d\\u0438\\u044f\\u0445;<\\/li><li>\\u0423\\u0440\\u0435\\u0433\\u0443\\u043b\\u0438\\u0440\\u043e\\u0432\\u0430\\u043d\\u0438\\u0435 \\u0442\\u0440\\u0443\\u0434\\u043e\\u0432\\u044b\\u0445 \\u0441\\u043f\\u043e\\u0440\\u043e\\u0432 \\u0432 \\u0434\\u043e\\u0441\\u0443\\u0434\\u0435\\u0431\\u043d\\u043e\\u043c \\u043f\\u043e\\u0440\\u044f\\u0434\\u043a\\u0435, \\u043f\\u0440\\u043e\\u0432\\u0435\\u0434\\u0435\\u043d\\u0438\\u0435 \\u043f\\u0435\\u0440\\u0435\\u0433\\u043e\\u0432\\u043e\\u0440\\u043e\\u0432 \\u0441 \\u0440\\u0430\\u0431\\u043e\\u0442\\u043d\\u0438\\u043a\\u0430\\u043c\\u0438;<\\/li><li>\\u041f\\u0440\\u0435\\u0434\\u0441\\u0442\\u0430\\u0432\\u043b\\u0435\\u043d\\u0438\\u0435 \\u0438\\u043d\\u0442\\u0435\\u0440\\u0435\\u0441\\u043e\\u0432 \\u0440\\u0430\\u0431\\u043e\\u0442\\u043e\\u0434\\u0430\\u0442\\u0435\\u043b\\u044f \\u0432 \\u0442\\u0440\\u0443\\u0434\\u043e\\u0432\\u043e\\u0439 \\u0438\\u043d\\u0441\\u043f\\u0435\\u043a\\u0446\\u0438\\u0438, \\u0441\\u0443\\u0434\\u0435, \\u043f\\u0440\\u043e\\u043a\\u0443\\u0440\\u0430\\u0442\\u0443\\u0440\\u0435;<\\/li><li>\\u041a\\u043e\\u043d\\u0441\\u0443\\u043b\\u044c\\u0442\\u0438\\u0440\\u043e\\u0432\\u0430\\u043d\\u0438\\u0435 \\u043f\\u043e \\u0441\\u043b\\u043e\\u0436\\u043d\\u044b\\u043c \\u0438 \\u0441\\u0442\\u0430\\u043d\\u0434\\u0430\\u0440\\u0442\\u043d\\u044b\\u043c \\u0432\\u043e\\u043f\\u0440\\u043e\\u0441\\u0430\\u043c \\u0442\\u0440\\u0443\\u0434\\u043e\\u0432\\u043e\\u0433\\u043e \\u043f\\u0440\\u0430\\u0432\\u0430<\\/li><\\/ul>\",\"53\":\"\",\"38\":\"\",\"39\":\"\",\"40\":\"\",\"41\":\"\"}}', '2017-05-04 14:16:45', '2017-05-04 14:16:45', '1b805f25-2665-4797-9c42-fed856b35f98'),
 ('152', '29', '8', '1', 'ru', '2', '', '{\"typeId\":\"8\",\"authorId\":\"1\",\"title\":\"\\u041e\\u0446\\u0435\\u043d\\u043e\\u0447\\u043d\\u044b\\u0435 \\u0443\\u0441\\u043b\\u0443\\u0433\\u0438\",\"slug\":\"\\u043e\\u0446\\u0435\\u043d\\u043e\\u0447\\u043d\\u044b\\u0435-\\u0443\\u0441\\u043b\\u0443\\u0433\\u0438\",\"postDate\":1493738520,\"expiryDate\":null,\"enabled\":1,\"parentId\":\"\",\"fields\":{\"36\":\"<p>\\u0411\\u044b\\u0441\\u0442\\u0440\\u043e\\u0438\\u0437\\u043c\\u0435\\u043d\\u044f\\u044e\\u0449\\u0438\\u0435\\u0441\\u044f \\u0444\\u0430\\u043a\\u0442\\u043e\\u0440\\u044b \\u043d\\u0430 \\u0440\\u044b\\u043d\\u043a\\u0435, \\u0437\\u0430\\u0441\\u0442\\u0430\\u0432\\u043b\\u044f\\u044e\\u0442 \\u0431\\u0438\\u0437\\u043d\\u0435\\u0441 \\u0431\\u044b\\u0442\\u044c \\u0431\\u043e\\u043b\\u0435\\u0435 \\u043e\\u043f\\u0435\\u0440\\u0430\\u0442\\u0438\\u0432\\u043d\\u044b\\u043c\\u0438, \\u0440\\u0435\\u0430\\u0433\\u0438\\u0440\\u043e\\u0432\\u0430\\u0442\\u044c \\u043d\\u0430 \\u0432\\u043d\\u0435\\u0448\\u043d\\u0438\\u0435 \\u0432\\u044b\\u0437\\u043e\\u0432\\u044b. \\u0421\\u043a\\u043e\\u0440\\u043e\\u0441\\u0442\\u044c \\u0438 \\u0432\\u0435\\u0440\\u043d\\u043e\\u0441\\u0442\\u044c \\u043f\\u0440\\u0438\\u043d\\u0438\\u043c\\u0430\\u0435\\u043c\\u044b\\u0445 \\u0440\\u0435\\u0448\\u0435\\u043d\\u0438\\u0439 \\u0441\\u043e\\u0431\\u0441\\u0442\\u0432\\u0435\\u043d\\u043d\\u0438\\u043a\\u043e\\u043c \\u043e\\u043f\\u0440\\u0435\\u0434\\u0435\\u043b\\u044f\\u044e\\u0442 \\u0442\\u0435\\u043c\\u043f \\u0440\\u0430\\u0437\\u0432\\u0438\\u0442\\u0438\\u044f \\u0431\\u0438\\u0437\\u043d\\u0435\\u0441\\u0430, \\u0435\\u0433\\u043e \\u0432\\u043e\\u0437\\u043c\\u043e\\u0436\\u043d\\u043e\\u0441\\u0442\\u044c \\u0443\\u0441\\u043f\\u0435\\u0448\\u043d\\u043e \\u0440\\u0435\\u0448\\u0430\\u0442\\u044c \\u0441\\u0442\\u043e\\u044f\\u0449\\u0438\\u0435 \\u043f\\u0435\\u0440\\u0435\\u0434 \\u043d\\u0438\\u043c \\u0437\\u0430\\u0434\\u0430\\u0447\\u0438, \\u0430 \\u0437\\u0430\\u0447\\u0430\\u0441\\u0442\\u0443\\u044e \\u043e\\u0442 \\u044d\\u0442\\u043e\\u0433\\u043e \\u0437\\u0430\\u0432\\u0438\\u0441\\u0438\\u0442 \\u0438 \\u0441\\u0430\\u043c\\u043e \\u0441\\u0443\\u0449\\u0435\\u0441\\u0442\\u0432\\u043e\\u0432\\u0430\\u043d\\u0438\\u0435 \\u0431\\u0438\\u0437\\u043d\\u0435\\u0441\\u0430. \\u041c\\u0435\\u0436\\u0434\\u0443\\u043d\\u0430\\u0440\\u043e\\u0434\\u043d\\u0430\\u044f \\u043a\\u043e\\u043c\\u0430\\u043d\\u0434\\u0430 \\u043e\\u043f\\u044b\\u0442\\u043d\\u044b\\u0445 \\u044d\\u043a\\u0441\\u043f\\u0435\\u0440\\u0442\\u043e\\u0432, \\u0438\\u0441\\u043f\\u043e\\u043b\\u044c\\u0437\\u0443\\u044f \\u0441\\u0432\\u043e\\u0438 \\u0437\\u043d\\u0430\\u043d\\u0438\\u044f, \\u0431\\u043e\\u0433\\u0430\\u0442\\u044b\\u0439 \\u043e\\u043f\\u044b\\u0442 \\u0438 \\u0442\\u0432\\u043e\\u0440\\u0447\\u0435\\u0441\\u043a\\u0438\\u0439 \\u043f\\u043e\\u0434\\u0445\\u043e\\u0434 \\u0432\\u043e\\u0442 \\u0443\\u0436\\u0435 \\u0431\\u043e\\u043b\\u0435\\u0435 20 \\u043b\\u0435\\u0442 \\u0440\\u0430\\u0437\\u0440\\u0430\\u0431\\u0430\\u0442\\u044b\\u0432\\u0430\\u0435\\u0442 \\u043f\\u0440\\u0430\\u043a\\u0442\\u0438\\u0447\\u0435\\u0441\\u043a\\u0438\\u0435 \\u0441\\u043e\\u0432\\u0435\\u0442\\u044b \\u0438 \\u0440\\u0435\\u0448\\u0435\\u043d\\u0438\\u044f \\u0432 \\u043e\\u0431\\u043b\\u0430\\u0441\\u0442\\u0438 \\u043e\\u0446\\u0435\\u043d\\u043a\\u0438 \\u0438 \\u0444\\u0438\\u043d\\u0430\\u043d\\u0441\\u043e\\u0432\\u043e\\u0433\\u043e \\u043c\\u043e\\u0434\\u0435\\u043b\\u0438\\u0440\\u043e\\u0432\\u0430\\u043d\\u0438\\u044f \\u0434\\u043b\\u044f \\u0432\\u0441\\u0435\\u0445 \\u043e\\u0442\\u0440\\u0430\\u0441\\u043b\\u0435\\u0439 \\u044d\\u043a\\u043e\\u043d\\u043e\\u043c\\u0438\\u043a\\u0438. \\u0423\\u043d\\u0438\\u043a\\u0430\\u043b\\u044c\\u043d\\u044b\\u0435 \\u0437\\u043d\\u0430\\u043d\\u0438\\u044f \\u0438 \\u043e\\u043f\\u044b\\u0442, \\u0438\\u043d\\u043d\\u043e\\u0432\\u0430\\u0446\\u0438\\u043e\\u043d\\u043d\\u043e\\u0435 \\u043c\\u044b\\u0448\\u043b\\u0435\\u043d\\u0438\\u0435 \\u0438 \\u0438\\u043d\\u0434\\u0438\\u0432\\u0438\\u0434\\u0443\\u0430\\u043b\\u044c\\u043d\\u044b\\u0439 \\u043f\\u043e\\u0434\\u0445\\u043e\\u0434 \\u043f\\u043e\\u0437\\u0432\\u043e\\u043b\\u044f\\u044e\\u0442 \\u043d\\u0430\\u043c \\u0440\\u0435\\u0448\\u0430\\u0442\\u044c \\u0437\\u0430\\u0434\\u0430\\u0447\\u0438 \\u043b\\u044e\\u0431\\u043e\\u0433\\u043e \\u0443\\u0440\\u043e\\u0432\\u043d\\u044f \\u0441\\u043b\\u043e\\u0436\\u043d\\u043e\\u0441\\u0442\\u0438.<\\/p>\",\"53\":\"\",\"38\":\"\",\"39\":\"\",\"40\":\"\",\"41\":\"\"}}', '2017-05-04 14:18:30', '2017-05-04 14:18:30', '0e1da54e-891b-45d5-9124-efdbfb60a53a'),
 ('153', '160', '8', '1', 'ru', '1', '', '{\"typeId\":null,\"authorId\":\"1\",\"title\":\"\\u041e\\u0446\\u0435\\u043d\\u043a\\u0430 \\u043d\\u0435\\u0434\\u0432\\u0438\\u0436\\u0438\\u043c\\u043e\\u0441\\u0442\\u0438\",\"slug\":\"\\u043e\\u0446\\u0435\\u043d\\u043a\\u0430-\\u043d\\u0435\\u0434\\u0432\\u0438\\u0436\\u0438\\u043c\\u043e\\u0441\\u0442\\u0438\",\"postDate\":1493907633,\"expiryDate\":null,\"enabled\":1,\"parentId\":\"29\",\"fields\":{\"36\":\"<p>\\u041f\\u0435\\u0440\\u0435\\u043c\\u0435\\u043d\\u0447\\u0438\\u0432\\u043e\\u0441\\u0442\\u044c \\u0440\\u044b\\u043d\\u043a\\u0430 \\u043d\\u0435\\u0434\\u0432\\u0438\\u0436\\u0438\\u043c\\u043e\\u0441\\u0442\\u0438, \\u0430 \\u0442\\u0430\\u043a\\u0436\\u0435 \\u0440\\u0435\\u0433\\u0443\\u043b\\u044f\\u0440\\u043d\\u044b\\u0435 \\u0438\\u0437\\u043c\\u0435\\u043d\\u0435\\u043d\\u0438\\u044f \\u0432 \\u0441\\u0438\\u0441\\u0442\\u0435\\u043c\\u0435 \\u043d\\u0430\\u043b\\u043e\\u0433\\u043e\\u043e\\u0431\\u043b\\u043e\\u0436\\u0435\\u043d\\u0438\\u044f, \\u0441\\u0434\\u0435\\u043b\\u0430\\u043b\\u0438 \\u0443\\u0441\\u043b\\u0443\\u0433\\u0438 \\u043f\\u043e \\u043e\\u0446\\u0435\\u043d\\u043a\\u0435 \\u0441\\u0442\\u043e\\u0438\\u043c\\u043e\\u0441\\u0442\\u0438 \\u043d\\u0435\\u0434\\u0432\\u0438\\u0436\\u0438\\u043c\\u043e\\u0441\\u0442\\u0438 \\u0432\\u043e\\u0441\\u0442\\u0440\\u0435\\u0431\\u043e\\u0432\\u0430\\u043d\\u043d\\u044b\\u043c\\u0438, \\u0434\\u0430 \\u0438 \\u043f\\u0440\\u043e\\u0441\\u0442\\u043e \\u043d\\u0435\\u043e\\u0431\\u0445\\u043e\\u0434\\u0438\\u043c\\u044b\\u043c\\u0438 \\u043a\\u0430\\u043a \\u0434\\u043b\\u044f \\u043e\\u0440\\u0433\\u0430\\u043d\\u0438\\u0437\\u0430\\u0446\\u0438\\u0439, \\u0442\\u0430\\u043a \\u0438 \\u0434\\u043b\\u044f \\u0447\\u0430\\u0441\\u0442\\u043d\\u044b\\u0445 \\u043b\\u0438\\u0446. &nbsp;\\u0412\\u043b\\u0430\\u0434\\u0435\\u043d\\u0438\\u0435 \\u0442\\u043e\\u0447\\u043d\\u043e\\u0439 \\u0438 \\u043e\\u0431\\u044a\\u0435\\u043a\\u0442\\u0438\\u0432\\u043d\\u043e\\u0439 \\u0438\\u043d\\u0444\\u043e\\u0440\\u043c\\u0430\\u0446\\u0438\\u0435\\u0439 \\u043e \\u0441\\u0442\\u043e\\u0438\\u043c\\u043e\\u0441\\u0442\\u0438 \\u0438\\u043c\\u0435\\u044e\\u0449\\u0435\\u0439\\u0441\\u044f \\u043d\\u0435\\u0434\\u0432\\u0438\\u0436\\u0438\\u043c\\u043e\\u0441\\u0442\\u0438 \\u043f\\u043e\\u043c\\u043e\\u0433\\u0430\\u0435\\u0442 \\u0437\\u043d\\u0430\\u0447\\u0438\\u0442\\u0435\\u043b\\u044c\\u043d\\u043e \\u0443\\u0441\\u043a\\u043e\\u0440\\u0438\\u0442\\u044c \\u043f\\u0440\\u043e\\u0446\\u0435\\u0441\\u0441 \\u043f\\u0440\\u043e\\u0432\\u0435\\u0434\\u0435\\u043d\\u0438\\u0435 \\u0441\\u0434\\u0435\\u043b\\u043e\\u043a \\u043f\\u043e \\u043a\\u0443\\u043f\\u043b\\u0435-\\u043f\\u0440\\u043e\\u0434\\u0430\\u0436\\u0435 \\u0438\\u043b\\u0438 \\u0430\\u0440\\u0435\\u043d\\u0434\\u0435, \\u0432\\u0441\\u0442\\u0443\\u043f\\u0438\\u0442\\u044c \\u0432 \\u043f\\u0440\\u0430\\u0432\\u0430 \\u043d\\u0430\\u0441\\u043b\\u0435\\u0434\\u0441\\u0442\\u0432\\u0430, \\u0437\\u0430\\u0441\\u0442\\u0440\\u0430\\u0445\\u043e\\u0432\\u0430\\u0442\\u044c \\u0438\\u043c\\u0443\\u0449\\u0435\\u0441\\u0442\\u0432\\u043e, \\u0443\\u043f\\u0440\\u043e\\u0441\\u0442\\u0438\\u0442\\u044c \\u043f\\u0440\\u043e\\u0446\\u0435\\u0434\\u0443\\u0440\\u0443 \\u043f\\u043e\\u0434\\u0441\\u0447\\u0435\\u0442\\u043e\\u0432 \\u0438 \\u0432\\u044b\\u043f\\u043b\\u0430\\u0442\\u044b \\u043d\\u0430\\u043b\\u043e\\u0433\\u043e\\u0432, \\u0430 \\u0442\\u0430\\u043a\\u0436\\u0435 \\u0434\\u0430\\u0435\\u0442 \\u0447\\u0435\\u0442\\u043a\\u043e\\u0435 \\u043f\\u0440\\u0435\\u0434\\u0441\\u0442\\u0430\\u0432\\u043b\\u0435\\u043d\\u0438\\u0435 \\u043e\\u0431 \\u0430\\u043a\\u0442\\u0443\\u0430\\u043b\\u044c\\u043d\\u043e\\u0439 \\u0446\\u0435\\u043d\\u0435 \\u043d\\u0430\\u0445\\u043e\\u0434\\u044f\\u0449\\u0435\\u0433\\u043e\\u0441\\u044f \\u0432 \\u0441\\u043e\\u0431\\u0441\\u0442\\u0432\\u0435\\u043d\\u043d\\u043e\\u0441\\u0442\\u0438 \\u043d\\u0435\\u0434\\u0432\\u0438\\u0436\\u0438\\u043c\\u043e\\u0433\\u043e \\u0438\\u043c\\u0443\\u0449\\u0435\\u0441\\u0442\\u0432\\u0430. \\u041d\\u0430\\u0448\\u0430 \\u043a\\u043e\\u043c\\u0430\\u043d\\u0434\\u0430 \\u043e\\u0431\\u043b\\u0430\\u0434\\u0430\\u0435\\u0442 \\u0448\\u0438\\u0440\\u043e\\u043a\\u0438\\u043c \\u043e\\u043f\\u044b\\u0442\\u043e\\u043c \\u0440\\u0435\\u0448\\u0435\\u043d\\u0438\\u044f \\u0441\\u0430\\u043c\\u044b\\u0445 \\u0440\\u0430\\u0437\\u043d\\u043e\\u043e\\u0431\\u0440\\u0430\\u0437\\u043d\\u044b\\u0445 \\u0437\\u0430\\u0434\\u0430\\u0447 \\u043b\\u044e\\u0431\\u043e\\u0433\\u043e \\u043c\\u0430\\u0441\\u0448\\u0442\\u0430\\u0431\\u0430 \\u0438 \\u0441\\u043b\\u043e\\u0436\\u043d\\u043e\\u0441\\u0442\\u0438. \\u041d\\u0430\\u043a\\u043e\\u043f\\u043b\\u0435\\u043d\\u043d\\u044b\\u0439 \\u043e\\u0433\\u0440\\u043e\\u043c\\u043d\\u044b\\u0439 \\u043e\\u043f\\u044b\\u0442 \\u043e\\u0446\\u0435\\u043d\\u043a\\u0438 \\u043e\\u0431\\u044a\\u0435\\u043a\\u0442\\u043e\\u0432 \\u043e\\u0442 \\u0442\\u0438\\u043f\\u043e\\u0432\\u044b\\u0445 \\u0434\\u043e \\u043a\\u0440\\u0430\\u0439\\u043d\\u0435 \\u0441\\u043f\\u0435\\u0446\\u0438\\u0444\\u0438\\u0447\\u0435\\u0441\\u043a\\u0438\\u0445 \\u043f\\u043e\\u0437\\u0432\\u043e\\u043b\\u044f\\u0435\\u0442 \\u043d\\u0430\\u043c \\u0443\\u0432\\u0435\\u0440\\u0435\\u043d\\u043d\\u043e \\u0438 \\u043e\\u043f\\u0435\\u0440\\u0430\\u0442\\u0438\\u0432\\u043d\\u043e \\u0440\\u0435\\u0448\\u0430\\u0442\\u044c \\u043b\\u044e\\u0431\\u044b\\u0435 \\u0437\\u0430\\u0434\\u0430\\u0447\\u0438 \\u043f\\u043e \\u043e\\u0446\\u0435\\u043d\\u043a\\u0435 \\u043d\\u0435\\u0434\\u0432\\u0438\\u0436\\u0438\\u043c\\u043e\\u0433\\u043e \\u0438\\u043c\\u0443\\u0449\\u0435\\u0441\\u0442\\u0432\\u0430 \\u043b\\u044e\\u0431\\u043e\\u0433\\u043e \\u0442\\u0438\\u043f\\u0430, \\u043a\\u0430\\u043a \\u043d\\u0430 \\u0442\\u0435\\u0440\\u0440\\u0438\\u0442\\u043e\\u0440\\u0438\\u0438 \\u0420\\u043e\\u0441\\u0441\\u0438\\u0438, \\u0442\\u0430\\u043a \\u0438 \\u0437\\u0430 \\u0440\\u0443\\u0431\\u0435\\u0436\\u043e\\u043c.<\\/p>\",\"53\":\"\",\"38\":\"\",\"39\":\"\",\"40\":\"\",\"41\":\"\"}}', '2017-05-04 14:20:33', '2017-05-04 14:20:33', '02117284-3c34-4256-aa2d-f2a209c93eb0'),
 ('154', '161', '8', '1', 'ru', '1', '', '{\"typeId\":null,\"authorId\":\"1\",\"title\":\"\\u041e\\u0446\\u0435\\u043d\\u043a\\u0430 \\u0434\\u0432\\u0438\\u0436\\u0438\\u043c\\u043e\\u0433\\u043e \\u0438\\u043c\\u0443\\u0449\\u0435\\u0441\\u0442\\u0432\\u0430\",\"slug\":\"\\u043e\\u0446\\u0435\\u043d\\u043a\\u0430-\\u0434\\u0432\\u0438\\u0436\\u0438\\u043c\\u043e\\u0433\\u043e-\\u0438\\u043c\\u0443\\u0449\\u0435\\u0441\\u0442\\u0432\\u0430\",\"postDate\":1493907669,\"expiryDate\":null,\"enabled\":1,\"parentId\":\"29\",\"fields\":{\"36\":\"<p>\\u041f\\u043e\\u0434 \\u0442\\u0435\\u0440\\u043c\\u0438\\u043d\\u043e\\u043c \\u00ab\\u0434\\u0432\\u0438\\u0436\\u0438\\u043c\\u043e\\u0435 \\u0438\\u043c\\u0443\\u0449\\u0435\\u0441\\u0442\\u0432\\u043e\\u00bb \\u0432 \\u043e\\u0446\\u0435\\u043d\\u043e\\u0447\\u043d\\u043e\\u0439 \\u0434\\u0435\\u044f\\u0442\\u0435\\u043b\\u044c\\u043d\\u043e\\u0441\\u0442\\u0438 \\u043f\\u043e\\u043d\\u0438\\u043c\\u0430\\u0435\\u0442\\u0441\\u044f \\u043e\\u0447\\u0435\\u043d\\u044c \\u0448\\u0438\\u0440\\u043e\\u043a\\u0438\\u0439 \\u0441\\u043f\\u0435\\u043a\\u0442\\u0440 \\u043e\\u0431\\u044a\\u0435\\u043a\\u0442\\u043e\\u0432 \\u0438\\u043c\\u0443\\u0449\\u0435\\u0441\\u0442\\u0432\\u0430 \\u043e\\u0442 \\u043e\\u0444\\u0438\\u0441\\u043d\\u043e\\u0439 \\u0442\\u0435\\u0445\\u043d\\u0438\\u043a\\u0438 \\u0434\\u043e \\u0442\\u0435\\u0445\\u043d\\u043e\\u043b\\u043e\\u0433\\u0438\\u0447\\u0435\\u0441\\u043a\\u0438\\u0445 \\u043a\\u043e\\u043c\\u043f\\u043b\\u0435\\u043a\\u0441\\u043e\\u0432 \\u0437\\u0430\\u043d\\u0438\\u043c\\u0430\\u044e\\u0449\\u0438\\u0445 \\u043f\\u043b\\u043e\\u0449\\u0430\\u0434\\u044c \\u0446\\u0435\\u043b\\u044b\\u0445 \\u0437\\u0434\\u0430\\u043d\\u0438\\u0439. \\u0423\\u0441\\u043b\\u0443\\u0433\\u0430 \\u043e\\u0446\\u0435\\u043d\\u043a\\u0438 \\u0434\\u0432\\u0438\\u0436\\u0438\\u043c\\u043e\\u0433\\u043e \\u0438\\u043c\\u0443\\u0449\\u0435\\u0441\\u0442\\u0432\\u0430 \\u043e\\u0447\\u0435\\u043d\\u044c \\u0432\\u043e\\u0441\\u0442\\u0440\\u0435\\u0431\\u043e\\u0432\\u0430\\u043d\\u0430, \\u0442\\u0430\\u043a \\u043a\\u0430\\u043a \\u043a\\u0430\\u0436\\u0434\\u043e\\u0435 \\u043f\\u0440\\u0435\\u0434\\u043f\\u0440\\u0438\\u044f\\u0442\\u0438\\u0435 \\u0432 \\u0441\\u0432\\u043e\\u0435\\u0439 \\u0434\\u0435\\u044f\\u0442\\u0435\\u043b\\u044c\\u043d\\u043e\\u0441\\u0442\\u0438 \\u043f\\u0440\\u0438\\u043c\\u0435\\u043d\\u044f\\u0435\\u0442 \\u0440\\u0430\\u0437\\u043b\\u0438\\u0447\\u043d\\u044b\\u0435 \\u0442\\u0438\\u043f\\u044b \\u0434\\u0432\\u0438\\u0436\\u0438\\u043c\\u043e\\u0433\\u043e \\u0438\\u043c\\u0443\\u0449\\u0435\\u0441\\u0442\\u0432\\u0430 \\u0432 \\u0432\\u0438\\u0434\\u0435 \\u0440\\u0430\\u0437\\u043b\\u0438\\u0447\\u043d\\u044b\\u0445 \\u043c\\u0430\\u0448\\u0438\\u043d \\u0438 \\u043e\\u0431\\u043e\\u0440\\u0443\\u0434\\u043e\\u0432\\u0430\\u043d\\u0438\\u044f, \\u0443\\u0441\\u0442\\u0430\\u043d\\u043e\\u0432\\u043e\\u043a, \\u0430\\u043f\\u043f\\u0430\\u0440\\u0430\\u0442\\u043e\\u0432, \\u043f\\u0440\\u0438\\u0431\\u043e\\u0440\\u043e\\u0432, \\u043c\\u0435\\u0445\\u0430\\u043d\\u0438\\u0437\\u043c\\u043e\\u0432, \\u0438\\u043d\\u0441\\u0442\\u0440\\u0443\\u043c\\u0435\\u043d\\u0442\\u043e\\u0432, \\u0442\\u0440\\u0430\\u043d\\u0441\\u043f\\u043e\\u0440\\u0442\\u043d\\u044b\\u0445 \\u0441\\u0440\\u0435\\u0434\\u0441\\u0442\\u0432, \\u043c\\u0435\\u0431\\u0435\\u043b\\u0438, \\u0441\\u0440\\u0435\\u0434\\u0441\\u0442\\u0432 \\u0441\\u0432\\u044f\\u0437\\u0438, \\u0432\\u044b\\u0447\\u0438\\u0441\\u043b\\u0438\\u0442\\u0435\\u043b\\u044c\\u043d\\u043e\\u0439 \\u0442\\u0435\\u0445\\u043d\\u0438\\u043a\\u0438 \\u0438 \\u0442.\\u0434.<\\/p><p>\\u042d\\u043a\\u0441\\u043f\\u0435\\u0440\\u0442\\u044b \\u043d\\u0430\\u0448\\u0435\\u0439 \\u043a\\u043e\\u043c\\u043f\\u0430\\u043d\\u0438\\u0438 \\u043e\\u0431\\u043b\\u0430\\u0434\\u0430\\u044e\\u0442 \\u043e\\u0433\\u0440\\u043e\\u043c\\u043d\\u044b\\u043c \\u043e\\u043f\\u044b\\u0442\\u043e\\u043c \\u0432 \\u0440\\u0435\\u0448\\u0435\\u043d\\u0438\\u0438 \\u0437\\u0430\\u0434\\u0430\\u0447 \\u043f\\u043e \\u043e\\u0446\\u0435\\u043d\\u043a\\u0435 \\u0440\\u0430\\u0437\\u043b\\u0438\\u0447\\u043d\\u043e\\u0433\\u043e \\u0442\\u0438\\u043f\\u0430 \\u0434\\u0432\\u0438\\u0436\\u0438\\u043c\\u043e\\u0433\\u043e \\u0438\\u043c\\u0443\\u0449\\u0435\\u0441\\u0442\\u0432\\u0430 \\u043e\\u0442 \\u0442\\u0438\\u043f\\u043e\\u0432\\u044b\\u0445 \\u043e\\u0431\\u044a\\u0435\\u043a\\u0442\\u043e\\u0432 \\u0434\\u043e \\u0443\\u0437\\u043a\\u043e\\u0441\\u043f\\u0435\\u0446\\u0438\\u0430\\u043b\\u0438\\u0437\\u0438\\u0440\\u043e\\u0432\\u0430\\u043d\\u043d\\u044b\\u0445, \\u043f\\u0440\\u0435\\u0434\\u0441\\u0442\\u0430\\u0432\\u043b\\u0435\\u043d\\u043d\\u044b\\u0445 \\u043d\\u0430 \\u0440\\u044b\\u043d\\u043a\\u0435 \\u0441\\u0442\\u0440\\u0430\\u043d\\u044b \\u0432 \\u0435\\u0434\\u0438\\u043d\\u0438\\u0447\\u043d\\u044b\\u0445 \\u044d\\u043a\\u0437\\u0435\\u043c\\u043f\\u043b\\u044f\\u0440\\u0430\\u0445. \\u041d\\u0430\\u0448\\u0430 \\u043a\\u043e\\u043c\\u043f\\u0435\\u0442\\u0435\\u043d\\u0446\\u0438\\u044f \\u043f\\u043e\\u0434\\u0442\\u0432\\u0435\\u0440\\u0436\\u0434\\u0430\\u0435\\u0442\\u0441\\u044f \\u043f\\u043e\\u0441\\u0442\\u043e\\u044f\\u043d\\u043d\\u044b\\u043c \\u0443\\u0441\\u043f\\u0435\\u0448\\u043d\\u044b\\u043c \\u0441\\u043e\\u0442\\u0440\\u0443\\u0434\\u043d\\u0438\\u0447\\u0435\\u0441\\u0442\\u0432\\u043e\\u043c \\u0441 \\u043a\\u0440\\u0443\\u043f\\u043d\\u044b\\u043c\\u0438 \\u0442\\u0435\\u0445\\u043d\\u043e\\u043b\\u043e\\u0433\\u0438\\u0447\\u0435\\u0441\\u043a\\u0438\\u043c\\u0438 \\u043a\\u043e\\u043c\\u043f\\u0430\\u043d\\u0438\\u044f\\u043c\\u0438, \\u044f\\u0432\\u043b\\u044f\\u044e\\u0449\\u0438\\u043c\\u0438\\u0441\\u044f \\u0441\\u043e\\u0431\\u0441\\u0442\\u0432\\u0435\\u043d\\u043d\\u0438\\u043a\\u0430\\u043c\\u0438 \\u0431\\u043e\\u043b\\u044c\\u0448\\u043e\\u0433\\u043e \\u043e\\u0431\\u044a\\u0435\\u043c\\u0430 \\u0441\\u043f\\u0435\\u0446\\u0438\\u0430\\u043b\\u0438\\u0437\\u0438\\u0440\\u043e\\u0432\\u0430\\u043d\\u043d\\u043e\\u0433\\u043e \\u043e\\u0431\\u043e\\u0440\\u0443\\u0434\\u043e\\u0432\\u0430\\u043d\\u0438\\u044f.<\\/p>\",\"53\":\"\",\"38\":\"\",\"39\":\"\",\"40\":\"\",\"41\":\"\"}}', '2017-05-04 14:21:09', '2017-05-04 14:21:09', 'd4ae2f2c-e43a-4eb5-95fa-715a3d35a85a'),
 ('155', '162', '8', '1', 'ru', '1', '', '{\"typeId\":null,\"authorId\":\"1\",\"title\":\"\\u041e\\u0446\\u0435\\u043d\\u043a\\u0430 \\u0438\\u043c\\u0443\\u0449\\u0435\\u0441\\u0442\\u0432\\u0435\\u043d\\u043d\\u044b\\u0445 \\u043a\\u043e\\u043c\\u043f\\u043b\\u0435\\u043a\\u0441\\u043e\\u0432\",\"slug\":\"\\u043e\\u0446\\u0435\\u043d\\u043a\\u0430-\\u0438\\u043c\\u0443\\u0449\\u0435\\u0441\\u0442\\u0432\\u0435\\u043d\\u043d\\u044b\\u0445-\\u043a\\u043e\\u043c\\u043f\\u043b\\u0435\\u043a\\u0441\\u043e\\u0432\",\"postDate\":1493907699,\"expiryDate\":null,\"enabled\":1,\"parentId\":\"29\",\"fields\":{\"36\":\"<p>\\u0418\\u043c\\u0443\\u0449\\u0435\\u0441\\u0442\\u0432\\u0435\\u043d\\u043d\\u044b\\u0439 \\u043a\\u043e\\u043c\\u043f\\u043b\\u0435\\u043a\\u0441 \\u2013 \\u043a\\u043e\\u043c\\u043f\\u043b\\u0435\\u043a\\u0441 \\u0438\\u043c\\u0443\\u0449\\u0435\\u0441\\u0442\\u0432\\u0435\\u043d\\u043d\\u044b\\u0445 \\u043f\\u0440\\u0430\\u0432 \\u044e\\u0440\\u0438\\u0434\\u0438\\u0447\\u0435\\u0441\\u043a\\u043e\\u0433\\u043e \\u043b\\u0438\\u0446\\u0430 \\u043d\\u0430 \\u0432\\u0441\\u0435 \\u043e\\u0431\\u044a\\u0435\\u043a\\u0442\\u044b, \\u0437\\u0430\\u0434\\u0435\\u0439\\u0441\\u0442\\u0432\\u043e\\u0432\\u0430\\u043d\\u043d\\u044b\\u0435 \\u0432 \\u043e\\u0441\\u0443\\u0449\\u0435\\u0441\\u0442\\u0432\\u043b\\u0435\\u043d\\u0438\\u0438 \\u043f\\u0440\\u0435\\u0434\\u043f\\u0440\\u0438\\u043d\\u0438\\u043c\\u0430\\u0442\\u0435\\u043b\\u044c\\u0441\\u043a\\u043e\\u0439 \\u0434\\u0435\\u044f\\u0442\\u0435\\u043b\\u044c\\u043d\\u043e\\u0441\\u0442\\u0438, \\u043e\\u043d \\u0432\\u043a\\u043b\\u044e\\u0447\\u0430\\u0435\\u0442 \\u0432 \\u0441\\u0435\\u0431\\u044f \\u043c\\u0430\\u0442\\u0435\\u0440\\u0438\\u0430\\u043b\\u044c\\u043d\\u044b\\u0435 \\u0438 \\u043d\\u0435\\u043c\\u0430\\u0442\\u0435\\u0440\\u0438\\u0430\\u043b\\u044c\\u043d\\u044b\\u0435 \\u0430\\u043a\\u0442\\u0438\\u0432\\u044b. \\u041e\\u043d \\u043f\\u0440\\u0435\\u0434\\u0441\\u0442\\u0430\\u0432\\u043b\\u044f\\u0435\\u0442 \\u0441\\u043e\\u0431\\u043e\\u0439 \\u043e\\u0441\\u043e\\u0431\\u044b\\u0439 \\u0432\\u0438\\u0434 \\u0430\\u043a\\u0442\\u0438\\u0432\\u0430, \\u0442\\u0440\\u0435\\u0431\\u0443\\u044e\\u0449\\u0438\\u0439 \\u0441\\u043f\\u0435\\u0446\\u0438\\u0430\\u043b\\u044c\\u043d\\u043e\\u0439 \\u0441\\u0438\\u0441\\u0442\\u0435\\u043c\\u044b \\u043e\\u0446\\u0435\\u043d\\u043a\\u0438 \\u0441 \\u0438\\u0441\\u043f\\u043e\\u043b\\u044c\\u0437\\u043e\\u0432\\u0430\\u043d\\u0438\\u0435\\u043c \\u0431\\u043e\\u043b\\u044c\\u0448\\u043e\\u0433\\u043e \\u043d\\u0430\\u0431\\u043e\\u0440\\u0430 \\u043f\\u0440\\u0438\\u043d\\u0446\\u0438\\u043f\\u043e\\u0432 \\u0438 \\u043c\\u0435\\u0442\\u043e\\u0434\\u0438\\u043a \\u043e\\u0446\\u0435\\u043d\\u043a\\u0438, \\u0430 \\u0442\\u0430\\u043a\\u0436\\u0435 \\u0430\\u043d\\u0430\\u043b\\u0438\\u0442\\u0438\\u0447\\u0435\\u0441\\u043a\\u0438\\u0445 \\u043f\\u0440\\u043e\\u0446\\u0435\\u0434\\u0443\\u0440. \\u041e\\u0446\\u0435\\u043d\\u043a\\u0430 \\u0438\\u043c\\u0443\\u0449\\u0435\\u0441\\u0442\\u0432\\u0435\\u043d\\u043d\\u044b\\u0445 \\u043a\\u043e\\u043c\\u043f\\u043b\\u0435\\u043a\\u0441\\u043e\\u0432 \\u044f\\u0432\\u043b\\u044f\\u0435\\u0442\\u0441\\u044f \\u043e\\u0434\\u043d\\u0438\\u043c \\u0438\\u0437 \\u0432\\u0430\\u0436\\u043d\\u0435\\u0439\\u0448\\u0438\\u0445 \\u043d\\u0430\\u043f\\u0440\\u0430\\u0432\\u043b\\u0435\\u043d\\u0438\\u0439 \\u0432 \\u043e\\u0446\\u0435\\u043d\\u043e\\u0447\\u043d\\u043e\\u0439 \\u0434\\u0435\\u044f\\u0442\\u0435\\u043b\\u044c\\u043d\\u043e\\u0441\\u0442\\u0438. \\u041e\\u0441\\u043d\\u043e\\u0432\\u043d\\u043e\\u0435 \\u043e\\u0442\\u043b\\u0438\\u0447\\u0438\\u0435 \\u043e\\u0446\\u0435\\u043d\\u043a\\u0438 \\u0438\\u043c\\u0443\\u0449\\u0435\\u0441\\u0442\\u0432\\u0435\\u043d\\u043d\\u044b\\u0445 \\u043a\\u043e\\u043c\\u043f\\u043b\\u0435\\u043a\\u0441\\u043e\\u0432 \\u043e\\u0442 \\u043e\\u0446\\u0435\\u043d\\u043a\\u0438 \\u0431\\u0438\\u0437\\u043d\\u0435\\u0441\\u0430 &nbsp;\\u2013 \\u0430\\u0431\\u0441\\u0442\\u0440\\u0430\\u0433\\u0438\\u0440\\u043e\\u0432\\u0430\\u043d\\u0438\\u0435 \\u043e\\u0442 \\u0442\\u0435\\u043a\\u0443\\u0449\\u0435\\u0433\\u043e \\u0438\\u0441\\u043f\\u043e\\u043b\\u044c\\u0437\\u043e\\u0432\\u0430\\u043d\\u0438\\u044f \\u043e\\u0446\\u0435\\u043d\\u0438\\u0432\\u0430\\u0435\\u043c\\u043e\\u0433\\u043e \\u0438\\u043c\\u0443\\u0449\\u0435\\u0441\\u0442\\u0432\\u0430 \\u0438 \\u0442\\u0435\\u043a\\u0443\\u0449\\u0435\\u0433\\u043e \\u0444\\u0438\\u043d\\u0430\\u043d\\u0441\\u043e\\u0432\\u043e\\u0433\\u043e \\u0441\\u043e\\u0441\\u0442\\u043e\\u044f\\u043d\\u0438\\u044f \\u0435\\u0433\\u043e \\u0441\\u043e\\u0431\\u0441\\u0442\\u0432\\u0435\\u043d\\u043d\\u0438\\u043a\\u0430.<\\/p><p>\\u0418\\u0441\\u043f\\u043e\\u043b\\u044c\\u0437\\u0443\\u0435\\u043c\\u044b\\u0439 \\u043d\\u0430\\u043c\\u0438 \\u0432 \\u043f\\u0440\\u043e\\u0446\\u0435\\u0441\\u0441\\u0435 \\u043e\\u0446\\u0435\\u043d\\u043a\\u0438 \\u043f\\u0440\\u043e\\u0444\\u0435\\u0441\\u0441\\u0438\\u043e\\u043d\\u0430\\u043b\\u044c\\u043d\\u044b\\u0439 \\u043f\\u043e\\u0434\\u0445\\u043e\\u0434 \\u043a \\u0430\\u043d\\u0430\\u043b\\u0438\\u0437\\u0443 \\u0432\\u0441\\u0435\\u0445 \\u043a\\u043e\\u043c\\u043f\\u043e\\u043d\\u0435\\u043d\\u0442\\u043e\\u0432, \\u044f\\u0432\\u043b\\u044f\\u044e\\u0449\\u0438\\u0445\\u0441\\u044f \\u0441\\u043e\\u0441\\u0442\\u0430\\u0432\\u043d\\u043e\\u0439 \\u0447\\u0430\\u0441\\u0442\\u044c\\u044e \\u0438\\u043c\\u0443\\u0449\\u0435\\u0441\\u0442\\u0432\\u0435\\u043d\\u043d\\u043e\\u0433\\u043e \\u043a\\u043e\\u043c\\u043f\\u043b\\u0435\\u043a\\u0441\\u0430 \\u043f\\u043e\\u0437\\u0432\\u043e\\u043b\\u044f\\u0435\\u0442 \\u0441\\u043e\\u0431\\u0441\\u0442\\u0432\\u0435\\u043d\\u043d\\u0438\\u043a\\u0443 \\u043f\\u043e\\u043b\\u0443\\u0447\\u0430\\u0442\\u044c \\u043e\\u0431\\u044a\\u0435\\u043a\\u0442\\u0438\\u0432\\u043d\\u0443\\u044e \\u043a\\u0430\\u0440\\u0442\\u0438\\u043d\\u0443 \\u043e \\u0446\\u0435\\u043d\\u043d\\u043e\\u0441\\u0442\\u0438 \\u0438\\u043c\\u0435\\u044e\\u0449\\u0435\\u0433\\u043e\\u0441\\u044f \\u0438\\u043c\\u0443\\u0449\\u0435\\u0441\\u0442\\u0432\\u0430, \\u0438 \\u043f\\u0440\\u0438\\u043d\\u0438\\u043c\\u0430\\u0442\\u044c \\u0432\\u0437\\u0432\\u0435\\u0448\\u0435\\u043d\\u043d\\u044b\\u0435 \\u0440\\u0435\\u0448\\u0435\\u043d\\u0438\\u044f \\u043e\\u0442\\u043d\\u043e\\u0441\\u0438\\u0442\\u0435\\u043b\\u044c\\u043d\\u043e \\u0438\\u0441\\u043f\\u043e\\u043b\\u044c\\u0437\\u043e\\u0432\\u0430\\u043d\\u0438\\u044f, \\u043a\\u0430\\u043a \\u0432\\u0441\\u0435\\u0433\\u043e \\u0438\\u043c\\u0443\\u0449\\u0435\\u0441\\u0442\\u0432\\u0430, \\u0442\\u0430\\u043a \\u0438 \\u0435\\u0433\\u043e \\u0447\\u0430\\u0441\\u0442\\u0435\\u0439.&nbsp;<\\/p>\",\"53\":\"\",\"38\":\"\",\"39\":\"\",\"40\":\"\",\"41\":\"\"}}', '2017-05-04 14:21:39', '2017-05-04 14:21:39', '175969bc-a000-4387-8831-d3754517240e'),
 ('156', '163', '8', '1', 'ru', '1', '', '{\"typeId\":null,\"authorId\":\"1\",\"title\":\"\\u041e\\u0446\\u0435\\u043d\\u043a\\u0430 \\u0431\\u0438\\u0437\\u043d\\u0435\\u0441\\u0430\",\"slug\":\"\\u043e\\u0446\\u0435\\u043d\\u043a\\u0430-\\u0431\\u0438\\u0437\\u043d\\u0435\\u0441\\u0430\",\"postDate\":1493907722,\"expiryDate\":null,\"enabled\":1,\"parentId\":\"29\",\"fields\":{\"36\":\"<p>\\u041a\\u043e\\u043c\\u043f\\u0430\\u043d\\u0438\\u044f \\u043e\\u0431\\u043b\\u0430\\u0434\\u0430\\u0435\\u0442 \\u0437\\u043d\\u0430\\u0447\\u0438\\u0442\\u0435\\u043b\\u044c\\u043d\\u044b\\u043c \\u043e\\u043f\\u044b\\u0442\\u043e\\u043c \\u0432 \\u043e\\u0431\\u043b\\u0430\\u0441\\u0442\\u0438 \\u043e\\u0446\\u0435\\u043d\\u043a\\u0438 \\u0431\\u0438\\u0437\\u043d\\u0435\\u0441\\u0430. \\u041d\\u0430\\u043f\\u0440\\u0430\\u0432\\u043b\\u0435\\u043d\\u0438\\u0435 \\u043e\\u0446\\u0435\\u043d\\u043a\\u0438 \\u0431\\u0438\\u0437\\u043d\\u0435\\u0441\\u0430 \\u0440\\u0430\\u0437\\u0432\\u0438\\u0432\\u0430\\u0435\\u0442\\u0441\\u044f \\u0441 1999 \\u0433\\u043e\\u0434\\u0430, \\u043a\\u043e\\u0433\\u0434\\u0430 \\u043f\\u0435\\u0440\\u0432\\u044b\\u043c \\u0441\\u0435\\u0440\\u044c\\u0435\\u0437\\u043d\\u044b\\u043c \\u043f\\u0440\\u043e\\u0435\\u043a\\u0442\\u043e\\u043c \\u0441\\u0442\\u0430\\u043b\\u0430 \\u043e\\u0446\\u0435\\u043d\\u043a\\u0430 \\u0431\\u0438\\u0437\\u043d\\u0435\\u0441\\u0430 \\u0420\\u0430\\u043a\\u0435\\u0442\\u043d\\u043e-\\u043a\\u043e\\u0441\\u043c\\u0438\\u0447\\u0435\\u0441\\u043a\\u043e\\u0439 \\u043a\\u043e\\u0440\\u043f\\u043e\\u0440\\u0430\\u0446\\u0438\\u0438 \\\"\\u042d\\u043d\\u0435\\u0440\\u0433\\u0438\\u044f\\\". \\u041d\\u0430\\u043a\\u043e\\u043f\\u043b\\u0435\\u043d\\u043d\\u044b\\u0439 \\u043e\\u043f\\u044b\\u0442 \\u043f\\u043e\\u0437\\u0432\\u043e\\u043b\\u0438\\u043b \\u043d\\u0430\\u043c \\u0441\\u0444\\u043e\\u0440\\u043c\\u0438\\u0440\\u043e\\u0432\\u0430\\u0442\\u044c \\u043c\\u0435\\u0442\\u043e\\u0434\\u043e\\u043b\\u043e\\u0433\\u0438\\u0438, \\u043d\\u0430\\u0448\\u0435\\u0434\\u0448\\u0438\\u0435 \\u043f\\u0440\\u0438\\u0437\\u043d\\u0430\\u043d\\u0438\\u0435 \\u0432 \\u043e\\u0446\\u0435\\u043d\\u043e\\u0447\\u043d\\u043e\\u0439 \\u0438 \\u044d\\u043a\\u0441\\u043f\\u0435\\u0440\\u0442\\u043d\\u043e\\u0439 \\u0441\\u0440\\u0435\\u0434\\u0435 \\u0438 \\u0432\\u044b\\u0440\\u0430\\u0431\\u043e\\u0442\\u0430\\u0442\\u044c \\u0432\\u043d\\u0443\\u0442\\u0440\\u0438\\u0444\\u0438\\u0440\\u043c\\u0435\\u043d\\u043d\\u044b\\u0435 \\u0441\\u0442\\u0430\\u043d\\u0434\\u0430\\u0440\\u0442\\u044b \\u043e\\u0446\\u0435\\u043d\\u043a\\u0438 \\u0431\\u0438\\u0437\\u043d\\u0435\\u0441\\u0430, \\u043e\\u0441\\u043d\\u043e\\u0432\\u0430\\u043d\\u043d\\u044b\\u0435 \\u043d\\u0430 \\u043c\\u0435\\u0436\\u0434\\u0443\\u043d\\u0430\\u0440\\u043e\\u0434\\u043d\\u044b\\u0445 \\u0438 \\u0440\\u043e\\u0441\\u0441\\u0438\\u0439\\u0441\\u043a\\u0438\\u0445 \\u0441\\u0442\\u0430\\u043d\\u0434\\u0430\\u0440\\u0442\\u0430\\u0445. \\u041a\\u043e\\u043c\\u0430\\u043d\\u0434\\u0430 \\u044d\\u043a\\u0441\\u043f\\u0435\\u0440\\u0442\\u043e\\u0432 \\u043a\\u043e\\u043c\\u043f\\u0430\\u043d\\u0438\\u0438 \\u0438\\u043c\\u0435\\u044e\\u0442 \\u0443\\u043d\\u0438\\u043a\\u0430\\u043b\\u044c\\u043d\\u0443\\u044e \\u0438\\u043d\\u0444\\u043e\\u0440\\u043c\\u0430\\u0446\\u0438\\u043e\\u043d\\u043d\\u0443\\u044e \\u0431\\u0430\\u0437\\u0443 \\u0431\\u043b\\u0430\\u0433\\u043e\\u0434\\u0430\\u0440\\u044f \\u0441\\u043e\\u0442\\u0440\\u0443\\u0434\\u043d\\u0438\\u0447\\u0435\\u0441\\u0442\\u0432\\u0443 \\u0441 \\u0432\\u0435\\u0434\\u0443\\u0449\\u0438\\u043c\\u0438 \\u0420\\u043e\\u0441\\u0441\\u0438\\u0439\\u0441\\u043a\\u0438\\u043c\\u0438 \\u0438 \\u043c\\u0435\\u0436\\u0434\\u0443\\u043d\\u0430\\u0440\\u043e\\u0434\\u043d\\u044b\\u043c\\u0438 \\u043e\\u0440\\u0433\\u0430\\u043d\\u0438\\u0437\\u0430\\u0446\\u0438\\u044f\\u043c\\u0438, \\u0442\\u0430\\u043a\\u0438\\u043c\\u0438 \\u043a\\u0430\\u043a Bloomberg, Morningstar\\/Ibbotson, Shannon Pratt\'s Valuation, \\u0421\\u041a\\u0420\\u0418\\u041d \\u0438 \\u0442.\\u0434.<\\/p><p>\\u0425\\u043e\\u0440\\u043e\\u0448\\u0430\\u044f \\u043c\\u0435\\u0442\\u043e\\u0434\\u043e\\u043b\\u043e\\u0433\\u0438\\u0447\\u0435\\u0441\\u043a\\u0430\\u044f \\u0438 \\u0438\\u043d\\u0444\\u043e\\u0440\\u043c\\u0430\\u0446\\u0438\\u043e\\u043d\\u043d\\u0430\\u044f \\u043e\\u0431\\u0435\\u0441\\u043f\\u0435\\u0447\\u0435\\u043d\\u043d\\u043e\\u0441\\u0442\\u044c \\u0432 \\u0441\\u043e\\u0432\\u043e\\u043a\\u0443\\u043f\\u043d\\u043e\\u0441\\u0442\\u0438 \\u0441 \\u0433\\u043b\\u0443\\u0431\\u043e\\u043a\\u0438\\u043c \\u0437\\u043d\\u0430\\u043d\\u0438\\u0435\\u043c \\u043e\\u0442\\u0440\\u0430\\u0441\\u043b\\u0435\\u0432\\u043e\\u0439 \\u0441\\u043f\\u0435\\u0446\\u0438\\u0444\\u0438\\u043a\\u0438 \\u043f\\u043e\\u0437\\u0432\\u043e\\u043b\\u044f\\u0435\\u0442 \\u043d\\u0430\\u0448\\u0438\\u043c \\u0441\\u043f\\u0435\\u0446\\u0438\\u0430\\u043b\\u0438\\u0441\\u0442\\u0430\\u043c \\u0431\\u044b\\u0442\\u044c \\u043d\\u0430\\u0441\\u0442\\u043e\\u044f\\u0449\\u0438\\u043c\\u0438 \\u043f\\u0440\\u043e\\u0444\\u0435\\u0441\\u0441\\u0438\\u043e\\u043d\\u0430\\u043b\\u0430\\u043c\\u0438 \\u0432 \\u0440\\u0430\\u0431\\u043e\\u0442\\u0435 \\u0441 \\u043e\\u0441\\u043d\\u043e\\u0432\\u043d\\u044b\\u043c\\u0438 \\u0441\\u0435\\u043a\\u0442\\u043e\\u0440\\u0430\\u043c\\u0438 \\u0440\\u043e\\u0441\\u0441\\u0438\\u0439\\u0441\\u043a\\u043e\\u0439 \\u044d\\u043a\\u043e\\u043d\\u043e\\u043c\\u0438\\u043a\\u0438. \\u0412 \\u0430\\u043a\\u0442\\u0438\\u0432\\u0435 \\u043a\\u043e\\u043c\\u043f\\u0430\\u043d\\u0438\\u0438 \\u0438\\u043c\\u0435\\u0435\\u0442\\u0441\\u044f \\u0431\\u043e\\u043b\\u0435\\u0435 700 \\u0443\\u0441\\u043f\\u0435\\u0448\\u043d\\u043e \\u0437\\u0430\\u0432\\u0435\\u0440\\u0448\\u0435\\u043d\\u043d\\u044b\\u0445 \\u043f\\u0440\\u043e\\u0435\\u043a\\u0442\\u043e\\u0432 \\u043f\\u043e \\u043e\\u0446\\u0435\\u043d\\u043a\\u0435 \\u0431\\u0438\\u0437\\u043d\\u0435\\u0441\\u0430 \\u0432 \\u0440\\u0430\\u0437\\u043b\\u0438\\u0447\\u043d\\u044b\\u0445 \\u043e\\u0442\\u0440\\u0430\\u0441\\u043b\\u044f\\u0445. \\u041c\\u044b \\u043e\\u0431\\u043b\\u0430\\u0434\\u0430\\u0435\\u043c \\u043e\\u043f\\u044b\\u0442\\u043e\\u043c \\u043f\\u0440\\u043e\\u0432\\u0435\\u0434\\u0435\\u043d\\u0438\\u044f \\u043e\\u0446\\u0435\\u043d\\u043a\\u0438 \\u0431\\u0438\\u0437\\u043d\\u0435\\u0441\\u0430 \\u043d\\u0435 \\u0442\\u043e\\u043b\\u044c\\u043a\\u043e \\u0432 \\u0420\\u043e\\u0441\\u0441\\u0438\\u0438, \\u043d\\u043e \\u0442\\u0430\\u043a\\u0436\\u0435 \\u0432 \\u0442\\u0430\\u043a\\u0438\\u0445 \\u0441\\u0442\\u0440\\u0430\\u043d\\u0430\\u0445 \\u043a\\u0430\\u043a: \\u042e\\u0410\\u0420, \\u0418\\u0442\\u0430\\u043b\\u0438\\u0438, \\u041a\\u0430\\u0437\\u0430\\u0445\\u0441\\u0442\\u0430\\u043d\\u0435, \\u0411\\u0435\\u043b\\u043e\\u0440\\u0443\\u0441\\u0441\\u0438\\u0438, \\u0423\\u0437\\u0431\\u0435\\u043a\\u0438\\u0441\\u0442\\u0430\\u043d\\u0435 \\u0438 \\u0423\\u043a\\u0440\\u0430\\u0438\\u043d\\u0435.<\\/p>\",\"53\":\"\",\"38\":\"\",\"39\":\"\",\"40\":\"\",\"41\":\"\"}}', '2017-05-04 14:22:02', '2017-05-04 14:22:02', '2d94ef34-2f53-4f3e-92aa-bb4f9627f54c'),
 ('157', '164', '8', '1', 'ru', '1', '', '{\"typeId\":null,\"authorId\":\"1\",\"title\":\"\\u041e\\u0446\\u0435\\u043d\\u043a\\u0430 \\u0434\\u043b\\u044f \\u0446\\u0435\\u043b\\u0435\\u0439 \\u041c\\u0421\\u0424\\u041e\",\"slug\":\"\\u043e\\u0446\\u0435\\u043d\\u043a\\u0430-\\u0434\\u043b\\u044f-\\u0446\\u0435\\u043b\\u0435\\u0439-\\u043c\\u0441\\u0444\\u043e\",\"postDate\":1493907769,\"expiryDate\":null,\"enabled\":1,\"parentId\":\"29\",\"fields\":{\"36\":\"<p>\\u041e\\u0446\\u0435\\u043d\\u043a\\u0430 \\u0434\\u043b\\u044f \\u041c\\u0421\\u0424\\u041e \\u2013 \\u044d\\u0442\\u043e \\u043f\\u0440\\u043e\\u0446\\u0435\\u0434\\u0443\\u0440\\u0430, \\u0443\\u0441\\u0442\\u0430\\u043d\\u0430\\u0432\\u043b\\u0438\\u0432\\u0430\\u044e\\u0449\\u0430\\u044f \\u0441\\u0442\\u043e\\u0438\\u043c\\u043e\\u0441\\u0442\\u044c \\u0430\\u043a\\u0442\\u0438\\u0432\\u043e\\u0432 \\u0445\\u043e\\u0437\\u0441\\u0443\\u0431\\u044a\\u0435\\u043a\\u0442\\u0430 \\u043d\\u0430 \\u043e\\u0441\\u043d\\u043e\\u0432\\u0435 \\u043c\\u0435\\u0436\\u0434\\u0443\\u043d\\u0430\\u0440\\u043e\\u0434\\u043d\\u044b\\u0445 \\u0441\\u0442\\u0430\\u043d\\u0434\\u0430\\u0440\\u0442\\u043e\\u0432 \\u043e\\u0446\\u0435\\u043d\\u043a\\u0438 \\u0438 \\u0444\\u0438\\u043d\\u0430\\u043d\\u0441\\u043e\\u0432\\u043e\\u0439 \\u043e\\u0442\\u0447\\u0435\\u0442\\u043d\\u043e\\u0441\\u0442\\u0438. \\u041e\\u0446\\u0435\\u043d\\u043a\\u0430 \\u0434\\u043b\\u044f \\u0446\\u0435\\u043b\\u0435\\u0439 \\u041c\\u0421\\u0424\\u041e \\u0432\\u0430\\u0436\\u043d\\u044b\\u0439 \\u0444\\u0430\\u043a\\u0442\\u043e\\u0440, \\u0432\\u043b\\u0438\\u044f\\u044e\\u0449\\u0438\\u0439 \\u043d\\u0430 \\u0434\\u043e\\u0441\\u0442\\u043e\\u0432\\u0435\\u0440\\u043d\\u043e\\u0441\\u0442\\u044c \\u0438 \\u0442\\u043e\\u0447\\u043d\\u043e\\u0441\\u0442\\u044c \\u0444\\u0438\\u043d\\u0430\\u043d\\u0441\\u043e\\u0432\\u043e\\u0439 \\u043e\\u0442\\u0447\\u0435\\u0442\\u043d\\u043e\\u0441\\u0442\\u0438. \\u0414\\u043b\\u044f \\u043e\\u043f\\u0440\\u0435\\u0434\\u0435\\u043b\\u0435\\u043d\\u0438\\u044f \\u0441\\u0442\\u043e\\u0438\\u043c\\u043e\\u0441\\u0442\\u0438 \\u0438 \\u0438\\u0434\\u0435\\u043d\\u0442\\u0438\\u0444\\u0438\\u043a\\u0430\\u0446\\u0438\\u0438 \\u0430\\u043a\\u0442\\u0438\\u0432\\u043e\\u0432 \\u043a\\u043e\\u043c\\u043f\\u0430\\u043d\\u0438\\u0438 \\u043d\\u0435\\u043e\\u0431\\u0445\\u043e\\u0434\\u0438\\u043c\\u044b \\u0443\\u0441\\u043b\\u0443\\u0433\\u0438 \\u043f\\u0440\\u043e\\u0444\\u0435\\u0441\\u0441\\u0438\\u043e\\u043d\\u0430\\u043b\\u044c\\u043d\\u043e\\u0433\\u043e \\u043e\\u0446\\u0435\\u043d\\u0449\\u0438\\u043a\\u0430, \\u0437\\u043d\\u0430\\u044e\\u0449\\u0435\\u0433\\u043e \\u0441\\u0442\\u0430\\u043d\\u0434\\u0430\\u0440\\u0442\\u044b \\u041c\\u0421\\u0424\\u041e.<\\/p><p>\\u041e\\u0446\\u0435\\u043d\\u043a\\u0430 \\u0434\\u043b\\u044f \\u0446\\u0435\\u043b\\u0435\\u0439 \\u041c\\u0421\\u0424\\u041e \\u044f\\u0432\\u043b\\u044f\\u0435\\u0442\\u0441\\u044f \\u043e\\u0434\\u043d\\u043e\\u0439 \\u0438\\u0437 \\u043e\\u0442\\u0440\\u0430\\u0441\\u043b\\u0435\\u0432\\u044b\\u0445 \\u043f\\u0440\\u0430\\u043a\\u0442\\u0438\\u043a \\u043d\\u0430\\u0448\\u0435\\u0439 \\u041a\\u043e\\u043c\\u043f\\u0430\\u043d\\u0438\\u0438. \\u0412 \\u0440\\u0430\\u043c\\u043a\\u0430\\u0445 \\u043f\\u0440\\u043e\\u0432\\u0435\\u0434\\u0435\\u043d\\u0438\\u044f \\u0440\\u0430\\u0431\\u043e\\u0442 \\u043c\\u044b \\u0438\\u0441\\u043f\\u043e\\u043b\\u044c\\u0437\\u0443\\u0435\\u043c \\u0440\\u043e\\u0441\\u0441\\u0438\\u0439\\u0441\\u043a\\u0438\\u0439 \\u0438 \\u0437\\u0430\\u0440\\u0443\\u0431\\u0435\\u0436\\u043d\\u044b\\u0439 \\u043f\\u0440\\u0430\\u043a\\u0442\\u0438\\u0447\\u0435\\u0441\\u043a\\u0438\\u0439 \\u043e\\u043f\\u044b\\u0442. \\u0412 \\u043f\\u0440\\u043e\\u0435\\u043a\\u0442\\u0430\\u0445 \\u043f\\u043e \\u041c\\u0421\\u0424\\u041e \\u0437\\u0430\\u0434\\u0435\\u0439\\u0441\\u0442\\u0432\\u043e\\u0432\\u0430\\u043d\\u043e \\u0431\\u043e\\u043b\\u0435\\u0435 30 \\u0432\\u044b\\u0441\\u043e\\u043a\\u043e\\u043a\\u0432\\u0430\\u043b\\u0438\\u0444\\u0438\\u0446\\u0438\\u0440\\u043e\\u0432\\u0430\\u043d\\u043d\\u044b\\u0445 \\u0441\\u043f\\u0435\\u0446\\u0438\\u0430\\u043b\\u0438\\u0441\\u0442\\u043e\\u0432, \\u043f\\u0440\\u043e\\u0444\\u0435\\u0441\\u0441\\u0438\\u043e\\u043d\\u0430\\u043b\\u0438\\u0437\\u043c \\u043a\\u043e\\u0442\\u043e\\u0440\\u044b\\u0445 \\u043e\\u0431\\u0435\\u0441\\u043f\\u0435\\u0447\\u0435\\u043d \\u0433\\u043b\\u0443\\u0431\\u043e\\u043a\\u0438\\u043c \\u0437\\u043d\\u0430\\u043d\\u0438\\u0435\\u043c \\u0440\\u043e\\u0441\\u0441\\u0438\\u0439\\u0441\\u043a\\u043e\\u0439 \\u0434\\u0435\\u043b\\u043e\\u0432\\u043e\\u0439 \\u0441\\u0440\\u0435\\u0434\\u044b \\u0438 \\u0431\\u043e\\u043b\\u044c\\u0448\\u0438\\u043c \\u043e\\u043f\\u044b\\u0442\\u043e\\u043c \\u0440\\u0430\\u0431\\u043e\\u0442\\u044b \\u0432 \\u043e\\u0431\\u043b\\u0430\\u0441\\u0442\\u0438 \\u043e\\u0446\\u0435\\u043d\\u043a\\u0438.<\\/p><p>\\u041d\\u0430\\u0448\\u0430 \\u043a\\u043e\\u043c\\u043f\\u0430\\u043d\\u0438\\u044f \\u0437\\u0430\\u0441\\u043b\\u0443\\u0436\\u0435\\u043d\\u043d\\u043e \\u0432\\u0445\\u043e\\u0434\\u0438\\u0442 \\u0432 \\u0434\\u0435\\u0441\\u044f\\u0442\\u043a\\u0443 \\u043a\\u0440\\u0443\\u043f\\u043d\\u0435\\u0439\\u0448\\u0438\\u0445 \\u043e\\u0446\\u0435\\u043d\\u043e\\u0447\\u043d\\u044b\\u0445 \\u043a\\u043e\\u043c\\u043f\\u0430\\u043d\\u0438\\u0439 \\u043f\\u043e \\u043e\\u0431\\u044a\\u0435\\u043c\\u0443 \\u0432\\u044b\\u043f\\u043e\\u043b\\u043d\\u044f\\u0435\\u043c\\u044b\\u0445 \\u0440\\u0430\\u0431\\u043e\\u0442 \\u043f\\u043e \\u043f\\u0435\\u0440\\u0435\\u043e\\u0446\\u0435\\u043d\\u043a\\u0435 \\u0430\\u043a\\u0442\\u0438\\u0432\\u043e\\u0432, \\u043e\\u0441\\u043d\\u043e\\u0432\\u043d\\u044b\\u0445 \\u0441\\u0440\\u0435\\u0434\\u0441\\u0442\\u0432, \\u0432 \\u0442.\\u0447. \\u0432 \\u0446\\u0435\\u043b\\u044f\\u0445 \\u041c\\u0421\\u0424\\u041e. \\u041a\\u043e\\u043c\\u043f\\u0430\\u043d\\u0438\\u044f \\u043e\\u0431\\u043b\\u0430\\u0434\\u0430\\u0435\\u0442 \\u0431\\u043e\\u0433\\u0430\\u0442\\u044b\\u043c \\u043e\\u043f\\u044b\\u0442\\u043e\\u043c \\u0443\\u0441\\u043f\\u0435\\u0448\\u043d\\u043e\\u0433\\u043e \\u0441\\u043e\\u0442\\u0440\\u0443\\u0434\\u043d\\u0438\\u0447\\u0435\\u0441\\u0442\\u0432\\u0430 \\u0438 \\u0432\\u0437\\u0430\\u0438\\u043c\\u043e\\u0434\\u0435\\u0439\\u0441\\u0442\\u0432\\u0438\\u044f \\u0441 \\u0430\\u0443\\u0434\\u0438\\u0442\\u043e\\u0440\\u0441\\u043a\\u0438\\u043c\\u0438 \\u043a\\u043e\\u043c\\u043f\\u0430\\u043d\\u0438\\u044f\\u043c\\u0438 \\\"\\u0431\\u043e\\u043b\\u044c\\u0448\\u043e\\u0439 \\u0447\\u0435\\u0442\\u0432\\u0435\\u0440\\u043a\\u0438\\\" \\u043f\\u043e \\u0441\\u043e\\u0433\\u043b\\u0430\\u0441\\u043e\\u0432\\u0430\\u043d\\u0438\\u044e \\u043e\\u0442\\u0447\\u0435\\u0442\\u043e\\u0432, \\u0432\\u044b\\u043f\\u043e\\u043b\\u043d\\u0435\\u043d\\u043d\\u044b\\u0445 \\u0434\\u043b\\u044f \\u0446\\u0435\\u043b\\u0435\\u0439 \\u041c\\u0421\\u0424\\u041e \\u0432 \\u0440\\u0430\\u0437\\u043b\\u0438\\u0447\\u043d\\u044b\\u0445 \\u0441\\u0444\\u0435\\u0440\\u0430\\u0445 \\u044d\\u043a\\u043e\\u043d\\u043e\\u043c\\u0438\\u043a\\u0438.<\\/p>\",\"53\":\"\",\"38\":\"\",\"39\":\"\",\"40\":\"\",\"41\":\"\"}}', '2017-05-04 14:22:49', '2017-05-04 14:22:49', '1799d788-126e-4c03-a689-e2c91cfae270'),
 ('158', '165', '8', '1', 'ru', '1', '', '{\"typeId\":null,\"authorId\":\"1\",\"title\":\"\\u041e\\u0446\\u0435\\u043d\\u043a\\u0430 \\u043d\\u0435\\u043c\\u0430\\u0442\\u0435\\u0440\\u0438\\u0430\\u043b\\u044c\\u043d\\u044b\\u0445 \\u0430\\u043a\\u0442\\u0438\\u0432\\u043e\\u0432\",\"slug\":\"\\u043e\\u0446\\u0435\\u043d\\u043a\\u0430-\\u043d\\u0435\\u043c\\u0430\\u0442\\u0435\\u0440\\u0438\\u0430\\u043b\\u044c\\u043d\\u044b\\u0445-\\u0430\\u043a\\u0442\\u0438\\u0432\\u043e\\u0432\",\"postDate\":1493907793,\"expiryDate\":null,\"enabled\":1,\"parentId\":\"29\",\"fields\":{\"36\":\"<p>\\u041e\\u0446\\u0435\\u043d\\u043a\\u0430 \\u043d\\u0435\\u043c\\u0430\\u0442\\u0435\\u0440\\u0438\\u0430\\u043b\\u044c\\u043d\\u044b\\u0445 \\u0430\\u043a\\u0442\\u0438\\u0432\\u043e\\u0432 \\u2013 \\u044d\\u0442\\u043e \\u043e\\u0447\\u0435\\u043d\\u044c \\u0442\\u0440\\u0443\\u0434\\u043e\\u0435\\u043c\\u043a\\u0430\\u044f \\u043f\\u0440\\u043e\\u0446\\u0435\\u0434\\u0443\\u0440\\u0430, \\u043a\\u043e\\u0442\\u043e\\u0440\\u0430\\u044f \\u0442\\u0440\\u0435\\u0431\\u0443\\u0435\\u0442 \\u0431\\u043e\\u043b\\u044c\\u0448\\u043e\\u0433\\u043e \\u043e\\u043f\\u044b\\u0442\\u0430 \\u0438 \\u0432\\u044b\\u0441\\u043e\\u043a\\u043e\\u0439 \\u043a\\u0432\\u0430\\u043b\\u0438\\u0444\\u0438\\u043a\\u0430\\u0446\\u0438\\u0438 \\u0438\\u0441\\u043f\\u043e\\u043b\\u043d\\u0438\\u0442\\u0435\\u043b\\u044f, \\u043e\\u0434\\u043d\\u0430\\u043a\\u043e \\u0432\\u0430\\u0436\\u043d\\u043e\\u0441\\u0442\\u044c \\u043a\\u043e\\u043d\\u0442\\u0440\\u043e\\u043b\\u044f \\u0441\\u0442\\u043e\\u0438\\u043c\\u043e\\u0441\\u0442\\u0438 \\u043d\\u0435\\u043c\\u0430\\u0442\\u0435\\u0440\\u0438\\u0430\\u043b\\u044c\\u043d\\u044b\\u0445 \\u0430\\u043a\\u0442\\u0438\\u0432\\u043e\\u0432 \\u043f\\u0440\\u0435\\u0434\\u043f\\u0440\\u0438\\u044f\\u0442\\u0438\\u044f \\u0441 \\u0442\\u0435\\u0447\\u0435\\u043d\\u0438\\u0435\\u043c \\u0432\\u0440\\u0435\\u043c\\u0435\\u043d\\u0438 \\u0432\\u0441\\u0442\\u0430\\u0435\\u0442 \\u0432\\u0441\\u0451 \\u043e\\u0441\\u0442\\u0440\\u0435\\u0435. \\u0412 \\u043f\\u043e\\u0441\\u0442\\u0438\\u043d\\u0434\\u0443\\u0441\\u0442\\u0440\\u0438\\u0430\\u043b\\u044c\\u043d\\u0443\\u044e, \\u0438\\u043d\\u0444\\u043e\\u0440\\u043c\\u0430\\u0446\\u0438\\u043e\\u043d\\u043d\\u0443\\u044e \\u044d\\u043f\\u043e\\u0445\\u0443 \\u043d\\u0435\\u043c\\u0430\\u0442\\u0435\\u0440\\u0438\\u0430\\u043b\\u044c\\u043d\\u044b\\u0435 \\u0430\\u043a\\u0442\\u0438\\u0432\\u044b \\u0437\\u0430\\u0447\\u0430\\u0441\\u0442\\u0443\\u044e \\u0441\\u0442\\u0430\\u043d\\u043e\\u0432\\u044f\\u0442\\u0441\\u044f \\u043e\\u0434\\u043d\\u0438\\u043c\\u0438 \\u0438\\u0437 \\u043e\\u0441\\u043d\\u043e\\u0432\\u043d\\u044b\\u0445 \\u0430\\u043a\\u0442\\u0438\\u0432\\u043e\\u0432 \\u043c\\u043d\\u043e\\u0433\\u0438\\u0445 \\u043f\\u0440\\u0435\\u0434\\u043f\\u0440\\u0438\\u044f\\u0442\\u0438\\u0439.<\\/p><p>\\u0421\\u043f\\u0435\\u0446\\u0438\\u0430\\u043b\\u0438\\u0441\\u0442\\u044b \\u043a\\u043e\\u043c\\u043f\\u0430\\u043d\\u0438\\u0438 \\u043e\\u0431\\u043b\\u0430\\u0434\\u0430\\u044e\\u0442 \\u0443\\u043d\\u0438\\u043a\\u0430\\u043b\\u044c\\u043d\\u044b\\u043c \\u043e\\u043f\\u044b\\u0442\\u043e\\u043c \\u0432 \\u043f\\u0440\\u043e\\u0432\\u0435\\u0434\\u0435\\u043d\\u0438\\u0438 \\u0440\\u0430\\u0431\\u043e\\u0442 \\u043f\\u043e \\u043e\\u0446\\u0435\\u043d\\u043a\\u0435 \\u043d\\u0435\\u043c\\u0430\\u0442\\u0435\\u0440\\u0438\\u0430\\u043b\\u044c\\u043d\\u044b\\u0445 \\u0430\\u043a\\u0442\\u0438\\u0432\\u043e\\u0432 \\u0438 \\u0438\\u043d\\u0442\\u0435\\u043b\\u043b\\u0435\\u043a\\u0442\\u0443\\u0430\\u043b\\u044c\\u043d\\u043e\\u0439 \\u0441\\u043e\\u0431\\u0441\\u0442\\u0432\\u0435\\u043d\\u043d\\u043e\\u0441\\u0442\\u0438. \\u0421 \\u043d\\u0430\\u0448\\u0435\\u0439 \\u043f\\u043e\\u043c\\u043e\\u0449\\u044c\\u044e \\u043a\\u043b\\u0438\\u0435\\u043d\\u0442 \\u043f\\u043e\\u043b\\u0443\\u0447\\u0430\\u0435\\u0442 \\u043f\\u043e\\u043b\\u043d\\u0443\\u044e \\u043a\\u0430\\u0440\\u0442\\u0438\\u043d\\u0443 \\u0446\\u0435\\u043d\\u043d\\u043e\\u0441\\u0442\\u0438 \\u043d\\u0435\\u043e\\u0441\\u044f\\u0437\\u0430\\u0435\\u043c\\u044b\\u0445 \\u0430\\u043a\\u0442\\u0438\\u0432\\u043e\\u0432 \\u0441\\u0432\\u043e\\u0435\\u0433\\u043e \\u0431\\u0438\\u0437\\u043d\\u0435\\u0441\\u0430, \\u0447\\u0442\\u043e \\u0434\\u0435\\u043b\\u0430\\u0435\\u0442 \\u0435\\u0433\\u043e \\u0431\\u043e\\u043b\\u0435\\u0435 \\u043e\\u0441\\u0432\\u0435\\u0434\\u043e\\u043c\\u043b\\u0435\\u043d\\u043d\\u044b\\u043c \\u043f\\u0440\\u0438 \\u043f\\u0440\\u0438\\u043d\\u044f\\u0442\\u0438\\u0438 \\u0443\\u043f\\u0440\\u0430\\u0432\\u043b\\u0435\\u043d\\u0447\\u0435\\u0441\\u043a\\u0438\\u0445 \\u0440\\u0435\\u0448\\u0435\\u043d\\u0438\\u0439 \\u0438 \\u043f\\u043e\\u043b\\u0443\\u0447\\u0430\\u0442\\u044c \\u0431\\u043e\\u043b\\u0435\\u0435 \\u043f\\u043e\\u043b\\u043d\\u044b\\u0439 \\u044d\\u0444\\u0444\\u0435\\u043a\\u0442 \\u043e\\u0442 \\u043e\\u043f\\u0435\\u0440\\u0438\\u0440\\u043e\\u0432\\u0430\\u043d\\u0438\\u044f \\u0438\\u043c\\u0435\\u044e\\u0449\\u0438\\u043c\\u0438\\u0441\\u044f \\u0443 \\u043d\\u0435\\u0433\\u043e \\u043d\\u0435\\u043c\\u0430\\u0442\\u0435\\u0440\\u0438\\u0430\\u043b\\u044c\\u043d\\u044b\\u043c\\u0438 \\u0430\\u043a\\u0442\\u0438\\u0432\\u0430\\u043c\\u0438. \\u041d\\u0430\\u0448\\u0430 \\u043a\\u043e\\u043c\\u043f\\u0430\\u043d\\u0438\\u044f \\u043d\\u0430\\u0440\\u0430\\u0431\\u043e\\u0442\\u0430\\u043b\\u0430 \\u0432\\u044b\\u0441\\u043e\\u043a\\u0443\\u044e \\u043a\\u043e\\u043c\\u043f\\u0435\\u0442\\u0435\\u043d\\u0446\\u0438\\u044e \\u0438 \\u0432\\u0445\\u043e\\u0434\\u0438\\u0442 \\u0432 \\u0434\\u0435\\u0441\\u044f\\u0442\\u043a\\u0443 \\u043a\\u0440\\u0443\\u043f\\u043d\\u0435\\u0439\\u0448\\u0438\\u0445 \\u043e\\u0446\\u0435\\u043d\\u043e\\u0447\\u043d\\u044b\\u0445 \\u043a\\u043e\\u043c\\u043f\\u0430\\u043d\\u0438\\u0439 \\u043f\\u043e \\u043e\\u0431\\u044a\\u0435\\u043c\\u0443 \\u0432\\u044b\\u043f\\u043e\\u043b\\u043d\\u0435\\u043d\\u043d\\u044b\\u0445 \\u0440\\u0430\\u0431\\u043e\\u0442 \\u043f\\u043e \\u043e\\u0446\\u0435\\u043d\\u043a\\u0435 \\u043d\\u0435\\u043c\\u0430\\u0442\\u0435\\u0440\\u0438\\u0430\\u043b\\u044c\\u043d\\u044b\\u0445 \\u0430\\u043a\\u0442\\u0438\\u0432\\u043e\\u0432 \\u0438 \\u0438\\u043d\\u0442\\u0435\\u043b\\u043b\\u0435\\u043a\\u0442\\u0443\\u0430\\u043b\\u044c\\u043d\\u043e\\u0439 \\u0441\\u043e\\u0431\\u0441\\u0442\\u0432\\u0435\\u043d\\u043d\\u043e\\u0441\\u0442\\u0438.&nbsp;<\\/p>\",\"53\":\"\",\"38\":\"\",\"39\":\"\",\"40\":\"\",\"41\":\"\"}}', '2017-05-04 14:23:14', '2017-05-04 14:23:14', 'dda45a1f-1905-461a-af64-9ec0e37be7c9'),
 ('159', '166', '8', '1', 'ru', '1', '', '{\"typeId\":null,\"authorId\":\"1\",\"title\":\"\\u041e\\u0446\\u0435\\u043d\\u043a\\u0430 \\u0438\\u043d\\u0432\\u0435\\u0441\\u0442\\u0438\\u0446\\u0438\\u043e\\u043d\\u043d\\u044b\\u0445 \\u043f\\u0440\\u043e\\u0435\\u043a\\u0442\\u043e\\u0432 \\/ \\u0438\\u043d\\u0432\\u0435\\u0441\\u0442\\u0438\\u0446\\u0438\\u043e\\u043d\\u043d\\u044b\\u0439 \\u043a\\u043e\\u043d\\u0441\\u0430\\u043b\\u0442\\u0438\\u043d\\u0433\",\"slug\":\"\\u043e\\u0446\\u0435\\u043d\\u043a\\u0430-\\u0438\\u043d\\u0432\\u0435\\u0441\\u0442\\u0438\\u0446\\u0438\\u043e\\u043d\\u043d\\u044b\\u0445-\\u043f\\u0440\\u043e\\u0435\\u043a\\u0442\\u043e\\u0432-\\u0438\\u043d\\u0432\\u0435\\u0441\\u0442\\u0438\\u0446\\u0438\\u043e\\u043d\\u043d\\u044b\\u0439-\\u043a\\u043e\\u043d\\u0441\\u0430\\u043b\\u0442\\u0438\\u043d\\u0433\",\"postDate\":1493907848,\"expiryDate\":null,\"enabled\":1,\"parentId\":\"29\",\"fields\":{\"36\":\"<p>\\u0418\\u043d\\u0432\\u0435\\u0441\\u0442\\u0438\\u0446\\u0438\\u043e\\u043d\\u043d\\u044b\\u0439 \\u043a\\u043e\\u043d\\u0441\\u0430\\u043b\\u0442\\u0438\\u043d\\u0433 \\u043d\\u0430\\u0438\\u0431\\u043e\\u043b\\u0435\\u0435 \\u0430\\u043a\\u0442\\u0443\\u0430\\u043b\\u0435\\u043d \\u0434\\u043b\\u044f \\u043a\\u043e\\u043c\\u043f\\u0430\\u043d\\u0438\\u0439, \\u043d\\u0430\\u0445\\u043e\\u0434\\u044f\\u0449\\u0438\\u0445\\u0441\\u044f \\u0432 \\u043f\\u0440\\u043e\\u0446\\u0435\\u0441\\u0441\\u0435 \\u043f\\u043e\\u0441\\u0442\\u043e\\u044f\\u043d\\u043d\\u043e\\u0433\\u043e \\u0440\\u0430\\u0437\\u0432\\u0438\\u0442\\u0438\\u044f, \\u043a\\u043e\\u0433\\u0434\\u0430 \\u0435\\u0441\\u0442\\u044c \\u043d\\u0435\\u043e\\u0431\\u0445\\u043e\\u0434\\u0438\\u043c\\u043e\\u0441\\u0442\\u044c \\u0432 \\u043f\\u0440\\u0438\\u0432\\u043b\\u0435\\u0447\\u0435\\u043d\\u0438\\u0438 \\u0438\\u043d\\u0432\\u0435\\u0441\\u0442\\u0438\\u0446\\u0438\\u0439, \\u0431\\u0435\\u0437 \\u043a\\u043e\\u0442\\u043e\\u0440\\u044b\\u0445 \\u043c\\u043e\\u0433\\u0443\\u0442 \\u0431\\u044b\\u0442\\u044c \\u0443\\u0442\\u0435\\u0440\\u044f\\u043d\\u044b \\u043a\\u043e\\u043d\\u043a\\u0443\\u0440\\u0435\\u043d\\u0442\\u043d\\u044b\\u0435 \\u043f\\u0440\\u0435\\u0438\\u043c\\u0443\\u0449\\u0435\\u0441\\u0442\\u0432\\u0430. \\u0412 \\u0440\\u0430\\u043c\\u043a\\u0430\\u0445 \\u043e\\u0446\\u0435\\u043d\\u043a\\u0438 \\u0438\\u043d\\u0432\\u0435\\u0441\\u0442\\u0438\\u0446\\u0438\\u043e\\u043d\\u043d\\u044b\\u0445 \\u043f\\u0440\\u043e\\u0435\\u043a\\u0442\\u043e\\u0432 \\u043e\\u043f\\u044b\\u0442\\u043d\\u044b\\u0435 \\u0441\\u043f\\u0435\\u0446\\u0438\\u0430\\u043b\\u0438\\u0441\\u0442\\u044b \\u043d\\u0430\\u0448\\u0435\\u0439 \\u043a\\u043e\\u043c\\u043f\\u0430\\u043d\\u0438\\u0438 \\u043f\\u043e\\u043c\\u043e\\u0433\\u0430\\u044e\\u0442 \\u043a\\u043b\\u0438\\u0435\\u043d\\u0442\\u0443 \\u0432\\u044b\\u044f\\u0432\\u0438\\u0442\\u044c \\u043a\\u043b\\u044e\\u0447\\u0435\\u0432\\u044b\\u0435 \\u0444\\u0430\\u043a\\u0442\\u043e\\u0440\\u044b, \\u043e\\u043f\\u0440\\u0435\\u0434\\u0435\\u043b\\u044f\\u044e\\u0449\\u0438\\u0435 \\u0438\\u0434\\u0435\\u044e \\u043f\\u0440\\u043e\\u0435\\u043a\\u0442\\u0430, \\u0441\\u043f\\u0440\\u043e\\u0433\\u043d\\u043e\\u0437\\u0438\\u0440\\u043e\\u0432\\u0430\\u0442\\u044c \\u0444\\u043e\\u0440\\u043c\\u0438\\u0440\\u043e\\u0432\\u0430\\u043d\\u0438\\u0435 \\u0441\\u043f\\u0440\\u043e\\u0441\\u0430 \\u0438 \\u043e\\u043f\\u0440\\u0435\\u0434\\u0435\\u043b\\u044f\\u0442\\u044c \\u043f\\u043e\\u0442\\u0435\\u043d\\u0446\\u0438\\u0430\\u043b\\u044c\\u043d\\u0443\\u044e \\u0435\\u043c\\u043a\\u043e\\u0441\\u0442\\u044c \\u0440\\u044b\\u043d\\u043a\\u0430, \\u0430 \\u0442\\u0430\\u043a\\u0436\\u0435 \\u043f\\u043e\\u0434\\u0433\\u043e\\u0442\\u043e\\u0432\\u0438\\u0442\\u044c \\u0434\\u0435\\u0442\\u0430\\u043b\\u044c\\u043d\\u0443\\u044e \\u0445\\u0430\\u0440\\u0430\\u043a\\u0442\\u0435\\u0440\\u0438\\u0441\\u0442\\u0438\\u043a\\u0443 \\u043f\\u0440\\u043e\\u0434\\u0443\\u043a\\u0442\\u0430 \\u0441 \\u0442\\u043e\\u0447\\u043a\\u0438 \\u0437\\u0440\\u0435\\u043d\\u0438\\u044f \\u0441\\u043e\\u043e\\u0442\\u0432\\u0435\\u0442\\u0441\\u0442\\u0432\\u0438\\u044f \\u043f\\u043e\\u0442\\u0440\\u0435\\u0431\\u043d\\u043e\\u0441\\u0442\\u044f\\u043c \\u043f\\u043e\\u0442\\u0435\\u043d\\u0446\\u0438\\u0430\\u043b\\u044c\\u043d\\u043e\\u0433\\u043e \\u043f\\u043e\\u043a\\u0443\\u043f\\u0430\\u0442\\u0435\\u043b\\u044f.<\\/p><p>\\u041f\\u043e\\u0442\\u0440\\u0435\\u0431\\u043d\\u043e\\u0441\\u0442\\u044c \\u0432\\u043e \\u0432\\u043d\\u0435\\u0448\\u043d\\u0435\\u043c \\u0441\\u043e\\u0432\\u0435\\u0442\\u043d\\u0438\\u043a\\u0435 \\u0443 \\u0441\\u0440\\u0435\\u0434\\u043d\\u0438\\u0445 \\u0438 \\u043a\\u0440\\u0443\\u043f\\u043d\\u044b\\u0445 \\u043a\\u043e\\u043c\\u043f\\u0430\\u043d\\u0438\\u0439 \\u0432\\u043e\\u0437\\u043d\\u0438\\u043a\\u0430\\u0435\\u0442 \\u043f\\u0440\\u0438 \\u043a\\u0430\\u0436\\u0434\\u043e\\u0439 \\u0437\\u043d\\u0430\\u0447\\u0438\\u043c\\u043e\\u0439 \\u0441\\u0434\\u0435\\u043b\\u043a\\u0435. \\u041f\\u043e \\u0441\\u0432\\u043e\\u0435\\u0439 \\u0441\\u0443\\u0442\\u0438, \\u043e\\u0446\\u0435\\u043d\\u043a\\u0430 \\u0441\\u0442\\u043e\\u0438\\u043c\\u043e\\u0441\\u0442\\u0438 \\u0438\\u043d\\u0432\\u0435\\u0441\\u0442\\u0438\\u0446\\u0438\\u043e\\u043d\\u043d\\u043e\\u0433\\u043e \\u043f\\u0440\\u043e\\u0435\\u043a\\u0442\\u0430 \\u0441\\u0432\\u043e\\u0434\\u0438\\u0442\\u0441\\u044f \\u043a \\u043f\\u043e\\u0441\\u0442\\u0440\\u043e\\u0435\\u043d\\u0438\\u044e \\u0433\\u0440\\u0430\\u043c\\u043e\\u0442\\u043d\\u043e\\u0439 \\u0438 \\u043e\\u0431\\u043e\\u0441\\u043d\\u043e\\u0432\\u0430\\u043d\\u043d\\u043e\\u0439 \\u0431\\u0438\\u0437\\u043d\\u0435\\u0441-\\u043c\\u043e\\u0434\\u0435\\u043b\\u0438 \\u0441 \\u0443\\u0447\\u0435\\u0442\\u043e\\u043c \\u043e\\u0433\\u0440\\u043e\\u043c\\u043d\\u043e\\u0433\\u043e \\u043a\\u043e\\u043b\\u0438\\u0447\\u0435\\u0441\\u0442\\u0432\\u0430 \\u0432\\u043b\\u0438\\u044f\\u044e\\u0449\\u0438\\u0445 \\u043d\\u0430 \\u043f\\u0440\\u043e\\u0435\\u043a\\u0442 \\u0444\\u0430\\u043a\\u0442\\u043e\\u0440\\u043e\\u0432 \\u0438 \\u0440\\u0430\\u0441\\u0447\\u0435\\u0442\\u043e\\u043c \\u043e\\u0441\\u043d\\u043e\\u0432\\u043d\\u044b\\u0445 \\u0444\\u0438\\u043d\\u0430\\u043d\\u0441\\u043e\\u0432\\u043e-\\u044d\\u043a\\u043e\\u043d\\u043e\\u043c\\u0438\\u0447\\u0435\\u0441\\u043a\\u0438\\u0445 \\u043f\\u043e\\u043a\\u0430\\u0437\\u0430\\u0442\\u0435\\u043b\\u0435\\u0439.<\\/p>\",\"53\":\"\",\"38\":\"\",\"39\":\"\",\"40\":\"\",\"41\":\"\"}}', '2017-05-04 14:24:08', '2017-05-04 14:24:08', '2cb2f298-70e6-4f9c-b03f-0b34b04cdfa8'),
 ('160', '167', '8', '1', 'ru', '1', '', '{\"typeId\":null,\"authorId\":\"1\",\"title\":\"\\u0424\\u0438\\u043d\\u0430\\u043d\\u0441\\u043e\\u0432\\u043e\\u0435 \\u043c\\u043e\\u0434\\u0435\\u043b\\u0438\\u0440\\u043e\\u0432\\u0430\\u043d\\u0438\\u0435\",\"slug\":\"\\u0444\\u0438\\u043d\\u0430\\u043d\\u0441\\u043e\\u0432\\u043e\\u0435-\\u043c\\u043e\\u0434\\u0435\\u043b\\u0438\\u0440\\u043e\\u0432\\u0430\\u043d\\u0438\\u0435\",\"postDate\":1493907871,\"expiryDate\":null,\"enabled\":1,\"parentId\":\"29\",\"fields\":{\"36\":\"<p>\\u0424\\u0438\\u043d\\u0430\\u043d\\u0441\\u043e\\u0432\\u043e\\u0435 \\u043c\\u043e\\u0434\\u0435\\u043b\\u0438\\u0440\\u043e\\u0432\\u0430\\u043d\\u0438\\u0435 \\u043f\\u043e\\u0437\\u0432\\u043e\\u043b\\u044f\\u0435\\u0442 \\u043f\\u0440\\u0435\\u0434\\u0443\\u0441\\u043c\\u043e\\u0442\\u0440\\u0435\\u0442\\u044c \\u0440\\u0438\\u0441\\u043a\\u0438, \\u043f\\u043e\\u0434\\u0433\\u043e\\u0442\\u043e\\u0432\\u0438\\u0442\\u044c\\u0441\\u044f \\u043a \\u0432\\u043e\\u0437\\u043c\\u043e\\u0436\\u043d\\u044b\\u043c \\u0441\\u0446\\u0435\\u043d\\u0430\\u0440\\u0438\\u044f\\u043c \\u0440\\u0430\\u0437\\u0432\\u0438\\u0442\\u0438\\u044f \\u0441\\u0438\\u0442\\u0443\\u0430\\u0446\\u0438\\u0438, \\u043a\\u043e\\u043d\\u0442\\u0440\\u043e\\u043b\\u0438\\u0440\\u043e\\u0432\\u0430\\u0442\\u044c \\u0445\\u043e\\u0434 \\u0440\\u0435\\u0430\\u043b\\u0438\\u0437\\u0430\\u0446\\u0438\\u0438 \\u043f\\u0440\\u043e\\u0435\\u043a\\u0442\\u0430.<\\/p><p>\\u0420\\u0430\\u0437\\u043e\\u0432\\u043e\\u0435 \\u0436\\u0435 \\u043c\\u043e\\u0434\\u0435\\u043b\\u0438\\u0440\\u043e\\u0432\\u0430\\u043d\\u0438\\u0435, \\u043a\\u0430\\u043a \\u043f\\u0440\\u0430\\u0432\\u0438\\u043b\\u043e, \\u043f\\u0440\\u043e\\u0438\\u0437\\u0432\\u043e\\u0434\\u0438\\u0442\\u0441\\u044f \\u0434\\u043b\\u044f \\u043e\\u0446\\u0435\\u043d\\u043a\\u0438 \\u044d\\u0444\\u0444\\u0435\\u043a\\u0442\\u0438\\u0432\\u043d\\u043e\\u0441\\u0442\\u0438 \\u043e\\u0442\\u0434\\u0435\\u043b\\u044c\\u043d\\u044b\\u0445 \\u043f\\u0440\\u043e\\u0435\\u043a\\u0442\\u043e\\u0432. \\u041a\\u043e\\u0433\\u0434\\u0430 \\u0438\\u043d\\u0432\\u0435\\u0441\\u0442\\u0438\\u0446\\u0438\\u043e\\u043d\\u043d\\u044b\\u0439 \\u043f\\u0440\\u043e\\u0435\\u043a\\u0442 \\u0441\\u0442\\u0430\\u043d\\u043e\\u0432\\u0438\\u0442\\u0441\\u044f \\u0434\\u0435\\u0439\\u0441\\u0442\\u0432\\u0443\\u044e\\u0449\\u0438\\u043c \\u043f\\u0440\\u0435\\u0434\\u043f\\u0440\\u0438\\u044f\\u0442\\u0438\\u0435\\u043c, \\u0442\\u043e\\u0433\\u0434\\u0430 \\u0435\\u0433\\u043e \\u0444\\u0438\\u043d\\u0430\\u043d\\u0441\\u043e\\u0432\\u0430\\u044f \\u043c\\u043e\\u0434\\u0435\\u043b\\u044c \\u0438 \\u043f\\u043b\\u0430\\u043d\\u043e\\u0432\\u044b\\u0435 \\u0431\\u044e\\u0434\\u0436\\u0435\\u0442\\u044b \\u043f\\u0440\\u0438 \\u0434\\u043e\\u043f\\u043e\\u043b\\u043d\\u0438\\u0442\\u0435\\u043b\\u044c\\u043d\\u043e\\u0439 \\u0434\\u0435\\u0442\\u0430\\u043b\\u0438\\u0437\\u0430\\u0446\\u0438\\u0438 \\u0442\\u0440\\u0430\\u043d\\u0441\\u0444\\u043e\\u0440\\u043c\\u0438\\u0440\\u0443\\u044e\\u0442\\u0441\\u044f \\u0432 \\u0443\\u043f\\u0440\\u0430\\u0432\\u043b\\u0435\\u043d\\u0447\\u0435\\u0441\\u043a\\u0438\\u0435.<br>\\u041f\\u0440\\u0435\\u0434\\u043b\\u0430\\u0433\\u0430\\u0435\\u043c \\u0443\\u0441\\u043b\\u0443\\u0433\\u0438 \\u0444\\u0438\\u043d\\u0430\\u043d\\u0441\\u043e\\u0432\\u043e\\u0433\\u043e \\u043c\\u043e\\u0434\\u0435\\u043b\\u0438\\u0440\\u043e\\u0432\\u0430\\u043d\\u0438\\u044f \\u0440\\u0430\\u0437\\u043b\\u0438\\u0447\\u043d\\u043e\\u0433\\u043e \\u0443\\u0440\\u043e\\u0432\\u043d\\u044f \\u0441\\u043b\\u043e\\u0436\\u043d\\u043e\\u0441\\u0442\\u0438. \\u041f\\u0440\\u0435\\u0434\\u043e\\u0441\\u0442\\u0430\\u0432\\u0438\\u043c \\u0444\\u0438\\u043d\\u0430\\u043d\\u0441\\u043e\\u0432\\u0443\\u044e \\u043c\\u043e\\u0434\\u0435\\u043b\\u044c \\u0441\\u043e\\u043e\\u0442\\u0432\\u0435\\u0442\\u0441\\u0442\\u0432\\u0443\\u044e\\u0449\\u0443\\u044e \\u043c\\u0435\\u0436\\u0434\\u0443\\u043d\\u0430\\u0440\\u043e\\u0434\\u043d\\u044b\\u043c \\u0441\\u0442\\u0430\\u043d\\u0434\\u0430\\u0440\\u0442\\u0430\\u043c \\u043b\\u0438\\u0431\\u043e \\u0442\\u0440\\u0435\\u0431\\u043e\\u0432\\u0430\\u043d\\u0438\\u044f\\u043c \\u0432\\u0430\\u0448\\u0435\\u0433\\u043e \\u0431\\u0430\\u043d\\u043a\\u0430 \\u0438\\u043b\\u0438 \\u0438\\u043d\\u0432\\u0435\\u0441\\u0442\\u043e\\u0440\\u0430 \\u0432 \\u043c\\u0430\\u043a\\u0441\\u0438\\u043c\\u0430\\u043b\\u044c\\u043d\\u043e \\u0434\\u0435\\u0442\\u0430\\u043b\\u0438\\u0437\\u0438\\u0440\\u043e\\u0432\\u0430\\u043d\\u043d\\u043e\\u043c \\u0432\\u0438\\u0434\\u0435.<\\/p>\",\"53\":\"\",\"38\":\"\",\"39\":\"\",\"40\":\"\",\"41\":\"\"}}', '2017-05-04 14:24:31', '2017-05-04 14:24:31', '995e1908-b8be-4aec-a906-580e1a24178e');



DROP TABLE IF EXISTS `craft_fieldgroups`;


--
-- Schema for table `craft_fieldgroups`
--
CREATE TABLE `craft_fieldgroups` (
  `id` int(11) NOT NULL AUTO_INCREMENT,
  `name` varchar(255) COLLATE utf8_unicode_ci NOT NULL,
  `dateCreated` datetime NOT NULL,
  `dateUpdated` datetime NOT NULL,
  `uid` char(36) COLLATE utf8_unicode_ci NOT NULL DEFAULT '0',
  PRIMARY KEY (`id`),
  UNIQUE KEY `craft_fieldgroups_name_unq_idx` (`name`)
) ENGINE=InnoDB AUTO_INCREMENT=16 DEFAULT CHARSET=utf8 COLLATE=utf8_unicode_ci;

--
-- Data for table `craft_fieldgroups`
--

INSERT INTO `craft_fieldgroups` (`id`, `name`, `dateCreated`, `dateUpdated`, `uid`) VALUES
 ('1', 'Default', '2017-04-27 15:30:04', '2017-04-27 15:30:04', '50e4e79b-d654-486f-a273-8164d95b50f2'),
 ('2', 'Персоны', '2017-04-27 15:58:45', '2017-04-27 15:58:45', '38687ff0-8d0e-44d3-bc94-0c8577cf634d'),
 ('3', 'Контакты', '2017-04-27 16:59:01', '2017-04-27 16:59:01', 'b420c4f9-2cb5-40a5-98ef-3ca0ab3471b6'),
 ('4', 'Социальные сети', '2017-04-27 16:59:29', '2017-04-27 16:59:29', '0e69bee3-d226-44b3-9e1a-90028287f166'),
 ('5', 'Меню', '2017-04-27 22:03:20', '2017-04-27 22:03:20', '3633782b-1ff9-4e84-b078-a7bc8f58b124'),
 ('6', 'META', '2017-04-27 22:03:27', '2017-04-27 22:03:27', '89e9828d-c247-4c2e-80c2-3926ead7e20a'),
 ('7', 'Стиль записи', '2017-04-27 22:08:24', '2017-05-02 14:44:01', 'bd807b92-d544-47b6-a3fd-9bd34ed7172a'),
 ('8', 'Цитаты', '2017-04-28 09:25:00', '2017-04-28 09:25:00', '096a2542-0cdb-45e7-bee8-8bea8c82e3fa'),
 ('9', 'Проекты', '2017-04-28 09:32:25', '2017-04-28 09:32:25', '954511c3-fba3-4273-88d7-0c587e42d767'),
 ('10', 'Элемент в списках', '2017-04-28 09:52:53', '2017-04-28 09:56:05', '12b2fc2b-aadd-400d-9544-44ca4f3de272'),
 ('11', 'Отрасли', '2017-05-02 14:19:32', '2017-05-02 14:19:32', '9ba524f1-51d8-4652-a7c8-9d3a666a2a0c'),
 ('12', 'Услуги', '2017-05-02 14:20:20', '2017-05-02 14:20:20', 'd9d65414-57f7-468b-b585-0e937d847bd7'),
 ('13', 'Связанное', '2017-05-02 14:26:08', '2017-05-02 14:26:08', '7252db8f-19ae-4954-a881-0cdc8a27293b'),
 ('14', 'Группы персон', '2017-05-03 10:43:07', '2017-05-03 10:43:07', '3b9bd375-e37a-4730-9dcb-bb0aab893b76'),
 ('15', 'Инфографика', '2017-05-04 10:46:16', '2017-05-04 10:46:16', '1756b1fe-6211-46c1-be47-0eabb67fcd11');



DROP TABLE IF EXISTS `craft_fieldlayoutfields`;


--
-- Schema for table `craft_fieldlayoutfields`
--
CREATE TABLE `craft_fieldlayoutfields` (
  `id` int(11) NOT NULL AUTO_INCREMENT,
  `layoutId` int(11) NOT NULL,
  `tabId` int(11) NOT NULL,
  `fieldId` int(11) NOT NULL,
  `required` tinyint(1) unsigned NOT NULL DEFAULT '0',
  `sortOrder` smallint(6) unsigned DEFAULT NULL,
  `dateCreated` datetime NOT NULL,
  `dateUpdated` datetime NOT NULL,
  `uid` char(36) COLLATE utf8_unicode_ci NOT NULL DEFAULT '0',
  PRIMARY KEY (`id`),
  UNIQUE KEY `craft_fieldlayoutfields_layoutId_fieldId_unq_idx` (`layoutId`,`fieldId`),
  KEY `craft_fieldlayoutfields_sortOrder_idx` (`sortOrder`),
  KEY `craft_fieldlayoutfields_tabId_fk` (`tabId`),
  KEY `craft_fieldlayoutfields_fieldId_fk` (`fieldId`)
) ENGINE=InnoDB AUTO_INCREMENT=178 DEFAULT CHARSET=utf8 COLLATE=utf8_unicode_ci;

--
-- Data for table `craft_fieldlayoutfields`
--

INSERT INTO `craft_fieldlayoutfields` (`id`, `layoutId`, `tabId`, `fieldId`, `required`, `sortOrder`, `dateCreated`, `dateUpdated`, `uid`) VALUES
 ('1', '3', '1', '1', '1', '1', '2017-04-27 15:30:05', '2017-04-27 15:30:05', 'b744fa69-b308-44e1-9166-b5123e2bc335'),
 ('25', '16', '10', '24', '0', '1', '2017-04-27 22:20:52', '2017-04-27 22:20:52', '31f21a87-526d-4234-845f-d004f2605019'),
 ('26', '16', '10', '23', '0', '2', '2017-04-27 22:20:52', '2017-04-27 22:20:52', '04aad86e-8141-4d49-a6e3-10346262bf57'),
 ('30', '20', '14', '25', '0', '1', '2017-04-27 22:23:33', '2017-04-27 22:23:33', '0109a600-3f07-46ee-9351-ab4a8c4fde0c'),
 ('31', '21', '15', '26', '0', '1', '2017-04-27 22:23:33', '2017-04-27 22:23:33', 'f1e57460-8d90-4103-a63c-7c4e20731040'),
 ('32', '22', '16', '27', '0', '1', '2017-04-27 22:23:34', '2017-04-27 22:23:34', '616f32bc-d298-4f80-9d38-4f97cb36cd86'),
 ('63', '35', '29', '1', '1', '1', '2017-04-28 10:02:01', '2017-04-28 10:02:01', '52d773ea-d13b-4944-86eb-6747b66a820e'),
 ('64', '35', '29', '2', '0', '2', '2017-04-28 10:02:01', '2017-04-28 10:02:01', '9848d113-15fc-4d01-bcc8-74793a87d2f5'),
 ('65', '35', '30', '33', '0', '1', '2017-04-28 10:02:01', '2017-04-28 10:02:01', '7f5d0697-e102-4ebe-8888-6f0b659b1531'),
 ('115', '45', '46', '4', '0', '1', '2017-05-03 10:51:24', '2017-05-03 10:51:24', '949e548c-af41-4c37-bc1e-2d3ab8e09ae9'),
 ('116', '45', '46', '5', '0', '2', '2017-05-03 10:51:24', '2017-05-03 10:51:24', '04717d25-24aa-4f25-9d0f-5a0bd15f886b'),
 ('117', '45', '46', '7', '0', '3', '2017-05-03 10:51:24', '2017-05-03 10:51:24', '95139c92-f385-4075-a68b-3374d1838bae'),
 ('118', '45', '46', '46', '0', '4', '2017-05-03 10:51:24', '2017-05-03 10:51:24', 'd4b94afd-58df-4929-b9c9-3adbffba2bf3'),
 ('119', '45', '46', '6', '0', '5', '2017-05-03 10:51:24', '2017-05-03 10:51:24', '19ab6364-9d53-4749-8112-e44588372949'),
 ('120', '45', '46', '3', '0', '6', '2017-05-03 10:51:24', '2017-05-03 10:51:24', '71d22cec-8ca5-4b99-9e8e-8705ee5c5be4'),
 ('121', '45', '46', '8', '0', '7', '2017-05-03 10:51:24', '2017-05-03 10:51:24', '38d99c9a-fc4b-44d4-ba30-f595cf1e5c20'),
 ('122', '45', '47', '12', '0', '1', '2017-05-03 10:51:24', '2017-05-03 10:51:24', 'b9dee111-7ada-4b1e-bf24-1cf16abd7360'),
 ('123', '45', '47', '13', '0', '2', '2017-05-03 10:51:24', '2017-05-03 10:51:24', 'a7b845a5-fdf2-40f1-adf1-7d67ba439098'),
 ('124', '45', '47', '15', '0', '3', '2017-05-03 10:51:24', '2017-05-03 10:51:24', '9baea7c9-dce7-4615-9954-7b01b99087c5'),
 ('125', '45', '47', '16', '0', '4', '2017-05-03 10:51:24', '2017-05-03 10:51:24', '3d629f43-76af-42ec-afe1-adc129ca03e4'),
 ('126', '45', '48', '9', '0', '1', '2017-05-03 10:51:24', '2017-05-03 10:51:24', '01a25302-2203-4cd6-ad05-3e6922aa40f3'),
 ('127', '45', '48', '11', '0', '2', '2017-05-03 10:51:24', '2017-05-03 10:51:24', '1fdeb1d2-da67-4d47-b816-89bad2d2b149'),
 ('128', '45', '48', '10', '0', '3', '2017-05-03 10:51:24', '2017-05-03 10:51:24', '561fddac-5cc9-4081-a7ad-200bd9924c9c'),
 ('129', '45', '49', '38', '0', '1', '2017-05-03 10:51:24', '2017-05-03 10:51:24', '3eae3d83-4f30-4290-b72b-157c35a676d8'),
 ('130', '45', '49', '37', '0', '2', '2017-05-03 10:51:24', '2017-05-03 10:51:24', '0898aa48-b3e2-4aaa-9e13-3f555f04d6aa'),
 ('131', '47', '50', '12', '0', '1', '2017-05-03 10:58:45', '2017-05-03 10:58:45', 'e9ea4786-682b-42d0-bc19-d84bad47f629'),
 ('132', '47', '50', '15', '0', '2', '2017-05-03 10:58:45', '2017-05-03 10:58:45', 'd3eee6e8-8e42-4f37-9a3e-1ea1bc8cbfde'),
 ('133', '47', '50', '16', '0', '3', '2017-05-03 10:58:45', '2017-05-03 10:58:45', '435bafe4-3690-469b-9702-3c3b2a73b0a1'),
 ('134', '53', '51', '45', '0', '1', '2017-05-04 10:50:13', '2017-05-04 10:50:13', '41955544-5dae-4d1b-b90b-e84979ecb9c8'),
 ('137', '57', '53', '29', '0', '1', '2017-05-04 10:55:40', '2017-05-04 10:55:40', '5d1140b0-7dc9-4e1f-8ff2-97feb319f2a8'),
 ('138', '57', '53', '50', '0', '2', '2017-05-04 10:55:40', '2017-05-04 10:55:40', '91de37f6-8e3a-42e4-b786-ad8bb612985e'),
 ('143', '59', '55', '47', '0', '1', '2017-05-04 10:58:11', '2017-05-04 10:58:11', '72dbe7b9-3ed1-4b63-ad4d-e3a278b49243'),
 ('144', '59', '55', '48', '0', '2', '2017-05-04 10:58:11', '2017-05-04 10:58:11', '0a3c5595-8852-41b6-9098-d348e18e4b04'),
 ('145', '59', '55', '49', '0', '3', '2017-05-04 10:58:11', '2017-05-04 10:58:11', 'b7e48dc1-1be0-4462-86d5-91d6e0f93922'),
 ('146', '59', '55', '52', '0', '4', '2017-05-04 10:58:11', '2017-05-04 10:58:11', 'd23da017-e655-432b-be20-82cdc73b3880'),
 ('152', '61', '58', '35', '0', '1', '2017-05-04 11:26:15', '2017-05-04 11:26:15', 'fd95894a-1efc-4f4d-a4e6-fbaaf645868e'),
 ('153', '61', '59', '37', '0', '1', '2017-05-04 11:26:15', '2017-05-04 11:26:15', '5d3378cb-149e-49d6-846c-45e41aaada97'),
 ('154', '61', '59', '39', '0', '2', '2017-05-04 11:26:15', '2017-05-04 11:26:15', 'ca395ee3-5a4c-4537-a0bb-033c1bb7185c'),
 ('155', '61', '59', '40', '0', '3', '2017-05-04 11:26:15', '2017-05-04 11:26:15', 'cd7b4a39-8adb-4f73-9b93-54c6e07485d9'),
 ('156', '61', '59', '41', '0', '4', '2017-05-04 11:26:15', '2017-05-04 11:26:15', 'ea35a947-250f-4e00-9adb-7b5ccac82410'),
 ('157', '61', '59', '53', '0', '5', '2017-05-04 11:26:15', '2017-05-04 11:26:15', 'e96bb96a-0b70-4e8a-b4c9-0f76283816ed'),
 ('165', '63', '62', '30', '0', '1', '2017-05-04 11:38:03', '2017-05-04 11:38:03', '3774fef6-d1be-4f7b-abef-978ad79e3c14'),
 ('166', '63', '62', '32', '0', '2', '2017-05-04 11:38:03', '2017-05-04 11:38:03', '65016f68-c724-4a63-b68e-665601100995'),
 ('167', '63', '62', '31', '0', '3', '2017-05-04 11:38:03', '2017-05-04 11:38:03', 'd10ef833-a619-4aa3-99cc-9456fb302c52'),
 ('168', '63', '62', '51', '0', '4', '2017-05-04 11:38:03', '2017-05-04 11:38:03', '4c59c1cd-5c3e-430d-a281-6dc5cec834e9'),
 ('169', '63', '63', '38', '0', '1', '2017-05-04 11:38:03', '2017-05-04 11:38:03', '079075d1-e34f-4b4c-ac85-74191934bc99'),
 ('170', '63', '63', '37', '0', '2', '2017-05-04 11:38:03', '2017-05-04 11:38:03', '4aad3454-f214-44f1-8d46-554e779f7582'),
 ('171', '63', '63', '39', '0', '3', '2017-05-04 11:38:03', '2017-05-04 11:38:03', '7cd979f0-582a-4c36-bd4e-af6181654d97'),
 ('172', '64', '64', '36', '0', '1', '2017-05-04 11:43:23', '2017-05-04 11:43:23', '91f4036b-3bbd-4cbe-9bb0-1bfca959edbd'),
 ('173', '64', '65', '53', '0', '1', '2017-05-04 11:43:23', '2017-05-04 11:43:23', '59bd81b1-aa02-4912-a57c-0b5ced3ab764'),
 ('174', '64', '65', '38', '0', '2', '2017-05-04 11:43:23', '2017-05-04 11:43:23', '8e43013f-0410-4994-b653-ff9ed4ca4089'),
 ('175', '64', '65', '39', '0', '3', '2017-05-04 11:43:23', '2017-05-04 11:43:23', '86d3e3fb-cf28-4118-bde2-768b7a4f6ddd'),
 ('176', '64', '65', '40', '0', '4', '2017-05-04 11:43:23', '2017-05-04 11:43:23', 'e323fe9c-2e88-4b0a-99d9-7441c7501424'),
 ('177', '64', '65', '41', '0', '5', '2017-05-04 11:43:23', '2017-05-04 11:43:23', '7df821fa-f12f-4c06-8e94-348b8520ad84');



DROP TABLE IF EXISTS `craft_fieldlayouts`;


--
-- Schema for table `craft_fieldlayouts`
--
CREATE TABLE `craft_fieldlayouts` (
  `id` int(11) NOT NULL AUTO_INCREMENT,
  `type` varchar(150) COLLATE utf8_unicode_ci NOT NULL,
  `dateCreated` datetime NOT NULL,
  `dateUpdated` datetime NOT NULL,
  `uid` char(36) COLLATE utf8_unicode_ci NOT NULL DEFAULT '0',
  PRIMARY KEY (`id`),
  KEY `craft_fieldlayouts_type_idx` (`type`)
) ENGINE=InnoDB AUTO_INCREMENT=65 DEFAULT CHARSET=utf8 COLLATE=utf8_unicode_ci;

--
-- Data for table `craft_fieldlayouts`
--

INSERT INTO `craft_fieldlayouts` (`id`, `type`, `dateCreated`, `dateUpdated`, `uid`) VALUES
 ('1', 'Tag', '2017-04-27 15:30:04', '2017-04-27 15:30:04', '14413ff4-0f4c-42b8-a2a8-f290ff947ce3'),
 ('3', 'Entry', '2017-04-27 15:30:05', '2017-04-27 15:30:05', '4775a0a1-506b-4917-baa8-e0111fef684e'),
 ('8', 'Category', '2017-04-27 16:05:29', '2017-04-27 16:05:29', '3d44c264-13e6-49ab-a61b-146397b0a18f'),
 ('16', 'Entry', '2017-04-27 22:20:52', '2017-04-27 22:20:52', 'b0a3eada-2eea-4d6d-8ceb-45d51e1a9f26'),
 ('20', 'MatrixBlock', '2017-04-27 22:23:33', '2017-04-27 22:23:33', '45d74a10-9703-4c75-b9f9-9d593f0837da'),
 ('21', 'MatrixBlock', '2017-04-27 22:23:33', '2017-04-27 22:23:33', '14fd5644-0a0f-4374-941b-09124331989e'),
 ('22', 'MatrixBlock', '2017-04-27 22:23:34', '2017-04-27 22:23:34', 'f4ce4204-87a2-490c-a91e-701027279edb'),
 ('31', 'Asset', '2017-04-28 09:48:56', '2017-04-28 09:48:56', 'b2c109ca-840b-438f-b928-70cfeb7dc10c'),
 ('32', 'Asset', '2017-04-28 09:50:46', '2017-04-28 09:50:46', 'bf06e2dc-956e-4138-a5b1-eb3ad8e9e78a'),
 ('35', 'Entry', '2017-04-28 10:02:01', '2017-04-28 10:02:01', 'bfd24c3d-c6fe-4ffc-bc19-305a4f5bd7a6'),
 ('36', 'Entry', '2017-04-28 11:25:37', '2017-04-28 11:25:37', 'cb07341c-28ee-4c3a-af15-fd1932c995b2'),
 ('45', 'Entry', '2017-05-03 10:51:24', '2017-05-03 10:51:24', '812ac3c3-d09b-4e3a-8afa-8228872b0334'),
 ('47', 'GlobalSet', '2017-05-03 10:58:45', '2017-05-03 10:58:45', 'f3d69d6f-ddb7-4cf0-b943-86369e285fed'),
 ('49', 'Navee_Node', '2017-05-03 13:00:49', '2017-05-03 13:00:49', '03e46bd2-90cc-4c4f-9fdd-1b2aa09fb52c'),
 ('50', 'Navee_Node', '2017-05-03 13:23:38', '2017-05-03 13:23:38', '23ace52d-2f88-442c-a165-a5c805140f42'),
 ('52', 'Category', '2017-05-04 10:49:42', '2017-05-04 10:49:42', '5bee60ec-41c3-4bfb-8c4e-70fb86502cdd'),
 ('53', 'Category', '2017-05-04 10:50:13', '2017-05-04 10:50:13', 'fc0bef78-7bf1-4684-a524-89602a7cfce3'),
 ('54', 'Category', '2017-05-04 10:51:16', '2017-05-04 10:51:16', 'ce0a96c2-90ca-4d2a-bf17-e1359282b743'),
 ('55', 'Category', '2017-05-04 10:51:50', '2017-05-04 10:51:50', '8cb23fdc-4201-4365-81a5-0adbcaa2798b'),
 ('57', 'Entry', '2017-05-04 10:55:40', '2017-05-04 10:55:40', 'dd777c6f-8132-423b-a514-22b60a881186'),
 ('59', 'Entry', '2017-05-04 10:58:11', '2017-05-04 10:58:11', '84344a24-8984-42af-af1c-f917577b56fc'),
 ('61', 'Entry', '2017-05-04 11:26:15', '2017-05-04 11:26:15', '0b1e82d3-caf6-4da3-be32-29cf8f86800a'),
 ('63', 'Entry', '2017-05-04 11:38:03', '2017-05-04 11:38:03', '7616eb73-29aa-411f-9956-4586eb99e038'),
 ('64', 'Entry', '2017-05-04 11:43:23', '2017-05-04 11:43:23', '4f1ae976-c1d5-42f0-b179-c7028cb4b125');



DROP TABLE IF EXISTS `craft_fieldlayouttabs`;


--
-- Schema for table `craft_fieldlayouttabs`
--
CREATE TABLE `craft_fieldlayouttabs` (
  `id` int(11) NOT NULL AUTO_INCREMENT,
  `layoutId` int(11) NOT NULL,
  `name` varchar(255) COLLATE utf8_unicode_ci NOT NULL,
  `sortOrder` smallint(6) unsigned DEFAULT NULL,
  `dateCreated` datetime NOT NULL,
  `dateUpdated` datetime NOT NULL,
  `uid` char(36) COLLATE utf8_unicode_ci NOT NULL DEFAULT '0',
  PRIMARY KEY (`id`),
  KEY `craft_fieldlayouttabs_sortOrder_idx` (`sortOrder`),
  KEY `craft_fieldlayouttabs_layoutId_fk` (`layoutId`)
) ENGINE=InnoDB AUTO_INCREMENT=66 DEFAULT CHARSET=utf8 COLLATE=utf8_unicode_ci;

--
-- Data for table `craft_fieldlayouttabs`
--

INSERT INTO `craft_fieldlayouttabs` (`id`, `layoutId`, `name`, `sortOrder`, `dateCreated`, `dateUpdated`, `uid`) VALUES
 ('1', '3', 'Content', '1', '2017-04-27 15:30:05', '2017-04-27 15:30:05', 'f7a55dae-37a2-4095-95af-5c9fd25998e2'),
 ('10', '16', 'Меню', '1', '2017-04-27 22:20:52', '2017-04-27 22:20:52', '496c8b82-eb4e-4d4e-b691-c15d454a99b6'),
 ('14', '20', 'Content', '1', '2017-04-27 22:23:33', '2017-04-27 22:23:33', '593e9e71-04b2-4a7e-84e7-a1894deb2c07'),
 ('15', '21', 'Content', '1', '2017-04-27 22:23:33', '2017-04-27 22:23:33', '63753dcd-6836-4056-95c4-148771b26ae1'),
 ('16', '22', 'Content', '1', '2017-04-27 22:23:34', '2017-04-27 22:23:34', 'e6c5f8c6-da9b-4ff8-83d4-1a3c1bdde96e'),
 ('29', '35', 'Content', '1', '2017-04-28 10:02:01', '2017-04-28 10:02:01', '178c06a9-03a6-4ea3-b2c7-9874d465a9a3'),
 ('30', '35', 'Элемент в списках', '2', '2017-04-28 10:02:01', '2017-04-28 10:02:01', 'b221a179-01b6-4276-bfab-b05717d5a634'),
 ('46', '45', 'Персоны', '1', '2017-05-03 10:51:24', '2017-05-03 10:51:24', '101e2678-a821-4965-8b8b-7fd1091b04fb'),
 ('47', '45', 'Контакты', '2', '2017-05-03 10:51:24', '2017-05-03 10:51:24', '71d86c54-4da1-4276-8ec4-be6ca9ac5cf3'),
 ('48', '45', 'Социальные сети', '3', '2017-05-03 10:51:24', '2017-05-03 10:51:24', '77a5583a-99c2-4d3a-b1ef-2dfd67150ee2'),
 ('49', '45', 'Связанное', '4', '2017-05-03 10:51:24', '2017-05-03 10:51:24', '5188fb83-4c8f-4fb2-92c1-d2bb1becfe6b'),
 ('50', '47', 'Контент', '1', '2017-05-03 10:58:45', '2017-05-03 10:58:45', '59dbf4b6-4fc3-4ee7-a322-ce887a0375a0'),
 ('51', '53', 'Группы персон', '1', '2017-05-04 10:50:13', '2017-05-04 10:50:13', '1912b375-6aa5-4653-9740-9922a6f49ced'),
 ('53', '57', 'Цитаты', '1', '2017-05-04 10:55:40', '2017-05-04 10:55:40', '05f6e743-32b6-4b67-80d1-4123564fdb5e'),
 ('55', '59', 'Инфографика', '1', '2017-05-04 10:58:11', '2017-05-04 10:58:11', 'cbc7afb4-f5e7-4bcd-bf19-f6bfffd75429'),
 ('58', '61', 'Отрасли', '1', '2017-05-04 11:26:15', '2017-05-04 11:26:15', '0b8b9d58-1c3a-45dc-9a3a-e3cbd64b24ad'),
 ('59', '61', 'Связанное', '2', '2017-05-04 11:26:15', '2017-05-04 11:26:15', 'd645dcbf-3f01-4e0f-b438-456d92619f09'),
 ('62', '63', 'Проекты', '1', '2017-05-04 11:38:03', '2017-05-04 11:38:03', 'bda5368e-3be9-44bd-9f42-dcea0792a987'),
 ('63', '63', 'Связанное', '2', '2017-05-04 11:38:03', '2017-05-04 11:38:03', '5aab72ad-377f-437c-bf65-c32323c40308'),
 ('64', '64', 'Услуги', '1', '2017-05-04 11:43:23', '2017-05-04 11:43:23', 'a002dbeb-4eb5-4aa0-838d-272a86db779c'),
 ('65', '64', 'Связанное', '2', '2017-05-04 11:43:23', '2017-05-04 11:43:23', '0edc4cda-309f-43f1-9d45-5bf7a54ea196');



DROP TABLE IF EXISTS `craft_fields`;


--
-- Schema for table `craft_fields`
--
CREATE TABLE `craft_fields` (
  `id` int(11) NOT NULL AUTO_INCREMENT,
  `groupId` int(11) DEFAULT NULL,
  `name` varchar(255) COLLATE utf8_unicode_ci NOT NULL,
  `handle` varchar(58) COLLATE utf8_unicode_ci NOT NULL,
  `context` varchar(255) COLLATE utf8_unicode_ci NOT NULL DEFAULT 'global',
  `instructions` text COLLATE utf8_unicode_ci,
  `translatable` tinyint(1) unsigned NOT NULL DEFAULT '0',
  `type` varchar(150) COLLATE utf8_unicode_ci NOT NULL,
  `settings` text COLLATE utf8_unicode_ci,
  `dateCreated` datetime NOT NULL,
  `dateUpdated` datetime NOT NULL,
  `uid` char(36) COLLATE utf8_unicode_ci NOT NULL DEFAULT '0',
  PRIMARY KEY (`id`),
  UNIQUE KEY `craft_fields_handle_context_unq_idx` (`handle`,`context`),
  KEY `craft_fields_context_idx` (`context`),
  KEY `craft_fields_groupId_fk` (`groupId`)
) ENGINE=InnoDB AUTO_INCREMENT=54 DEFAULT CHARSET=utf8 COLLATE=utf8_unicode_ci;

--
-- Data for table `craft_fields`
--

INSERT INTO `craft_fields` (`id`, `groupId`, `name`, `handle`, `context`, `instructions`, `translatable`, `type`, `settings`, `dateCreated`, `dateUpdated`, `uid`) VALUES
 ('1', '1', 'Body', 'body', 'global', NULL, '1', 'RichText', '{\"configFile\":\"Standard.json\",\"columnType\":\"text\"}', '2017-04-27 15:30:04', '2017-04-27 15:30:04', 'a5ead197-313e-4f9d-9c67-88205dca5afa'),
 ('2', '1', 'Tags', 'tags', 'global', NULL, '0', 'Tags', '{\"source\":\"taggroup:1\"}', '2017-04-27 15:30:04', '2017-04-27 15:30:04', 'a1b0fe0c-dca5-4320-9375-9d9ac988ce96'),
 ('3', '2', 'Фотография', 'personPhoto', 'global', '', '0', 'Assets', '{\"useSingleFolder\":\"\",\"defaultUploadLocationSubpath\":\"\",\"singleUploadLocationSubpath\":\"\",\"restrictFiles\":\"\",\"targetLocale\":\"\",\"limit\":\"1\",\"viewMode\":\"large\",\"selectionLabel\":\"\"}', '2017-04-27 15:59:44', '2017-04-27 17:26:46', 'ffbf9f29-aa39-47a9-a4d7-2e6cc7a8e6c8'),
 ('4', '2', 'Имя', 'personFirstname', 'global', '', '1', 'PlainText', '{\"placeholder\":\"\",\"maxLength\":\"\",\"multiline\":\"\",\"initialRows\":\"4\"}', '2017-04-27 16:00:41', '2017-04-27 16:00:41', '60165420-6e23-4940-9929-f5321c54a1c8'),
 ('5', '2', 'Фамилия', 'personLastname', 'global', '', '1', 'PlainText', '{\"placeholder\":\"\",\"maxLength\":\"\",\"multiline\":\"\",\"initialRows\":\"4\"}', '2017-04-27 16:01:08', '2017-04-27 16:01:08', '623ab677-2e83-4aa0-9f38-eb4ec873f54b'),
 ('6', '2', 'Описание должности', 'personPosition', 'global', 'Член координационного совета, кандидат наук ...', '1', 'PlainText', '{\"placeholder\":\"\",\"maxLength\":\"\",\"multiline\":\"\",\"initialRows\":\"4\"}', '2017-04-27 16:01:54', '2017-05-03 10:48:43', '1af1778f-5e58-488e-88a6-cad967fc5dd3'),
 ('7', '2', 'Статус', 'personStatus', 'global', '', '0', 'Categories', '{\"source\":\"group:1\",\"targetLocale\":\"\",\"limit\":\"1\",\"selectionLabel\":\"\"}', '2017-04-27 16:16:42', '2017-04-27 16:25:46', '771ea783-4e3f-40aa-bff2-b412a2f8d0cc'),
 ('8', '2', 'Биография', 'personBio', 'global', '', '1', 'RichText', '{\"configFile\":\"\",\"availableAssetSources\":\"*\",\"availableTransforms\":\"*\",\"cleanupHtml\":\"1\",\"purifyHtml\":\"1\",\"purifierConfig\":\"\",\"columnType\":\"mediumtext\"}', '2017-04-27 16:58:51', '2017-04-27 16:58:51', '8d86475f-e2ca-4cf5-b920-c371a6486147'),
 ('9', '4', 'Facebook', 'facebook', 'global', '', '0', 'PlainText', '{\"placeholder\":\"\",\"maxLength\":\"\",\"multiline\":\"\",\"initialRows\":\"4\"}', '2017-04-27 16:59:49', '2017-04-27 16:59:49', 'f410cbaf-d0d6-43ac-a6b4-4b0d011ddec1'),
 ('10', '4', 'Twitter', 'twitter', 'global', '', '0', 'PlainText', '{\"placeholder\":\"\",\"maxLength\":\"\",\"multiline\":\"\",\"initialRows\":\"4\"}', '2017-04-27 17:00:00', '2017-04-27 17:00:00', 'a9715d8d-8538-4b2d-8816-e5c272072204'),
 ('11', '4', 'LinkedIn', 'linkedin', 'global', '', '0', 'PlainText', '{\"placeholder\":\"\",\"maxLength\":\"\",\"multiline\":\"\",\"initialRows\":\"4\"}', '2017-04-27 17:00:10', '2017-04-27 17:00:10', '6887f41b-8e4f-4050-b47e-e79615eb8641'),
 ('12', '3', 'E-mail', 'contactEmail', 'global', '', '0', 'PlainText', '{\"placeholder\":\"\",\"maxLength\":\"\",\"multiline\":\"\",\"initialRows\":\"4\"}', '2017-04-27 17:00:34', '2017-04-27 17:02:01', '4d70fee6-cd7d-4d98-9df6-85c0d4c5ac68'),
 ('13', '3', 'Skype', 'contactSkype', 'global', '', '0', 'PlainText', '{\"placeholder\":\"\",\"maxLength\":\"\",\"multiline\":\"\",\"initialRows\":\"4\"}', '2017-04-27 17:00:49', '2017-04-27 17:01:51', '96cb5f27-aa78-4339-8f13-e11a765cc474'),
 ('14', '3', 'Адрес', 'contactAddress', 'global', '', '1', 'PlainText', '{\"placeholder\":\"\",\"maxLength\":\"\",\"multiline\":\"\",\"initialRows\":\"4\"}', '2017-04-27 17:01:18', '2017-04-27 17:01:41', '7d1f329e-9757-4df2-b516-48cb1cfb1563'),
 ('15', '3', 'Телефон 1', 'contactTel1', 'global', '', '0', 'PlainText', '{\"placeholder\":\"\",\"maxLength\":\"\",\"multiline\":\"\",\"initialRows\":\"4\"}', '2017-04-27 17:02:39', '2017-04-27 17:03:50', '29755322-38ff-4606-b5f6-c994c2f62f83'),
 ('16', '3', 'Телефон 2', 'contactTel2', 'global', '', '0', 'PlainText', '{\"placeholder\":\"\",\"maxLength\":\"\",\"multiline\":\"\",\"initialRows\":\"4\"}', '2017-04-27 17:02:50', '2017-04-27 17:03:40', 'bf05a970-cdd8-4923-beba-27b5879ce1a3'),
 ('17', '3', 'Телефон 3', 'contactTel3', 'global', '', '0', 'PlainText', '{\"placeholder\":\"\",\"maxLength\":\"\",\"multiline\":\"\",\"initialRows\":\"4\"}', '2017-04-27 17:03:03', '2017-04-27 17:03:32', 'b345c9ec-d049-41c7-a65d-ad7d1616bcd0'),
 ('18', '3', 'Факс', 'contactFax', 'global', '', '0', 'PlainText', '{\"placeholder\":\"\",\"maxLength\":\"\",\"multiline\":\"\",\"initialRows\":\"4\"}', '2017-04-27 17:03:20', '2017-04-27 17:03:20', 'f26338d2-662c-4e56-82ec-71944b5225dc'),
 ('19', '3', 'Локация', 'contactLocation', 'global', '', '1', 'Dropdown', '{\"options\":[{\"label\":\"\\u041c\\u043e\\u0441\\u043a\\u0432\\u0430\",\"value\":\"Moscow\",\"default\":\"\"},{\"label\":\"\\u0421\\u0430\\u043d\\u043a\\u0442-\\u041f\\u0435\\u0442\\u0435\\u0440\\u0431\\u0443\\u0440\\u0433\",\"value\":\"Saint-Petersburg\",\"default\":\"\"},{\"label\":\"\\u041a\\u0430\\u0437\\u0430\\u043d\\u044c\",\"value\":\"Kazan\",\"default\":\"\"},{\"label\":\"\\u0422\\u0432\\u0435\\u0440\\u044c\",\"value\":\"Tver\",\"default\":\"\"},{\"label\":\"\\u041d\\u0438\\u0436\\u043d\\u0438\\u0439 \\u041d\\u043e\\u0432\\u0433\\u043e\\u0440\\u043e\\u0434\",\"value\":\"Nizhny Novgorod\",\"default\":\"\"}]}', '2017-04-27 17:06:48', '2017-04-27 17:06:48', 'a2d51161-6af6-4acc-b7c1-cc9b34d7a6c0'),
 ('20', '6', 'TITLE', 'metaTitle', 'global', '', '1', 'PlainText', '{\"placeholder\":\"\",\"maxLength\":\"255\",\"multiline\":\"\",\"initialRows\":\"4\"}', '2017-04-27 22:05:46', '2017-04-27 22:06:36', 'dfbba541-b773-4eb8-928f-6865cc1c829b'),
 ('21', '6', 'Keywords', 'metaKeywords', 'global', '', '1', 'PlainText', '{\"placeholder\":\"\",\"maxLength\":\"255\",\"multiline\":\"\",\"initialRows\":\"4\"}', '2017-04-27 22:06:13', '2017-04-27 22:07:15', 'b0ca63b7-bf90-44fc-b40c-43397b525d50'),
 ('22', '6', 'Description', 'metaDescription', 'global', '', '1', 'PlainText', '{\"placeholder\":\"\",\"maxLength\":\"500\",\"multiline\":\"\",\"initialRows\":\"4\"}', '2017-04-27 22:07:09', '2017-04-27 22:07:09', 'a93c9f61-a393-4b05-9e51-2ddaa8e8da43'),
 ('23', '5', 'Текст ссылки', 'menuText', 'global', '', '1', 'PlainText', '{\"placeholder\":\"\",\"maxLength\":\"\",\"multiline\":\"\",\"initialRows\":\"4\"}', '2017-04-27 22:09:57', '2017-04-27 22:09:57', 'd0aa239f-ebff-4a0e-a863-5fd1f747e4d2'),
 ('24', '5', 'Ссылка', 'menuItem', 'global', '', '1', 'Matrix', '{\"maxBlocks\":\"1\"}', '2017-04-27 22:18:49', '2017-04-27 22:23:33', '7b7ee76a-86df-4629-87ad-e9b403366951'),
 ('25', NULL, 'Категория', 'toCategory', 'matrixBlockType:1', '', '0', 'Categories', '{\"source\":\"group:1\",\"targetLocale\":\"\",\"limit\":\"\",\"selectionLabel\":\"\"}', '2017-04-27 22:18:50', '2017-04-27 22:23:33', '9ac4b640-f3f8-46d6-a860-651979d657f4'),
 ('26', NULL, 'Объект', 'toEntry', 'matrixBlockType:2', '', '0', 'Entries', '{\"sources\":\"*\",\"targetLocale\":\"\",\"limit\":\"\",\"selectionLabel\":\"\"}', '2017-04-27 22:18:51', '2017-04-27 22:23:33', 'fdf1de3f-e416-46b0-aee6-c5cdee0d7e31'),
 ('27', NULL, 'URL', 'toUrl', 'matrixBlockType:3', '', '0', 'PlainText', '{\"placeholder\":\"\",\"maxLength\":\"\",\"multiline\":\"\",\"initialRows\":\"4\"}', '2017-04-27 22:18:52', '2017-04-27 22:23:34', '25950ee4-e64b-4d88-be2c-4012fcab5d19'),
 ('28', '8', 'Автор', 'quoteAuthor', 'global', '', '1', 'PlainText', '{\"placeholder\":\"\",\"maxLength\":\"\",\"multiline\":\"\",\"initialRows\":\"4\"}', '2017-04-28 09:26:56', '2017-04-28 09:26:56', '80548792-72e3-4284-aff5-6218e282aa11'),
 ('29', '8', 'Текст цитаты', 'quoteText', 'global', '', '0', 'RichText', '{\"configFile\":\"\",\"availableAssetSources\":\"*\",\"availableTransforms\":\"*\",\"cleanupHtml\":\"1\",\"purifyHtml\":\"1\",\"purifierConfig\":\"\",\"columnType\":\"text\"}', '2017-04-28 09:27:19', '2017-04-28 09:27:19', '4f03378b-ba16-454c-a79e-b11abad26d68'),
 ('30', '9', 'Описание', 'projectDescription', 'global', '', '1', 'RichText', '{\"configFile\":\"\",\"availableAssetSources\":\"*\",\"availableTransforms\":\"*\",\"cleanupHtml\":\"1\",\"purifyHtml\":\"1\",\"purifierConfig\":\"\",\"columnType\":\"text\"}', '2017-04-28 09:33:42', '2017-04-28 09:35:06', 'cd62e22a-fa19-4be1-8aff-35ba87c1da97'),
 ('31', '9', 'Файл с описанием для загрузки', 'projectFile', 'global', '', '1', 'Assets', '{\"useSingleFolder\":\"\",\"defaultUploadLocationSubpath\":\"\",\"singleUploadLocationSubpath\":\"\",\"restrictFiles\":\"1\",\"allowedKinds\":[\"pdf\",\"powerpoint\",\"word\"],\"targetLocale\":\"\",\"limit\":\"1\",\"viewMode\":\"list\",\"selectionLabel\":\"\"}', '2017-04-28 09:35:00', '2017-04-28 09:35:00', '6a3b6a8b-cb26-48da-b4b6-b7014651ae50'),
 ('32', '9', 'Ссылка на публикацию', 'projectLink', 'global', '', '1', 'Entries', '{\"sources\":\"*\",\"targetLocale\":\"\",\"limit\":\"1\",\"selectionLabel\":\"\"}', '2017-04-28 09:36:33', '2017-04-28 09:36:33', 'be92b7d7-1dc7-4c7e-88cb-bffc3ea60ee3'),
 ('33', '10', 'Изображение карточки', 'cardPic', 'global', '', '0', 'Assets', '{\"useSingleFolder\":\"1\",\"sources\":[\"folder:2\"],\"defaultUploadLocationSource\":\"2\",\"defaultUploadLocationSubpath\":\"cards\",\"singleUploadLocationSource\":\"2\",\"singleUploadLocationSubpath\":\"design\",\"restrictFiles\":\"1\",\"allowedKinds\":[\"image\"],\"targetLocale\":\"\",\"limit\":\"1\",\"viewMode\":\"large\",\"selectionLabel\":\"\"}', '2017-04-28 09:55:29', '2017-04-28 09:56:14', 'ffe289b9-53a2-444f-b458-f827855beb17'),
 ('35', '11', 'Преамбула', 'branchDescription', 'global', '', '1', 'RichText', '{\"configFile\":\"\",\"availableAssetSources\":\"*\",\"availableTransforms\":\"*\",\"cleanupHtml\":\"1\",\"purifyHtml\":\"1\",\"purifierConfig\":\"\",\"columnType\":\"text\"}', '2017-05-02 14:20:12', '2017-05-02 14:21:04', '42c48bf1-2199-465c-8fa8-399b11f7a742'),
 ('36', '12', 'Преамбула', 'serviceDescription', 'global', '', '1', 'RichText', '{\"configFile\":\"Standard.json\",\"availableAssetSources\":\"*\",\"availableTransforms\":\"*\",\"cleanupHtml\":\"1\",\"purifyHtml\":\"1\",\"purifierConfig\":\"\",\"columnType\":\"text\"}', '2017-05-02 14:20:51', '2017-05-04 13:52:44', '461a1ffd-2a6a-4f8f-84b5-d786e281d188'),
 ('37', '13', 'Связанные услуги', 'relatedServices', 'global', '', '1', 'Entries', '{\"sources\":[\"section:8\"],\"targetLocale\":\"\",\"limit\":\"\",\"selectionLabel\":\"\"}', '2017-05-02 14:26:55', '2017-05-02 14:27:33', 'c2dc2894-6826-4321-b9ae-4c23d1508b3c'),
 ('38', '13', 'Связанные отрасли', 'relatedBranches', 'global', '', '1', 'Entries', '{\"sources\":[\"section:9\"],\"targetLocale\":\"\",\"limit\":\"\",\"selectionLabel\":\"\"}', '2017-05-02 14:27:22', '2017-05-02 14:27:22', 'f7a9a493-da89-4a95-bd15-d93b95b895e3'),
 ('39', '13', 'Связанные персоны', 'relatedPersons', 'global', '', '1', 'Entries', '{\"sources\":[\"section:3\"],\"targetLocale\":\"\",\"limit\":\"\",\"selectionLabel\":\"\"}', '2017-05-02 14:28:20', '2017-05-02 14:28:20', '09c435c5-588f-42d8-97c1-46d2d3e0099f'),
 ('40', '13', 'Связанные проекты', 'relatedProjects', 'global', '', '1', 'Entries', '{\"sources\":[\"section:6\"],\"targetLocale\":\"\",\"limit\":\"\",\"selectionLabel\":\"\"}', '2017-05-02 14:28:51', '2017-05-02 14:28:51', '7b455bb4-f0d4-4d19-a6ef-946ec1ae7088'),
 ('41', '13', 'Связанные цитаты', 'relatedQuotes', 'global', '', '1', 'Entries', '{\"sources\":[\"section:5\"],\"targetLocale\":\"\",\"limit\":\"\",\"selectionLabel\":\"\"}', '2017-05-02 14:29:20', '2017-05-02 14:29:20', 'b9db72b9-35f1-47f2-812d-2f256a3394fa'),
 ('42', '7', 'Пиктограмма основная', 'iconHeader', 'global', '', '0', 'SvgIcons', '{\"iconSets\":\"*\"}', '2017-05-02 14:43:28', '2017-05-02 14:43:28', '147508df-e032-4335-9025-190f63388395'),
 ('43', '7', 'Выравнивание пиктограммы', 'pictoAlign', 'global', '', '0', 'PositionSelect', '{\"options\":[\"left\",\"center\",\"right\",\"full\"]}', '2017-05-02 15:17:14', '2017-05-02 15:17:14', 'dd34014b-577f-4560-bfc6-025a51a3c0a8'),
 ('44', '7', 'Высота блока', 'blockHeight', 'global', '', '0', 'RadioButtons', '{\"options\":[{\"label\":\"\\u0421\\u0442\\u0430\\u043d\\u0434\\u0430\\u0440\\u0442\",\"value\":\"height--standart\",\"default\":\"1\"},{\"label\":\"\\u0411\\u043e\\u043b\\u044c\\u0448\\u0430\\u044f\",\"value\":\"height--big\",\"default\":\"\"},{\"label\":\"50% \\u0432\\u044b\\u0441\\u043e\\u0442\\u044b \\u044d\\u043a\\u0440\\u0430\\u043d\\u0430\",\"value\":\"height--50vh\",\"default\":\"\"},{\"label\":\"60% \\u0432\\u044b\\u0441\\u043e\\u0442\\u044b \\u044d\\u043a\\u0440\\u0430\\u043d\\u0430\",\"value\":\"height--60vh\",\"default\":\"\"},{\"label\":\"75% \\u0432\\u044b\\u0441\\u043e\\u0442\\u044b \\u044d\\u043a\\u0440\\u0430\\u043d\\u0430\",\"value\":\"height--75vh\",\"default\":\"\"}]}', '2017-05-02 15:19:55', '2017-05-02 15:19:55', 'b2d778e5-2884-4ee1-a5cd-814470f9003c'),
 ('45', '14', 'Именителльный падеж для Статуса', 'groupTeamStatus', 'global', '', '1', 'PlainText', '{\"placeholder\":\"\",\"maxLength\":\"\",\"multiline\":\"\",\"initialRows\":\"4\"}', '2017-05-03 10:44:06', '2017-05-03 10:44:39', 'b009ddb7-7900-4161-ac9d-0d1f5313c66a'),
 ('46', '2', 'Переопределение статуса', 'personStatusOver', 'global', 'Например, если нужно отобразить не Менеджер, а Главный Юрист', '1', 'PlainText', '{\"placeholder\":\"\",\"maxLength\":\"\",\"multiline\":\"\",\"initialRows\":\"4\"}', '2017-05-03 10:49:37', '2017-05-03 10:49:37', 'b6f6bd47-cf5e-4bdf-9710-2d347d4bd03d'),
 ('47', '15', 'Цифра', 'infogBig', 'global', '', '1', 'PlainText', '{\"placeholder\":\"\",\"maxLength\":\"16\",\"multiline\":\"\",\"initialRows\":\"4\"}', '2017-05-04 10:47:04', '2017-05-04 11:02:24', 'f0ad20e6-cf78-42b8-a568-0df60984a1d0'),
 ('48', '15', 'Описание', 'infogText', 'global', '', '1', 'PlainText', '{\"placeholder\":\"\",\"maxLength\":\"\",\"multiline\":\"\",\"initialRows\":\"4\"}', '2017-05-04 10:47:39', '2017-05-04 10:47:39', 'aa357b07-20ca-43c6-a244-e7135c761447'),
 ('49', '15', 'Иконка', 'infogIcon', 'global', '', '0', 'SvgIcons', '{\"iconSets\":\"*\"}', '2017-05-04 10:48:02', '2017-05-04 10:48:16', '9d45b48e-6db3-4a8e-a08f-db09260b1763'),
 ('50', '8', 'Категория', 'quoteCategory', 'global', '', '0', 'Categories', '{\"source\":\"group:5\",\"targetLocale\":\"\",\"limit\":\"\",\"selectionLabel\":\"\"}', '2017-05-04 10:53:23', '2017-05-04 10:53:23', '7b7d6dc6-0be3-41cc-98ae-8feace4de090'),
 ('51', '9', 'Категория', 'projectCategory', 'global', '', '0', 'Categories', '{\"source\":\"group:4\",\"targetLocale\":\"\",\"limit\":\"\",\"selectionLabel\":\"\"}', '2017-05-04 10:54:04', '2017-05-04 10:54:04', 'd5e896c7-7b28-41bf-ad8b-116baf8e7180'),
 ('52', '15', 'Категория', 'infogCategory', 'global', '', '0', 'Categories', '{\"source\":\"group:3\",\"targetLocale\":\"\",\"limit\":\"\",\"selectionLabel\":\"\"}', '2017-05-04 10:57:40', '2017-05-04 10:57:40', '404d9820-7b7b-4b3c-a734-4f2b8208eb78'),
 ('53', '13', 'Связанная инфографика', 'relatedInfogs', 'global', '', '0', 'Entries', '{\"sources\":[\"section:10\"],\"targetLocale\":\"\",\"limit\":\"\",\"selectionLabel\":\"\"}', '2017-05-04 11:25:49', '2017-05-04 11:25:49', '3e7cf49a-ef88-4537-9dab-4f9cf37b7ddc');



DROP TABLE IF EXISTS `craft_globalsets`;


--
-- Schema for table `craft_globalsets`
--
CREATE TABLE `craft_globalsets` (
  `id` int(11) NOT NULL,
  `name` varchar(255) COLLATE utf8_unicode_ci NOT NULL,
  `handle` varchar(255) COLLATE utf8_unicode_ci NOT NULL,
  `fieldLayoutId` int(10) DEFAULT NULL,
  `dateCreated` datetime NOT NULL,
  `dateUpdated` datetime NOT NULL,
  `uid` char(36) COLLATE utf8_unicode_ci NOT NULL DEFAULT '0',
  PRIMARY KEY (`id`),
  UNIQUE KEY `craft_globalsets_name_unq_idx` (`name`),
  UNIQUE KEY `craft_globalsets_handle_unq_idx` (`handle`),
  KEY `craft_globalsets_fieldLayoutId_fk` (`fieldLayoutId`)
) ENGINE=InnoDB DEFAULT CHARSET=utf8 COLLATE=utf8_unicode_ci;

--
-- Data for table `craft_globalsets`
--

INSERT INTO `craft_globalsets` (`id`, `name`, `handle`, `fieldLayoutId`, `dateCreated`, `dateUpdated`, `uid`) VALUES
 ('73', 'Контакты', 'globalContacts', '47', '2017-05-03 10:57:34', '2017-05-03 10:58:45', '12fbdc3e-80c7-47ef-b3a1-171dcb86b87f');



DROP TABLE IF EXISTS `craft_info`;


--
-- Schema for table `craft_info`
--
CREATE TABLE `craft_info` (
  `id` int(11) NOT NULL AUTO_INCREMENT,
  `version` varchar(50) COLLATE utf8_unicode_ci NOT NULL,
  `schemaVersion` varchar(15) COLLATE utf8_unicode_ci NOT NULL,
  `edition` tinyint(1) unsigned NOT NULL DEFAULT '0',
  `siteName` varchar(100) COLLATE utf8_unicode_ci NOT NULL,
  `siteUrl` varchar(255) COLLATE utf8_unicode_ci NOT NULL,
  `timezone` varchar(30) COLLATE utf8_unicode_ci DEFAULT NULL,
  `on` tinyint(1) unsigned NOT NULL DEFAULT '0',
  `maintenance` tinyint(1) unsigned NOT NULL DEFAULT '0',
  `dateCreated` datetime NOT NULL,
  `dateUpdated` datetime NOT NULL,
  `uid` char(36) COLLATE utf8_unicode_ci NOT NULL DEFAULT '0',
  PRIMARY KEY (`id`)
) ENGINE=InnoDB AUTO_INCREMENT=2 DEFAULT CHARSET=utf8 COLLATE=utf8_unicode_ci;

--
-- Data for table `craft_info`
--

INSERT INTO `craft_info` (`id`, `version`, `schemaVersion`, `edition`, `siteName`, `siteUrl`, `timezone`, `on`, `maintenance`, `dateCreated`, `dateUpdated`, `uid`) VALUES
 ('1', '2.6.2978', '2.6.9', '2', 'Бейкер Тилли Россия', 'http://bti2.dev', 'UTC', '1', '0', '2017-04-27 15:29:56', '2017-05-04 09:25:30', '4e2ee895-cbe9-47b6-972d-abeb691a17f2');



DROP TABLE IF EXISTS `craft_locales`;


--
-- Schema for table `craft_locales`
--
CREATE TABLE `craft_locales` (
  `locale` char(12) COLLATE utf8_unicode_ci NOT NULL,
  `sortOrder` smallint(6) unsigned DEFAULT NULL,
  `dateCreated` datetime NOT NULL,
  `dateUpdated` datetime NOT NULL,
  `uid` char(36) COLLATE utf8_unicode_ci NOT NULL DEFAULT '0',
  PRIMARY KEY (`locale`),
  KEY `craft_locales_sortOrder_idx` (`sortOrder`)
) ENGINE=InnoDB DEFAULT CHARSET=utf8 COLLATE=utf8_unicode_ci;

--
-- Data for table `craft_locales`
--

INSERT INTO `craft_locales` (`locale`, `sortOrder`, `dateCreated`, `dateUpdated`, `uid`) VALUES
 ('en_us', '2', '2017-04-27 15:38:54', '2017-04-27 15:38:54', 'b31edd95-8afd-4704-a210-84d7ac9ea834'),
 ('ru', '1', '2017-04-27 15:29:58', '2017-04-27 15:29:58', '717a3b5c-9803-41d2-b3c3-e16501880982');



DROP TABLE IF EXISTS `craft_matrixblocks`;


--
-- Schema for table `craft_matrixblocks`
--
CREATE TABLE `craft_matrixblocks` (
  `id` int(11) NOT NULL,
  `ownerId` int(11) NOT NULL,
  `fieldId` int(11) NOT NULL,
  `typeId` int(11) DEFAULT NULL,
  `sortOrder` smallint(6) unsigned DEFAULT NULL,
  `ownerLocale` char(12) COLLATE utf8_unicode_ci DEFAULT NULL,
  `dateCreated` datetime NOT NULL,
  `dateUpdated` datetime NOT NULL,
  `uid` char(36) COLLATE utf8_unicode_ci NOT NULL DEFAULT '0',
  PRIMARY KEY (`id`),
  KEY `craft_matrixblocks_ownerId_idx` (`ownerId`),
  KEY `craft_matrixblocks_fieldId_idx` (`fieldId`),
  KEY `craft_matrixblocks_typeId_idx` (`typeId`),
  KEY `craft_matrixblocks_sortOrder_idx` (`sortOrder`),
  KEY `craft_matrixblocks_ownerLocale_fk` (`ownerLocale`)
) ENGINE=InnoDB DEFAULT CHARSET=utf8 COLLATE=utf8_unicode_ci;

--
-- Data for table `craft_matrixblocks`
--

INSERT INTO `craft_matrixblocks` (`id`, `ownerId`, `fieldId`, `typeId`, `sortOrder`, `ownerLocale`, `dateCreated`, `dateUpdated`, `uid`) VALUES
 ('19', '18', '24', '2', '1', 'ru', '2017-04-27 22:24:30', '2017-04-27 22:24:30', '00e46692-ba7b-4330-9975-5bac4939597f');



DROP TABLE IF EXISTS `craft_matrixblocktypes`;


--
-- Schema for table `craft_matrixblocktypes`
--
CREATE TABLE `craft_matrixblocktypes` (
  `id` int(11) NOT NULL AUTO_INCREMENT,
  `fieldId` int(11) NOT NULL,
  `fieldLayoutId` int(11) DEFAULT NULL,
  `name` varchar(255) COLLATE utf8_unicode_ci NOT NULL,
  `handle` varchar(255) COLLATE utf8_unicode_ci NOT NULL,
  `sortOrder` smallint(6) unsigned DEFAULT NULL,
  `dateCreated` datetime NOT NULL,
  `dateUpdated` datetime NOT NULL,
  `uid` char(36) COLLATE utf8_unicode_ci NOT NULL DEFAULT '0',
  PRIMARY KEY (`id`),
  UNIQUE KEY `craft_matrixblocktypes_name_fieldId_unq_idx` (`name`,`fieldId`),
  UNIQUE KEY `craft_matrixblocktypes_handle_fieldId_unq_idx` (`handle`,`fieldId`),
  KEY `craft_matrixblocktypes_fieldId_fk` (`fieldId`),
  KEY `craft_matrixblocktypes_fieldLayoutId_fk` (`fieldLayoutId`)
) ENGINE=InnoDB AUTO_INCREMENT=4 DEFAULT CHARSET=utf8 COLLATE=utf8_unicode_ci;

--
-- Data for table `craft_matrixblocktypes`
--

INSERT INTO `craft_matrixblocktypes` (`id`, `fieldId`, `fieldLayoutId`, `name`, `handle`, `sortOrder`, `dateCreated`, `dateUpdated`, `uid`) VALUES
 ('1', '24', '20', 'Ссылка на Категорию', 'blockTypeCategoryLink', '1', '2017-04-27 22:18:50', '2017-04-27 22:23:33', 'ead1d667-8a48-48d2-bbe2-210cad39b278'),
 ('2', '24', '21', 'Ссылка на Объект', 'blockTypeEntryLink', '2', '2017-04-27 22:18:51', '2017-04-27 22:23:33', 'e1786bdb-fa5a-4145-9713-f7525db67841'),
 ('3', '24', '22', 'URL', 'blockTypeUrl', '3', '2017-04-27 22:18:51', '2017-04-27 22:23:34', '28b0ed4d-3c39-41c1-b939-72bcc841178e');



DROP TABLE IF EXISTS `craft_matrixcontent_menuitem`;


--
-- Schema for table `craft_matrixcontent_menuitem`
--
CREATE TABLE `craft_matrixcontent_menuitem` (
  `id` int(11) NOT NULL AUTO_INCREMENT,
  `elementId` int(11) NOT NULL,
  `locale` char(12) COLLATE utf8_unicode_ci NOT NULL,
  `field_blockTypeUrl_toUrl` text COLLATE utf8_unicode_ci,
  `dateCreated` datetime NOT NULL,
  `dateUpdated` datetime NOT NULL,
  `uid` char(36) COLLATE utf8_unicode_ci NOT NULL DEFAULT '0',
  PRIMARY KEY (`id`),
  UNIQUE KEY `craft_matrixcontent_menuitem_elementId_locale_unq_idx` (`elementId`,`locale`),
  KEY `craft_matrixcontent_menuitem_locale_fk` (`locale`)
) ENGINE=InnoDB AUTO_INCREMENT=2 DEFAULT CHARSET=utf8 COLLATE=utf8_unicode_ci;

--
-- Data for table `craft_matrixcontent_menuitem`
--

INSERT INTO `craft_matrixcontent_menuitem` (`id`, `elementId`, `locale`, `field_blockTypeUrl_toUrl`, `dateCreated`, `dateUpdated`, `uid`) VALUES
 ('1', '19', 'ru', NULL, '2017-04-27 22:24:30', '2017-04-27 22:24:30', '518bd578-e0d1-48c3-9cef-3d9702a6c52d');



DROP TABLE IF EXISTS `craft_migrations`;


--
-- Schema for table `craft_migrations`
--
CREATE TABLE `craft_migrations` (
  `id` int(11) NOT NULL AUTO_INCREMENT,
  `pluginId` int(11) DEFAULT NULL,
  `version` varchar(255) COLLATE utf8_unicode_ci NOT NULL,
  `applyTime` datetime NOT NULL,
  `dateCreated` datetime NOT NULL,
  `dateUpdated` datetime NOT NULL,
  `uid` char(36) COLLATE utf8_unicode_ci NOT NULL DEFAULT '0',
  PRIMARY KEY (`id`),
  UNIQUE KEY `craft_migrations_version_unq_idx` (`version`),
  KEY `craft_migrations_pluginId_fk` (`pluginId`)
) ENGINE=InnoDB AUTO_INCREMENT=40 DEFAULT CHARSET=utf8 COLLATE=utf8_unicode_ci;

--
-- Data for table `craft_migrations`
--

INSERT INTO `craft_migrations` (`id`, `pluginId`, `version`, `applyTime`, `dateCreated`, `dateUpdated`, `uid`) VALUES
 ('1', NULL, 'm000000_000000_base', '2017-04-27 15:29:57', '2017-04-27 15:29:57', '2017-04-27 15:29:57', 'a30f4846-9bc2-4f40-ae41-8073a3bdf1d9'),
 ('2', NULL, 'm140730_000001_add_filename_and_format_to_transformindex', '2017-04-27 15:29:57', '2017-04-27 15:29:57', '2017-04-27 15:29:57', 'c87f509c-9113-4c78-98cd-a061fa74881a'),
 ('3', NULL, 'm140815_000001_add_format_to_transforms', '2017-04-27 15:29:57', '2017-04-27 15:29:57', '2017-04-27 15:29:57', '6fb46b96-8f9a-414a-906f-fc94af32db10'),
 ('4', NULL, 'm140822_000001_allow_more_than_128_items_per_field', '2017-04-27 15:29:57', '2017-04-27 15:29:57', '2017-04-27 15:29:57', 'f310ef92-36a0-4d07-9953-8df8794b122b'),
 ('5', NULL, 'm140829_000001_single_title_formats', '2017-04-27 15:29:57', '2017-04-27 15:29:57', '2017-04-27 15:29:57', '42c0e366-1edd-4a1e-be4c-61038d7e5afb'),
 ('6', NULL, 'm140831_000001_extended_cache_keys', '2017-04-27 15:29:57', '2017-04-27 15:29:57', '2017-04-27 15:29:57', 'fc952d95-c277-41f3-a4f2-921babc3fcc2'),
 ('7', NULL, 'm140922_000001_delete_orphaned_matrix_blocks', '2017-04-27 15:29:57', '2017-04-27 15:29:57', '2017-04-27 15:29:57', 'f07af365-fbdb-437f-bf69-860a25172da0'),
 ('8', NULL, 'm141008_000001_elements_index_tune', '2017-04-27 15:29:57', '2017-04-27 15:29:57', '2017-04-27 15:29:57', '66fa14fb-f02a-41c8-885a-b3cfb1f37de9'),
 ('9', NULL, 'm141009_000001_assets_source_handle', '2017-04-27 15:29:57', '2017-04-27 15:29:57', '2017-04-27 15:29:57', 'f0aa527e-68ac-4f52-95f0-8e603f893b77'),
 ('10', NULL, 'm141024_000001_field_layout_tabs', '2017-04-27 15:29:57', '2017-04-27 15:29:57', '2017-04-27 15:29:57', '16426155-cd8e-4bd7-8297-da519f5d56e5'),
 ('11', NULL, 'm141030_000000_plugin_schema_versions', '2017-04-27 15:29:57', '2017-04-27 15:29:57', '2017-04-27 15:29:57', '8c4907f6-a7bc-4aa7-80a6-6f4634acd153'),
 ('12', NULL, 'm141030_000001_drop_structure_move_permission', '2017-04-27 15:29:57', '2017-04-27 15:29:57', '2017-04-27 15:29:57', '17d563d2-b1ff-4c1d-aaa3-b2919fd85004'),
 ('13', NULL, 'm141103_000001_tag_titles', '2017-04-27 15:29:57', '2017-04-27 15:29:57', '2017-04-27 15:29:57', '9b077ab6-e012-458b-aa53-820a1a3ecc14'),
 ('14', NULL, 'm141109_000001_user_status_shuffle', '2017-04-27 15:29:57', '2017-04-27 15:29:57', '2017-04-27 15:29:57', 'a4bd0743-0a5b-4942-a987-6314b1c20f5a'),
 ('15', NULL, 'm141126_000001_user_week_start_day', '2017-04-27 15:29:57', '2017-04-27 15:29:57', '2017-04-27 15:29:57', '3084e1a3-4649-4618-859d-00d6ad43b917'),
 ('16', NULL, 'm150210_000001_adjust_user_photo_size', '2017-04-27 15:29:57', '2017-04-27 15:29:57', '2017-04-27 15:29:57', '10d547f3-6389-4b54-8786-bbeb70d8bc6e'),
 ('17', NULL, 'm150724_000001_adjust_quality_settings', '2017-04-27 15:29:57', '2017-04-27 15:29:57', '2017-04-27 15:29:57', '4afe61e4-7ff8-4690-a46a-6c45109409af'),
 ('18', NULL, 'm150827_000000_element_index_settings', '2017-04-27 15:29:57', '2017-04-27 15:29:57', '2017-04-27 15:29:57', '9b1f8a95-7d1b-4ae0-8d21-4643adc4ff6a'),
 ('19', NULL, 'm150918_000001_add_colspan_to_widgets', '2017-04-27 15:29:57', '2017-04-27 15:29:57', '2017-04-27 15:29:57', 'bdde9cbb-ae46-4335-ade9-3ceae20201ad'),
 ('20', NULL, 'm151007_000000_clear_asset_caches', '2017-04-27 15:29:57', '2017-04-27 15:29:57', '2017-04-27 15:29:57', '9573c252-a7b7-45b8-a257-77b66f9b14f5'),
 ('21', NULL, 'm151109_000000_text_url_formats', '2017-04-27 15:29:57', '2017-04-27 15:29:57', '2017-04-27 15:29:57', '9706c049-4754-40f5-a46c-c66958dd9979'),
 ('22', NULL, 'm151110_000000_move_logo', '2017-04-27 15:29:57', '2017-04-27 15:29:57', '2017-04-27 15:29:57', '3bbf0f8e-ea7f-4c5b-86fc-f0de24fccd83'),
 ('23', NULL, 'm151117_000000_adjust_image_widthheight', '2017-04-27 15:29:57', '2017-04-27 15:29:57', '2017-04-27 15:29:57', '64ad42a4-baf4-4153-bb7e-1c47c5400b68'),
 ('24', NULL, 'm151127_000000_clear_license_key_status', '2017-04-27 15:29:57', '2017-04-27 15:29:57', '2017-04-27 15:29:57', '9fc84b32-12b5-477b-96de-d52dd3a61945'),
 ('25', NULL, 'm151127_000000_plugin_license_keys', '2017-04-27 15:29:57', '2017-04-27 15:29:57', '2017-04-27 15:29:57', '2580a810-dfbb-4c64-a4fb-22e81759c050'),
 ('26', NULL, 'm151130_000000_update_pt_widget_feeds', '2017-04-27 15:29:57', '2017-04-27 15:29:57', '2017-04-27 15:29:57', '7a64ebb1-cdcd-438b-8e4d-de5522f68e92'),
 ('27', NULL, 'm160114_000000_asset_sources_public_url_default_true', '2017-04-27 15:29:57', '2017-04-27 15:29:57', '2017-04-27 15:29:57', 'ffcac3df-1659-46d7-82e0-ba052f5a0bbe'),
 ('28', NULL, 'm160223_000000_sortorder_to_smallint', '2017-04-27 15:29:57', '2017-04-27 15:29:57', '2017-04-27 15:29:57', 'cc523bf4-d902-483f-9029-4648a1ef11e0'),
 ('29', NULL, 'm160229_000000_set_default_entry_statuses', '2017-04-27 15:29:57', '2017-04-27 15:29:57', '2017-04-27 15:29:57', '2b48bab0-31ce-4758-86f1-4f8b29869380'),
 ('30', NULL, 'm160304_000000_client_permissions', '2017-04-27 15:29:57', '2017-04-27 15:29:57', '2017-04-27 15:29:57', '048348e8-1152-41c8-b649-6ae779ac7edf'),
 ('31', NULL, 'm160322_000000_asset_filesize', '2017-04-27 15:29:57', '2017-04-27 15:29:57', '2017-04-27 15:29:57', '6ea05654-0bbc-4038-987a-3dd1847b8477'),
 ('32', NULL, 'm160503_000000_orphaned_fieldlayouts', '2017-04-27 15:29:57', '2017-04-27 15:29:57', '2017-04-27 15:29:57', 'c72f16e6-2c6e-431b-92d0-e3233a90f0e6'),
 ('33', NULL, 'm160510_000000_tasksettings', '2017-04-27 15:29:57', '2017-04-27 15:29:57', '2017-04-27 15:29:57', '26cabe88-886e-4e53-9cdf-fc27f80c6151'),
 ('34', NULL, 'm160829_000000_pending_user_content_cleanup', '2017-04-27 15:29:57', '2017-04-27 15:29:57', '2017-04-27 15:29:57', '8e2512b7-531c-4d15-905d-e8407440ae29'),
 ('35', NULL, 'm160830_000000_asset_index_uri_increase', '2017-04-27 15:29:57', '2017-04-27 15:29:57', '2017-04-27 15:29:57', '1b37b2e2-be3d-4e28-b1b5-a1a85fbb42cf'),
 ('36', NULL, 'm160919_000000_usergroup_handle_title_unique', '2017-04-27 15:29:57', '2017-04-27 15:29:57', '2017-04-27 15:29:57', '43aa3808-6a37-48b8-8d9b-afe0b9d829b8'),
 ('37', NULL, 'm161108_000000_new_version_format', '2017-04-27 15:29:57', '2017-04-27 15:29:57', '2017-04-27 15:29:57', '102102c5-71dc-4e01-a50e-7136e00fcc14'),
 ('38', NULL, 'm161109_000000_index_shuffle', '2017-04-27 15:29:57', '2017-04-27 15:29:57', '2017-04-27 15:29:57', '09699f1f-5c4f-44ec-b9bd-f7b9fe8e2000'),
 ('39', '3', 'm160922_150924_navee_AddRegexField', '2017-05-03 12:57:57', '2017-05-03 12:57:57', '2017-05-03 12:57:57', '476e4f9d-4f88-4d99-8dd8-42cd27d3e08f');



DROP TABLE IF EXISTS `craft_navee_navigations`;


--
-- Schema for table `craft_navee_navigations`
--
CREATE TABLE `craft_navee_navigations` (
  `id` int(11) NOT NULL AUTO_INCREMENT,
  `creatorId` int(11) DEFAULT NULL,
  `name` varchar(255) COLLATE utf8_unicode_ci NOT NULL,
  `handle` varchar(255) COLLATE utf8_unicode_ci NOT NULL,
  `maxLevels` int(10) DEFAULT NULL,
  `fieldLayoutId` int(10) DEFAULT NULL,
  `structureId` int(10) DEFAULT NULL,
  `dateCreated` datetime NOT NULL,
  `dateUpdated` datetime NOT NULL,
  `uid` char(36) COLLATE utf8_unicode_ci NOT NULL DEFAULT '0',
  PRIMARY KEY (`id`),
  UNIQUE KEY `craft_navee_navigations_name_unq_idx` (`name`),
  UNIQUE KEY `craft_navee_navigations_handle_unq_idx` (`handle`),
  KEY `craft_navee_navigations_fieldLayoutId_fk` (`fieldLayoutId`),
  KEY `craft_navee_navigations_creatorId_fk` (`creatorId`)
) ENGINE=InnoDB AUTO_INCREMENT=3 DEFAULT CHARSET=utf8 COLLATE=utf8_unicode_ci;

--
-- Data for table `craft_navee_navigations`
--

INSERT INTO `craft_navee_navigations` (`id`, `creatorId`, `name`, `handle`, `maxLevels`, `fieldLayoutId`, `structureId`, `dateCreated`, `dateUpdated`, `uid`) VALUES
 ('1', '1', 'Основное меню', 'menuTop', '3', '50', '7', '2017-05-03 12:58:39', '2017-05-03 13:23:38', '528fd50f-908a-4732-826a-22d7325dbc1b'),
 ('2', '1', 'Меню для подвала', 'menuFooter', '1', '49', '8', '2017-05-03 13:00:49', '2017-05-03 13:00:49', '16355256-06f9-4f93-931f-18f38bd9af3f');



DROP TABLE IF EXISTS `craft_navee_nodes`;


--
-- Schema for table `craft_navee_nodes`
--
CREATE TABLE `craft_navee_nodes` (
  `id` int(11) NOT NULL,
  `navigationId` int(11) NOT NULL,
  `linkType` enum('entryId','assetId','categoryId','customUri','none') COLLATE utf8_unicode_ci DEFAULT NULL,
  `entryId` int(10) DEFAULT NULL,
  `assetId` int(10) DEFAULT NULL,
  `categoryId` int(10) DEFAULT NULL,
  `customUri` varchar(255) COLLATE utf8_unicode_ci DEFAULT NULL,
  `class` varchar(255) COLLATE utf8_unicode_ci DEFAULT NULL,
  `idAttr` varchar(255) COLLATE utf8_unicode_ci DEFAULT NULL,
  `rel` varchar(255) COLLATE utf8_unicode_ci DEFAULT NULL,
  `name` varchar(255) COLLATE utf8_unicode_ci DEFAULT NULL,
  `titleAttr` varchar(255) COLLATE utf8_unicode_ci DEFAULT NULL,
  `accessKey` varchar(255) COLLATE utf8_unicode_ci DEFAULT NULL,
  `target` varchar(255) COLLATE utf8_unicode_ci DEFAULT NULL,
  `includeInNavigation` tinyint(1) unsigned NOT NULL DEFAULT '0',
  `passive` tinyint(1) unsigned NOT NULL DEFAULT '0',
  `userGroups` text COLLATE utf8_unicode_ci,
  `regex` varchar(255) COLLATE utf8_unicode_ci DEFAULT NULL,
  `dateCreated` datetime NOT NULL,
  `dateUpdated` datetime NOT NULL,
  `uid` char(36) COLLATE utf8_unicode_ci NOT NULL DEFAULT '0',
  PRIMARY KEY (`id`),
  KEY `craft_navee_nodes_navigationId_fk` (`navigationId`)
) ENGINE=InnoDB DEFAULT CHARSET=utf8 COLLATE=utf8_unicode_ci;

--
-- Data for table `craft_navee_nodes`
--

INSERT INTO `craft_navee_nodes` (`id`, `navigationId`, `linkType`, `entryId`, `assetId`, `categoryId`, `customUri`, `class`, `idAttr`, `rel`, `name`, `titleAttr`, `accessKey`, `target`, `includeInNavigation`, `passive`, `userGroups`, `regex`, `dateCreated`, `dateUpdated`, `uid`) VALUES
 ('74', '1', 'entryId', '2', NULL, NULL, '', '', '', '', '', '', '', '', '1', '0', '[]', '', '2017-05-03 13:01:25', '2017-05-03 13:01:25', '6229864c-807d-4962-b53e-bfb416020a77'),
 ('75', '1', 'customUri', NULL, NULL, NULL, '/services/', '', '', '', '', '', '', '', '1', '0', '[]', '', '2017-05-03 13:02:06', '2017-05-03 13:02:06', '341c317a-944d-4e7f-9a26-d42e12494194'),
 ('76', '1', 'entryId', NULL, NULL, NULL, '', '', '', '', '', '', '', '', '1', '0', '[]', '', '2017-05-03 13:11:14', '2017-05-03 13:11:14', '1e9c88a1-4a0a-417e-84e8-8171f10c8a4b'),
 ('77', '1', 'entryId', NULL, NULL, NULL, '', '', '', '', '', '', '', '', '1', '0', '[]', '', '2017-05-03 13:11:27', '2017-05-03 13:11:27', '79a35454-1a35-4566-bdc6-d0a72e92cd0a'),
 ('79', '1', 'entryId', NULL, NULL, NULL, '', '', '', '', '', '', '', '', '1', '0', '[]', '', '2017-05-03 13:11:56', '2017-05-03 13:11:56', '73efb665-643b-4fa1-809b-460903a16f33'),
 ('80', '1', 'entryId', NULL, NULL, NULL, '', '', '', '', '', '', '', '', '1', '0', '[]', '', '2017-05-03 13:12:23', '2017-05-03 13:12:23', '7c9c0e2b-1c0d-42a3-bd28-8838b5e529e6'),
 ('82', '1', 'categoryId', NULL, NULL, '4', '', '', '', '', '', '', '', '', '1', '0', '[]', '', '2017-05-03 13:17:50', '2017-05-03 13:22:47', 'c56288f1-9881-4b4f-bbac-0005601cb1b3'),
 ('83', '1', 'entryId', NULL, NULL, NULL, '', '', '', '', '', '', '', '', '1', '0', '[]', '', '2017-05-03 13:18:47', '2017-05-03 13:18:47', '5e82533c-b34e-46f6-b1db-5a0eb9b9a993');



DROP TABLE IF EXISTS `craft_plugins`;


--
-- Schema for table `craft_plugins`
--
CREATE TABLE `craft_plugins` (
  `id` int(11) NOT NULL AUTO_INCREMENT,
  `class` varchar(150) COLLATE utf8_unicode_ci NOT NULL,
  `version` varchar(15) COLLATE utf8_unicode_ci NOT NULL,
  `schemaVersion` varchar(15) COLLATE utf8_unicode_ci DEFAULT NULL,
  `licenseKey` char(24) COLLATE utf8_unicode_ci DEFAULT NULL,
  `licenseKeyStatus` enum('valid','invalid','mismatched','unknown') COLLATE utf8_unicode_ci NOT NULL DEFAULT 'unknown',
  `enabled` tinyint(1) unsigned NOT NULL DEFAULT '0',
  `settings` text COLLATE utf8_unicode_ci,
  `installDate` datetime NOT NULL,
  `dateCreated` datetime NOT NULL,
  `dateUpdated` datetime NOT NULL,
  `uid` char(36) COLLATE utf8_unicode_ci NOT NULL DEFAULT '0',
  PRIMARY KEY (`id`)
) ENGINE=InnoDB AUTO_INCREMENT=4 DEFAULT CHARSET=utf8 COLLATE=utf8_unicode_ci;

--
-- Data for table `craft_plugins`
--

INSERT INTO `craft_plugins` (`id`, `class`, `version`, `schemaVersion`, `licenseKey`, `licenseKeyStatus`, `enabled`, `settings`, `installDate`, `dateCreated`, `dateUpdated`, `uid`) VALUES
 ('1', 'SvgIcons', '0.0.6', '0.0.1', NULL, 'unknown', '1', NULL, '2017-05-02 14:35:18', '2017-05-02 14:35:18', '2017-05-04 09:25:44', 'de609d78-0890-4251-a333-5b787d63d294'),
 ('2', 'SlugCharMap', '1.0', NULL, NULL, 'unknown', '1', NULL, '2017-05-02 15:53:10', '2017-05-02 15:53:10', '2017-05-04 09:25:44', 'e96e5994-1d47-49eb-bc85-846ecc333efe'),
 ('3', 'Navee', '1.3.0', NULL, NULL, 'unknown', '1', NULL, '2017-05-03 12:57:57', '2017-05-03 12:57:57', '2017-05-04 09:25:44', 'b5c40aa8-6c66-4e86-81f4-5da3570811e9');



DROP TABLE IF EXISTS `craft_rackspaceaccess`;


--
-- Schema for table `craft_rackspaceaccess`
--
CREATE TABLE `craft_rackspaceaccess` (
  `id` int(11) NOT NULL AUTO_INCREMENT,
  `connectionKey` varchar(255) COLLATE utf8_unicode_ci NOT NULL,
  `token` varchar(255) COLLATE utf8_unicode_ci NOT NULL,
  `storageUrl` varchar(255) COLLATE utf8_unicode_ci NOT NULL,
  `cdnUrl` varchar(255) COLLATE utf8_unicode_ci NOT NULL,
  `dateCreated` datetime NOT NULL,
  `dateUpdated` datetime NOT NULL,
  `uid` char(36) COLLATE utf8_unicode_ci NOT NULL DEFAULT '0',
  PRIMARY KEY (`id`),
  UNIQUE KEY `craft_rackspaceaccess_connectionKey_unq_idx` (`connectionKey`)
) ENGINE=InnoDB DEFAULT CHARSET=utf8 COLLATE=utf8_unicode_ci;

DROP TABLE IF EXISTS `craft_relations`;


--
-- Schema for table `craft_relations`
--
CREATE TABLE `craft_relations` (
  `id` int(11) NOT NULL AUTO_INCREMENT,
  `fieldId` int(11) NOT NULL,
  `sourceId` int(11) NOT NULL,
  `sourceLocale` char(12) COLLATE utf8_unicode_ci DEFAULT NULL,
  `targetId` int(11) NOT NULL,
  `sortOrder` smallint(6) DEFAULT NULL,
  `dateCreated` datetime NOT NULL,
  `dateUpdated` datetime NOT NULL,
  `uid` char(36) COLLATE utf8_unicode_ci NOT NULL DEFAULT '0',
  PRIMARY KEY (`id`),
  UNIQUE KEY `craft_relations_fieldId_sourceId_sourceLocale_targetId_unq_idx` (`fieldId`,`sourceId`,`sourceLocale`,`targetId`),
  KEY `craft_relations_sourceId_fk` (`sourceId`),
  KEY `craft_relations_sourceLocale_fk` (`sourceLocale`),
  KEY `craft_relations_targetId_fk` (`targetId`)
) ENGINE=InnoDB AUTO_INCREMENT=211 DEFAULT CHARSET=utf8 COLLATE=utf8_unicode_ci;

--
-- Data for table `craft_relations`
--

INSERT INTO `craft_relations` (`id`, `fieldId`, `sourceId`, `sourceLocale`, `targetId`, `sortOrder`, `dateCreated`, `dateUpdated`, `uid`) VALUES
 ('82', '7', '53', NULL, '4', '1', '2017-05-03 10:11:33', '2017-05-03 10:11:33', 'ce3251bb-95d5-46a3-ba31-87b188e367f9'),
 ('83', '7', '56', NULL, '4', '1', '2017-05-03 10:11:54', '2017-05-03 10:11:54', '839718b0-aeeb-4e9e-a025-e88d47761a6e'),
 ('84', '7', '55', NULL, '4', '1', '2017-05-03 10:12:06', '2017-05-03 10:12:06', '6752cfc2-3c27-498a-b7a5-ba4f57b46c93'),
 ('85', '7', '57', NULL, '4', '1', '2017-05-03 10:12:24', '2017-05-03 10:12:24', '98c89e84-5f68-40e0-9f4e-bf9fbe1d4b7e'),
 ('86', '7', '58', NULL, '4', '1', '2017-05-03 10:12:39', '2017-05-03 10:12:39', 'eddcfcbb-7860-4c6a-9cb3-fde32edbcef7'),
 ('87', '7', '59', NULL, '4', '1', '2017-05-03 10:13:32', '2017-05-03 10:13:32', 'da30aee8-736d-4051-bf7d-eda3e78a0acd'),
 ('88', '7', '60', NULL, '4', '1', '2017-05-03 10:14:27', '2017-05-03 10:14:27', '3edc8c00-3f85-4aca-9b49-30ca28a87eb7'),
 ('89', '7', '61', NULL, '4', '1', '2017-05-03 10:22:35', '2017-05-03 10:22:35', '2c432bc1-1693-45be-ab33-08d1a11a09fc'),
 ('90', '37', '61', 'ru', '26', '1', '2017-05-03 10:22:35', '2017-05-03 10:22:35', '7148746a-1215-4d5f-8028-321144ba4b88'),
 ('91', '37', '61', 'ru', '27', '2', '2017-05-03 10:22:35', '2017-05-03 10:22:35', '35c1658c-e262-4b5f-bc95-0d7dc10dc4f0'),
 ('92', '37', '61', 'ru', '29', '3', '2017-05-03 10:22:35', '2017-05-03 10:22:35', 'e7319bdb-5b1c-4f24-b085-819c170f9d0a'),
 ('93', '37', '61', 'ru', '30', '4', '2017-05-03 10:22:35', '2017-05-03 10:22:35', '3f82ba85-ac84-48b4-b58f-b3b3dba76df8'),
 ('94', '7', '62', NULL, '5', '1', '2017-05-03 10:23:35', '2017-05-03 10:23:35', '423a26f4-25c9-4548-a95d-d7c4de13c7bc'),
 ('95', '38', '62', 'ru', '44', '1', '2017-05-03 10:23:35', '2017-05-03 10:23:35', 'dc92163a-68fb-42d5-ae52-8c0d28be4dde'),
 ('96', '7', '63', NULL, '5', '1', '2017-05-03 10:24:59', '2017-05-03 10:24:59', '19abc6a3-5da5-43f4-9d55-829b6836884a'),
 ('97', '7', '64', NULL, '5', '1', '2017-05-03 10:25:17', '2017-05-03 10:25:17', 'abc0bc93-f90b-4393-a557-2c7ea0b41593'),
 ('98', '7', '65', NULL, '5', '1', '2017-05-03 10:25:39', '2017-05-03 10:25:39', '5ab4b580-b346-4cee-87a0-a3e1426758a1'),
 ('99', '7', '66', NULL, '5', '1', '2017-05-03 10:25:49', '2017-05-03 10:25:49', '19d3ef52-41f4-4f2a-a2c9-4de5459a53bd'),
 ('100', '7', '67', NULL, '5', '1', '2017-05-03 10:26:01', '2017-05-03 10:26:01', '2585652c-f31e-4845-8747-ecf57c1e0cb2'),
 ('101', '7', '68', NULL, '5', '1', '2017-05-03 10:26:19', '2017-05-03 10:26:19', 'cf7873c1-8aaa-4ae2-a648-92c4915013b1'),
 ('102', '7', '69', NULL, '5', '1', '2017-05-03 10:27:26', '2017-05-03 10:27:26', 'b09a90ac-61d3-43ad-a1ca-d668b5723902'),
 ('103', '7', '70', NULL, '5', '1', '2017-05-03 10:52:22', '2017-05-03 10:52:22', '44a14eca-d513-409d-9372-3c3b098542ed'),
 ('104', '7', '71', NULL, '6', '1', '2017-05-03 10:54:26', '2017-05-03 10:54:26', '4c0f7d84-b336-4d29-bfdf-c7ab79af049a'),
 ('108', '7', '54', NULL, '4', '1', '2017-05-03 10:57:11', '2017-05-03 10:57:11', 'c4de7b52-333f-4431-bc07-fae888e4d80f'),
 ('110', '7', '72', NULL, '6', '1', '2017-05-03 11:32:01', '2017-05-03 11:32:01', '29b95a2c-060b-44ad-9067-641f0cec2fe1'),
 ('111', '7', '84', NULL, '6', '1', '2017-05-04 09:25:06', '2017-05-04 09:25:06', '30770bd0-4ae7-47d2-8ba0-3672a783ece2'),
 ('112', '7', '85', NULL, '6', '1', '2017-05-04 09:27:56', '2017-05-04 09:27:56', 'd4d45a03-d93c-45d0-b37e-2ce798ffa799'),
 ('113', '7', '86', NULL, '6', '1', '2017-05-04 09:28:39', '2017-05-04 09:28:39', '086dd488-3b10-410e-b3f6-b5a511ccb698'),
 ('114', '7', '87', NULL, '6', '1', '2017-05-04 09:29:43', '2017-05-04 09:29:43', '0649d23d-8d10-4c76-a8bc-beccd5b2e8fd'),
 ('115', '7', '88', NULL, '6', '1', '2017-05-04 09:30:18', '2017-05-04 09:30:18', '81732337-87b2-4e2d-9c60-d80e92c46dbb'),
 ('116', '7', '89', NULL, '6', '1', '2017-05-04 09:30:33', '2017-05-04 09:30:33', '280727b6-baf0-43ca-8a0a-f88dc6d48f19'),
 ('117', '7', '90', NULL, '6', '1', '2017-05-04 09:30:53', '2017-05-04 09:30:53', 'c0a0239c-0c2d-45dd-be21-d6892d3568ed'),
 ('118', '7', '91', NULL, '6', '1', '2017-05-04 09:31:20', '2017-05-04 09:31:20', 'c4bcb8c7-30fb-4682-8299-766170beb74b'),
 ('119', '7', '92', NULL, '6', '1', '2017-05-04 09:31:36', '2017-05-04 09:31:36', '65b2f4bd-7984-426d-90b4-183666644db7'),
 ('120', '7', '93', NULL, '6', '1', '2017-05-04 09:31:56', '2017-05-04 09:31:56', '6ceb61db-bb2a-41e8-905a-47334ee052b2'),
 ('121', '7', '94', NULL, '6', '1', '2017-05-04 09:32:14', '2017-05-04 09:32:14', '327b9216-9517-41a6-82ea-7789f88297ea'),
 ('128', '52', '98', NULL, '95', '1', '2017-05-04 11:06:26', '2017-05-04 11:06:26', '728e1bf7-7887-41f8-a534-3c8aa05ea307'),
 ('129', '52', '98', NULL, '96', '2', '2017-05-04 11:06:26', '2017-05-04 11:06:26', 'f776b330-2ef5-4451-9236-35d6ba824d8a'),
 ('132', '52', '99', NULL, '95', '1', '2017-05-04 11:07:25', '2017-05-04 11:07:25', 'ed4b4e71-4ebc-436a-96dc-1fd8ee518c26'),
 ('133', '52', '99', NULL, '96', '2', '2017-05-04 11:07:25', '2017-05-04 11:07:25', 'c7e0f831-1f3e-479b-adff-0ad8e3c8f038'),
 ('134', '52', '97', NULL, '95', '1', '2017-05-04 11:08:38', '2017-05-04 11:08:38', 'af1f9533-2845-4bb8-a34a-f728a814b0f3'),
 ('135', '52', '97', NULL, '96', '2', '2017-05-04 11:08:38', '2017-05-04 11:08:38', '1f9e5737-10b6-46a4-b7e1-6df4a65d75f7'),
 ('136', '52', '100', NULL, '95', '1', '2017-05-04 11:09:35', '2017-05-04 11:09:35', '636d0915-87fc-45cb-976f-87a4aa340262'),
 ('137', '52', '100', NULL, '96', '2', '2017-05-04 11:09:35', '2017-05-04 11:09:35', '6bbbba54-1f35-4648-828c-39054d5f8825'),
 ('138', '52', '101', NULL, '95', '1', '2017-05-04 11:10:20', '2017-05-04 11:10:20', '1f12d755-ff29-439c-bb19-e31acb215457'),
 ('139', '52', '101', NULL, '96', '2', '2017-05-04 11:10:20', '2017-05-04 11:10:20', 'b4f33eba-5c1c-4e41-83d7-38391ed70c42'),
 ('140', '52', '103', NULL, '102', '1', '2017-05-04 11:15:27', '2017-05-04 11:15:27', 'aa6c6c5c-660b-4233-850b-8083c4714436'),
 ('141', '52', '104', NULL, '102', '1', '2017-05-04 11:16:14', '2017-05-04 11:16:14', '9084ecf9-9be0-4200-a841-ab996accdee3'),
 ('142', '52', '105', NULL, '102', '1', '2017-05-04 11:17:32', '2017-05-04 11:17:32', '754fb038-dfe7-4a2c-949c-2f7f825692a7'),
 ('143', '52', '106', NULL, '102', '1', '2017-05-04 11:18:06', '2017-05-04 11:18:06', '342e0580-73c5-40ae-a23d-1f3c5ee6171b'),
 ('144', '52', '107', NULL, '102', '1', '2017-05-04 11:19:03', '2017-05-04 11:19:03', 'ca24802f-54d6-4e07-9ef4-9f87a9ed54d9'),
 ('159', '37', '36', 'ru', '24', '1', '2017-05-04 11:26:42', '2017-05-04 11:26:42', 'be6bf664-fcc8-4e69-9405-27706f707dca'),
 ('160', '37', '36', 'ru', '25', '2', '2017-05-04 11:26:42', '2017-05-04 11:26:42', '4b95b566-4db2-440c-bdd5-f67e665a1f55'),
 ('161', '37', '36', 'ru', '26', '3', '2017-05-04 11:26:42', '2017-05-04 11:26:42', 'db9d2d65-b2c8-48ee-971f-c8bfca027de8'),
 ('162', '37', '36', 'ru', '27', '4', '2017-05-04 11:26:42', '2017-05-04 11:26:42', '1f3e9585-ccdb-43da-8ea0-21110b5d5614'),
 ('163', '37', '36', 'ru', '28', '5', '2017-05-04 11:26:42', '2017-05-04 11:26:42', '50cd78b9-4362-4a5f-a3dc-c1c97af5888d'),
 ('164', '37', '36', 'ru', '29', '6', '2017-05-04 11:26:42', '2017-05-04 11:26:42', '70517f5e-0a3c-4b88-ae0b-71a238ca19d5'),
 ('165', '37', '36', 'ru', '30', '7', '2017-05-04 11:26:42', '2017-05-04 11:26:42', '3ae5bfdf-402f-4eb2-a976-118e7f8fd750'),
 ('166', '37', '36', 'ru', '31', '8', '2017-05-04 11:26:42', '2017-05-04 11:26:42', 'c95291e5-9db6-4287-807c-ef21d15a061f'),
 ('167', '39', '36', 'ru', '54', '1', '2017-05-04 11:26:42', '2017-05-04 11:26:42', '04d8af2e-5418-4f98-8d30-36e419001285'),
 ('168', '39', '36', 'ru', '91', '2', '2017-05-04 11:26:42', '2017-05-04 11:26:42', 'cdf44918-4369-499e-9b69-1d32f273eb9c'),
 ('169', '39', '36', 'ru', '61', '3', '2017-05-04 11:26:42', '2017-05-04 11:26:42', '5cb3540b-a497-488c-8af0-1bffcd76d6b1'),
 ('170', '39', '36', 'ru', '92', '4', '2017-05-04 11:26:42', '2017-05-04 11:26:42', '3ff24d94-7d84-4324-8a05-5b616ad865ea'),
 ('171', '39', '36', 'ru', '59', '5', '2017-05-04 11:26:42', '2017-05-04 11:26:42', 'a28aa2d0-6721-4075-8976-66624dfe17e2'),
 ('172', '39', '36', 'ru', '63', '6', '2017-05-04 11:26:42', '2017-05-04 11:26:42', 'f85d0a7e-ed72-4ea8-b221-153d6678aaef'),
 ('173', '53', '36', NULL, '105', '1', '2017-05-04 11:26:42', '2017-05-04 11:26:42', '38cf365b-47a0-4400-b41a-69977e749339'),
 ('174', '53', '36', NULL, '104', '2', '2017-05-04 11:26:42', '2017-05-04 11:26:42', 'f6787874-7856-42e5-9b6f-3b2e9d4e2e03'),
 ('175', '53', '36', NULL, '103', '3', '2017-05-04 11:26:42', '2017-05-04 11:26:42', '937c1d63-25f5-46e0-90fb-979cdb6a8450'),
 ('176', '53', '36', NULL, '107', '4', '2017-05-04 11:26:42', '2017-05-04 11:26:42', '8b7b5458-eebd-46a7-b922-8439117e5c33'),
 ('177', '53', '36', NULL, '106', '5', '2017-05-04 11:26:42', '2017-05-04 11:26:42', 'e7b6d440-159d-45cd-89a1-4fd70d4cbe47'),
 ('183', '51', '113', NULL, '108', '1', '2017-05-04 11:34:53', '2017-05-04 11:34:53', 'e95b6c12-4574-4892-b49e-4b9a604e5a9d'),
 ('184', '38', '113', 'ru', '36', '1', '2017-05-04 11:34:53', '2017-05-04 11:34:53', '47deaa52-9ee2-4f62-9860-f1c9c6748f39'),
 ('185', '51', '112', NULL, '108', '1', '2017-05-04 11:35:08', '2017-05-04 11:35:08', '25b13736-aa41-4a7f-8820-9ee66a54bea5'),
 ('186', '38', '112', 'ru', '36', '1', '2017-05-04 11:35:08', '2017-05-04 11:35:08', '3e0bbc13-93a2-41ba-b131-52060ff50ca1'),
 ('187', '51', '111', NULL, '108', '1', '2017-05-04 11:35:30', '2017-05-04 11:35:30', '91d6d37f-0a96-450c-860a-6d4f74dd8575'),
 ('188', '38', '111', 'ru', '36', '1', '2017-05-04 11:35:30', '2017-05-04 11:35:30', '88bd423f-2deb-45b5-ba96-cf5acee3632d'),
 ('192', '51', '110', NULL, '108', '1', '2017-05-04 11:36:11', '2017-05-04 11:36:11', 'f6306703-1bdc-422f-ba5f-1bece460de1e'),
 ('193', '38', '110', 'ru', '36', '1', '2017-05-04 11:36:11', '2017-05-04 11:36:11', 'f3b0b332-f940-4c57-aa3d-76c7d7a57776'),
 ('194', '37', '110', 'ru', '26', '1', '2017-05-04 11:36:11', '2017-05-04 11:36:11', 'd583bd18-ead0-4e2c-9053-d16d0cfa6712'),
 ('195', '51', '109', NULL, '108', '1', '2017-05-04 11:37:17', '2017-05-04 11:37:17', '5f5d0d26-5400-451a-b437-eaccccf023de'),
 ('196', '38', '109', 'ru', '36', '1', '2017-05-04 11:37:17', '2017-05-04 11:37:17', 'c3a309a5-3064-48b7-a193-2077441f6329'),
 ('197', '37', '109', 'ru', '26', '1', '2017-05-04 11:37:17', '2017-05-04 11:37:17', '91ba59b1-166b-4586-9a9f-c335c40639d0'),
 ('198', '51', '114', NULL, '108', '1', '2017-05-04 11:40:20', '2017-05-04 11:40:20', 'cc5a8a0f-e80b-49eb-a5fd-0a8fac2e5900'),
 ('199', '38', '114', 'ru', '36', '1', '2017-05-04 11:40:20', '2017-05-04 11:40:20', 'c3541efc-5445-462a-8704-2488e8c095f5'),
 ('200', '37', '114', 'ru', '24', '1', '2017-05-04 11:40:20', '2017-05-04 11:40:20', '19ab53cf-3a68-4641-8f91-7b2d73a2793b'),
 ('201', '51', '115', NULL, '108', '1', '2017-05-04 11:41:37', '2017-05-04 11:41:37', 'f5f6bd69-624b-49ee-bb8b-b46d578017d5'),
 ('202', '38', '115', 'ru', '36', '1', '2017-05-04 11:41:37', '2017-05-04 11:41:37', 'd8387c49-8dc6-4d8c-8542-043de4f7efb4'),
 ('203', '37', '115', 'ru', '24', '1', '2017-05-04 11:41:37', '2017-05-04 11:41:37', 'ad225402-116b-47c3-9066-4a79fa47d6a9'),
 ('204', '51', '117', NULL, '116', '1', '2017-05-04 11:48:57', '2017-05-04 11:48:57', 'd71cd625-ad23-4dfb-b803-26f1cb4ef50d'),
 ('205', '38', '117', 'ru', '36', '1', '2017-05-04 11:48:57', '2017-05-04 11:48:57', 'acea7e55-3876-4e5c-a6e2-a929a640ce13'),
 ('206', '38', '117', 'ru', '41', '2', '2017-05-04 11:48:57', '2017-05-04 11:48:57', 'e8f9b4b4-5cb1-4340-85bb-7d757c300044'),
 ('207', '37', '117', 'ru', '28', '1', '2017-05-04 11:48:57', '2017-05-04 11:48:57', 'a565044e-db68-4605-bea8-6630a1f1f26e'),
 ('208', '51', '118', NULL, '116', '1', '2017-05-04 11:50:23', '2017-05-04 11:50:23', '32b9b37d-4375-4f72-a223-eb4e569f03d9'),
 ('209', '38', '118', 'ru', '39', '1', '2017-05-04 11:50:23', '2017-05-04 11:50:23', '793acdf5-56e9-4978-ac29-94d1d18ea713'),
 ('210', '37', '118', 'ru', '28', '1', '2017-05-04 11:50:23', '2017-05-04 11:50:23', '098e698d-dca3-4e7a-97e4-b2f3b38b0ba0');



DROP TABLE IF EXISTS `craft_routes`;


--
-- Schema for table `craft_routes`
--
CREATE TABLE `craft_routes` (
  `id` int(11) NOT NULL AUTO_INCREMENT,
  `locale` char(12) COLLATE utf8_unicode_ci DEFAULT NULL,
  `urlParts` varchar(255) COLLATE utf8_unicode_ci NOT NULL,
  `urlPattern` varchar(255) COLLATE utf8_unicode_ci NOT NULL,
  `template` varchar(255) COLLATE utf8_unicode_ci NOT NULL,
  `sortOrder` smallint(6) unsigned DEFAULT NULL,
  `dateCreated` datetime NOT NULL,
  `dateUpdated` datetime NOT NULL,
  `uid` char(36) COLLATE utf8_unicode_ci NOT NULL DEFAULT '0',
  PRIMARY KEY (`id`),
  UNIQUE KEY `craft_routes_urlPattern_unq_idx` (`urlPattern`),
  KEY `craft_routes_locale_idx` (`locale`)
) ENGINE=InnoDB DEFAULT CHARSET=utf8 COLLATE=utf8_unicode_ci;

DROP TABLE IF EXISTS `craft_searchindex`;


--
-- Schema for table `craft_searchindex`
--
CREATE TABLE `craft_searchindex` (
  `elementId` int(11) NOT NULL,
  `attribute` varchar(25) COLLATE utf8_unicode_ci NOT NULL,
  `fieldId` int(11) NOT NULL,
  `locale` char(12) COLLATE utf8_unicode_ci NOT NULL,
  `keywords` text COLLATE utf8_unicode_ci NOT NULL,
  PRIMARY KEY (`elementId`,`attribute`,`fieldId`,`locale`),
  FULLTEXT KEY `craft_searchindex_keywords_idx` (`keywords`)
) ENGINE=MyISAM DEFAULT CHARSET=utf8 COLLATE=utf8_unicode_ci;

--
-- Data for table `craft_searchindex`
--

INSERT INTO `craft_searchindex` (`elementId`, `attribute`, `fieldId`, `locale`, `keywords`) VALUES
 ('1', 'username', '0', 'ru', ' admin '),
 ('1', 'firstname', '0', 'ru', ''),
 ('1', 'lastname', '0', 'ru', ''),
 ('1', 'fullname', '0', 'ru', ''),
 ('1', 'email', '0', 'ru', ' admin segmental ru '),
 ('1', 'slug', '0', 'ru', ''),
 ('2', 'slug', '0', 'ru', ' homepage '),
 ('2', 'title', '0', 'ru', ' welcome to bti2 dev '),
 ('2', 'field', '1', 'ru', ' it s true this site doesn t have a whole lot of content yet but don t worry our web developers have just installed the cms and they re setting things up for the content editors this very moment soon bti2 dev will be an oasis of fresh perspectives sharp analyses and astute opinions that will keep you coming back again and again '),
 ('3', 'field', '1', 'ru', ' craft is the cms that s powering bti2 dev it s beautiful powerful flexible and easy to use and it s made by pixel tonic we can t wait to dive in and see what it s capable of this is even more captivating content which you couldn t see on the news index page because it was entered after a page break and the news index template only likes to show the content on the first page craft a nice alternative to word if you re making a website '),
 ('3', 'field', '2', 'ru', ''),
 ('3', 'slug', '0', 'ru', ' we just installed craft '),
 ('3', 'title', '0', 'ru', ' we just installed craft '),
 ('4', 'slug', '0', 'ru', ' partners '),
 ('4', 'title', '0', 'ru', ' партнеры '),
 ('4', 'slug', '0', 'en_us', ' partners '),
 ('4', 'title', '0', 'en_us', ' partners '),
 ('5', 'slug', '0', 'ru', ' superintendents '),
 ('5', 'title', '0', 'ru', ' директора '),
 ('5', 'slug', '0', 'en_us', ' superintendents '),
 ('5', 'title', '0', 'en_us', ' superintendents '),
 ('6', 'slug', '0', 'ru', ' managers '),
 ('6', 'title', '0', 'ru', ' менеджеры '),
 ('6', 'slug', '0', 'en_us', ' managers '),
 ('6', 'title', '0', 'en_us', ' managers '),
 ('7', 'slug', '0', 'ru', ' news '),
 ('7', 'title', '0', 'ru', ' новости '),
 ('7', 'slug', '0', 'en_us', ' news '),
 ('7', 'title', '0', 'en_us', ' our news '),
 ('8', 'slug', '0', 'ru', ' insights '),
 ('8', 'title', '0', 'ru', ' точка зрения '),
 ('8', 'slug', '0', 'en_us', ' insights '),
 ('8', 'title', '0', 'en_us', ' insights '),
 ('9', 'slug', '0', 'ru', ' press releases '),
 ('9', 'title', '0', 'ru', ' пресс релизы '),
 ('9', 'slug', '0', 'en_us', ' press releases '),
 ('9', 'title', '0', 'en_us', ' press releases '),
 ('10', 'slug', '0', 'ru', ' tax reviews '),
 ('10', 'title', '0', 'ru', ' налоговые обзоры '),
 ('10', 'slug', '0', 'en_us', ' tax reviews '),
 ('10', 'title', '0', 'en_us', ' tax reviews '),
 ('13', 'field', '4', 'ru', ''),
 ('12', 'slug', '0', 'ru', ' ivan '),
 ('12', 'title', '0', 'ru', ' ivan '),
 ('13', 'field', '6', 'ru', ''),
 ('13', 'field', '7', 'ru', ' партнеры '),
 ('13', 'field', '5', 'ru', ''),
 ('13', 'field', '3', 'ru', ''),
 ('13', 'slug', '0', 'ru', ' ivan '),
 ('13', 'title', '0', 'ru', ' ivan '),
 ('14', 'field', '4', 'ru', ''),
 ('14', 'field', '6', 'ru', ''),
 ('14', 'field', '7', 'ru', ' партнеры '),
 ('14', 'field', '5', 'ru', ''),
 ('14', 'field', '3', 'ru', ''),
 ('14', 'slug', '0', 'ru', ' ivan '),
 ('14', 'title', '0', 'ru', ' ivan '),
 ('15', 'field', '4', 'ru', ''),
 ('15', 'field', '6', 'ru', ''),
 ('15', 'field', '7', 'ru', ' менеджеры '),
 ('15', 'field', '5', 'ru', ''),
 ('15', 'field', '3', 'ru', ''),
 ('15', 'slug', '0', 'ru', ' qweqwe '),
 ('15', 'title', '0', 'ru', ' qweqwe '),
 ('27', 'slug', '0', 'en_us', ' корпоративные финансы '),
 ('27', 'field', '36', 'en_us', ''),
 ('27', 'title', '0', 'ru', ' корпоративные финансы '),
 ('27', 'slug', '0', 'ru', ' корпоративные финансы '),
 ('27', 'field', '36', 'ru', ''),
 ('26', 'title', '0', 'en_us', ' консалтинг '),
 ('26', 'slug', '0', 'en_us', ' консалтинг '),
 ('26', 'field', '36', 'en_us', ''),
 ('26', 'title', '0', 'ru', ' консалтинг '),
 ('26', 'slug', '0', 'ru', ' консалтинг '),
 ('26', 'field', '36', 'ru', ''),
 ('25', 'title', '0', 'en_us', ' бухгалтерские услуги '),
 ('25', 'slug', '0', 'en_us', ' бухгалтерские услуги '),
 ('25', 'field', '36', 'en_us', ''),
 ('25', 'title', '0', 'ru', ' бухгалтерские услуги '),
 ('25', 'slug', '0', 'ru', ' бухгалтерские услуги '),
 ('25', 'field', '36', 'ru', ' ведение бухгалтерского учета по стандартам рсбуведение бухгалтерского учета по стандартам клиентаподготовка финансовой отчетности по стандартам рсбуподготовка финансовой отчетности по стандартам клиентаподготовка налоговых декларацийрасчет заработной платыкадровое делопроизводствоконсультации по вопросам бухгалтерского учетаконсультации по оптимизации бухгалтерских службаутсорсинг отдельных учетных процессов '),
 ('24', 'title', '0', 'en_us', ' аудиторские услуги '),
 ('24', 'slug', '0', 'en_us', ' аудиторские услуги '),
 ('24', 'field', '36', 'en_us', ''),
 ('24', 'title', '0', 'ru', ' аудиторские услуги '),
 ('24', 'slug', '0', 'ru', ' аудиторские услуги '),
 ('24', 'field', '36', 'ru', ' аудит финансовой отчетности подготовленной в соответствии с международными стандартами ifrs и us gaapаудит бухгалтерской отчетности подготовленной в соответствии с требованиями российского законодательстваподготовка финансовой отчетности в соответствии с международными стандартамиконсультирование по ifrs и us gaapуслуги внутреннего аудитаоценка системы внутреннего контроля  '),
 ('18', 'field', '24', 'ru', ' wrewrwer asdasd '),
 ('18', 'field', '23', 'ru', ' test '),
 ('18', 'slug', '0', 'ru', ' test menu '),
 ('18', 'title', '0', 'ru', ' test menu '),
 ('18', 'field', '24', 'en_us', ' wrewrwer asdasd '),
 ('18', 'field', '23', 'en_us', ' test '),
 ('18', 'slug', '0', 'en_us', ' test menu '),
 ('18', 'title', '0', 'en_us', ' test menu '),
 ('19', 'field', '26', 'ru', ' wrewrwer asdasd '),
 ('19', 'slug', '0', 'ru', ''),
 ('27', 'title', '0', 'en_us', ' корпоративные финансы '),
 ('28', 'field', '36', 'ru', ''),
 ('28', 'slug', '0', 'ru', ' налоговое консультирование ');
INSERT INTO `craft_searchindex` (`elementId`, `attribute`, `fieldId`, `locale`, `keywords`) VALUES
 ('28', 'title', '0', 'ru', ' налоговое консультирование '),
 ('23', 'slug', '0', 'ru', ' тестовый '),
 ('23', 'title', '0', 'ru', ' тестовый '),
 ('23', 'slug', '0', 'en_us', ' тестовый '),
 ('23', 'title', '0', 'en_us', ' тестовый '),
 ('3', 'field', '33', 'ru', ''),
 ('28', 'field', '36', 'en_us', ''),
 ('28', 'slug', '0', 'en_us', ' налоговое консультирование '),
 ('28', 'title', '0', 'en_us', ' налоговое консультирование '),
 ('29', 'field', '36', 'ru', ' быстроизменяющиеся факторы на рынке заставляют бизнес быть более оперативными реагировать на внешние вызовы скорость и верность принимаемых решений собственником определяют темп развития бизнеса его возможность успешно решать стоящие перед ним задачи а зачастую от этого зависит и само существование бизнеса международная команда опытных экспертов используя свои знания богатый опыт и творческий подход вот уже более 20 лет разрабатывает практические советы и решения в области оценки и финансового моделирования для всех отраслей экономики уникальные знания и опыт инновационное мышление и индивидуальный подход позволяют нам решать задачи любого уровня сложности '),
 ('29', 'slug', '0', 'ru', ' оценочные услуги '),
 ('29', 'title', '0', 'ru', ' оценочные услуги '),
 ('29', 'field', '36', 'en_us', ''),
 ('29', 'slug', '0', 'en_us', ' оценочные услуги '),
 ('29', 'title', '0', 'en_us', ' оценочные услуги '),
 ('30', 'field', '36', 'ru', ''),
 ('30', 'slug', '0', 'ru', ' финансовые расследования '),
 ('30', 'title', '0', 'ru', ' финансовые расследования '),
 ('30', 'field', '36', 'en_us', ''),
 ('30', 'slug', '0', 'en_us', ' финансовые расследования '),
 ('30', 'title', '0', 'en_us', ' финансовые расследования '),
 ('31', 'field', '36', 'ru', ''),
 ('31', 'slug', '0', 'ru', ' юридические услуги '),
 ('31', 'title', '0', 'ru', ' юридические услуги '),
 ('31', 'field', '36', 'en_us', ''),
 ('31', 'slug', '0', 'en_us', ' юридические услуги '),
 ('31', 'title', '0', 'en_us', ' юридические услуги '),
 ('32', 'field', '35', 'ru', ''),
 ('32', 'slug', '0', 'ru', ' авиационная промышленность оак воздушные суда производство комплектующих '),
 ('32', 'title', '0', 'ru', ' авиационная промышленность оак воздушные суда производство комплектующих '),
 ('32', 'field', '35', 'en_us', ''),
 ('32', 'slug', '0', 'en_us', ' авиационная промышленность оак воздушные суда производство комплектующих '),
 ('32', 'title', '0', 'en_us', ' авиационная промышленность оак воздушные суда производство комплектующих '),
 ('33', 'field', '35', 'ru', ''),
 ('33', 'slug', '0', 'ru', ' атомная промышленность включая производство оборудования '),
 ('33', 'title', '0', 'ru', ' атомная промышленность включая производство оборудования '),
 ('33', 'field', '35', 'en_us', ''),
 ('33', 'slug', '0', 'en_us', ' атомная промышленность включая производство оборудования '),
 ('33', 'title', '0', 'en_us', ' атомная промышленность включая производство оборудования '),
 ('34', 'field', '35', 'ru', ''),
 ('34', 'slug', '0', 'ru', ' атомная промышленность включая производство оборудования '),
 ('34', 'title', '0', 'ru', ' атомная промышленность включая производство оборудования '),
 ('34', 'field', '35', 'en_us', ''),
 ('34', 'slug', '0', 'en_us', ' атомная промышленность включая производство оборудования 1 '),
 ('34', 'title', '0', 'en_us', ' атомная промышленность включая производство оборудования '),
 ('35', 'field', '35', 'ru', ''),
 ('35', 'slug', '0', 'ru', ' машиностроение судостроение станкостроение '),
 ('35', 'title', '0', 'ru', ' машиностроение судостроение станкостроение '),
 ('35', 'field', '35', 'en_us', ''),
 ('35', 'slug', '0', 'en_us', ' машиностроение судостроение станкостроение '),
 ('35', 'title', '0', 'en_us', ' машиностроение судостроение станкостроение '),
 ('36', 'field', '35', 'ru', ' строительная отрасль в россии традиционно чувствительна к изменениям макроэкономического состояния особенно это связано с изменениями на рынке капиталов помимо этого дополнительное влияние на отрасль имеют рассматриваемые государственными органами проекты законов это вносит дополнительную неопределенность в вектор развития отрасли и ее участников как следствие компании сталкиваются со снижением финансовых результатов деятельности и вынуждены адаптироваться к текущим условиям посредством пересмотра бизнес стратегии специалисты нашей компании непрерывно следят за состоянием и развитием строительной отрасли в совокупности с накопленным опытом это дает нам возможность оказывать компаниям отрасли содействие в поиске решений которые позволят повысить эффективность бизнеса для этого мы на протяжении более чем 20 лет успешно оказываем услуги по аудиту и подготовке финансовой отчетности оформленной в соответствии со стандартами рсбу и мсфо оценке недвижимости и незавершённого строительства консультированию по вопросам корпоративных финансов и управленческого учета '),
 ('36', 'slug', '0', 'ru', ' недвижимость и строительство включая производство строительных материалов '),
 ('36', 'title', '0', 'ru', ' недвижимость и строительство включая производство строительных материалов '),
 ('36', 'field', '35', 'en_us', ''),
 ('36', 'slug', '0', 'en_us', ' недвижимость и строительство включая производство строительных материалов '),
 ('36', 'title', '0', 'en_us', ' недвижимость и строительство включая производство строительных материалов '),
 ('37', 'field', '35', 'ru', ''),
 ('37', 'slug', '0', 'ru', ' нефтегазовая отрасль '),
 ('37', 'title', '0', 'ru', ' нефтегазовая отрасль '),
 ('37', 'field', '35', 'en_us', ''),
 ('37', 'slug', '0', 'en_us', ' нефтегазовая отрасль '),
 ('37', 'title', '0', 'en_us', ' нефтегазовая отрасль '),
 ('38', 'field', '35', 'ru', ''),
 ('38', 'slug', '0', 'ru', ' сельское хозяйство и пищевая промышленность '),
 ('38', 'title', '0', 'ru', ' сельское хозяйство и пищевая промышленность '),
 ('38', 'field', '35', 'en_us', ''),
 ('38', 'slug', '0', 'en_us', ' сельское хозяйство и пищевая промышленность '),
 ('38', 'title', '0', 'en_us', ' сельское хозяйство и пищевая промышленность '),
 ('39', 'field', '35', 'ru', ''),
 ('39', 'slug', '0', 'ru', ' сфера развлечений и гостеприимства '),
 ('39', 'title', '0', 'ru', ' сфера развлечений и гостеприимства '),
 ('39', 'field', '35', 'en_us', ''),
 ('39', 'slug', '0', 'en_us', ' сфера развлечений и гостеприимства '),
 ('39', 'title', '0', 'en_us', ' сфера развлечений и гостеприимства '),
 ('40', 'field', '35', 'ru', ''),
 ('40', 'slug', '0', 'ru', ' телеком ит и медиа '),
 ('40', 'title', '0', 'ru', ' телеком ит и медиа '),
 ('40', 'field', '35', 'en_us', ''),
 ('40', 'slug', '0', 'en_us', ' телеком ит и медиа '),
 ('40', 'title', '0', 'en_us', ' телеком ит и медиа '),
 ('41', 'field', '35', 'ru', ''),
 ('41', 'slug', '0', 'ru', ' торговля оптовая и розничная '),
 ('41', 'title', '0', 'ru', ' торговля оптовая и розничная '),
 ('41', 'field', '35', 'en_us', ''),
 ('41', 'slug', '0', 'en_us', ' торговля оптовая и розничная '),
 ('41', 'title', '0', 'en_us', ' торговля оптовая и розничная '),
 ('42', 'field', '35', 'ru', ''),
 ('42', 'slug', '0', 'ru', ' транспорт и логистика инфраструктурные проекты '),
 ('42', 'title', '0', 'ru', ' транспорт и логистика инфраструктурные проекты '),
 ('42', 'field', '35', 'en_us', ''),
 ('42', 'slug', '0', 'en_us', ' транспорт и логистика инфраструктурные проекты '),
 ('42', 'title', '0', 'en_us', ' транспорт и логистика инфраструктурные проекты '),
 ('43', 'field', '35', 'ru', ''),
 ('43', 'slug', '0', 'ru', ' фармацевтика медицина '),
 ('43', 'title', '0', 'ru', ' фармацевтика медицина '),
 ('43', 'field', '35', 'en_us', ''),
 ('43', 'slug', '0', 'en_us', ' фармацевтика медицина '),
 ('43', 'title', '0', 'en_us', ' фармацевтика медицина '),
 ('44', 'field', '35', 'ru', '');
INSERT INTO `craft_searchindex` (`elementId`, `attribute`, `fieldId`, `locale`, `keywords`) VALUES
 ('44', 'slug', '0', 'ru', ' финансовый сектор '),
 ('44', 'title', '0', 'ru', ' финансовый сектор '),
 ('44', 'field', '35', 'en_us', ''),
 ('44', 'slug', '0', 'en_us', ' финансовый сектор '),
 ('44', 'title', '0', 'en_us', ' финансовый сектор '),
 ('45', 'field', '35', 'ru', ''),
 ('45', 'slug', '0', 'ru', ' энергетика '),
 ('45', 'title', '0', 'ru', ' энергетика '),
 ('45', 'field', '35', 'en_us', ''),
 ('45', 'slug', '0', 'en_us', ' энергетика '),
 ('45', 'title', '0', 'en_us', ' энергетика '),
 ('46', 'filename', '0', 'ru', ' дина мария ийнбор jpg '),
 ('46', 'extension', '0', 'ru', ' jpg '),
 ('46', 'kind', '0', 'ru', ' image '),
 ('46', 'slug', '0', 'ru', ' дина мария ийнбор '),
 ('46', 'title', '0', 'ru', ' дина мария ийнбор '),
 ('46', 'filename', '0', 'en_us', ' дина мария ийнбор jpg '),
 ('46', 'extension', '0', 'en_us', ' jpg '),
 ('46', 'kind', '0', 'en_us', ' image '),
 ('46', 'slug', '0', 'en_us', ' дина мария ийнбор '),
 ('46', 'title', '0', 'en_us', ' дина мария ийнбор '),
 ('59', 'field', '11', 'en_us', ''),
 ('59', 'field', '9', 'en_us', ''),
 ('59', 'field', '15', 'en_us', ''),
 ('59', 'field', '3', 'en_us', ''),
 ('59', 'field', '8', 'en_us', ''),
 ('59', 'field', '7', 'en_us', ' partners '),
 ('54', 'field', '8', 'en_us', ''),
 ('54', 'field', '7', 'en_us', ' partners '),
 ('54', 'field', '5', 'en_us', ''),
 ('54', 'field', '13', 'en_us', ''),
 ('53', 'field', '16', 'en_us', ''),
 ('53', 'field', '9', 'en_us', ''),
 ('53', 'field', '11', 'en_us', ''),
 ('53', 'field', '10', 'en_us', ''),
 ('53', 'field', '38', 'en_us', ''),
 ('53', 'field', '37', 'en_us', ''),
 ('53', 'slug', '0', 'en_us', ' александр иванов '),
 ('53', 'title', '0', 'en_us', ' александр иванов '),
 ('54', 'field', '42', 'ru', ''),
 ('54', 'field', '4', 'ru', ''),
 ('54', 'field', '5', 'ru', ''),
 ('54', 'field', '6', 'ru', ''),
 ('54', 'field', '7', 'ru', ' партнеры '),
 ('54', 'field', '3', 'ru', ''),
 ('54', 'field', '8', 'ru', ''),
 ('54', 'field', '12', 'ru', ''),
 ('53', 'field', '7', 'en_us', ' partners '),
 ('53', 'field', '42', 'ru', ''),
 ('53', 'field', '4', 'ru', ' александр '),
 ('59', 'field', '16', 'en_us', ''),
 ('59', 'field', '12', 'en_us', ''),
 ('59', 'field', '13', 'en_us', ''),
 ('54', 'field', '12', 'en_us', ''),
 ('54', 'field', '3', 'en_us', ''),
 ('54', 'field', '6', 'en_us', ''),
 ('54', 'field', '15', 'en_us', ''),
 ('54', 'field', '13', 'ru', ''),
 ('54', 'field', '15', 'ru', ''),
 ('54', 'field', '16', 'ru', ''),
 ('54', 'field', '9', 'ru', ''),
 ('54', 'field', '11', 'ru', ''),
 ('54', 'field', '10', 'ru', ''),
 ('54', 'field', '38', 'ru', ''),
 ('54', 'field', '37', 'ru', ''),
 ('54', 'slug', '0', 'ru', ' малков александр '),
 ('54', 'title', '0', 'ru', ' малков александр '),
 ('54', 'field', '42', 'en_us', ''),
 ('54', 'field', '4', 'en_us', ''),
 ('53', 'field', '15', 'en_us', ''),
 ('53', 'field', '8', 'en_us', ''),
 ('53', 'field', '12', 'en_us', ''),
 ('53', 'field', '13', 'en_us', ''),
 ('53', 'field', '3', 'en_us', ''),
 ('53', 'field', '5', 'ru', ' иванов '),
 ('53', 'field', '6', 'ru', ''),
 ('53', 'field', '7', 'ru', ' партнеры '),
 ('53', 'field', '3', 'ru', ''),
 ('53', 'field', '8', 'ru', ''),
 ('53', 'field', '12', 'ru', ''),
 ('53', 'field', '13', 'ru', ''),
 ('53', 'field', '15', 'ru', ''),
 ('53', 'field', '16', 'ru', ''),
 ('53', 'field', '9', 'ru', ''),
 ('53', 'field', '11', 'ru', ''),
 ('53', 'field', '10', 'ru', ''),
 ('53', 'field', '38', 'ru', ''),
 ('53', 'field', '37', 'ru', ''),
 ('53', 'slug', '0', 'ru', ' александр иванов '),
 ('53', 'title', '0', 'ru', ' иванов александр '),
 ('53', 'field', '42', 'en_us', ''),
 ('53', 'field', '4', 'en_us', ' александр '),
 ('53', 'field', '5', 'en_us', ' иванов '),
 ('53', 'field', '6', 'en_us', ''),
 ('49', 'field', '4', 'ru', ''),
 ('49', 'field', '5', 'ru', ''),
 ('49', 'field', '6', 'ru', ''),
 ('49', 'field', '7', 'ru', ''),
 ('49', 'field', '3', 'ru', ''),
 ('49', 'field', '8', 'ru', '');
INSERT INTO `craft_searchindex` (`elementId`, `attribute`, `fieldId`, `locale`, `keywords`) VALUES
 ('49', 'field', '12', 'ru', ''),
 ('49', 'field', '13', 'ru', ''),
 ('49', 'field', '15', 'ru', ''),
 ('49', 'field', '16', 'ru', ''),
 ('49', 'field', '9', 'ru', ''),
 ('49', 'field', '11', 'ru', ''),
 ('49', 'field', '10', 'ru', ''),
 ('49', 'field', '38', 'ru', ''),
 ('49', 'field', '37', 'ru', ''),
 ('49', 'slug', '0', 'ru', ''),
 ('49', 'title', '0', 'ru', ' яж '),
 ('60', 'field', '4', 'ru', ''),
 ('60', 'field', '5', 'ru', ''),
 ('60', 'field', '6', 'ru', ''),
 ('59', 'slug', '0', 'en_us', ' тишаков сергей '),
 ('59', 'title', '0', 'en_us', ' тишаков сергей '),
 ('60', 'field', '42', 'ru', ''),
 ('59', 'field', '37', 'en_us', ''),
 ('59', 'field', '38', 'en_us', ''),
 ('59', 'field', '10', 'en_us', ''),
 ('54', 'field', '16', 'en_us', ''),
 ('54', 'field', '9', 'en_us', ''),
 ('54', 'field', '11', 'en_us', ''),
 ('54', 'field', '10', 'en_us', ''),
 ('54', 'field', '38', 'en_us', ''),
 ('54', 'field', '37', 'en_us', ''),
 ('54', 'slug', '0', 'en_us', ' малков александр '),
 ('54', 'title', '0', 'en_us', ' малков александр '),
 ('55', 'field', '42', 'ru', ''),
 ('55', 'field', '4', 'ru', ''),
 ('55', 'field', '5', 'ru', ''),
 ('55', 'field', '6', 'ru', ''),
 ('55', 'field', '7', 'ru', ' партнеры '),
 ('55', 'field', '3', 'ru', ''),
 ('55', 'field', '8', 'ru', ''),
 ('55', 'field', '12', 'ru', ''),
 ('55', 'field', '13', 'ru', ''),
 ('55', 'field', '15', 'ru', ''),
 ('55', 'field', '16', 'ru', ''),
 ('55', 'field', '9', 'ru', ''),
 ('55', 'field', '11', 'ru', ''),
 ('55', 'field', '10', 'ru', ''),
 ('55', 'field', '38', 'ru', ''),
 ('55', 'field', '37', 'ru', ''),
 ('55', 'slug', '0', 'ru', ' калинин сергей '),
 ('55', 'title', '0', 'ru', ' калинин сергей '),
 ('55', 'field', '42', 'en_us', ''),
 ('55', 'field', '4', 'en_us', ''),
 ('55', 'field', '5', 'en_us', ''),
 ('55', 'field', '6', 'en_us', ''),
 ('55', 'field', '7', 'en_us', ''),
 ('55', 'field', '3', 'en_us', ''),
 ('55', 'field', '8', 'en_us', ''),
 ('55', 'field', '12', 'en_us', ''),
 ('55', 'field', '13', 'en_us', ''),
 ('55', 'field', '15', 'en_us', ''),
 ('55', 'field', '16', 'en_us', ''),
 ('55', 'field', '9', 'en_us', ''),
 ('55', 'field', '11', 'en_us', ''),
 ('55', 'field', '10', 'en_us', ''),
 ('55', 'field', '38', 'en_us', ''),
 ('55', 'field', '37', 'en_us', ''),
 ('55', 'slug', '0', 'en_us', ' калинин сергей '),
 ('55', 'title', '0', 'en_us', ' калинин сергей '),
 ('56', 'field', '42', 'ru', ''),
 ('56', 'field', '4', 'ru', ''),
 ('56', 'field', '5', 'ru', ''),
 ('56', 'field', '6', 'ru', ''),
 ('56', 'field', '7', 'ru', ' партнеры '),
 ('56', 'field', '3', 'ru', ''),
 ('56', 'field', '8', 'ru', ''),
 ('56', 'field', '12', 'ru', ''),
 ('56', 'field', '13', 'ru', ''),
 ('56', 'field', '15', 'ru', ''),
 ('56', 'field', '16', 'ru', ''),
 ('56', 'field', '9', 'ru', ''),
 ('56', 'field', '11', 'ru', ''),
 ('56', 'field', '10', 'ru', ''),
 ('56', 'field', '38', 'ru', ''),
 ('56', 'field', '37', 'ru', ''),
 ('56', 'slug', '0', 'ru', ' засимова анна '),
 ('56', 'title', '0', 'ru', ' засимова анна '),
 ('56', 'field', '42', 'en_us', ''),
 ('56', 'field', '4', 'en_us', ''),
 ('56', 'field', '5', 'en_us', ''),
 ('56', 'field', '6', 'en_us', ''),
 ('56', 'field', '7', 'en_us', ' partners '),
 ('56', 'field', '3', 'en_us', ''),
 ('56', 'field', '8', 'en_us', ''),
 ('56', 'field', '12', 'en_us', ''),
 ('56', 'field', '13', 'en_us', ''),
 ('56', 'field', '15', 'en_us', ''),
 ('56', 'field', '16', 'en_us', ''),
 ('56', 'field', '9', 'en_us', ''),
 ('56', 'field', '11', 'en_us', ''),
 ('56', 'field', '10', 'en_us', ''),
 ('56', 'field', '38', 'en_us', ''),
 ('56', 'field', '37', 'en_us', ''),
 ('56', 'slug', '0', 'en_us', ' засимова анна '),
 ('56', 'title', '0', 'en_us', ' засимова анна ');
INSERT INTO `craft_searchindex` (`elementId`, `attribute`, `fieldId`, `locale`, `keywords`) VALUES
 ('57', 'field', '42', 'ru', ''),
 ('57', 'field', '4', 'ru', ''),
 ('57', 'field', '5', 'ru', ''),
 ('57', 'field', '6', 'ru', ''),
 ('57', 'field', '7', 'ru', ' партнеры '),
 ('57', 'field', '3', 'ru', ''),
 ('57', 'field', '8', 'ru', ''),
 ('57', 'field', '12', 'ru', ''),
 ('57', 'field', '13', 'ru', ''),
 ('57', 'field', '15', 'ru', ''),
 ('57', 'field', '16', 'ru', ''),
 ('57', 'field', '9', 'ru', ''),
 ('57', 'field', '11', 'ru', ''),
 ('57', 'field', '10', 'ru', ''),
 ('57', 'field', '38', 'ru', ''),
 ('57', 'field', '37', 'ru', ''),
 ('57', 'slug', '0', 'ru', ' дмитриева елена '),
 ('57', 'title', '0', 'ru', ' дмитриева елена '),
 ('57', 'field', '42', 'en_us', ''),
 ('57', 'field', '4', 'en_us', ''),
 ('57', 'field', '5', 'en_us', ''),
 ('57', 'field', '6', 'en_us', ''),
 ('57', 'field', '7', 'en_us', ' partners '),
 ('57', 'field', '3', 'en_us', ''),
 ('57', 'field', '8', 'en_us', ''),
 ('57', 'field', '12', 'en_us', ''),
 ('57', 'field', '13', 'en_us', ''),
 ('57', 'field', '15', 'en_us', ''),
 ('57', 'field', '16', 'en_us', ''),
 ('57', 'field', '9', 'en_us', ''),
 ('57', 'field', '11', 'en_us', ''),
 ('57', 'field', '10', 'en_us', ''),
 ('57', 'field', '38', 'en_us', ''),
 ('57', 'field', '37', 'en_us', ''),
 ('57', 'slug', '0', 'en_us', ' дмитриева елена '),
 ('57', 'title', '0', 'en_us', ' дмитриева елена '),
 ('58', 'field', '42', 'ru', ''),
 ('58', 'field', '4', 'ru', ''),
 ('58', 'field', '5', 'ru', ''),
 ('58', 'field', '6', 'ru', ''),
 ('58', 'field', '7', 'ru', ' партнеры '),
 ('58', 'field', '3', 'ru', ''),
 ('58', 'field', '8', 'ru', ''),
 ('58', 'field', '12', 'ru', ''),
 ('58', 'field', '13', 'ru', ''),
 ('58', 'field', '15', 'ru', ''),
 ('58', 'field', '16', 'ru', ''),
 ('58', 'field', '9', 'ru', ''),
 ('58', 'field', '11', 'ru', ''),
 ('58', 'field', '10', 'ru', ''),
 ('58', 'field', '38', 'ru', ''),
 ('58', 'field', '37', 'ru', ''),
 ('58', 'slug', '0', 'ru', ' князева татьяна '),
 ('58', 'title', '0', 'ru', ' князева татьяна '),
 ('58', 'field', '42', 'en_us', ''),
 ('58', 'field', '4', 'en_us', ''),
 ('58', 'field', '5', 'en_us', ''),
 ('58', 'field', '6', 'en_us', ''),
 ('58', 'field', '7', 'en_us', ' partners '),
 ('58', 'field', '3', 'en_us', ''),
 ('58', 'field', '8', 'en_us', ''),
 ('58', 'field', '12', 'en_us', ''),
 ('58', 'field', '13', 'en_us', ''),
 ('58', 'field', '15', 'en_us', ''),
 ('58', 'field', '16', 'en_us', ''),
 ('58', 'field', '9', 'en_us', ''),
 ('58', 'field', '11', 'en_us', ''),
 ('58', 'field', '10', 'en_us', ''),
 ('58', 'field', '38', 'en_us', ''),
 ('58', 'field', '37', 'en_us', ''),
 ('58', 'slug', '0', 'en_us', ' князева татьяна '),
 ('58', 'title', '0', 'en_us', ' князева татьяна '),
 ('59', 'field', '42', 'ru', ''),
 ('59', 'field', '4', 'ru', ''),
 ('59', 'field', '5', 'ru', ''),
 ('59', 'field', '6', 'ru', ''),
 ('59', 'field', '7', 'ru', ' партнеры '),
 ('59', 'field', '3', 'ru', ''),
 ('59', 'field', '8', 'ru', ''),
 ('59', 'field', '12', 'ru', ''),
 ('59', 'field', '13', 'ru', ''),
 ('59', 'field', '15', 'ru', ''),
 ('59', 'field', '16', 'ru', ''),
 ('59', 'field', '9', 'ru', ''),
 ('59', 'field', '11', 'ru', ''),
 ('59', 'field', '10', 'ru', ''),
 ('59', 'field', '38', 'ru', ''),
 ('59', 'field', '37', 'ru', ''),
 ('59', 'slug', '0', 'ru', ' тишаков сергей '),
 ('59', 'title', '0', 'ru', ' тишаков сергей '),
 ('59', 'field', '42', 'en_us', ''),
 ('59', 'field', '4', 'en_us', ''),
 ('59', 'field', '5', 'en_us', ''),
 ('59', 'field', '6', 'en_us', ''),
 ('60', 'field', '7', 'ru', ' партнеры '),
 ('60', 'field', '3', 'ru', ''),
 ('60', 'field', '8', 'ru', ''),
 ('60', 'field', '12', 'ru', ''),
 ('60', 'field', '13', 'ru', ''),
 ('60', 'field', '15', 'ru', '');
INSERT INTO `craft_searchindex` (`elementId`, `attribute`, `fieldId`, `locale`, `keywords`) VALUES
 ('60', 'field', '16', 'ru', ''),
 ('60', 'field', '9', 'ru', ''),
 ('60', 'field', '11', 'ru', ''),
 ('60', 'field', '10', 'ru', ''),
 ('60', 'field', '38', 'ru', ''),
 ('60', 'field', '37', 'ru', ''),
 ('60', 'slug', '0', 'ru', ' сидоренко александр '),
 ('60', 'title', '0', 'ru', ' сидоренко александр '),
 ('60', 'field', '42', 'en_us', ''),
 ('60', 'field', '4', 'en_us', ''),
 ('60', 'field', '5', 'en_us', ''),
 ('60', 'field', '6', 'en_us', ''),
 ('60', 'field', '7', 'en_us', ' partners '),
 ('60', 'field', '3', 'en_us', ''),
 ('60', 'field', '8', 'en_us', ''),
 ('60', 'field', '12', 'en_us', ''),
 ('60', 'field', '13', 'en_us', ''),
 ('60', 'field', '15', 'en_us', ''),
 ('60', 'field', '16', 'en_us', ''),
 ('60', 'field', '9', 'en_us', ''),
 ('60', 'field', '11', 'en_us', ''),
 ('60', 'field', '10', 'en_us', ''),
 ('60', 'field', '38', 'en_us', ''),
 ('60', 'field', '37', 'en_us', ''),
 ('60', 'slug', '0', 'en_us', ' сидоренко александр '),
 ('60', 'title', '0', 'en_us', ' сидоренко александр '),
 ('61', 'field', '4', 'ru', ''),
 ('61', 'field', '5', 'ru', ''),
 ('61', 'field', '6', 'ru', ''),
 ('61', 'field', '7', 'ru', ' партнеры '),
 ('61', 'field', '3', 'ru', ''),
 ('61', 'field', '8', 'ru', ''),
 ('61', 'field', '12', 'ru', ''),
 ('61', 'field', '13', 'ru', ''),
 ('61', 'field', '15', 'ru', ''),
 ('61', 'field', '16', 'ru', ''),
 ('61', 'field', '9', 'ru', ''),
 ('61', 'field', '11', 'ru', ''),
 ('61', 'field', '10', 'ru', ''),
 ('61', 'field', '38', 'ru', ''),
 ('61', 'field', '37', 'ru', ' консалтинг корпоративные финансы оценочные услуги финансовые расследования '),
 ('61', 'slug', '0', 'ru', ' писарев андрей '),
 ('61', 'title', '0', 'ru', ' писарев андрей '),
 ('61', 'field', '4', 'en_us', ''),
 ('61', 'field', '5', 'en_us', ''),
 ('61', 'field', '6', 'en_us', ''),
 ('61', 'field', '7', 'en_us', ' partners '),
 ('61', 'field', '3', 'en_us', ''),
 ('61', 'field', '8', 'en_us', ''),
 ('61', 'field', '12', 'en_us', ''),
 ('61', 'field', '13', 'en_us', ''),
 ('61', 'field', '15', 'en_us', ''),
 ('61', 'field', '16', 'en_us', ''),
 ('61', 'field', '9', 'en_us', ''),
 ('61', 'field', '11', 'en_us', ''),
 ('61', 'field', '10', 'en_us', ''),
 ('61', 'field', '38', 'en_us', ''),
 ('61', 'field', '37', 'en_us', ' консалтинг корпоративные финансы оценочные услуги финансовые расследования '),
 ('61', 'slug', '0', 'en_us', ' писарев андрей '),
 ('61', 'title', '0', 'en_us', ' писарев андрей '),
 ('62', 'field', '4', 'ru', ''),
 ('62', 'field', '5', 'ru', ''),
 ('62', 'field', '6', 'ru', ''),
 ('62', 'field', '7', 'ru', ' директора '),
 ('62', 'field', '3', 'ru', ''),
 ('62', 'field', '8', 'ru', ''),
 ('62', 'field', '12', 'ru', ''),
 ('62', 'field', '13', 'ru', ''),
 ('62', 'field', '15', 'ru', ''),
 ('62', 'field', '16', 'ru', ''),
 ('62', 'field', '9', 'ru', ''),
 ('62', 'field', '11', 'ru', ''),
 ('62', 'field', '10', 'ru', ''),
 ('62', 'field', '38', 'ru', ' финансовый сектор '),
 ('62', 'field', '37', 'ru', ''),
 ('62', 'slug', '0', 'ru', ' деев максим '),
 ('62', 'title', '0', 'ru', ' деев максим '),
 ('62', 'field', '4', 'en_us', ''),
 ('62', 'field', '5', 'en_us', ''),
 ('62', 'field', '6', 'en_us', ''),
 ('62', 'field', '7', 'en_us', ' superintendents '),
 ('62', 'field', '3', 'en_us', ''),
 ('62', 'field', '8', 'en_us', ''),
 ('62', 'field', '12', 'en_us', ''),
 ('62', 'field', '13', 'en_us', ''),
 ('62', 'field', '15', 'en_us', ''),
 ('62', 'field', '16', 'en_us', ''),
 ('62', 'field', '9', 'en_us', ''),
 ('62', 'field', '11', 'en_us', ''),
 ('62', 'field', '10', 'en_us', ''),
 ('62', 'field', '38', 'en_us', ' финансовый сектор '),
 ('62', 'field', '37', 'en_us', ''),
 ('62', 'slug', '0', 'en_us', ' деев максим '),
 ('62', 'title', '0', 'en_us', ' деев максим '),
 ('63', 'field', '4', 'ru', ''),
 ('63', 'field', '5', 'ru', ''),
 ('63', 'field', '6', 'ru', ''),
 ('63', 'field', '7', 'ru', ' директора '),
 ('63', 'field', '3', 'ru', ''),
 ('63', 'field', '8', 'ru', '');
INSERT INTO `craft_searchindex` (`elementId`, `attribute`, `fieldId`, `locale`, `keywords`) VALUES
 ('63', 'field', '12', 'ru', ''),
 ('63', 'field', '13', 'ru', ''),
 ('63', 'field', '15', 'ru', ''),
 ('63', 'field', '16', 'ru', ''),
 ('63', 'field', '9', 'ru', ''),
 ('63', 'field', '11', 'ru', ''),
 ('63', 'field', '10', 'ru', ''),
 ('63', 'field', '38', 'ru', ''),
 ('63', 'field', '37', 'ru', ''),
 ('63', 'slug', '0', 'ru', ' шалумов захар '),
 ('63', 'title', '0', 'ru', ' шалумов захар '),
 ('63', 'field', '4', 'en_us', ''),
 ('63', 'field', '5', 'en_us', ''),
 ('63', 'field', '6', 'en_us', ''),
 ('63', 'field', '7', 'en_us', ' superintendents '),
 ('63', 'field', '3', 'en_us', ''),
 ('63', 'field', '8', 'en_us', ''),
 ('63', 'field', '12', 'en_us', ''),
 ('63', 'field', '13', 'en_us', ''),
 ('63', 'field', '15', 'en_us', ''),
 ('63', 'field', '16', 'en_us', ''),
 ('63', 'field', '9', 'en_us', ''),
 ('63', 'field', '11', 'en_us', ''),
 ('63', 'field', '10', 'en_us', ''),
 ('63', 'field', '38', 'en_us', ''),
 ('63', 'field', '37', 'en_us', ''),
 ('63', 'slug', '0', 'en_us', ' шалумов захар '),
 ('63', 'title', '0', 'en_us', ' шалумов захар '),
 ('64', 'field', '4', 'ru', ''),
 ('64', 'field', '5', 'ru', ''),
 ('64', 'field', '6', 'ru', ''),
 ('64', 'field', '7', 'ru', ' директора '),
 ('64', 'field', '3', 'ru', ''),
 ('64', 'field', '8', 'ru', ''),
 ('64', 'field', '12', 'ru', ''),
 ('64', 'field', '13', 'ru', ''),
 ('64', 'field', '15', 'ru', ''),
 ('64', 'field', '16', 'ru', ''),
 ('64', 'field', '9', 'ru', ''),
 ('64', 'field', '11', 'ru', ''),
 ('64', 'field', '10', 'ru', ''),
 ('64', 'field', '38', 'ru', ''),
 ('64', 'field', '37', 'ru', ''),
 ('64', 'slug', '0', 'ru', ' карапетян мэри '),
 ('64', 'title', '0', 'ru', ' карапетян мэри '),
 ('64', 'field', '4', 'en_us', ''),
 ('64', 'field', '5', 'en_us', ''),
 ('64', 'field', '6', 'en_us', ''),
 ('64', 'field', '7', 'en_us', ' superintendents '),
 ('64', 'field', '3', 'en_us', ''),
 ('64', 'field', '8', 'en_us', ''),
 ('64', 'field', '12', 'en_us', ''),
 ('64', 'field', '13', 'en_us', ''),
 ('64', 'field', '15', 'en_us', ''),
 ('64', 'field', '16', 'en_us', ''),
 ('64', 'field', '9', 'en_us', ''),
 ('64', 'field', '11', 'en_us', ''),
 ('64', 'field', '10', 'en_us', ''),
 ('64', 'field', '38', 'en_us', ''),
 ('64', 'field', '37', 'en_us', ''),
 ('64', 'slug', '0', 'en_us', ' карапетян мэри '),
 ('64', 'title', '0', 'en_us', ' карапетян мэри '),
 ('65', 'field', '4', 'ru', ''),
 ('65', 'field', '5', 'ru', ''),
 ('65', 'field', '6', 'ru', ''),
 ('65', 'field', '7', 'ru', ' директора '),
 ('65', 'field', '3', 'ru', ''),
 ('65', 'field', '8', 'ru', ''),
 ('65', 'field', '12', 'ru', ''),
 ('65', 'field', '13', 'ru', ''),
 ('65', 'field', '15', 'ru', ''),
 ('65', 'field', '16', 'ru', ''),
 ('65', 'field', '9', 'ru', ''),
 ('65', 'field', '11', 'ru', ''),
 ('65', 'field', '10', 'ru', ''),
 ('65', 'field', '38', 'ru', ''),
 ('65', 'field', '37', 'ru', ''),
 ('65', 'slug', '0', 'ru', ' кучер дмитрий '),
 ('65', 'title', '0', 'ru', ' кучер дмитрий '),
 ('65', 'field', '4', 'en_us', ''),
 ('65', 'field', '5', 'en_us', ''),
 ('65', 'field', '6', 'en_us', ''),
 ('65', 'field', '7', 'en_us', ' superintendents '),
 ('65', 'field', '3', 'en_us', ''),
 ('65', 'field', '8', 'en_us', ''),
 ('65', 'field', '12', 'en_us', ''),
 ('65', 'field', '13', 'en_us', ''),
 ('65', 'field', '15', 'en_us', ''),
 ('65', 'field', '16', 'en_us', ''),
 ('65', 'field', '9', 'en_us', ''),
 ('65', 'field', '11', 'en_us', ''),
 ('65', 'field', '10', 'en_us', ''),
 ('65', 'field', '38', 'en_us', ''),
 ('65', 'field', '37', 'en_us', ''),
 ('65', 'slug', '0', 'en_us', ' кучер дмитрий '),
 ('65', 'title', '0', 'en_us', ' кучер дмитрий '),
 ('66', 'field', '4', 'ru', ''),
 ('66', 'field', '5', 'ru', ''),
 ('66', 'field', '6', 'ru', ''),
 ('66', 'field', '7', 'ru', ' директора ');
INSERT INTO `craft_searchindex` (`elementId`, `attribute`, `fieldId`, `locale`, `keywords`) VALUES
 ('66', 'field', '3', 'ru', ''),
 ('66', 'field', '8', 'ru', ''),
 ('66', 'field', '12', 'ru', ''),
 ('66', 'field', '13', 'ru', ''),
 ('66', 'field', '15', 'ru', ''),
 ('66', 'field', '16', 'ru', ''),
 ('66', 'field', '9', 'ru', ''),
 ('66', 'field', '11', 'ru', ''),
 ('66', 'field', '10', 'ru', ''),
 ('66', 'field', '38', 'ru', ''),
 ('66', 'field', '37', 'ru', ''),
 ('66', 'slug', '0', 'ru', ' ланда леонид '),
 ('66', 'title', '0', 'ru', ' ланда леонид '),
 ('66', 'field', '4', 'en_us', ''),
 ('66', 'field', '5', 'en_us', ''),
 ('66', 'field', '6', 'en_us', ''),
 ('66', 'field', '7', 'en_us', ' superintendents '),
 ('66', 'field', '3', 'en_us', ''),
 ('66', 'field', '8', 'en_us', ''),
 ('66', 'field', '12', 'en_us', ''),
 ('66', 'field', '13', 'en_us', ''),
 ('66', 'field', '15', 'en_us', ''),
 ('66', 'field', '16', 'en_us', ''),
 ('66', 'field', '9', 'en_us', ''),
 ('66', 'field', '11', 'en_us', ''),
 ('66', 'field', '10', 'en_us', ''),
 ('66', 'field', '38', 'en_us', ''),
 ('66', 'field', '37', 'en_us', ''),
 ('66', 'slug', '0', 'en_us', ' ланда леонид '),
 ('66', 'title', '0', 'en_us', ' ланда леонид '),
 ('67', 'field', '4', 'ru', ''),
 ('67', 'field', '5', 'ru', ''),
 ('67', 'field', '6', 'ru', ''),
 ('67', 'field', '7', 'ru', ' директора '),
 ('67', 'field', '3', 'ru', ''),
 ('67', 'field', '8', 'ru', ''),
 ('67', 'field', '12', 'ru', ''),
 ('67', 'field', '13', 'ru', ''),
 ('67', 'field', '15', 'ru', ''),
 ('67', 'field', '16', 'ru', ''),
 ('67', 'field', '9', 'ru', ''),
 ('67', 'field', '11', 'ru', ''),
 ('67', 'field', '10', 'ru', ''),
 ('67', 'field', '38', 'ru', ''),
 ('67', 'field', '37', 'ru', ''),
 ('67', 'slug', '0', 'ru', ' живчиков денис '),
 ('67', 'title', '0', 'ru', ' живчиков денис '),
 ('67', 'field', '4', 'en_us', ''),
 ('67', 'field', '5', 'en_us', ''),
 ('67', 'field', '6', 'en_us', ''),
 ('67', 'field', '7', 'en_us', ' superintendents '),
 ('67', 'field', '3', 'en_us', ''),
 ('67', 'field', '8', 'en_us', ''),
 ('67', 'field', '12', 'en_us', ''),
 ('67', 'field', '13', 'en_us', ''),
 ('67', 'field', '15', 'en_us', ''),
 ('67', 'field', '16', 'en_us', ''),
 ('67', 'field', '9', 'en_us', ''),
 ('67', 'field', '11', 'en_us', ''),
 ('67', 'field', '10', 'en_us', ''),
 ('67', 'field', '38', 'en_us', ''),
 ('67', 'field', '37', 'en_us', ''),
 ('67', 'slug', '0', 'en_us', ' живчиков денис '),
 ('67', 'title', '0', 'en_us', ' живчиков денис '),
 ('68', 'field', '4', 'ru', ''),
 ('68', 'field', '5', 'ru', ''),
 ('68', 'field', '6', 'ru', ''),
 ('68', 'field', '7', 'ru', ' директора '),
 ('68', 'field', '3', 'ru', ''),
 ('68', 'field', '8', 'ru', ''),
 ('68', 'field', '12', 'ru', ''),
 ('68', 'field', '13', 'ru', ''),
 ('68', 'field', '15', 'ru', ''),
 ('68', 'field', '16', 'ru', ''),
 ('68', 'field', '9', 'ru', ''),
 ('68', 'field', '11', 'ru', ''),
 ('68', 'field', '10', 'ru', ''),
 ('68', 'field', '38', 'ru', ''),
 ('68', 'field', '37', 'ru', ''),
 ('68', 'slug', '0', 'ru', ' трифаненкова марина '),
 ('68', 'title', '0', 'ru', ' трифаненкова марина '),
 ('68', 'field', '4', 'en_us', ''),
 ('68', 'field', '5', 'en_us', ''),
 ('68', 'field', '6', 'en_us', ''),
 ('68', 'field', '7', 'en_us', ' superintendents '),
 ('68', 'field', '3', 'en_us', ''),
 ('68', 'field', '8', 'en_us', ''),
 ('68', 'field', '12', 'en_us', ''),
 ('68', 'field', '13', 'en_us', ''),
 ('68', 'field', '15', 'en_us', ''),
 ('68', 'field', '16', 'en_us', ''),
 ('68', 'field', '9', 'en_us', ''),
 ('68', 'field', '11', 'en_us', ''),
 ('68', 'field', '10', 'en_us', ''),
 ('68', 'field', '38', 'en_us', ''),
 ('68', 'field', '37', 'en_us', ''),
 ('68', 'slug', '0', 'en_us', ' трифаненкова марина '),
 ('68', 'title', '0', 'en_us', ' трифаненкова марина '),
 ('69', 'field', '4', 'ru', ''),
 ('69', 'field', '5', 'ru', '');
INSERT INTO `craft_searchindex` (`elementId`, `attribute`, `fieldId`, `locale`, `keywords`) VALUES
 ('69', 'field', '6', 'ru', ''),
 ('69', 'field', '7', 'ru', ' директора '),
 ('69', 'field', '3', 'ru', ''),
 ('69', 'field', '8', 'ru', ''),
 ('69', 'field', '12', 'ru', ''),
 ('69', 'field', '13', 'ru', ''),
 ('69', 'field', '15', 'ru', ''),
 ('69', 'field', '16', 'ru', ''),
 ('69', 'field', '9', 'ru', ''),
 ('69', 'field', '11', 'ru', ''),
 ('69', 'field', '10', 'ru', ''),
 ('69', 'field', '38', 'ru', ''),
 ('69', 'field', '37', 'ru', ''),
 ('69', 'slug', '0', 'ru', ' боровикова алена '),
 ('69', 'title', '0', 'ru', ' боровикова алена '),
 ('69', 'field', '4', 'en_us', ''),
 ('69', 'field', '5', 'en_us', ''),
 ('69', 'field', '6', 'en_us', ''),
 ('69', 'field', '7', 'en_us', ' superintendents '),
 ('69', 'field', '3', 'en_us', ''),
 ('69', 'field', '8', 'en_us', ''),
 ('69', 'field', '12', 'en_us', ''),
 ('69', 'field', '13', 'en_us', ''),
 ('69', 'field', '15', 'en_us', ''),
 ('69', 'field', '16', 'en_us', ''),
 ('69', 'field', '9', 'en_us', ''),
 ('69', 'field', '11', 'en_us', ''),
 ('69', 'field', '10', 'en_us', ''),
 ('69', 'field', '38', 'en_us', ''),
 ('69', 'field', '37', 'en_us', ''),
 ('69', 'slug', '0', 'en_us', ' боровикова алена '),
 ('69', 'title', '0', 'en_us', ' боровикова алена '),
 ('4', 'field', '45', 'ru', ' партнер '),
 ('4', 'field', '45', 'en_us', ' partner '),
 ('5', 'field', '45', 'ru', ' директор '),
 ('5', 'field', '45', 'en_us', ' superintendent '),
 ('6', 'field', '45', 'ru', ' старший менеджер '),
 ('6', 'field', '45', 'en_us', ' manager '),
 ('70', 'field', '4', 'ru', ' марина '),
 ('70', 'field', '5', 'ru', ' закоян '),
 ('70', 'field', '7', 'ru', ' директора '),
 ('70', 'field', '46', 'ru', ' старший юрист '),
 ('70', 'field', '6', 'ru', ''),
 ('70', 'field', '3', 'ru', ''),
 ('70', 'field', '8', 'ru', ''),
 ('70', 'field', '12', 'ru', ''),
 ('70', 'field', '13', 'ru', ''),
 ('70', 'field', '15', 'ru', ''),
 ('70', 'field', '16', 'ru', ''),
 ('70', 'field', '9', 'ru', ''),
 ('70', 'field', '11', 'ru', ''),
 ('70', 'field', '10', 'ru', ''),
 ('70', 'field', '38', 'ru', ''),
 ('70', 'field', '37', 'ru', ''),
 ('70', 'slug', '0', 'ru', ' закоян марина '),
 ('70', 'title', '0', 'ru', ' закоян марина '),
 ('70', 'field', '4', 'en_us', ' марина '),
 ('70', 'field', '5', 'en_us', ' закоян '),
 ('70', 'field', '7', 'en_us', ' superintendents '),
 ('70', 'field', '46', 'en_us', ' старший юрист '),
 ('70', 'field', '6', 'en_us', ''),
 ('70', 'field', '3', 'en_us', ''),
 ('70', 'field', '8', 'en_us', ''),
 ('70', 'field', '12', 'en_us', ''),
 ('70', 'field', '13', 'en_us', ''),
 ('70', 'field', '15', 'en_us', ''),
 ('70', 'field', '16', 'en_us', ''),
 ('70', 'field', '9', 'en_us', ''),
 ('70', 'field', '11', 'en_us', ''),
 ('70', 'field', '10', 'en_us', ''),
 ('70', 'field', '38', 'en_us', ''),
 ('70', 'field', '37', 'en_us', ''),
 ('70', 'slug', '0', 'en_us', ' закоян марина '),
 ('70', 'title', '0', 'en_us', ' закоян марина '),
 ('71', 'field', '4', 'ru', ''),
 ('71', 'field', '5', 'ru', ''),
 ('71', 'field', '7', 'ru', ' менеджеры '),
 ('71', 'field', '46', 'ru', ''),
 ('71', 'field', '6', 'ru', ''),
 ('71', 'field', '3', 'ru', ''),
 ('71', 'field', '8', 'ru', ''),
 ('71', 'field', '12', 'ru', ''),
 ('71', 'field', '13', 'ru', ''),
 ('71', 'field', '15', 'ru', ''),
 ('71', 'field', '16', 'ru', ''),
 ('71', 'field', '9', 'ru', ''),
 ('71', 'field', '11', 'ru', ''),
 ('71', 'field', '10', 'ru', ''),
 ('71', 'field', '38', 'ru', ''),
 ('71', 'field', '37', 'ru', ''),
 ('71', 'slug', '0', 'ru', ' новикова анна '),
 ('71', 'title', '0', 'ru', ' новикова анна '),
 ('71', 'field', '4', 'en_us', ''),
 ('71', 'field', '5', 'en_us', ''),
 ('71', 'field', '7', 'en_us', ' managers '),
 ('71', 'field', '46', 'en_us', ''),
 ('71', 'field', '6', 'en_us', ''),
 ('71', 'field', '3', 'en_us', ''),
 ('71', 'field', '8', 'en_us', ''),
 ('71', 'field', '12', 'en_us', '');
INSERT INTO `craft_searchindex` (`elementId`, `attribute`, `fieldId`, `locale`, `keywords`) VALUES
 ('71', 'field', '13', 'en_us', ''),
 ('71', 'field', '15', 'en_us', ''),
 ('71', 'field', '16', 'en_us', ''),
 ('71', 'field', '9', 'en_us', ''),
 ('71', 'field', '11', 'en_us', ''),
 ('71', 'field', '10', 'en_us', ''),
 ('71', 'field', '38', 'en_us', ''),
 ('71', 'field', '37', 'en_us', ''),
 ('71', 'slug', '0', 'en_us', ' новикова анна '),
 ('71', 'title', '0', 'en_us', ' новикова анна '),
 ('72', 'field', '4', 'ru', ''),
 ('72', 'field', '5', 'ru', ''),
 ('72', 'field', '7', 'ru', ' менеджеры '),
 ('72', 'field', '46', 'ru', ''),
 ('72', 'field', '6', 'ru', ''),
 ('72', 'field', '3', 'ru', ''),
 ('72', 'field', '8', 'ru', ''),
 ('72', 'field', '12', 'ru', ' victoria egoshina bakertilly ru '),
 ('72', 'field', '13', 'ru', ''),
 ('72', 'field', '15', 'ru', ' 244 '),
 ('72', 'field', '16', 'ru', ' 2342342 '),
 ('72', 'field', '9', 'ru', ''),
 ('72', 'field', '11', 'ru', ''),
 ('72', 'field', '10', 'ru', ''),
 ('72', 'field', '38', 'ru', ''),
 ('72', 'field', '37', 'ru', ''),
 ('72', 'slug', '0', 'ru', ' егошина виктория '),
 ('72', 'title', '0', 'ru', ' егошина виктория '),
 ('72', 'field', '4', 'en_us', ''),
 ('72', 'field', '5', 'en_us', ''),
 ('72', 'field', '7', 'en_us', ' managers '),
 ('72', 'field', '46', 'en_us', ''),
 ('72', 'field', '6', 'en_us', ''),
 ('72', 'field', '3', 'en_us', ''),
 ('72', 'field', '8', 'en_us', ''),
 ('72', 'field', '12', 'en_us', ' victoria egoshina bakertilly ru '),
 ('72', 'field', '13', 'en_us', ''),
 ('72', 'field', '15', 'en_us', ' 244 '),
 ('72', 'field', '16', 'en_us', ' 2342342 '),
 ('72', 'field', '9', 'en_us', ''),
 ('72', 'field', '11', 'en_us', ''),
 ('72', 'field', '10', 'en_us', ''),
 ('72', 'field', '38', 'en_us', ''),
 ('72', 'field', '37', 'en_us', ''),
 ('72', 'slug', '0', 'en_us', ' егошина виктория '),
 ('72', 'title', '0', 'en_us', ' егошина виктория '),
 ('54', 'field', '46', 'ru', ''),
 ('73', 'slug', '0', 'ru', ''),
 ('73', 'slug', '0', 'en_us', ''),
 ('73', 'field', '12', 'ru', ' info bakertilly ru '),
 ('73', 'field', '15', 'ru', ' 7495 258 9990 '),
 ('73', 'field', '16', 'ru', ''),
 ('73', 'field', '12', 'en_us', ' info bakertilly ru '),
 ('73', 'field', '15', 'en_us', ' 7495 258 9990 '),
 ('73', 'field', '16', 'en_us', ''),
 ('74', 'slug', '0', 'ru', ' главная страница '),
 ('74', 'title', '0', 'ru', ' главная страница '),
 ('74', 'slug', '0', 'en_us', ' главная страница '),
 ('74', 'title', '0', 'en_us', ' главная страница '),
 ('75', 'slug', '0', 'ru', ' услуги '),
 ('75', 'title', '0', 'ru', ' услуги '),
 ('75', 'slug', '0', 'en_us', ' услуги '),
 ('75', 'title', '0', 'en_us', ' услуги '),
 ('76', 'slug', '0', 'ru', ' отрасли '),
 ('76', 'title', '0', 'ru', ' отрасли '),
 ('76', 'slug', '0', 'en_us', ' отрасли '),
 ('76', 'title', '0', 'en_us', ' отрасли '),
 ('77', 'slug', '0', 'ru', ' новости '),
 ('77', 'title', '0', 'ru', ' новости '),
 ('77', 'slug', '0', 'en_us', ' новости '),
 ('77', 'title', '0', 'en_us', ' новости '),
 ('84', 'field', '6', 'ru', ''),
 ('84', 'field', '4', 'ru', ''),
 ('84', 'field', '5', 'ru', ''),
 ('84', 'field', '7', 'ru', ' менеджеры '),
 ('84', 'field', '46', 'ru', ''),
 ('79', 'slug', '0', 'ru', ' точка зрения '),
 ('79', 'title', '0', 'ru', ' точка зрения '),
 ('79', 'slug', '0', 'en_us', ' точка зрения '),
 ('79', 'title', '0', 'en_us', ' точка зрения '),
 ('80', 'slug', '0', 'ru', ' налоговые обзоры '),
 ('80', 'title', '0', 'ru', ' налоговые обзоры '),
 ('80', 'slug', '0', 'en_us', ' налоговые обзоры '),
 ('80', 'title', '0', 'en_us', ' налоговые обзоры '),
 ('82', 'slug', '0', 'en_us', ' партнеры '),
 ('82', 'slug', '0', 'ru', ' партнеры '),
 ('82', 'title', '0', 'ru', ' партнеры '),
 ('82', 'title', '0', 'en_us', ' партнеры '),
 ('83', 'slug', '0', 'ru', ' команда '),
 ('83', 'title', '0', 'ru', ' команда '),
 ('83', 'slug', '0', 'en_us', ' команда '),
 ('83', 'title', '0', 'en_us', ' команда '),
 ('84', 'field', '3', 'ru', ''),
 ('84', 'field', '8', 'ru', ''),
 ('84', 'field', '12', 'ru', ''),
 ('84', 'field', '13', 'ru', ''),
 ('84', 'field', '15', 'ru', ''),
 ('84', 'field', '16', 'ru', ''),
 ('84', 'field', '9', 'ru', ''),
 ('84', 'field', '11', 'ru', '');
INSERT INTO `craft_searchindex` (`elementId`, `attribute`, `fieldId`, `locale`, `keywords`) VALUES
 ('84', 'field', '10', 'ru', ''),
 ('84', 'field', '38', 'ru', ''),
 ('84', 'field', '37', 'ru', ''),
 ('84', 'slug', '0', 'ru', ' юрасова екатерина '),
 ('84', 'title', '0', 'ru', ' юрасова екатерина '),
 ('84', 'field', '4', 'en_us', ''),
 ('84', 'field', '5', 'en_us', ''),
 ('84', 'field', '7', 'en_us', ' managers '),
 ('84', 'field', '46', 'en_us', ''),
 ('84', 'field', '6', 'en_us', ''),
 ('84', 'field', '3', 'en_us', ''),
 ('84', 'field', '8', 'en_us', ''),
 ('84', 'field', '12', 'en_us', ''),
 ('84', 'field', '13', 'en_us', ''),
 ('84', 'field', '15', 'en_us', ''),
 ('84', 'field', '16', 'en_us', ''),
 ('84', 'field', '9', 'en_us', ''),
 ('84', 'field', '11', 'en_us', ''),
 ('84', 'field', '10', 'en_us', ''),
 ('84', 'field', '38', 'en_us', ''),
 ('84', 'field', '37', 'en_us', ''),
 ('84', 'slug', '0', 'en_us', ' юрасова екатерина '),
 ('84', 'title', '0', 'en_us', ' юрасова екатерина '),
 ('85', 'field', '4', 'ru', ''),
 ('85', 'field', '5', 'ru', ''),
 ('85', 'field', '7', 'ru', ' менеджеры '),
 ('85', 'field', '46', 'ru', ''),
 ('85', 'field', '6', 'ru', ''),
 ('85', 'field', '3', 'ru', ''),
 ('85', 'field', '8', 'ru', ''),
 ('85', 'field', '12', 'ru', ''),
 ('85', 'field', '13', 'ru', ''),
 ('85', 'field', '15', 'ru', ''),
 ('85', 'field', '16', 'ru', ''),
 ('85', 'field', '9', 'ru', ''),
 ('85', 'field', '11', 'ru', ''),
 ('85', 'field', '10', 'ru', ''),
 ('85', 'field', '38', 'ru', ''),
 ('85', 'field', '37', 'ru', ''),
 ('85', 'slug', '0', 'ru', ' мазаева наталья '),
 ('85', 'title', '0', 'ru', ' мазаева наталья '),
 ('85', 'field', '4', 'en_us', ''),
 ('85', 'field', '5', 'en_us', ''),
 ('85', 'field', '7', 'en_us', ' managers '),
 ('85', 'field', '46', 'en_us', ''),
 ('85', 'field', '6', 'en_us', ''),
 ('85', 'field', '3', 'en_us', ''),
 ('85', 'field', '8', 'en_us', ''),
 ('85', 'field', '12', 'en_us', ''),
 ('85', 'field', '13', 'en_us', ''),
 ('85', 'field', '15', 'en_us', ''),
 ('85', 'field', '16', 'en_us', ''),
 ('85', 'field', '9', 'en_us', ''),
 ('85', 'field', '11', 'en_us', ''),
 ('85', 'field', '10', 'en_us', ''),
 ('85', 'field', '38', 'en_us', ''),
 ('85', 'field', '37', 'en_us', ''),
 ('85', 'slug', '0', 'en_us', ' мазаева наталья '),
 ('85', 'title', '0', 'en_us', ' мазаева наталья '),
 ('86', 'field', '4', 'ru', ''),
 ('86', 'field', '5', 'ru', ''),
 ('86', 'field', '7', 'ru', ' менеджеры '),
 ('86', 'field', '46', 'ru', ''),
 ('86', 'field', '6', 'ru', ''),
 ('86', 'field', '3', 'ru', ''),
 ('86', 'field', '8', 'ru', ''),
 ('86', 'field', '12', 'ru', ''),
 ('86', 'field', '13', 'ru', ''),
 ('86', 'field', '15', 'ru', ''),
 ('86', 'field', '16', 'ru', ''),
 ('86', 'field', '9', 'ru', ''),
 ('86', 'field', '11', 'ru', ''),
 ('86', 'field', '10', 'ru', ''),
 ('86', 'field', '38', 'ru', ''),
 ('86', 'field', '37', 'ru', ''),
 ('86', 'slug', '0', 'ru', ' лидогостер ольга '),
 ('86', 'title', '0', 'ru', ' лидогостер ольга '),
 ('86', 'field', '4', 'en_us', ''),
 ('86', 'field', '5', 'en_us', ''),
 ('86', 'field', '7', 'en_us', ' managers '),
 ('86', 'field', '46', 'en_us', ''),
 ('86', 'field', '6', 'en_us', ''),
 ('86', 'field', '3', 'en_us', ''),
 ('86', 'field', '8', 'en_us', ''),
 ('86', 'field', '12', 'en_us', ''),
 ('86', 'field', '13', 'en_us', ''),
 ('86', 'field', '15', 'en_us', ''),
 ('86', 'field', '16', 'en_us', ''),
 ('86', 'field', '9', 'en_us', ''),
 ('86', 'field', '11', 'en_us', ''),
 ('86', 'field', '10', 'en_us', ''),
 ('86', 'field', '38', 'en_us', ''),
 ('86', 'field', '37', 'en_us', ''),
 ('86', 'slug', '0', 'en_us', ' лидогостер ольга '),
 ('86', 'title', '0', 'en_us', ' лидогостер ольга '),
 ('87', 'field', '4', 'ru', ''),
 ('87', 'field', '5', 'ru', ''),
 ('87', 'field', '7', 'ru', ' менеджеры '),
 ('87', 'field', '46', 'ru', ''),
 ('87', 'field', '6', 'ru', '');
INSERT INTO `craft_searchindex` (`elementId`, `attribute`, `fieldId`, `locale`, `keywords`) VALUES
 ('87', 'field', '3', 'ru', ''),
 ('87', 'field', '8', 'ru', ''),
 ('87', 'field', '12', 'ru', ''),
 ('87', 'field', '13', 'ru', ''),
 ('87', 'field', '15', 'ru', ''),
 ('87', 'field', '16', 'ru', ''),
 ('87', 'field', '9', 'ru', ''),
 ('87', 'field', '11', 'ru', ''),
 ('87', 'field', '10', 'ru', ''),
 ('87', 'field', '38', 'ru', ''),
 ('87', 'field', '37', 'ru', ''),
 ('87', 'slug', '0', 'ru', ' аносова татьяна '),
 ('87', 'title', '0', 'ru', ' аносова татьяна '),
 ('87', 'field', '4', 'en_us', ''),
 ('87', 'field', '5', 'en_us', ''),
 ('87', 'field', '7', 'en_us', ' managers '),
 ('87', 'field', '46', 'en_us', ''),
 ('87', 'field', '6', 'en_us', ''),
 ('87', 'field', '3', 'en_us', ''),
 ('87', 'field', '8', 'en_us', ''),
 ('87', 'field', '12', 'en_us', ''),
 ('87', 'field', '13', 'en_us', ''),
 ('87', 'field', '15', 'en_us', ''),
 ('87', 'field', '16', 'en_us', ''),
 ('87', 'field', '9', 'en_us', ''),
 ('87', 'field', '11', 'en_us', ''),
 ('87', 'field', '10', 'en_us', ''),
 ('87', 'field', '38', 'en_us', ''),
 ('87', 'field', '37', 'en_us', ''),
 ('87', 'slug', '0', 'en_us', ' аносова татьяна '),
 ('87', 'title', '0', 'en_us', ' аносова татьяна '),
 ('88', 'field', '4', 'ru', ''),
 ('88', 'field', '5', 'ru', ''),
 ('88', 'field', '7', 'ru', ' менеджеры '),
 ('88', 'field', '46', 'ru', ''),
 ('88', 'field', '6', 'ru', ''),
 ('88', 'field', '3', 'ru', ''),
 ('88', 'field', '8', 'ru', ''),
 ('88', 'field', '12', 'ru', ''),
 ('88', 'field', '13', 'ru', ''),
 ('88', 'field', '15', 'ru', ''),
 ('88', 'field', '16', 'ru', ''),
 ('88', 'field', '9', 'ru', ''),
 ('88', 'field', '11', 'ru', ''),
 ('88', 'field', '10', 'ru', ''),
 ('88', 'field', '38', 'ru', ''),
 ('88', 'field', '37', 'ru', ''),
 ('88', 'slug', '0', 'ru', ' журавлев антон '),
 ('88', 'title', '0', 'ru', ' журавлев антон '),
 ('88', 'field', '4', 'en_us', ''),
 ('88', 'field', '5', 'en_us', ''),
 ('88', 'field', '7', 'en_us', ' managers '),
 ('88', 'field', '46', 'en_us', ''),
 ('88', 'field', '6', 'en_us', ''),
 ('88', 'field', '3', 'en_us', ''),
 ('88', 'field', '8', 'en_us', ''),
 ('88', 'field', '12', 'en_us', ''),
 ('88', 'field', '13', 'en_us', ''),
 ('88', 'field', '15', 'en_us', ''),
 ('88', 'field', '16', 'en_us', ''),
 ('88', 'field', '9', 'en_us', ''),
 ('88', 'field', '11', 'en_us', ''),
 ('88', 'field', '10', 'en_us', ''),
 ('88', 'field', '38', 'en_us', ''),
 ('88', 'field', '37', 'en_us', ''),
 ('88', 'slug', '0', 'en_us', ' журавлев антон '),
 ('88', 'title', '0', 'en_us', ' журавлев антон '),
 ('89', 'field', '4', 'ru', ''),
 ('89', 'field', '5', 'ru', ''),
 ('89', 'field', '7', 'ru', ' менеджеры '),
 ('89', 'field', '46', 'ru', ''),
 ('89', 'field', '6', 'ru', ''),
 ('89', 'field', '3', 'ru', ''),
 ('89', 'field', '8', 'ru', ''),
 ('89', 'field', '12', 'ru', ''),
 ('89', 'field', '13', 'ru', ''),
 ('89', 'field', '15', 'ru', ''),
 ('89', 'field', '16', 'ru', ''),
 ('89', 'field', '9', 'ru', ''),
 ('89', 'field', '11', 'ru', ''),
 ('89', 'field', '10', 'ru', ''),
 ('89', 'field', '38', 'ru', ''),
 ('89', 'field', '37', 'ru', ''),
 ('89', 'slug', '0', 'ru', ' симонова ольга '),
 ('89', 'title', '0', 'ru', ' симонова ольга '),
 ('89', 'field', '4', 'en_us', ''),
 ('89', 'field', '5', 'en_us', ''),
 ('89', 'field', '7', 'en_us', ' managers '),
 ('89', 'field', '46', 'en_us', ''),
 ('89', 'field', '6', 'en_us', ''),
 ('89', 'field', '3', 'en_us', ''),
 ('89', 'field', '8', 'en_us', ''),
 ('89', 'field', '12', 'en_us', ''),
 ('89', 'field', '13', 'en_us', ''),
 ('89', 'field', '15', 'en_us', ''),
 ('89', 'field', '16', 'en_us', ''),
 ('89', 'field', '9', 'en_us', ''),
 ('89', 'field', '11', 'en_us', ''),
 ('89', 'field', '10', 'en_us', ''),
 ('89', 'field', '38', 'en_us', '');
INSERT INTO `craft_searchindex` (`elementId`, `attribute`, `fieldId`, `locale`, `keywords`) VALUES
 ('89', 'field', '37', 'en_us', ''),
 ('89', 'slug', '0', 'en_us', ' симонова ольга '),
 ('89', 'title', '0', 'en_us', ' симонова ольга '),
 ('90', 'field', '4', 'ru', ''),
 ('90', 'field', '5', 'ru', ''),
 ('90', 'field', '7', 'ru', ' менеджеры '),
 ('90', 'field', '46', 'ru', ''),
 ('90', 'field', '6', 'ru', ''),
 ('90', 'field', '3', 'ru', ''),
 ('90', 'field', '8', 'ru', ''),
 ('90', 'field', '12', 'ru', ''),
 ('90', 'field', '13', 'ru', ''),
 ('90', 'field', '15', 'ru', ''),
 ('90', 'field', '16', 'ru', ''),
 ('90', 'field', '9', 'ru', ''),
 ('90', 'field', '11', 'ru', ''),
 ('90', 'field', '10', 'ru', ''),
 ('90', 'field', '38', 'ru', ''),
 ('90', 'field', '37', 'ru', ''),
 ('90', 'slug', '0', 'ru', ' головщинская альфия '),
 ('90', 'title', '0', 'ru', ' головщинская альфия '),
 ('90', 'field', '4', 'en_us', ''),
 ('90', 'field', '5', 'en_us', ''),
 ('90', 'field', '7', 'en_us', ' managers '),
 ('90', 'field', '46', 'en_us', ''),
 ('90', 'field', '6', 'en_us', ''),
 ('90', 'field', '3', 'en_us', ''),
 ('90', 'field', '8', 'en_us', ''),
 ('90', 'field', '12', 'en_us', ''),
 ('90', 'field', '13', 'en_us', ''),
 ('90', 'field', '15', 'en_us', ''),
 ('90', 'field', '16', 'en_us', ''),
 ('90', 'field', '9', 'en_us', ''),
 ('90', 'field', '11', 'en_us', ''),
 ('90', 'field', '10', 'en_us', ''),
 ('90', 'field', '38', 'en_us', ''),
 ('90', 'field', '37', 'en_us', ''),
 ('90', 'slug', '0', 'en_us', ' головщинская альфия '),
 ('90', 'title', '0', 'en_us', ' головщинская альфия '),
 ('91', 'field', '4', 'ru', ''),
 ('91', 'field', '5', 'ru', ''),
 ('91', 'field', '7', 'ru', ' менеджеры '),
 ('91', 'field', '46', 'ru', ''),
 ('91', 'field', '6', 'ru', ''),
 ('91', 'field', '3', 'ru', ''),
 ('91', 'field', '8', 'ru', ''),
 ('91', 'field', '12', 'ru', ''),
 ('91', 'field', '13', 'ru', ''),
 ('91', 'field', '15', 'ru', ''),
 ('91', 'field', '16', 'ru', ''),
 ('91', 'field', '9', 'ru', ''),
 ('91', 'field', '11', 'ru', ''),
 ('91', 'field', '10', 'ru', ''),
 ('91', 'field', '38', 'ru', ''),
 ('91', 'field', '37', 'ru', ''),
 ('91', 'slug', '0', 'ru', ' панина марина '),
 ('91', 'title', '0', 'ru', ' панина марина '),
 ('91', 'field', '4', 'en_us', ''),
 ('91', 'field', '5', 'en_us', ''),
 ('91', 'field', '7', 'en_us', ' managers '),
 ('91', 'field', '46', 'en_us', ''),
 ('91', 'field', '6', 'en_us', ''),
 ('91', 'field', '3', 'en_us', ''),
 ('91', 'field', '8', 'en_us', ''),
 ('91', 'field', '12', 'en_us', ''),
 ('91', 'field', '13', 'en_us', ''),
 ('91', 'field', '15', 'en_us', ''),
 ('91', 'field', '16', 'en_us', ''),
 ('91', 'field', '9', 'en_us', ''),
 ('91', 'field', '11', 'en_us', ''),
 ('91', 'field', '10', 'en_us', ''),
 ('91', 'field', '38', 'en_us', ''),
 ('91', 'field', '37', 'en_us', ''),
 ('91', 'slug', '0', 'en_us', ' панина марина '),
 ('91', 'title', '0', 'en_us', ' панина марина '),
 ('92', 'field', '4', 'ru', ''),
 ('92', 'field', '5', 'ru', ''),
 ('92', 'field', '7', 'ru', ' менеджеры '),
 ('92', 'field', '46', 'ru', ''),
 ('92', 'field', '6', 'ru', ''),
 ('92', 'field', '3', 'ru', ''),
 ('92', 'field', '8', 'ru', ''),
 ('92', 'field', '12', 'ru', ''),
 ('92', 'field', '13', 'ru', ''),
 ('92', 'field', '15', 'ru', ''),
 ('92', 'field', '16', 'ru', ''),
 ('92', 'field', '9', 'ru', ''),
 ('92', 'field', '11', 'ru', ''),
 ('92', 'field', '10', 'ru', ''),
 ('92', 'field', '38', 'ru', ''),
 ('92', 'field', '37', 'ru', ''),
 ('92', 'slug', '0', 'ru', ' салман зульфия '),
 ('92', 'title', '0', 'ru', ' салман зульфия '),
 ('92', 'field', '4', 'en_us', ''),
 ('92', 'field', '5', 'en_us', ''),
 ('92', 'field', '7', 'en_us', ' managers '),
 ('92', 'field', '46', 'en_us', ''),
 ('92', 'field', '6', 'en_us', ''),
 ('92', 'field', '3', 'en_us', ''),
 ('92', 'field', '8', 'en_us', '');
INSERT INTO `craft_searchindex` (`elementId`, `attribute`, `fieldId`, `locale`, `keywords`) VALUES
 ('92', 'field', '12', 'en_us', ''),
 ('92', 'field', '13', 'en_us', ''),
 ('92', 'field', '15', 'en_us', ''),
 ('92', 'field', '16', 'en_us', ''),
 ('92', 'field', '9', 'en_us', ''),
 ('92', 'field', '11', 'en_us', ''),
 ('92', 'field', '10', 'en_us', ''),
 ('92', 'field', '38', 'en_us', ''),
 ('92', 'field', '37', 'en_us', ''),
 ('92', 'slug', '0', 'en_us', ' салман зульфия '),
 ('92', 'title', '0', 'en_us', ' салман зульфия '),
 ('93', 'field', '4', 'ru', ''),
 ('93', 'field', '5', 'ru', ''),
 ('93', 'field', '7', 'ru', ' менеджеры '),
 ('93', 'field', '46', 'ru', ''),
 ('93', 'field', '6', 'ru', ''),
 ('93', 'field', '3', 'ru', ''),
 ('93', 'field', '8', 'ru', ''),
 ('93', 'field', '12', 'ru', ''),
 ('93', 'field', '13', 'ru', ''),
 ('93', 'field', '15', 'ru', ''),
 ('93', 'field', '16', 'ru', ''),
 ('93', 'field', '9', 'ru', ''),
 ('93', 'field', '11', 'ru', ''),
 ('93', 'field', '10', 'ru', ''),
 ('93', 'field', '38', 'ru', ''),
 ('93', 'field', '37', 'ru', ''),
 ('93', 'slug', '0', 'ru', ' хухрина екатерина '),
 ('93', 'title', '0', 'ru', ' хухрина екатерина '),
 ('93', 'field', '4', 'en_us', ''),
 ('93', 'field', '5', 'en_us', ''),
 ('93', 'field', '7', 'en_us', ' managers '),
 ('93', 'field', '46', 'en_us', ''),
 ('93', 'field', '6', 'en_us', ''),
 ('93', 'field', '3', 'en_us', ''),
 ('93', 'field', '8', 'en_us', ''),
 ('93', 'field', '12', 'en_us', ''),
 ('93', 'field', '13', 'en_us', ''),
 ('93', 'field', '15', 'en_us', ''),
 ('93', 'field', '16', 'en_us', ''),
 ('93', 'field', '9', 'en_us', ''),
 ('93', 'field', '11', 'en_us', ''),
 ('93', 'field', '10', 'en_us', ''),
 ('93', 'field', '38', 'en_us', ''),
 ('93', 'field', '37', 'en_us', ''),
 ('93', 'slug', '0', 'en_us', ' хухрина екатерина '),
 ('93', 'title', '0', 'en_us', ' хухрина екатерина '),
 ('94', 'field', '4', 'ru', ''),
 ('94', 'field', '5', 'ru', ''),
 ('94', 'field', '7', 'ru', ' менеджеры '),
 ('94', 'field', '46', 'ru', ''),
 ('94', 'field', '6', 'ru', ''),
 ('94', 'field', '3', 'ru', ''),
 ('94', 'field', '8', 'ru', ''),
 ('94', 'field', '12', 'ru', ''),
 ('94', 'field', '13', 'ru', ''),
 ('94', 'field', '15', 'ru', ''),
 ('94', 'field', '16', 'ru', ''),
 ('94', 'field', '9', 'ru', ''),
 ('94', 'field', '11', 'ru', ''),
 ('94', 'field', '10', 'ru', ''),
 ('94', 'field', '38', 'ru', ''),
 ('94', 'field', '37', 'ru', ''),
 ('94', 'slug', '0', 'ru', ' мишкина елена '),
 ('94', 'title', '0', 'ru', ' мишкина елена '),
 ('94', 'field', '4', 'en_us', ''),
 ('94', 'field', '5', 'en_us', ''),
 ('94', 'field', '7', 'en_us', ' managers '),
 ('94', 'field', '46', 'en_us', ''),
 ('94', 'field', '6', 'en_us', ''),
 ('94', 'field', '3', 'en_us', ''),
 ('94', 'field', '8', 'en_us', ''),
 ('94', 'field', '12', 'en_us', ''),
 ('94', 'field', '13', 'en_us', ''),
 ('94', 'field', '15', 'en_us', ''),
 ('94', 'field', '16', 'en_us', ''),
 ('94', 'field', '9', 'en_us', ''),
 ('94', 'field', '11', 'en_us', ''),
 ('94', 'field', '10', 'en_us', ''),
 ('94', 'field', '38', 'en_us', ''),
 ('94', 'field', '37', 'en_us', ''),
 ('94', 'slug', '0', 'en_us', ' мишкина елена '),
 ('94', 'title', '0', 'en_us', ' мишкина елена '),
 ('95', 'slug', '0', 'ru', ' ratings '),
 ('95', 'title', '0', 'ru', ' рейтинги '),
 ('95', 'slug', '0', 'en_us', ' ratings '),
 ('95', 'title', '0', 'en_us', ' рейтинги '),
 ('96', 'slug', '0', 'ru', ' fallback '),
 ('96', 'title', '0', 'ru', ' для всего '),
 ('96', 'slug', '0', 'en_us', ' fallback '),
 ('96', 'title', '0', 'en_us', ' для всего '),
 ('97', 'field', '47', 'ru', ' 3 место '),
 ('97', 'field', '48', 'ru', ' в рейтинге raex эксперт ра в сегменте аудит инвестиционных институтов '),
 ('97', 'field', '49', 'ru', ''),
 ('97', 'field', '52', 'ru', ' рейтинги для всего '),
 ('97', 'slug', '0', 'ru', ' аудит инвестиционных институтов 3 место '),
 ('97', 'title', '0', 'ru', ' аудит инвестиционных институтов 3 место '),
 ('97', 'field', '47', 'en_us', ' 3 место '),
 ('97', 'field', '48', 'en_us', ' аудит инвестиционных институтов cогласно рейтингу raex эксперт ра '),
 ('97', 'field', '49', 'en_us', '');
INSERT INTO `craft_searchindex` (`elementId`, `attribute`, `fieldId`, `locale`, `keywords`) VALUES
 ('97', 'field', '52', 'en_us', ' рейтинги для всего '),
 ('97', 'slug', '0', 'en_us', ' аудит инвестиционных институтов 3 место '),
 ('97', 'title', '0', 'en_us', ' аудит инвестиционных институтов 3 место '),
 ('98', 'field', '47', 'ru', ' 6 место '),
 ('98', 'field', '48', 'ru', ' в рейтинге raex эксперт ра в сегменте аудит банков '),
 ('98', 'field', '49', 'ru', ''),
 ('98', 'field', '52', 'ru', ' рейтинги для всего '),
 ('98', 'slug', '0', 'ru', ' аудит банков 6 место '),
 ('98', 'title', '0', 'ru', ' аудит банков 6 место '),
 ('98', 'field', '47', 'en_us', ' 6 место '),
 ('98', 'field', '48', 'en_us', ''),
 ('98', 'field', '49', 'en_us', ''),
 ('98', 'field', '52', 'en_us', ''),
 ('98', 'slug', '0', 'en_us', ' аудит банков 6 место '),
 ('98', 'title', '0', 'en_us', ' аудит банков 6 место '),
 ('99', 'field', '47', 'ru', ' 6 место '),
 ('99', 'field', '48', 'ru', ' в рейтинге raex эксперт ра в сегменте услуги в области мсфо '),
 ('99', 'field', '49', 'ru', ''),
 ('99', 'field', '52', 'ru', ' рейтинги для всего '),
 ('99', 'slug', '0', 'ru', ' услуги в области мсфо 6 место '),
 ('99', 'title', '0', 'ru', ' услуги в области мсфо 6 место '),
 ('99', 'field', '47', 'en_us', ' 6 место '),
 ('99', 'field', '48', 'en_us', ' в рейтинге raex эксперт ра в сегменте услуги в области мсфо '),
 ('99', 'field', '49', 'en_us', ''),
 ('99', 'field', '52', 'en_us', ' рейтинги для всего '),
 ('99', 'slug', '0', 'en_us', ' услуги в области мсфо 6 место '),
 ('99', 'title', '0', 'en_us', ' услуги в области мсфо 6 место '),
 ('100', 'field', '47', 'ru', ' 8 место '),
 ('100', 'field', '48', 'ru', ' в рейтинге raex эксперт ра в сегменте оценка и стоимостное консультирование '),
 ('100', 'field', '49', 'ru', ''),
 ('100', 'field', '52', 'ru', ' рейтинги для всего '),
 ('100', 'slug', '0', 'ru', ' оценка и стоимостное консультирование 8 место '),
 ('100', 'title', '0', 'ru', ' оценка и стоимостное консультирование 8 место '),
 ('100', 'field', '47', 'en_us', ' 8 место '),
 ('100', 'field', '48', 'en_us', ' в рейтинге raex эксперт ра в сегменте оценка и стоимостное консультирование '),
 ('100', 'field', '49', 'en_us', ''),
 ('100', 'field', '52', 'en_us', ' рейтинги для всего '),
 ('100', 'slug', '0', 'en_us', ' оценка и стоимостное консультирование 8 место '),
 ('100', 'title', '0', 'en_us', ' оценка и стоимостное консультирование 8 место '),
 ('101', 'field', '47', 'ru', ' 9 место '),
 ('101', 'field', '48', 'ru', ' в рейтинге raex эксперт ра в сегменте услуги в области финансового управления '),
 ('101', 'field', '49', 'ru', ''),
 ('101', 'field', '52', 'ru', ' рейтинги для всего '),
 ('101', 'slug', '0', 'ru', ' услуги в области финансового управления 9 место '),
 ('101', 'title', '0', 'ru', ' услуги в области финансового управления 9 место '),
 ('101', 'field', '47', 'en_us', ' 9 место '),
 ('101', 'field', '48', 'en_us', ' в рейтинге raex эксперт ра в сегменте услуги в области финансового управления '),
 ('101', 'field', '49', 'en_us', ''),
 ('101', 'field', '52', 'en_us', ' рейтинги для всего '),
 ('101', 'slug', '0', 'en_us', ' услуги в области финансового управления 9 место '),
 ('101', 'title', '0', 'en_us', ' услуги в области финансового управления 9 место '),
 ('102', 'slug', '0', 'ru', ' construction '),
 ('102', 'title', '0', 'ru', ' недвижимость и строительство '),
 ('102', 'slug', '0', 'en_us', ' construction '),
 ('102', 'title', '0', 'en_us', ' недвижимость и строительство '),
 ('103', 'field', '47', 'ru', ' 22 '),
 ('103', 'field', '48', 'ru', ' 22 года специализации в отрасли '),
 ('103', 'field', '49', 'ru', ''),
 ('103', 'field', '52', 'ru', ' недвижимость и строительство '),
 ('103', 'slug', '0', 'ru', ' 22 года специализации в отрасли '),
 ('103', 'title', '0', 'ru', ' 22 года специализации в отрасли '),
 ('103', 'field', '47', 'en_us', ' 22 '),
 ('103', 'field', '48', 'en_us', ' 22 года специализации в отрасли '),
 ('103', 'field', '49', 'en_us', ''),
 ('103', 'field', '52', 'en_us', ' недвижимость и строительство '),
 ('103', 'slug', '0', 'en_us', ' 22 года специализации в отрасли '),
 ('103', 'title', '0', 'en_us', ' 22 года специализации в отрасли '),
 ('104', 'field', '47', 'ru', ' 50 000 '),
 ('104', 'field', '48', 'ru', ' более 50 000 отчетов об оценке объектов недвижимости и более 1 000 отчетов об оценке инвестиционных проектов и предприятий как имущественных комплексов '),
 ('104', 'field', '49', 'ru', ''),
 ('104', 'field', '52', 'ru', ' недвижимость и строительство '),
 ('104', 'slug', '0', 'ru', ' более 50 000 отчетов об оценке объектов недвижимости и более 1 000 отчетов об оценке инвестиционных проектов и предприятий как имущественных комплексов '),
 ('104', 'title', '0', 'ru', ' более 50 000 отчетов об оценке объектов недвижимости и более 1 000 отчетов об оценке инвестиционных проектов и предприятий как имущественных комплексов '),
 ('104', 'field', '47', 'en_us', ' 50 000 '),
 ('104', 'field', '48', 'en_us', ' более 50 000 отчетов об оценке объектов недвижимости и более 1 000 отчетов об оценке инвестиционных проектов и предприятий как имущественных комплексов '),
 ('104', 'field', '49', 'en_us', ''),
 ('104', 'field', '52', 'en_us', ' недвижимость и строительство '),
 ('104', 'slug', '0', 'en_us', ' более 50 000 отчетов об оценке объектов недвижимости и более 1 000 отчетов об оценке инвестиционных проектов и предприятий как имущественных комплексов '),
 ('104', 'title', '0', 'en_us', ' более 50 000 отчетов об оценке объектов недвижимости и более 1 000 отчетов об оценке инвестиционных проектов и предприятий как имущественных комплексов '),
 ('105', 'field', '47', 'ru', ' 60 '),
 ('105', 'field', '48', 'ru', ' 60 клиентов отрасли пользуется нашими услугами '),
 ('105', 'field', '49', 'ru', ''),
 ('105', 'field', '52', 'ru', ' недвижимость и строительство '),
 ('105', 'slug', '0', 'ru', ' 60 клиентов отрасли пользуется нашими услугами '),
 ('105', 'title', '0', 'ru', ' 60 клиентов отрасли пользуется нашими услугами '),
 ('105', 'field', '47', 'en_us', ' 60 '),
 ('105', 'field', '48', 'en_us', ' 60 клиентов отрасли пользуется нашими услугами '),
 ('105', 'field', '49', 'en_us', ''),
 ('105', 'field', '52', 'en_us', ' недвижимость и строительство '),
 ('105', 'slug', '0', 'en_us', ' 60 клиентов отрасли пользуется нашими услугами '),
 ('105', 'title', '0', 'en_us', ' 60 клиентов отрасли пользуется нашими услугами '),
 ('106', 'field', '47', 'ru', ' 3 '),
 ('106', 'field', '48', 'ru', ' 3 клиента являются частью крупнейших международных сетей гостиниц '),
 ('106', 'field', '49', 'ru', ''),
 ('106', 'field', '52', 'ru', ' недвижимость и строительство '),
 ('106', 'slug', '0', 'ru', ' 3 клиента являются частью крупнейших международных сетей гостиниц '),
 ('106', 'title', '0', 'ru', ' 3 клиента являются частью крупнейших международных сетей гостиниц '),
 ('106', 'field', '47', 'en_us', ' 3 '),
 ('106', 'field', '48', 'en_us', ' 3 клиента являются частью крупнейших международных сетей гостиниц '),
 ('106', 'field', '49', 'en_us', '');
INSERT INTO `craft_searchindex` (`elementId`, `attribute`, `fieldId`, `locale`, `keywords`) VALUES
 ('106', 'field', '52', 'en_us', ' недвижимость и строительство '),
 ('106', 'slug', '0', 'en_us', ' 3 клиента являются частью крупнейших международных сетей гостиниц '),
 ('106', 'title', '0', 'en_us', ' 3 клиента являются частью крупнейших международных сетей гостиниц '),
 ('107', 'field', '47', 'ru', ' 10 '),
 ('107', 'field', '48', 'ru', ' 10 клиентов входят в рейтинги крупнейших строительных компаний россии '),
 ('107', 'field', '49', 'ru', ''),
 ('107', 'field', '52', 'ru', ' недвижимость и строительство '),
 ('107', 'slug', '0', 'ru', ' 10 клиентов входят в рейтинги крупнейших строительных компаний россии '),
 ('107', 'title', '0', 'ru', ' 10 клиентов входят в рейтинги крупнейших строительных компаний россии '),
 ('107', 'field', '47', 'en_us', ' 10 '),
 ('107', 'field', '48', 'en_us', ' 10 клиентов входят в рейтинги крупнейших строительных компаний россии '),
 ('107', 'field', '49', 'en_us', ''),
 ('107', 'field', '52', 'en_us', ' недвижимость и строительство '),
 ('107', 'slug', '0', 'en_us', ' 10 клиентов входят в рейтинги крупнейших строительных компаний россии '),
 ('107', 'title', '0', 'en_us', ' 10 клиентов входят в рейтинги крупнейших строительных компаний россии '),
 ('36', 'field', '37', 'ru', ' аудиторские услуги бухгалтерские услуги консалтинг корпоративные финансы налоговое консультирование оценочные услуги финансовые расследования юридические услуги '),
 ('36', 'field', '39', 'ru', ' малков александр панина марина писарев андрей салман зульфия тишаков сергей шалумов захар '),
 ('36', 'field', '40', 'ru', ''),
 ('36', 'field', '41', 'ru', ''),
 ('36', 'field', '53', 'ru', ' 60 клиентов отрасли пользуется нашими услугами более 50 000 отчетов об оценке объектов недвижимости и более 1 000 отчетов об оценке инвестиционных проектов и предприятий как имущественных комплексов 22 года специализации в отрасли 10 клиентов входят в рейтинги крупнейших строительных компаний россии 3 клиента являются частью крупнейших международных сетей гостиниц '),
 ('108', 'slug', '0', 'ru', ' construction '),
 ('108', 'title', '0', 'ru', ' недвижимость и строительство '),
 ('108', 'slug', '0', 'en_us', ' construction '),
 ('108', 'title', '0', 'en_us', ' недвижимость и строительство '),
 ('109', 'field', '30', 'ru', ' оказанная услуга маркетинговое исследование рынка недвижимости москвы оценка стоимости проекта построение финансовой модели проекта текущая ситуация комплексная застройка завершена строительством оцениваемые здания введены в эксплуатацию '),
 ('109', 'field', '32', 'ru', ''),
 ('109', 'field', '31', 'ru', ''),
 ('109', 'field', '51', 'ru', ' недвижимость и строительство '),
 ('109', 'slug', '0', 'ru', ' пакет консалтинговых услуг при реализации проекта комплексной застройки земельного участка площадью 136 7 га ходынское поле г москва '),
 ('109', 'title', '0', 'ru', ' пакет консалтинговых услуг при реализации проекта комплексной застройки земельного участка площадью 136 7 га ходынское поле г москва '),
 ('109', 'field', '30', 'en_us', ' оказанная услуга маркетинговое исследование рынка недвижимости москвы оценка стоимости проекта построение финансовой модели проекта текущая ситуация комплексная застройка завершена строительством оцениваемые здания введены в эксплуатацию '),
 ('109', 'field', '32', 'en_us', ''),
 ('109', 'field', '31', 'en_us', ''),
 ('109', 'field', '51', 'en_us', ' недвижимость и строительство '),
 ('109', 'slug', '0', 'en_us', ' пакет консалтинговых услуг при реализации проекта комплексной застройки земельного участка площадью 136 7 га ходынское поле г москва '),
 ('109', 'title', '0', 'en_us', ' пакет консалтинговых услуг при реализации проекта комплексной застройки земельного участка площадью 136 7 га ходынское поле г москва '),
 ('110', 'field', '30', 'ru', ' оказанная услуга маркетинговое исследование рынка недвижимости москвы оценка стоимости проекта построение финансовой модели проекта оценка стоимости проекта оценка эффективности проекта анализ чувствительности проекта к изменению конъюнктуры рынка стресс модель текущая ситуация получена вся разрешительная документация построены стадион спартак жилые дома в рамках первой очереди ведутся проектные работы в отношении остальных объектов '),
 ('110', 'field', '32', 'ru', ''),
 ('110', 'field', '31', 'ru', ''),
 ('110', 'field', '51', 'ru', ' недвижимость и строительство '),
 ('110', 'slug', '0', 'ru', ' пакет консалтинговых услуг при реализации проекта комплексной застройки земельного участка площадью 124 га тушинское аэрополе г москва '),
 ('110', 'title', '0', 'ru', ' пакет консалтинговых услуг при реализации проекта комплексной застройки земельного участка площадью 124 га тушинское аэрополе г москва '),
 ('110', 'field', '30', 'en_us', ' оказанная услуга маркетинговое исследование рынка недвижимости москвы оценка стоимости проекта построение финансовой модели проекта оценка стоимости проекта оценка эффективности проекта анализ чувствительности проекта к изменению конъюнктуры рынка стресс модель текущая ситуация получена вся разрешительная документация построены стадион спартак жилые дома в рамках первой очереди ведутся проектные работы в отношении остальных объектов '),
 ('110', 'field', '32', 'en_us', ''),
 ('110', 'field', '31', 'en_us', ''),
 ('110', 'field', '51', 'en_us', ' недвижимость и строительство '),
 ('110', 'slug', '0', 'en_us', ' пакет консалтинговых услуг при реализации проекта комплексной застройки земельного участка площадью 124 га тушинское аэрополе г москва '),
 ('110', 'title', '0', 'en_us', ' пакет консалтинговых услуг при реализации проекта комплексной застройки земельного участка площадью 124 га тушинское аэрополе г москва '),
 ('111', 'field', '30', 'ru', ' оказание услуг анализ технической документации оценка степени повреждения и состояния поврежденных объектов оценка стоимости восстановительных работ и затрат особенности сложность идентификации пострадавшего имущества привлечение экспертов в области строительной экспертизы многократные встречи с представителями страхователя отсутствие конкуренции поставщиков оборудования и строительных услуг в связи со спецификой предприятия исключение из перечня ряда заявленного оборудования так как в результате аварии у части оборудования пострадал лишь кожух или заменяемые части исключение из сметы затрат на модернизацию кабеля и затраты на перекладку передаточных устройств по новому проекту который предполагал увеличение трассы более чем на 10 км страховая стоимость без учета износа по договору страхования результаты работы согласованный отчет по определению объемов поврежденного имущества и определению суммы страхового возмещения по аварийно восстановительному ремонту поврежденного объекта снижение заявленной стоимости ориентировочно на 10 % '),
 ('111', 'field', '32', 'ru', ''),
 ('111', 'field', '31', 'ru', ''),
 ('111', 'field', '51', 'ru', ' недвижимость и строительство '),
 ('111', 'slug', '0', 'ru', ' по заказу страховой компании была проведена работа по выявлению объемов и стоимости поврежденного имущества в результате взрыва произошедшего на газоконденсатном заводе заявленная страхователем сумма страхового возмещения более 600 млн р '),
 ('111', 'title', '0', 'ru', ' по заказу страховой компании была проведена работа по выявлению объемов и стоимости поврежденного имущества в результате взрыва произошедшего на газоконденсатном заводе заявленная страхователем сумма страхового возмещения более 600 млн р '),
 ('111', 'field', '30', 'en_us', ' оказание услуг анализ технической документации оценка степени повреждения и состояния поврежденных объектов оценка стоимости восстановительных работ и затрат особенности сложность идентификации пострадавшего имущества привлечение экспертов в области строительной экспертизы многократные встречи с представителями страхователя отсутствие конкуренции поставщиков оборудования и строительных услуг в связи со спецификой предприятия исключение из перечня ряда заявленного оборудования так как в результате аварии у части оборудования пострадал лишь кожух или заменяемые части исключение из сметы затрат на модернизацию кабеля и затраты на перекладку передаточных устройств по новому проекту который предполагал увеличение трассы более чем на 10 км страховая стоимость без учета износа по договору страхования результаты работы согласованный отчет по определению объемов поврежденного имущества и определению суммы страхового возмещения по аварийно восстановительному ремонту поврежденного объекта снижение заявленной стоимости ориентировочно на 10 % '),
 ('111', 'field', '32', 'en_us', ''),
 ('111', 'field', '31', 'en_us', ''),
 ('111', 'field', '51', 'en_us', ' недвижимость и строительство '),
 ('111', 'slug', '0', 'en_us', ' по заказу страховой компании была проведена работа по выявлению объемов и стоимости поврежденного имущества в результате взрыва произошедшего на газоконденсатном заводе заявленная страхователем сумма страхового возмещения более 600 млн р '),
 ('111', 'title', '0', 'en_us', ' по заказу страховой компании была проведена работа по выявлению объемов и стоимости поврежденного имущества в результате взрыва произошедшего на газоконденсатном заводе заявленная страхователем сумма страхового возмещения более 600 млн р '),
 ('112', 'field', '30', 'ru', ' результаты оценки справедливой рыночной стоимости и рыночной ставки арендной платы объектов недвижимости были использованы при принятии управленческих решений как для целей продажи так и для сдачи объектов в аренду а также для подготовки финансовой отчетности компании в соответствии с требованиями мсфо в т ч мсфo13 согласование результатов оценки с международными аудиторскими компаниями из big4 '),
 ('112', 'field', '32', 'ru', ''),
 ('112', 'field', '31', 'ru', ''),
 ('112', 'field', '51', 'ru', ' недвижимость и строительство '),
 ('112', 'slug', '0', 'ru', ' более 10 лет наша компания сотрудничает с банком который входит в топ 50 рейтинга банков россии для которого мы производим оценку и переоценку по мсфо и рсбу более 200 объектов недвижимости ежегодно расположенных более чем в 20 регионах россии '),
 ('112', 'title', '0', 'ru', ' более 10 лет наша компания сотрудничает с банком который входит в топ 50 рейтинга банков россии для которого мы производим оценку и переоценку по мсфо и рсбу более 200 объектов недвижимости ежегодно расположенных более чем в 20 регионах россии '),
 ('112', 'field', '30', 'en_us', ' результаты оценки справедливой рыночной стоимости и рыночной ставки арендной платы объектов недвижимости были использованы при принятии управленческих решений как для целей продажи так и для сдачи объектов в аренду а также для подготовки финансовой отчетности компании в соответствии с требованиями мсфо в т ч мсфo13 согласование результатов оценки с международными аудиторскими компаниями из big4 '),
 ('112', 'field', '32', 'en_us', ''),
 ('112', 'field', '31', 'en_us', ''),
 ('112', 'field', '51', 'en_us', ' недвижимость и строительство '),
 ('112', 'slug', '0', 'en_us', ' более 10 лет наша компания сотрудничает с банком который входит в топ 50 рейтинга банков россии для которого мы производим оценку и переоценку по мсфо и рсбу более 200 объектов недвижимости ежегодно расположенных более чем в 20 регионах россии '),
 ('112', 'title', '0', 'en_us', ' более 10 лет наша компания сотрудничает с банком который входит в топ 50 рейтинга банков россии для которого мы производим оценку и переоценку по мсфо и рсбу более 200 объектов недвижимости ежегодно расположенных более чем в 20 регионах россии '),
 ('113', 'field', '30', 'ru', ' анализируемые варианты использования реконструкция под офисное здание реконструкция под гостиницу результат анализа реконструкция под гостиницу текущая ситуация выделено финансирование объект находится в стадии реконструкции под здание 4 гостиницы под брендом международной гостиничной сети и жилого элитного дома клубного типа '),
 ('113', 'field', '32', 'ru', ''),
 ('113', 'field', '31', 'ru', ''),
 ('113', 'field', '51', 'ru', ' недвижимость и строительство '),
 ('113', 'slug', '0', 'ru', ' по заказу девелоперской компании была проведена работа по анализу наилучшего использования анализ нэи здания бывшей гостиницы общей площадью 11 672 4 кв м расположенной на земельном участке площадью 0 67 га в г нижний новгород '),
 ('113', 'title', '0', 'ru', ' по заказу девелоперской компании была проведена работа по анализу наилучшего использования анализ нэи здания бывшей гостиницы общей площадью 11 672 4 кв м расположенной на земельном участке площадью 0 67 га в г нижний новгород '),
 ('113', 'field', '30', 'en_us', ' анализируемые варианты использования реконструкция под офисное здание реконструкция под гостиницу результат анализа реконструкция под гостиницу текущая ситуация выделено финансирование объект находится в стадии реконструкции под здание 4 гостиницы под брендом международной гостиничной сети и жилого элитного дома клубного типа '),
 ('113', 'field', '32', 'en_us', ''),
 ('113', 'field', '31', 'en_us', ''),
 ('113', 'field', '51', 'en_us', ' недвижимость и строительство '),
 ('113', 'slug', '0', 'en_us', ' по заказу девелоперской компании была проведена работа по анализу наилучшего использования анализ нэи здания бывшей гостиницы общей площадью 11 672 4 кв м расположенной на земельном участке площадью 0 67 га в г нижний новгород '),
 ('113', 'title', '0', 'en_us', ' по заказу девелоперской компании была проведена работа по анализу наилучшего использования анализ нэи здания бывшей гостиницы общей площадью 11 672 4 кв м расположенной на земельном участке площадью 0 67 га в г нижний новгород '),
 ('113', 'field', '38', 'ru', ' недвижимость и строительство включая производство строительных материалов '),
 ('113', 'field', '39', 'ru', ''),
 ('113', 'field', '37', 'ru', ''),
 ('112', 'field', '38', 'ru', ' недвижимость и строительство включая производство строительных материалов '),
 ('112', 'field', '39', 'ru', ''),
 ('112', 'field', '37', 'ru', ''),
 ('111', 'field', '38', 'ru', ' недвижимость и строительство включая производство строительных материалов '),
 ('111', 'field', '39', 'ru', ''),
 ('111', 'field', '37', 'ru', ''),
 ('110', 'field', '38', 'ru', ' недвижимость и строительство включая производство строительных материалов '),
 ('110', 'field', '39', 'ru', ''),
 ('110', 'field', '37', 'ru', ' консалтинг '),
 ('109', 'field', '38', 'ru', ' недвижимость и строительство включая производство строительных материалов '),
 ('109', 'field', '39', 'ru', ''),
 ('109', 'field', '37', 'ru', ' консалтинг '),
 ('114', 'field', '30', 'ru', ' нашими специалистами был проведен комплексный анализ включающий в себя проверку смет а так же сопоставление сметных и рыночных цен в ходе проведенного анализа было выявлено расхождение сметной стоимости по отдельным позициям на 8 20% ');
INSERT INTO `craft_searchindex` (`elementId`, `attribute`, `fieldId`, `locale`, `keywords`) VALUES
 ('114', 'field', '32', 'ru', ''),
 ('114', 'field', '31', 'ru', ''),
 ('114', 'field', '51', 'ru', ' недвижимость и строительство '),
 ('114', 'field', '38', 'ru', ' недвижимость и строительство включая производство строительных материалов '),
 ('114', 'field', '37', 'ru', ' аудиторские услуги '),
 ('114', 'field', '39', 'ru', ''),
 ('114', 'slug', '0', 'ru', ' в рамках проекта по ценовому аудиту при строительстве нового химического завода клиент был заинтересован в правильности составления смет на строительство и закупку российского и импортного оборудования '),
 ('114', 'title', '0', 'ru', ' в рамках проекта по ценовому аудиту при строительстве нового химического завода клиент был заинтересован в правильности составления смет на строительство и закупку российского и импортного оборудования '),
 ('114', 'field', '30', 'en_us', ' нашими специалистами был проведен комплексный анализ включающий в себя проверку смет а так же сопоставление сметных и рыночных цен в ходе проведенного анализа было выявлено расхождение сметной стоимости по отдельным позициям на 8 20% '),
 ('114', 'field', '32', 'en_us', ''),
 ('114', 'field', '31', 'en_us', ''),
 ('114', 'field', '51', 'en_us', ' недвижимость и строительство '),
 ('114', 'field', '38', 'en_us', ' недвижимость и строительство включая производство строительных материалов '),
 ('114', 'field', '37', 'en_us', ' аудиторские услуги '),
 ('114', 'field', '39', 'en_us', ''),
 ('114', 'slug', '0', 'en_us', ' в рамках проекта по ценовому аудиту при строительстве нового химического завода клиент был заинтересован в правильности составления смет на строительство и закупку российского и импортного оборудования '),
 ('114', 'title', '0', 'en_us', ' в рамках проекта по ценовому аудиту при строительстве нового химического завода клиент был заинтересован в правильности составления смет на строительство и закупку российского и импортного оборудования '),
 ('115', 'field', '30', 'ru', ' по результатам аудита группы был выпущен отчет руководству группы с выявленными недостатками в системе учета и подготовки отчетности а также системе внутреннего контроля предложенные нашими специалистами решения позволили оптимизировать функцию подготовки отчетности по мсфо и повысить квалификацию сотрудников после внедрения руководством рекомендованных решений формирование отчетности по мсфо в группе происходило в более короткие сроки и с минимальным количеством ошибок '),
 ('115', 'field', '32', 'ru', ''),
 ('115', 'field', '31', 'ru', ''),
 ('115', 'field', '51', 'ru', ' недвижимость и строительство '),
 ('115', 'field', '38', 'ru', ' недвижимость и строительство включая производство строительных материалов '),
 ('115', 'field', '37', 'ru', ' аудиторские услуги '),
 ('115', 'field', '39', 'ru', ''),
 ('115', 'slug', '0', 'ru', ' группа компаний крупный застройщик ведущий строительство жилых комплексов в нескольких регионах россии обратился к нашим экспертам с целью подтверждения достоверности финансовой отчетности по мсфо '),
 ('115', 'title', '0', 'ru', ' группа компаний крупный застройщик ведущий строительство жилых комплексов в нескольких регионах россии обратился к нашим экспертам с целью подтверждения достоверности финансовой отчетности по мсфо '),
 ('115', 'field', '30', 'en_us', ' по результатам аудита группы был выпущен отчет руководству группы с выявленными недостатками в системе учета и подготовки отчетности а также системе внутреннего контроля предложенные нашими специалистами решения позволили оптимизировать функцию подготовки отчетности по мсфо и повысить квалификацию сотрудников после внедрения руководством рекомендованных решений формирование отчетности по мсфо в группе происходило в более короткие сроки и с минимальным количеством ошибок '),
 ('115', 'field', '32', 'en_us', ''),
 ('115', 'field', '31', 'en_us', ''),
 ('115', 'field', '51', 'en_us', ' недвижимость и строительство '),
 ('115', 'field', '38', 'en_us', ' недвижимость и строительство включая производство строительных материалов '),
 ('115', 'field', '37', 'en_us', ' аудиторские услуги '),
 ('115', 'field', '39', 'en_us', ''),
 ('115', 'slug', '0', 'en_us', ' группа компаний крупный застройщик ведущий строительство жилых комплексов в нескольких регионах россии обратился к нашим экспертам с целью подтверждения достоверности финансовой отчетности по мсфо '),
 ('115', 'title', '0', 'en_us', ' группа компаний крупный застройщик ведущий строительство жилых комплексов в нескольких регионах россии обратился к нашим экспертам с целью подтверждения достоверности финансовой отчетности по мсфо '),
 ('116', 'slug', '0', 'ru', ' taxes '),
 ('116', 'title', '0', 'ru', ' налоговое консультирование '),
 ('116', 'slug', '0', 'en_us', ' taxes '),
 ('116', 'title', '0', 'en_us', ' налоговое консультирование '),
 ('117', 'field', '30', 'ru', ' в ходе подготовки документации по контролируемым сделкам для крупной международной компании производителя строительных материалов по нашей инициативе были разработаны возможные варианты реструктуризации модели сбыта продукции с учетом действующих налоговых льгот и сопутствующих налоговых рисков в результате обсуждения предложенных нами вариантов клиент выбрал и внедрил оптимальное для своего бизнеса решение соответствующее стратегии и целям его развития '),
 ('117', 'field', '32', 'ru', ''),
 ('117', 'field', '31', 'ru', ''),
 ('117', 'field', '51', 'ru', ' налоговое консультирование '),
 ('117', 'field', '38', 'ru', ' недвижимость и строительство включая производство строительных материалов торговля оптовая и розничная '),
 ('117', 'field', '37', 'ru', ' налоговое консультирование '),
 ('117', 'field', '39', 'ru', ''),
 ('117', 'slug', '0', 'ru', ' комплексный подход к решению задачи '),
 ('117', 'title', '0', 'ru', ' комплексный подход к решению задачи '),
 ('117', 'field', '30', 'en_us', ' в ходе подготовки документации по контролируемым сделкам для крупной международной компании производителя строительных материалов по нашей инициативе были разработаны возможные варианты реструктуризации модели сбыта продукции с учетом действующих налоговых льгот и сопутствующих налоговых рисков в результате обсуждения предложенных нами вариантов клиент выбрал и внедрил оптимальное для своего бизнеса решение соответствующее стратегии и целям его развития '),
 ('117', 'field', '32', 'en_us', ''),
 ('117', 'field', '31', 'en_us', ''),
 ('117', 'field', '51', 'en_us', ' налоговое консультирование '),
 ('117', 'field', '38', 'en_us', ' недвижимость и строительство включая производство строительных материалов торговля оптовая и розничная '),
 ('117', 'field', '37', 'en_us', ' налоговое консультирование '),
 ('117', 'field', '39', 'en_us', ''),
 ('117', 'slug', '0', 'en_us', ' комплексный подход к решению задачи '),
 ('117', 'title', '0', 'en_us', ' комплексный подход к решению задачи '),
 ('118', 'field', '30', 'ru', ' иностранная компания организатор международных спортивных турниров в россии обратилась за разъяснениями налоговых последствий связанных с выплатами вознаграждений иностранным участникам турнира отсутствие налогового статуса в россии не позволяло компании по букве закона самостоятельно осуществить уплату ндфл в результате разработанного подхода согласованного с налоговыми органами мы организовали и организовали и обеспечили подачу деклараций и централизованную уплату налога проявленная гибкость нестандартный подход в решении проблемы способствовали привлечению нашей компании к экспертному сопровождению других проектов клиента на территории россии '),
 ('118', 'field', '32', 'ru', ''),
 ('118', 'field', '31', 'ru', ''),
 ('118', 'field', '51', 'ru', ' налоговое консультирование '),
 ('118', 'field', '38', 'ru', ' сфера развлечений и гостеприимства '),
 ('118', 'field', '37', 'ru', ' налоговое консультирование '),
 ('118', 'field', '39', 'ru', ''),
 ('118', 'slug', '0', 'ru', ' разработка практических решений в условиях противоречий пробелов в законодательстве '),
 ('118', 'title', '0', 'ru', ' разработка практических решений в условиях противоречий пробелов в законодательстве '),
 ('118', 'field', '30', 'en_us', ' иностранная компания организатор международных спортивных турниров в россии обратилась за разъяснениями налоговых последствий связанных с выплатами вознаграждений иностранным участникам турнира отсутствие налогового статуса в россии не позволяло компании по букве закона самостоятельно осуществить уплату ндфл в результате разработанного подхода согласованного с налоговыми органами мы организовали и организовали и обеспечили подачу деклараций и централизованную уплату налога проявленная гибкость нестандартный подход в решении проблемы способствовали привлечению нашей компании к экспертному сопровождению других проектов клиента на территории россии '),
 ('118', 'field', '32', 'en_us', ''),
 ('118', 'field', '31', 'en_us', ''),
 ('118', 'field', '51', 'en_us', ' налоговое консультирование '),
 ('118', 'field', '38', 'en_us', ' сфера развлечений и гостеприимства '),
 ('118', 'field', '37', 'en_us', ' налоговое консультирование '),
 ('118', 'field', '39', 'en_us', ''),
 ('118', 'slug', '0', 'en_us', ' разработка практических решений в условиях противоречий пробелов в законодательстве '),
 ('118', 'title', '0', 'en_us', ' разработка практических решений в условиях противоречий пробелов в законодательстве '),
 ('25', 'field', '53', 'ru', ''),
 ('25', 'field', '38', 'ru', ''),
 ('25', 'field', '39', 'ru', ''),
 ('25', 'field', '40', 'ru', ''),
 ('25', 'field', '41', 'ru', ''),
 ('24', 'field', '53', 'ru', ''),
 ('24', 'field', '38', 'ru', ''),
 ('24', 'field', '39', 'ru', ''),
 ('24', 'field', '40', 'ru', ''),
 ('24', 'field', '41', 'ru', ''),
 ('119', 'field', '36', 'ru', ''),
 ('119', 'field', '53', 'ru', ''),
 ('119', 'field', '38', 'ru', ''),
 ('119', 'field', '39', 'ru', ''),
 ('119', 'field', '40', 'ru', ''),
 ('119', 'field', '41', 'ru', ''),
 ('119', 'slug', '0', 'ru', ' консультирование по вопросам стратегии развития бизнеса '),
 ('119', 'title', '0', 'ru', ' консультирование по вопросам стратегии развития бизнеса '),
 ('119', 'field', '36', 'en_us', ''),
 ('119', 'field', '53', 'en_us', ''),
 ('119', 'field', '38', 'en_us', ''),
 ('119', 'field', '39', 'en_us', ''),
 ('119', 'field', '40', 'en_us', ''),
 ('119', 'field', '41', 'en_us', ''),
 ('119', 'slug', '0', 'en_us', ' консультирование по вопросам стратегии развития бизнеса ');
INSERT INTO `craft_searchindex` (`elementId`, `attribute`, `fieldId`, `locale`, `keywords`) VALUES
 ('119', 'title', '0', 'en_us', ' консультирование по вопросам стратегии развития бизнеса '),
 ('120', 'field', '36', 'ru', ''),
 ('120', 'field', '53', 'ru', ''),
 ('120', 'field', '38', 'ru', ''),
 ('120', 'field', '39', 'ru', ''),
 ('120', 'field', '40', 'ru', ''),
 ('120', 'field', '41', 'ru', ''),
 ('120', 'slug', '0', 'ru', ' аудит финансовой отчетности подготовленной в соответствии с международными стандартами ifrs и us gaap '),
 ('120', 'title', '0', 'ru', ' аудит финансовой отчетности подготовленной в соответствии с международными стандартами ifrs и us gaap '),
 ('120', 'field', '36', 'en_us', ''),
 ('120', 'field', '53', 'en_us', ''),
 ('120', 'field', '38', 'en_us', ''),
 ('120', 'field', '39', 'en_us', ''),
 ('120', 'field', '40', 'en_us', ''),
 ('120', 'field', '41', 'en_us', ''),
 ('120', 'slug', '0', 'en_us', ' аудит финансовой отчетности подготовленной в соответствии с международными стандартами ifrs и us gaap '),
 ('120', 'title', '0', 'en_us', ' аудит финансовой отчетности подготовленной в соответствии с международными стандартами ifrs и us gaap '),
 ('121', 'field', '36', 'ru', ''),
 ('121', 'field', '53', 'ru', ''),
 ('121', 'field', '38', 'ru', ''),
 ('121', 'field', '39', 'ru', ''),
 ('121', 'field', '40', 'ru', ''),
 ('121', 'field', '41', 'ru', ''),
 ('121', 'slug', '0', 'ru', ' аудит бухгалтерской отчетности подготовленной в соответствии с требованиями российского законодательства '),
 ('121', 'title', '0', 'ru', ' аудит бухгалтерской отчетности подготовленной в соответствии с требованиями российского законодательства '),
 ('121', 'field', '36', 'en_us', ''),
 ('121', 'field', '53', 'en_us', ''),
 ('121', 'field', '38', 'en_us', ''),
 ('121', 'field', '39', 'en_us', ''),
 ('121', 'field', '40', 'en_us', ''),
 ('121', 'field', '41', 'en_us', ''),
 ('121', 'slug', '0', 'en_us', ' аудит бухгалтерской отчетности подготовленной в соответствии с требованиями российского законодательства '),
 ('121', 'title', '0', 'en_us', ' аудит бухгалтерской отчетности подготовленной в соответствии с требованиями российского законодательства '),
 ('122', 'field', '36', 'ru', ''),
 ('122', 'field', '53', 'ru', ''),
 ('122', 'field', '38', 'ru', ''),
 ('122', 'field', '39', 'ru', ''),
 ('122', 'field', '40', 'ru', ''),
 ('122', 'field', '41', 'ru', ''),
 ('122', 'slug', '0', 'ru', ' подготовка финансовой отчетности в соответствии с международными стандартами '),
 ('122', 'title', '0', 'ru', ' подготовка финансовой отчетности в соответствии с международными стандартами '),
 ('122', 'field', '36', 'en_us', ''),
 ('122', 'field', '53', 'en_us', ''),
 ('122', 'field', '38', 'en_us', ''),
 ('122', 'field', '39', 'en_us', ''),
 ('122', 'field', '40', 'en_us', ''),
 ('122', 'field', '41', 'en_us', ''),
 ('122', 'slug', '0', 'en_us', ' подготовка финансовой отчетности в соответствии с международными стандартами '),
 ('122', 'title', '0', 'en_us', ' подготовка финансовой отчетности в соответствии с международными стандартами '),
 ('123', 'field', '36', 'ru', ''),
 ('123', 'field', '53', 'ru', ''),
 ('123', 'field', '38', 'ru', ''),
 ('123', 'field', '39', 'ru', ''),
 ('123', 'field', '40', 'ru', ''),
 ('123', 'field', '41', 'ru', ''),
 ('123', 'slug', '0', 'ru', ' консультирование по ifrs и us gaap '),
 ('123', 'title', '0', 'ru', ' консультирование по ifrs и us gaap '),
 ('123', 'field', '36', 'en_us', ''),
 ('123', 'field', '53', 'en_us', ''),
 ('123', 'field', '38', 'en_us', ''),
 ('123', 'field', '39', 'en_us', ''),
 ('123', 'field', '40', 'en_us', ''),
 ('123', 'field', '41', 'en_us', ''),
 ('123', 'slug', '0', 'en_us', ' консультирование по ifrs и us gaap '),
 ('123', 'title', '0', 'en_us', ' консультирование по ifrs и us gaap '),
 ('124', 'field', '36', 'ru', ''),
 ('124', 'field', '53', 'ru', ''),
 ('124', 'field', '38', 'ru', ''),
 ('124', 'field', '39', 'ru', ''),
 ('124', 'field', '40', 'ru', ''),
 ('124', 'field', '41', 'ru', ''),
 ('124', 'slug', '0', 'ru', ' услуги внутреннего аудита '),
 ('124', 'title', '0', 'ru', ' услуги внутреннего аудита '),
 ('124', 'field', '36', 'en_us', ''),
 ('124', 'field', '53', 'en_us', ''),
 ('124', 'field', '38', 'en_us', ''),
 ('124', 'field', '39', 'en_us', ''),
 ('124', 'field', '40', 'en_us', ''),
 ('124', 'field', '41', 'en_us', ''),
 ('124', 'slug', '0', 'en_us', ' услуги внутреннего аудита '),
 ('124', 'title', '0', 'en_us', ' услуги внутреннего аудита '),
 ('125', 'field', '36', 'ru', ''),
 ('125', 'field', '53', 'ru', ''),
 ('125', 'field', '38', 'ru', ''),
 ('125', 'field', '39', 'ru', ''),
 ('125', 'field', '40', 'ru', ''),
 ('125', 'field', '41', 'ru', ''),
 ('125', 'slug', '0', 'ru', ' оценка системы внутреннего контроля '),
 ('125', 'title', '0', 'ru', ' оценка системы внутреннего контроля '),
 ('125', 'field', '36', 'en_us', ''),
 ('125', 'field', '53', 'en_us', ''),
 ('125', 'field', '38', 'en_us', ''),
 ('125', 'field', '39', 'en_us', ''),
 ('125', 'field', '40', 'en_us', ''),
 ('125', 'field', '41', 'en_us', ''),
 ('125', 'slug', '0', 'en_us', ' оценка системы внутреннего контроля '),
 ('125', 'title', '0', 'en_us', ' оценка системы внутреннего контроля '),
 ('126', 'field', '36', 'ru', ' наши специалисты в области корпоративного налогообложения обладают обширным опытом консультирования крупных иностранных и российских компаний различных отраслей промышленности мы предлагаем следующие профессиональные услуги в области налогообложения консультирование по вопросам налогового законодательства и налоговых последствий определенных сделок содействие в создании реорганизации и ликвидации бизнеса в россии услуги связанные со структуризацией иностранных инвестиций в россии услуги по налоговой оптимизации направленные на получение преимуществ от налогового планирования и обеспечения оптимизации затрат и движения денежных потоков в отношении налоговых вопросов и рисков налоговые обзоры деятельности клиентов в россии направленные на выявление потенциальных областей налоговых рисков '),
 ('126', 'field', '53', 'ru', ''),
 ('126', 'field', '38', 'ru', '');
INSERT INTO `craft_searchindex` (`elementId`, `attribute`, `fieldId`, `locale`, `keywords`) VALUES
 ('126', 'field', '39', 'ru', ''),
 ('126', 'field', '40', 'ru', ''),
 ('126', 'field', '41', 'ru', ''),
 ('126', 'slug', '0', 'ru', ' корпоративное налогообложение '),
 ('126', 'title', '0', 'ru', ' корпоративное налогообложение '),
 ('126', 'field', '36', 'en_us', ' наши специалисты в области корпоративного налогообложения обладают обширным опытом консультирования крупных иностранных и российских компаний различных отраслей промышленности мы предлагаем следующие профессиональные услуги в области налогообложения консультирование по вопросам налогового законодательства и налоговых последствий определенных сделок содействие в создании реорганизации и ликвидации бизнеса в россии услуги связанные со структуризацией иностранных инвестиций в россии услуги по налоговой оптимизации направленные на получение преимуществ от налогового планирования и обеспечения оптимизации затрат и движения денежных потоков в отношении налоговых вопросов и рисков налоговые обзоры деятельности клиентов в россии направленные на выявление потенциальных областей налоговых рисков '),
 ('126', 'field', '53', 'en_us', ''),
 ('126', 'field', '38', 'en_us', ''),
 ('126', 'field', '39', 'en_us', ''),
 ('126', 'field', '40', 'en_us', ''),
 ('126', 'field', '41', 'en_us', ''),
 ('126', 'slug', '0', 'en_us', ' корпоративное налогообложение '),
 ('126', 'title', '0', 'en_us', ' корпоративное налогообложение '),
 ('127', 'field', '36', 'ru', ' в департаменте трансфертного ценообразования baker tilly russia работают профессионалы специализирующиеся в различных вопросах применения положений о трансфертном ценообразовании за последние несколько лет сотрудники департамента успешно реализовали множество проектов по трансфертному ценообразованию для предприятий различных отраслей предоставляемые услуги помощь в подготовке документации по трансфертному ценообразованию включающей обоснование используемой методологии и соответствие текущих цен по контролируемым сделкам рыночному уровню а также уведомлений о контролируемых сделкахдиагностика рисков трансфертного ценообразования и подготовка рекомендаций по усовершенствованию существующей политики ценообразования в том числе путем реорганизации производственно сбытовой структуры поставок изменения подхода к формированию ценобоснование используемой методологии и соответствия текущих цен рыночному уровнюконсультирование по вопросам структурирования внутригрупповых сделок на основе принципа соответствия цен рыночному уровню в частности при передаче прав на интеллектуальную собственность осуществлении финансовых операцийпомощь международным компаниям в адаптации глобальной политики в области трансфертного ценообразования к требованиям российского законодательстваразработка и содействие в создании торгово закупочных структуррекомендации по выстраиванию функции по вопросам трансфертного ценообразования на предприятии и процедуры эффективного взаимодействия между соответствующими службами предприятия в рамках работ по соблюдению положений по трансфертному ценообразованиюконсультирование по вопросам разработки методологии трансфертного ценообразования в отношении услуг и моделей распределения затрат на услуги управленческого характераразработка бизнес процессов и системы внутреннего контроля для целей соблюдения политики трансфертного ценообразованиясодействие в урегулировании споров возникающих по итогам проведения налоговых проверок по вопросам ценообразования для целей налогообложения включая споры в рамках ст 40 налогового кодекса рф так и в рамках новых положений налогового кодекса рф по контролю цен для целей налогообложения мы поможем вам успешно ориентироваться в изменениях происходящих в налоговой и юридической сферах '),
 ('127', 'field', '53', 'ru', ''),
 ('127', 'field', '38', 'ru', ''),
 ('127', 'field', '39', 'ru', ''),
 ('127', 'field', '40', 'ru', ''),
 ('127', 'field', '41', 'ru', ''),
 ('127', 'slug', '0', 'ru', ' трансфертное ценообразование '),
 ('127', 'title', '0', 'ru', ' трансфертное ценообразование '),
 ('127', 'field', '36', 'en_us', ' в департаменте трансфертного ценообразования baker tilly russia работают профессионалы специализирующиеся в различных вопросах применения положений о трансфертном ценообразовании за последние несколько лет сотрудники департамента успешно реализовали множество проектов по трансфертному ценообразованию для предприятий различных отраслей предоставляемые услуги помощь в подготовке документации по трансфертному ценообразованию включающей обоснование используемой методологии и соответствие текущих цен по контролируемым сделкам рыночному уровню а также уведомлений о контролируемых сделкахдиагностика рисков трансфертного ценообразования и подготовка рекомендаций по усовершенствованию существующей политики ценообразования в том числе путем реорганизации производственно сбытовой структуры поставок изменения подхода к формированию ценобоснование используемой методологии и соответствия текущих цен рыночному уровнюконсультирование по вопросам структурирования внутригрупповых сделок на основе принципа соответствия цен рыночному уровню в частности при передаче прав на интеллектуальную собственность осуществлении финансовых операцийпомощь международным компаниям в адаптации глобальной политики в области трансфертного ценообразования к требованиям российского законодательстваразработка и содействие в создании торгово закупочных структуррекомендации по выстраиванию функции по вопросам трансфертного ценообразования на предприятии и процедуры эффективного взаимодействия между соответствующими службами предприятия в рамках работ по соблюдению положений по трансфертному ценообразованиюконсультирование по вопросам разработки методологии трансфертного ценообразования в отношении услуг и моделей распределения затрат на услуги управленческого характераразработка бизнес процессов и системы внутреннего контроля для целей соблюдения политики трансфертного ценообразованиясодействие в урегулировании споров возникающих по итогам проведения налоговых проверок по вопросам ценообразования для целей налогообложения включая споры в рамках ст 40 налогового кодекса рф так и в рамках новых положений налогового кодекса рф по контролю цен для целей налогообложения мы поможем вам успешно ориентироваться в изменениях происходящих в налоговой и юридической сферах '),
 ('127', 'field', '53', 'en_us', ''),
 ('127', 'field', '38', 'en_us', ''),
 ('127', 'field', '39', 'en_us', ''),
 ('127', 'field', '40', 'en_us', ''),
 ('127', 'field', '41', 'en_us', ''),
 ('127', 'slug', '0', 'en_us', ' трансфертное ценообразование '),
 ('127', 'title', '0', 'en_us', ' трансфертное ценообразование '),
 ('128', 'field', '36', 'ru', ' международные компании обладают специфическими потребностями в отношении налогообложения подачи документов и управления в россии международные и российские компании сталкиваются с различными налоговыми вопросами имеющими определенную специфику для каждой из них наша команда предоставляет квалифицированные услуги по международному налоговому консультированию налоговым проверкам и подобным услугам которые отвечают нуждам бизнеса в каждом секторе экономики мы оказываем содействие в обеспечении соответствия деятельности компании требованиям применимого налогового законодательства и положений а также соответствия основным отраслевым стандартам выбор эффективной структуры собственности управления и операций с налоговой точки зренияструктурирование операций по репатриации прибыли и использованию убытковструктурирование инвестиций внутри страны и за рубежомформирование цепочки поставок и совместного предоставления услуг эффективных с налоговой точки зрения '),
 ('128', 'field', '53', 'ru', ''),
 ('128', 'field', '38', 'ru', ''),
 ('128', 'field', '39', 'ru', ''),
 ('128', 'field', '40', 'ru', ''),
 ('128', 'field', '41', 'ru', ''),
 ('128', 'slug', '0', 'ru', ' международное налоговое планирование и отчетность по контролируемым иностранным компаниям '),
 ('128', 'title', '0', 'ru', ' международное налоговое планирование и отчетность по контролируемым иностранным компаниям '),
 ('128', 'field', '36', 'en_us', ' международные компании обладают специфическими потребностями в отношении налогообложения подачи документов и управления в россии международные и российские компании сталкиваются с различными налоговыми вопросами имеющими определенную специфику для каждой из них наша команда предоставляет квалифицированные услуги по международному налоговому консультированию налоговым проверкам и подобным услугам которые отвечают нуждам бизнеса в каждом секторе экономики мы оказываем содействие в обеспечении соответствия деятельности компании требованиям применимого налогового законодательства и положений а также соответствия основным отраслевым стандартам выбор эффективной структуры собственности управления и операций с налоговой точки зренияструктурирование операций по репатриации прибыли и использованию убытковструктурирование инвестиций внутри страны и за рубежомформирование цепочки поставок и совместного предоставления услуг эффективных с налоговой точки зрения '),
 ('128', 'field', '53', 'en_us', ''),
 ('128', 'field', '38', 'en_us', ''),
 ('128', 'field', '39', 'en_us', ''),
 ('128', 'field', '40', 'en_us', ''),
 ('128', 'field', '41', 'en_us', ''),
 ('128', 'slug', '0', 'en_us', ' международное налоговое планирование и отчетность по контролируемым иностранным компаниям '),
 ('128', 'title', '0', 'en_us', ' международное налоговое планирование и отчетность по контролируемым иностранным компаниям '),
 ('129', 'field', '36', 'ru', ' ввиду частых изменений и сложности российского налогового законодательства постоянный контроль и прогнозирование необходимы чтобы ваша компания соответствовала требованиям и имела надлежащий налоговый статус привлекая к выполнению задач наших высококвалифицированных экспертов способных оперативно ориентироваться в условиях изменяющейся среды вы обеспечите успешную деятельность своей компании перечень предлагаемых услуг постоянный мониторинг изменений в законодательствеобеспечение соблюдения налогового законодательствазащита интересов компании как налогоплательщикаформирование налоговой стратегииразработка ключевых показателей эффективности реализации налоговой стратегииунификация методологии ведения налогового учетаоптимизация бизнес процессовналоговая оптимизацияразработка систем контроля и оценки налоговых рисковразработка системы налогового прогнозированияоптимизация процессов ведения налогового учета в контексте ускорения сроков закрытия отчетного периода разработка организационной структуры налоговой службыраспределение ролей и полномочий сотрудников налоговой службыметодологическая поддержка автоматизации налогового учета в erp системах oracle sap 1c и другие налоговое планирование и прогнозированиесоставление бухгалтерской отчетности в налоговой части выполнение процедуры налогового администрированияпрактическое применение законодательства постановления местных налоговых органов судебная практика т д '),
 ('129', 'field', '53', 'ru', ''),
 ('129', 'field', '38', 'ru', ''),
 ('129', 'field', '39', 'ru', ''),
 ('129', 'field', '40', 'ru', ''),
 ('129', 'field', '41', 'ru', ''),
 ('129', 'slug', '0', 'ru', ' услуги по совершенствованию налоговой функции и налоговой политики '),
 ('129', 'title', '0', 'ru', ' услуги по совершенствованию налоговой функции и налоговой политики '),
 ('129', 'field', '36', 'en_us', ' ввиду частых изменений и сложности российского налогового законодательства постоянный контроль и прогнозирование необходимы чтобы ваша компания соответствовала требованиям и имела надлежащий налоговый статус привлекая к выполнению задач наших высококвалифицированных экспертов способных оперативно ориентироваться в условиях изменяющейся среды вы обеспечите успешную деятельность своей компании перечень предлагаемых услуг постоянный мониторинг изменений в законодательствеобеспечение соблюдения налогового законодательствазащита интересов компании как налогоплательщикаформирование налоговой стратегииразработка ключевых показателей эффективности реализации налоговой стратегииунификация методологии ведения налогового учетаоптимизация бизнес процессовналоговая оптимизацияразработка систем контроля и оценки налоговых рисковразработка системы налогового прогнозированияоптимизация процессов ведения налогового учета в контексте ускорения сроков закрытия отчетного периода разработка организационной структуры налоговой службыраспределение ролей и полномочий сотрудников налоговой службыметодологическая поддержка автоматизации налогового учета в erp системах oracle sap 1c и другие налоговое планирование и прогнозированиесоставление бухгалтерской отчетности в налоговой части выполнение процедуры налогового администрированияпрактическое применение законодательства постановления местных налоговых органов судебная практика т д '),
 ('129', 'field', '53', 'en_us', ''),
 ('129', 'field', '38', 'en_us', ''),
 ('129', 'field', '39', 'en_us', ''),
 ('129', 'field', '40', 'en_us', ''),
 ('129', 'field', '41', 'en_us', ''),
 ('129', 'slug', '0', 'en_us', ' услуги по совершенствованию налоговой функции и налоговой политики '),
 ('129', 'title', '0', 'en_us', ' услуги по совершенствованию налоговой функции и налоговой политики '),
 ('130', 'field', '36', 'ru', ' наша команда предоставляет специализированные услуги в области соблюдения налогового законодательства и консультации на случай возникновения спора с налоговыми органами специалисты baker tilly russia по разрешению споров прекрасно зарекомендовали себя в области переговоров по урегулированию споров в том числе в суде и готовы выполнить ряд следующих задач правовая экспертиза действий и решений налоговых органовсопровождение камеральных и выездных налоговых проверокподготовка возражений на акты жалоб на решения по результатам налоговых проверокдосудебная поддержка в ходе споров с налоговыми органамипредставление интересов клиента во всех судебных инстанцияхподготовка мировых соглашенийподготовка договоров о создании консолидированной группы налогоплательщиковподготовка соглашений о ценообразовании apa сопровождение взаимосогласительных процедур map '),
 ('130', 'field', '53', 'ru', ''),
 ('130', 'field', '38', 'ru', ''),
 ('130', 'field', '39', 'ru', ''),
 ('130', 'field', '40', 'ru', ''),
 ('130', 'field', '41', 'ru', ''),
 ('130', 'slug', '0', 'ru', ' разрешение налоговых споров '),
 ('130', 'title', '0', 'ru', ' разрешение налоговых споров '),
 ('130', 'field', '36', 'en_us', ' наша команда предоставляет специализированные услуги в области соблюдения налогового законодательства и консультации на случай возникновения спора с налоговыми органами специалисты baker tilly russia по разрешению споров прекрасно зарекомендовали себя в области переговоров по урегулированию споров в том числе в суде и готовы выполнить ряд следующих задач правовая экспертиза действий и решений налоговых органовсопровождение камеральных и выездных налоговых проверокподготовка возражений на акты жалоб на решения по результатам налоговых проверокдосудебная поддержка в ходе споров с налоговыми органамипредставление интересов клиента во всех судебных инстанцияхподготовка мировых соглашенийподготовка договоров о создании консолидированной группы налогоплательщиковподготовка соглашений о ценообразовании apa сопровождение взаимосогласительных процедур map '),
 ('130', 'field', '53', 'en_us', ''),
 ('130', 'field', '38', 'en_us', ''),
 ('130', 'field', '39', 'en_us', ''),
 ('130', 'field', '40', 'en_us', ''),
 ('130', 'field', '41', 'en_us', ''),
 ('130', 'slug', '0', 'en_us', ' разрешение налоговых споров '),
 ('130', 'title', '0', 'en_us', ' разрешение налоговых споров '),
 ('131', 'field', '36', 'ru', ''),
 ('131', 'field', '53', 'ru', ''),
 ('131', 'field', '38', 'ru', ''),
 ('131', 'field', '39', 'ru', ''),
 ('131', 'field', '40', 'ru', ''),
 ('131', 'field', '41', 'ru', ''),
 ('131', 'slug', '0', 'ru', ' ведение бухгалтерского учета по стандартам рсбу '),
 ('131', 'title', '0', 'ru', ' ведение бухгалтерского учета по стандартам рсбу '),
 ('131', 'field', '36', 'en_us', ''),
 ('131', 'field', '53', 'en_us', ''),
 ('131', 'field', '38', 'en_us', ''),
 ('131', 'field', '39', 'en_us', ''),
 ('131', 'field', '40', 'en_us', ''),
 ('131', 'field', '41', 'en_us', ''),
 ('131', 'slug', '0', 'en_us', ' ведение бухгалтерского учета по стандартам рсбу '),
 ('131', 'title', '0', 'en_us', ' ведение бухгалтерского учета по стандартам рсбу '),
 ('132', 'field', '36', 'ru', ''),
 ('132', 'field', '53', 'ru', ''),
 ('132', 'field', '38', 'ru', ''),
 ('132', 'field', '39', 'ru', ''),
 ('132', 'field', '40', 'ru', ''),
 ('132', 'field', '41', 'ru', ''),
 ('132', 'slug', '0', 'ru', ' ведение бухгалтерского учета по стандартам клиента ');
INSERT INTO `craft_searchindex` (`elementId`, `attribute`, `fieldId`, `locale`, `keywords`) VALUES
 ('132', 'title', '0', 'ru', ' ведение бухгалтерского учета по стандартам клиента '),
 ('132', 'field', '36', 'en_us', ''),
 ('132', 'field', '53', 'en_us', ''),
 ('132', 'field', '38', 'en_us', ''),
 ('132', 'field', '39', 'en_us', ''),
 ('132', 'field', '40', 'en_us', ''),
 ('132', 'field', '41', 'en_us', ''),
 ('132', 'slug', '0', 'en_us', ' ведение бухгалтерского учета по стандартам клиента '),
 ('132', 'title', '0', 'en_us', ' ведение бухгалтерского учета по стандартам клиента '),
 ('136', 'field', '40', 'en_us', ''),
 ('136', 'slug', '0', 'en_us', ' расчет заработной платы '),
 ('136', 'field', '41', 'en_us', ''),
 ('136', 'field', '53', 'en_us', ''),
 ('136', 'field', '38', 'en_us', ''),
 ('136', 'field', '39', 'en_us', ''),
 ('136', 'field', '36', 'ru', ''),
 ('136', 'field', '53', 'ru', ''),
 ('136', 'field', '38', 'ru', ''),
 ('136', 'field', '39', 'ru', ''),
 ('136', 'field', '40', 'ru', ''),
 ('136', 'field', '41', 'ru', ''),
 ('136', 'slug', '0', 'ru', ' расчет заработной платы '),
 ('136', 'title', '0', 'ru', ' расчет заработной платы '),
 ('136', 'field', '36', 'en_us', ''),
 ('135', 'title', '0', 'en_us', ' подготовка налоговых деклараций '),
 ('135', 'slug', '0', 'en_us', ' подготовка налоговых деклараций '),
 ('135', 'field', '39', 'en_us', ''),
 ('135', 'field', '40', 'en_us', ''),
 ('135', 'field', '41', 'en_us', ''),
 ('135', 'field', '36', 'ru', ''),
 ('135', 'field', '53', 'ru', ''),
 ('135', 'field', '38', 'ru', ''),
 ('135', 'field', '39', 'ru', ''),
 ('135', 'field', '40', 'ru', ''),
 ('135', 'field', '41', 'ru', ''),
 ('135', 'slug', '0', 'ru', ' подготовка налоговых деклараций '),
 ('135', 'title', '0', 'ru', ' подготовка налоговых деклараций '),
 ('135', 'field', '36', 'en_us', ''),
 ('135', 'field', '53', 'en_us', ''),
 ('135', 'field', '38', 'en_us', ''),
 ('136', 'title', '0', 'en_us', ' расчет заработной платы '),
 ('137', 'field', '36', 'ru', ''),
 ('137', 'field', '53', 'ru', ''),
 ('137', 'field', '38', 'ru', ''),
 ('137', 'field', '39', 'ru', ''),
 ('137', 'field', '40', 'ru', ''),
 ('137', 'field', '41', 'ru', ''),
 ('137', 'slug', '0', 'ru', ' кадровое делопроизводство '),
 ('137', 'title', '0', 'ru', ' кадровое делопроизводство '),
 ('137', 'field', '36', 'en_us', ''),
 ('137', 'field', '53', 'en_us', ''),
 ('137', 'field', '38', 'en_us', ''),
 ('137', 'field', '39', 'en_us', ''),
 ('137', 'field', '40', 'en_us', ''),
 ('137', 'field', '41', 'en_us', ''),
 ('137', 'slug', '0', 'en_us', ' кадровое делопроизводство '),
 ('137', 'title', '0', 'en_us', ' кадровое делопроизводство '),
 ('138', 'field', '36', 'ru', ''),
 ('138', 'field', '53', 'ru', ''),
 ('138', 'field', '38', 'ru', ''),
 ('138', 'field', '39', 'ru', ''),
 ('138', 'field', '40', 'ru', ''),
 ('138', 'field', '41', 'ru', ''),
 ('138', 'slug', '0', 'ru', ' консультации по вопросам бухгалтерского учета '),
 ('138', 'title', '0', 'ru', ' консультации по вопросам бухгалтерского учета '),
 ('138', 'field', '36', 'en_us', ''),
 ('138', 'field', '53', 'en_us', ''),
 ('138', 'field', '38', 'en_us', ''),
 ('138', 'field', '39', 'en_us', ''),
 ('138', 'field', '40', 'en_us', ''),
 ('138', 'field', '41', 'en_us', ''),
 ('138', 'slug', '0', 'en_us', ' консультации по вопросам бухгалтерского учета '),
 ('138', 'title', '0', 'en_us', ' консультации по вопросам бухгалтерского учета '),
 ('139', 'field', '36', 'ru', ''),
 ('139', 'field', '53', 'ru', ''),
 ('139', 'field', '38', 'ru', ''),
 ('139', 'field', '39', 'ru', ''),
 ('139', 'field', '40', 'ru', ''),
 ('139', 'field', '41', 'ru', ''),
 ('139', 'slug', '0', 'ru', ' консультации по оптимизации бухгалтерских служб '),
 ('139', 'title', '0', 'ru', ' консультации по оптимизации бухгалтерских служб '),
 ('139', 'field', '36', 'en_us', ''),
 ('139', 'field', '53', 'en_us', ''),
 ('139', 'field', '38', 'en_us', ''),
 ('139', 'field', '39', 'en_us', ''),
 ('139', 'field', '40', 'en_us', ''),
 ('139', 'field', '41', 'en_us', ''),
 ('139', 'slug', '0', 'en_us', ' консультации по оптимизации бухгалтерских служб '),
 ('139', 'title', '0', 'en_us', ' консультации по оптимизации бухгалтерских служб '),
 ('140', 'field', '36', 'ru', ''),
 ('140', 'field', '53', 'ru', ''),
 ('140', 'field', '38', 'ru', ''),
 ('140', 'field', '39', 'ru', ''),
 ('140', 'field', '40', 'ru', ''),
 ('140', 'field', '41', 'ru', ''),
 ('140', 'slug', '0', 'ru', ' аутсорсинг отдельных учетных процессов '),
 ('140', 'title', '0', 'ru', ' аутсорсинг отдельных учетных процессов '),
 ('140', 'field', '36', 'en_us', ''),
 ('140', 'field', '53', 'en_us', ''),
 ('140', 'field', '38', 'en_us', '');
INSERT INTO `craft_searchindex` (`elementId`, `attribute`, `fieldId`, `locale`, `keywords`) VALUES
 ('140', 'field', '39', 'en_us', ''),
 ('140', 'field', '40', 'en_us', ''),
 ('140', 'field', '41', 'en_us', ''),
 ('140', 'slug', '0', 'en_us', ' аутсорсинг отдельных учетных процессов '),
 ('140', 'title', '0', 'en_us', ' аутсорсинг отдельных учетных процессов '),
 ('141', 'field', '36', 'ru', ' определение рисков влияющих на решение об инвестировании и стоимость бизнеса в том числе анализ операций с аффилированными сторонами и выявление потенциально сомнительных операцийкомплексный финансовый анализ со стороны покупателякомплексный финансовый анализ со стороны продавцаналоговый анализ '),
 ('141', 'field', '53', 'ru', ''),
 ('141', 'field', '38', 'ru', ''),
 ('141', 'field', '39', 'ru', ''),
 ('141', 'field', '40', 'ru', ''),
 ('141', 'field', '41', 'ru', ''),
 ('141', 'slug', '0', 'ru', ' сопровождение инвестиционных сделок '),
 ('141', 'title', '0', 'ru', ' сопровождение инвестиционных сделок '),
 ('141', 'field', '36', 'en_us', ' определение рисков влияющих на решение об инвестировании и стоимость бизнеса в том числе анализ операций с аффилированными сторонами и выявление потенциально сомнительных операций комплексный финансовый анализ со стороны покупателя комплексный финансовый анализ со стороны продавца налоговый анализ '),
 ('141', 'field', '53', 'en_us', ''),
 ('141', 'field', '38', 'en_us', ''),
 ('141', 'field', '39', 'en_us', ''),
 ('141', 'field', '40', 'en_us', ''),
 ('141', 'field', '41', 'en_us', ''),
 ('141', 'slug', '0', 'en_us', ' сопровождение инвестиционных сделок '),
 ('141', 'title', '0', 'en_us', ' сопровождение инвестиционных сделок '),
 ('142', 'field', '36', 'ru', ' консультирование в отношении сделки на стороне продавца может включать предварительный анализ бизнеса и консультирование по вопросам предпродажной подготовки предварительная оценка стоимости выявление круга возможных покупателей взаимодействие с потенциальными покупателями для определения их заинтересованности в сделке представление актива отобранным покупателям и оценка полученных предложений сопровождение переговорного процесса подписания соглашений и окончательного оформления сделки консультирование на стороне покупателя может включать поиск потенциальных объектов для приобретения предварительная оценка стоимости консультирование по вопросам подготовки предложения сопровождение переговорного процесса и содействие при оформлении сделки '),
 ('142', 'field', '53', 'ru', ''),
 ('142', 'field', '38', 'ru', ''),
 ('142', 'field', '39', 'ru', ''),
 ('142', 'field', '40', 'ru', ''),
 ('142', 'field', '41', 'ru', ''),
 ('142', 'slug', '0', 'ru', ' слияния и поглощения '),
 ('142', 'title', '0', 'ru', ' слияния и поглощения '),
 ('142', 'field', '36', 'en_us', ' консультирование в отношении сделки на стороне продавца может включать предварительный анализ бизнеса и консультирование по вопросам предпродажной подготовки предварительная оценка стоимости выявление круга возможных покупателей взаимодействие с потенциальными покупателями для определения их заинтересованности в сделке представление актива отобранным покупателям и оценка полученных предложений сопровождение переговорного процесса подписания соглашений и окончательного оформления сделки консультирование на стороне покупателя может включать поиск потенциальных объектов для приобретения предварительная оценка стоимости консультирование по вопросам подготовки предложения сопровождение переговорного процесса и содействие при оформлении сделки '),
 ('142', 'field', '53', 'en_us', ''),
 ('142', 'field', '38', 'en_us', ''),
 ('142', 'field', '39', 'en_us', ''),
 ('142', 'field', '40', 'en_us', ''),
 ('142', 'field', '41', 'en_us', ''),
 ('142', 'slug', '0', 'en_us', ' слияния и поглощения '),
 ('142', 'title', '0', 'en_us', ' слияния и поглощения '),
 ('143', 'field', '36', 'ru', ' наши специалисты готовы провести для вас независимую справедливую рыночную оценку стоимости активов в различных сценариях сделок разработать финансовую модель с целью определения необходимости привлечения финансирования провести индикативный анализ финансового состояния выступая как на стороне покупателя так и продавца проектное финансирование рассмотреть инвестиционный проект с точки зрения эффективности структурировать проект разработать стратегию и планы развития проанализировать потенциальные риски и найти способы минимизировать их подготовить необходимую документацию юридическое и налоговое сопровождение сделок поиск оптимальной правовой конструкции для оформления сделки выявление и оценка правовых рисков разработка документов для оформления сделки взаимодействие с органами государственной власти по вопросу оформления сделки оценка налоговых последствий планируемых сделок договоров консультирование по вопросам налогообложения в сфере слияний поглощений ликвидации предприятий реструктуризация выкуп контрольного пакета менеджментом компании отделение spin off в результате создается отдельное юридическое лицо дочерняя компания в которой акционеры материнской компании получают долю пропорционально их доле в материнской компании наличных денег в результате такой трансформации материнская компания не получает разделение компании split up материнская компания расщепляется на несколько компаний в результате серии отделений а сама перестает существовать продажа подразделений divestiture продажа части компании третьей стороне в результате продавец получает живые деньги или эквивалентное возмещение выделение carve out часть акций какого либо подразделения дочерней компании предлагаются к продаже широкому кругу лиц ликвидация liquidation '),
 ('143', 'field', '53', 'ru', ''),
 ('143', 'field', '38', 'ru', ''),
 ('143', 'field', '39', 'ru', ''),
 ('143', 'field', '40', 'ru', ''),
 ('143', 'field', '41', 'ru', ''),
 ('143', 'slug', '0', 'ru', ' оценка '),
 ('143', 'title', '0', 'ru', ' оценка '),
 ('143', 'field', '36', 'en_us', ' наши специалисты готовы провести для вас независимую справедливую рыночную оценку стоимости активов в различных сценариях сделок разработать финансовую модель с целью определения необходимости привлечения финансирования провести индикативный анализ финансового состояния выступая как на стороне покупателя так и продавца проектное финансирование рассмотреть инвестиционный проект с точки зрения эффективности структурировать проект разработать стратегию и планы развития проанализировать потенциальные риски и найти способы минимизировать их подготовить необходимую документацию юридическое и налоговое сопровождение сделок поиск оптимальной правовой конструкции для оформления сделки выявление и оценка правовых рисков разработка документов для оформления сделки взаимодействие с органами государственной власти по вопросу оформления сделки оценка налоговых последствий планируемых сделок договоров консультирование по вопросам налогообложения в сфере слияний поглощений ликвидации предприятий реструктуризация выкуп контрольного пакета менеджментом компании отделение spin off в результате создается отдельное юридическое лицо дочерняя компания в которой акционеры материнской компании получают долю пропорционально их доле в материнской компании наличных денег в результате такой трансформации материнская компания не получает разделение компании split up материнская компания расщепляется на несколько компаний в результате серии отделений а сама перестает существовать продажа подразделений divestiture продажа части компании третьей стороне в результате продавец получает живые деньги или эквивалентное возмещение выделение carve out часть акций какого либо подразделения дочерней компании предлагаются к продаже широкому кругу лиц ликвидация liquidation '),
 ('143', 'field', '53', 'en_us', ''),
 ('143', 'field', '38', 'en_us', ''),
 ('143', 'field', '39', 'en_us', ''),
 ('143', 'field', '40', 'en_us', ''),
 ('143', 'field', '41', 'en_us', ''),
 ('143', 'slug', '0', 'en_us', ' оценка '),
 ('143', 'title', '0', 'en_us', ' оценка '),
 ('144', 'field', '36', 'ru', ''),
 ('144', 'field', '53', 'ru', ''),
 ('144', 'field', '38', 'ru', ''),
 ('144', 'field', '39', 'ru', ''),
 ('144', 'field', '40', 'ru', ''),
 ('144', 'field', '41', 'ru', ''),
 ('144', 'slug', '0', 'ru', ' финансово экономический анализ '),
 ('144', 'title', '0', 'ru', ' финансово экономический анализ '),
 ('144', 'field', '36', 'en_us', ''),
 ('144', 'field', '53', 'en_us', ''),
 ('144', 'field', '38', 'en_us', ''),
 ('144', 'field', '39', 'en_us', ''),
 ('144', 'field', '40', 'en_us', ''),
 ('144', 'field', '41', 'en_us', ''),
 ('144', 'slug', '0', 'en_us', ' финансово экономический анализ '),
 ('144', 'title', '0', 'en_us', ' финансово экономический анализ '),
 ('145', 'field', '36', 'ru', ''),
 ('145', 'field', '53', 'ru', ''),
 ('145', 'field', '38', 'ru', ''),
 ('145', 'field', '39', 'ru', ''),
 ('145', 'field', '40', 'ru', ''),
 ('145', 'field', '41', 'ru', ''),
 ('145', 'slug', '0', 'ru', ' экономическая экспертиза и оценка '),
 ('145', 'title', '0', 'ru', ' экономическая экспертиза и оценка '),
 ('145', 'field', '36', 'en_us', ''),
 ('145', 'field', '53', 'en_us', ''),
 ('145', 'field', '38', 'en_us', ''),
 ('145', 'field', '39', 'en_us', ''),
 ('145', 'field', '40', 'en_us', ''),
 ('145', 'field', '41', 'en_us', ''),
 ('145', 'slug', '0', 'en_us', ' экономическая экспертиза и оценка '),
 ('145', 'title', '0', 'en_us', ' экономическая экспертиза и оценка '),
 ('146', 'field', '36', 'ru', ''),
 ('146', 'field', '53', 'ru', ''),
 ('146', 'field', '38', 'ru', ''),
 ('146', 'field', '39', 'ru', ''),
 ('146', 'field', '40', 'ru', ''),
 ('146', 'field', '41', 'ru', ''),
 ('146', 'slug', '0', 'ru', ' налоговая экспертиза '),
 ('146', 'title', '0', 'ru', ' налоговая экспертиза '),
 ('146', 'field', '36', 'en_us', ''),
 ('146', 'field', '53', 'en_us', ''),
 ('146', 'field', '38', 'en_us', ''),
 ('146', 'field', '39', 'en_us', ''),
 ('146', 'field', '40', 'en_us', ''),
 ('146', 'field', '41', 'en_us', ''),
 ('146', 'slug', '0', 'en_us', ' налоговая экспертиза ');
INSERT INTO `craft_searchindex` (`elementId`, `attribute`, `fieldId`, `locale`, `keywords`) VALUES
 ('146', 'title', '0', 'en_us', ' налоговая экспертиза '),
 ('147', 'field', '36', 'ru', ''),
 ('147', 'field', '53', 'ru', ''),
 ('147', 'field', '38', 'ru', ''),
 ('147', 'field', '39', 'ru', ''),
 ('147', 'field', '40', 'ru', ''),
 ('147', 'field', '41', 'ru', ''),
 ('147', 'slug', '0', 'ru', ' технологический и ценовой аудит анализ инвестиционных планов и финансовых моделей '),
 ('147', 'title', '0', 'ru', ' технологический и ценовой аудит анализ инвестиционных планов и финансовых моделей '),
 ('147', 'field', '36', 'en_us', ''),
 ('147', 'field', '53', 'en_us', ''),
 ('147', 'field', '38', 'en_us', ''),
 ('147', 'field', '39', 'en_us', ''),
 ('147', 'field', '40', 'en_us', ''),
 ('147', 'field', '41', 'en_us', ''),
 ('147', 'slug', '0', 'en_us', ' технологический и ценовой аудит анализ инвестиционных планов и финансовых моделей '),
 ('147', 'title', '0', 'en_us', ' технологический и ценовой аудит анализ инвестиционных планов и финансовых моделей '),
 ('148', 'field', '36', 'ru', ''),
 ('148', 'field', '53', 'ru', ''),
 ('148', 'field', '38', 'ru', ''),
 ('148', 'field', '39', 'ru', ''),
 ('148', 'field', '40', 'ru', ''),
 ('148', 'field', '41', 'ru', ''),
 ('148', 'slug', '0', 'ru', ' корпоративная разведка и сбор информации '),
 ('148', 'title', '0', 'ru', ' корпоративная разведка и сбор информации '),
 ('148', 'field', '36', 'en_us', ''),
 ('148', 'field', '53', 'en_us', ''),
 ('148', 'field', '38', 'en_us', ''),
 ('148', 'field', '39', 'en_us', ''),
 ('148', 'field', '40', 'en_us', ''),
 ('148', 'field', '41', 'en_us', ''),
 ('148', 'slug', '0', 'en_us', ' корпоративная разведка и сбор информации '),
 ('148', 'title', '0', 'en_us', ' корпоративная разведка и сбор информации '),
 ('149', 'field', '36', 'ru', ''),
 ('149', 'field', '53', 'ru', ''),
 ('149', 'field', '38', 'ru', ''),
 ('149', 'field', '39', 'ru', ''),
 ('149', 'field', '40', 'ru', ''),
 ('149', 'field', '41', 'ru', ''),
 ('149', 'slug', '0', 'ru', ' судебная экспертиза содействие и представительство в ходе судебных разбирательств в том числе международных '),
 ('149', 'title', '0', 'ru', ' судебная экспертиза содействие и представительство в ходе судебных разбирательств в том числе международных '),
 ('150', 'field', '36', 'ru', ''),
 ('150', 'field', '53', 'ru', ''),
 ('150', 'field', '38', 'ru', ''),
 ('150', 'field', '39', 'ru', ''),
 ('150', 'field', '40', 'ru', ''),
 ('150', 'field', '41', 'ru', ''),
 ('150', 'slug', '0', 'ru', ' судебная экспертиза содействие и представительство в ходе судебных разбирательств в том числе международных '),
 ('150', 'title', '0', 'ru', ' судебная экспертиза содействие и представительство в ходе судебных разбирательств в том числе международных '),
 ('151', 'field', '36', 'ru', ''),
 ('151', 'field', '53', 'ru', ''),
 ('151', 'field', '38', 'ru', ''),
 ('151', 'field', '39', 'ru', ''),
 ('151', 'field', '40', 'ru', ''),
 ('151', 'field', '41', 'ru', ''),
 ('151', 'slug', '0', 'ru', ' cудебная экспертиза представительство в ходе судебных разбирательств в том числе международных '),
 ('151', 'title', '0', 'ru', ' cудебная экспертиза представительство в ходе судебных разбирательств в том числе международных '),
 ('151', 'field', '36', 'en_us', ''),
 ('151', 'field', '53', 'en_us', ''),
 ('151', 'field', '38', 'en_us', ''),
 ('151', 'field', '39', 'en_us', ''),
 ('151', 'field', '40', 'en_us', ''),
 ('151', 'field', '41', 'en_us', ''),
 ('151', 'slug', '0', 'en_us', ' cудебная экспертиза представительство в ходе судебных разбирательств в том числе международных '),
 ('151', 'title', '0', 'en_us', ' cудебная экспертиза представительство в ходе судебных разбирательств в том числе международных '),
 ('152', 'field', '36', 'ru', ' создание реорганизация и ликвидация компаний представления интересов клиента в фсфр рф фас рф у профессиональных регистраторов при планировании подготовке и проведении сделок с акциями долями регистрации размещения акций соблюдения требований законодательства рф в сфере корпоративного права подготовка и сопровождение сделок ma поддержка при реорганизации и реструктуризации бизнеса и активов правовое сопровождение деятельности эмитентов ценных бумаг и сделок с ними урегулирования корпоративных конфликтов и представления интересов миноритарных или мажоритарных акционеров участников общества подготовки и проведения общих собраний участников акционеров заседаний советов директоров юридическая поддержка клиентов на всех стадиях осуществления инвестиционных проектов '),
 ('152', 'field', '53', 'ru', ''),
 ('152', 'field', '38', 'ru', ''),
 ('152', 'field', '39', 'ru', ''),
 ('152', 'field', '40', 'ru', ''),
 ('152', 'field', '41', 'ru', ''),
 ('152', 'slug', '0', 'ru', ' корпоративное право '),
 ('152', 'title', '0', 'ru', ' корпоративное право '),
 ('152', 'field', '36', 'en_us', ' создание реорганизация и ликвидация компаний представления интересов клиента в фсфр рф фас рф у профессиональных регистраторов при планировании подготовке и проведении сделок с акциями долями регистрации размещения акций соблюдения требований законодательства рф в сфере корпоративного права подготовка и сопровождение сделок ma поддержка при реорганизации и реструктуризации бизнеса и активов правовое сопровождение деятельности эмитентов ценных бумаг и сделок с ними урегулирования корпоративных конфликтов и представления интересов миноритарных или мажоритарных акционеров участников общества подготовки и проведения общих собраний участников акционеров заседаний советов директоров юридическая поддержка клиентов на всех стадиях осуществления инвестиционных проектов '),
 ('152', 'field', '53', 'en_us', ''),
 ('152', 'field', '38', 'en_us', ''),
 ('152', 'field', '39', 'en_us', ''),
 ('152', 'field', '40', 'en_us', ''),
 ('152', 'field', '41', 'en_us', ''),
 ('152', 'slug', '0', 'en_us', ' корпоративное право '),
 ('152', 'title', '0', 'en_us', ' корпоративное право '),
 ('153', 'field', '36', 'ru', ' аккредитация снятие с учета представительств и филиалов иностранных компаний помощь в выборе региона для инвестирования сравнительный анализ оценка привлекательности due diligence земельного участка минимизация возможных налоговых рисков на основании действующего федерального и местного законодательства представление интересов заказчика при проведении переговоров с представителями органов государственной власти и местного самоуправления всесторонняя юридическая поддержка на стадии реализации проекта юридическое сопровождение представление интересов заказчика в судах местного и федерального значения в случае конфликтов с партнёрами и органами власти '),
 ('153', 'field', '53', 'ru', ''),
 ('153', 'field', '38', 'ru', ''),
 ('153', 'field', '39', 'ru', ''),
 ('153', 'field', '40', 'ru', ''),
 ('153', 'field', '41', 'ru', ''),
 ('153', 'slug', '0', 'ru', ' сопровождение иностранных инвестиций в россии '),
 ('153', 'title', '0', 'ru', ' сопровождение иностранных инвестиций в россии '),
 ('153', 'field', '36', 'en_us', ' аккредитация снятие с учета представительств и филиалов иностранных компаний помощь в выборе региона для инвестирования сравнительный анализ оценка привлекательности due diligence земельного участка минимизация возможных налоговых рисков на основании действующего федерального и местного законодательства представление интересов заказчика при проведении переговоров с представителями органов государственной власти и местного самоуправления всесторонняя юридическая поддержка на стадии реализации проекта юридическое сопровождение представление интересов заказчика в судах местного и федерального значения в случае конфликтов с партнёрами и органами власти '),
 ('153', 'field', '53', 'en_us', ''),
 ('153', 'field', '38', 'en_us', ''),
 ('153', 'field', '39', 'en_us', ''),
 ('153', 'field', '40', 'en_us', ''),
 ('153', 'field', '41', 'en_us', ''),
 ('153', 'slug', '0', 'en_us', ' сопровождение иностранных инвестиций в россии '),
 ('153', 'title', '0', 'en_us', ' сопровождение иностранных инвестиций в россии '),
 ('154', 'field', '36', 'ru', ' разработка типовых коммерческих договоров ведение переговоров по их заключению в том числе агентских договоров и договоров комиссии строительного подряда аренды оказания услуг дистрибьюторских соглашений и другое подготовка сопроводительной документации к договорам приемочные акты соглашения о пролонгации расторжение договоров разработка внутренних актов компаний регулирующих договорную работу порядок заключения и изменения договоров возникновение и исполнение кредиторской и дебиторской задолженностей '),
 ('154', 'field', '53', 'ru', ''),
 ('154', 'field', '38', 'ru', '');
INSERT INTO `craft_searchindex` (`elementId`, `attribute`, `fieldId`, `locale`, `keywords`) VALUES
 ('154', 'field', '39', 'ru', ''),
 ('154', 'field', '40', 'ru', ''),
 ('154', 'field', '41', 'ru', ''),
 ('154', 'slug', '0', 'ru', ' коммерческое право включая разработку операционной структуры ведения бизнеса и подготовку различных договоров '),
 ('154', 'title', '0', 'ru', ' коммерческое право включая разработку операционной структуры ведения бизнеса и подготовку различных договоров '),
 ('154', 'field', '36', 'en_us', ' разработка типовых коммерческих договоров ведение переговоров по их заключению в том числе агентских договоров и договоров комиссии строительного подряда аренды оказания услуг дистрибьюторских соглашений и другое подготовка сопроводительной документации к договорам приемочные акты соглашения о пролонгации расторжение договоров разработка внутренних актов компаний регулирующих договорную работу порядок заключения и изменения договоров возникновение и исполнение кредиторской и дебиторской задолженностей '),
 ('154', 'field', '53', 'en_us', ''),
 ('154', 'field', '38', 'en_us', ''),
 ('154', 'field', '39', 'en_us', ''),
 ('154', 'field', '40', 'en_us', ''),
 ('154', 'field', '41', 'en_us', ''),
 ('154', 'slug', '0', 'en_us', ' коммерческое право включая разработку операционной структуры ведения бизнеса и подготовку различных договоров '),
 ('154', 'title', '0', 'en_us', ' коммерческое право включая разработку операционной структуры ведения бизнеса и подготовку различных договоров '),
 ('155', 'field', '36', 'ru', ' структурирование сделок по приобретению и продаже недвижимого имуществарегистрация прав на недвижимое имущество и сделок с нимсопровождение сделок по арендеправовая поддержка при реализации строительных проектов на незастроенных greenfield и застроенных brownfield земельных участкахюридическая поддержка при согласовании и заключении договоров договора генерального подряда соглашения об управлении строительством договор с генеральным проектантом и пр юридическое сопровождение проектов по разведке и добыче полезных ископаемых в том числе в рамках соглашений о разделе продукции срп поддержка в вопросах лицензирования и пр '),
 ('155', 'field', '53', 'ru', ''),
 ('155', 'field', '38', 'ru', ''),
 ('155', 'field', '39', 'ru', ''),
 ('155', 'field', '40', 'ru', ''),
 ('155', 'field', '41', 'ru', ''),
 ('155', 'slug', '0', 'ru', ' земля недвижимость строительство '),
 ('155', 'title', '0', 'ru', ' земля недвижимость строительство '),
 ('155', 'field', '36', 'en_us', ' структурирование сделок по приобретению и продаже недвижимого имуществарегистрация прав на недвижимое имущество и сделок с нимсопровождение сделок по арендеправовая поддержка при реализации строительных проектов на незастроенных greenfield и застроенных brownfield земельных участкахюридическая поддержка при согласовании и заключении договоров договора генерального подряда соглашения об управлении строительством договор с генеральным проектантом и пр юридическое сопровождение проектов по разведке и добыче полезных ископаемых в том числе в рамках соглашений о разделе продукции срп поддержка в вопросах лицензирования и пр '),
 ('155', 'field', '53', 'en_us', ''),
 ('155', 'field', '38', 'en_us', ''),
 ('155', 'field', '39', 'en_us', ''),
 ('155', 'field', '40', 'en_us', ''),
 ('155', 'field', '41', 'en_us', ''),
 ('155', 'slug', '0', 'en_us', ' земля недвижимость строительство '),
 ('155', 'title', '0', 'en_us', ' земля недвижимость строительство '),
 ('156', 'field', '36', 'ru', ' регистрация товарного знака бренда слогана логотипа знака обслуживания международная регистрация товарных знаков международное патентование внесение в таможенный реестр и борьба с незаконным импортом разработка и регистрация лицензионных договоров договоров отчуждения договоров коммерческой концессии франчайзинга '),
 ('156', 'field', '53', 'ru', ''),
 ('156', 'field', '38', 'ru', ''),
 ('156', 'field', '39', 'ru', ''),
 ('156', 'field', '40', 'ru', ''),
 ('156', 'field', '41', 'ru', ''),
 ('156', 'slug', '0', 'ru', ' интеллектуальная собственность '),
 ('156', 'title', '0', 'ru', ' интеллектуальная собственность '),
 ('156', 'field', '36', 'en_us', ' регистрация товарного знака бренда слогана логотипа знака обслуживания международная регистрация товарных знаков международное патентование внесение в таможенный реестр и борьба с незаконным импортом разработка и регистрация лицензионных договоров договоров отчуждения договоров коммерческой концессии франчайзинга '),
 ('156', 'field', '53', 'en_us', ''),
 ('156', 'field', '38', 'en_us', ''),
 ('156', 'field', '39', 'en_us', ''),
 ('156', 'field', '40', 'en_us', ''),
 ('156', 'field', '41', 'en_us', ''),
 ('156', 'slug', '0', 'en_us', ' интеллектуальная собственность '),
 ('156', 'title', '0', 'en_us', ' интеллектуальная собственность '),
 ('157', 'field', '36', 'ru', ' консультации по вопросам применения антимонопольного законодательстваправовая поддержка компаний в ходе проверок фас россиипредставление интересов клиентов при рассмотрении дел в фас россиисопровождение клиентов в ходе судебных споров с антитрастовым органомправовая помощь в сфере государственных закупок и регулирования торговой деятельностиконсультирование по законодательству в сфере рекламысопровождение тендерных процедур '),
 ('157', 'field', '53', 'ru', ''),
 ('157', 'field', '38', 'ru', ''),
 ('157', 'field', '39', 'ru', ''),
 ('157', 'field', '40', 'ru', ''),
 ('157', 'field', '41', 'ru', ''),
 ('157', 'slug', '0', 'ru', ' антимонопольное законодательство '),
 ('157', 'title', '0', 'ru', ' антимонопольное законодательство '),
 ('157', 'field', '36', 'en_us', ' консультации по вопросам применения антимонопольного законодательстваправовая поддержка компаний в ходе проверок фас россиипредставление интересов клиентов при рассмотрении дел в фас россиисопровождение клиентов в ходе судебных споров с антитрастовым органомправовая помощь в сфере государственных закупок и регулирования торговой деятельностиконсультирование по законодательству в сфере рекламысопровождение тендерных процедур '),
 ('157', 'field', '53', 'en_us', ''),
 ('157', 'field', '38', 'en_us', ''),
 ('157', 'field', '39', 'en_us', ''),
 ('157', 'field', '40', 'en_us', ''),
 ('157', 'field', '41', 'en_us', ''),
 ('157', 'slug', '0', 'en_us', ' антимонопольное законодательство '),
 ('157', 'title', '0', 'en_us', ' антимонопольное законодательство '),
 ('158', 'field', '36', 'ru', ' аудит сделок направленный на выявление рисков несоответствия валютному законодательству правовая поддержка при составлении паспортов сделок оформлении документов учета и отчетности для валютного контроля юридическое сопровождение в спорах с контролирующими органами представление интересов участников вэд на всех стадиях исполнения контракта обжалование штрафов '),
 ('158', 'field', '53', 'ru', ''),
 ('158', 'field', '38', 'ru', ''),
 ('158', 'field', '39', 'ru', ''),
 ('158', 'field', '40', 'ru', ''),
 ('158', 'field', '41', 'ru', ''),
 ('158', 'slug', '0', 'ru', ' валютное регулирование и таможенное право '),
 ('158', 'title', '0', 'ru', ' валютное регулирование и таможенное право '),
 ('158', 'field', '36', 'en_us', ' аудит сделок направленный на выявление рисков несоответствия валютному законодательству правовая поддержка при составлении паспортов сделок оформлении документов учета и отчетности для валютного контроля юридическое сопровождение в спорах с контролирующими органами представление интересов участников вэд на всех стадиях исполнения контракта обжалование штрафов '),
 ('158', 'field', '53', 'en_us', ''),
 ('158', 'field', '38', 'en_us', ''),
 ('158', 'field', '39', 'en_us', ''),
 ('158', 'field', '40', 'en_us', ''),
 ('158', 'field', '41', 'en_us', ''),
 ('158', 'slug', '0', 'en_us', ' валютное регулирование и таможенное право '),
 ('158', 'title', '0', 'en_us', ' валютное регулирование и таможенное право '),
 ('159', 'field', '36', 'ru', ' сопровождение увольнения проблемных работников разработка всех видов документов необходимых компании в трудовых отношениях урегулирование трудовых споров в досудебном порядке проведение переговоров с работниками представление интересов работодателя в трудовой инспекции суде прокуратуре консультирование по сложным и стандартным вопросам трудового права '),
 ('159', 'field', '53', 'ru', ''),
 ('159', 'field', '38', 'ru', ''),
 ('159', 'field', '39', 'ru', ''),
 ('159', 'field', '40', 'ru', ''),
 ('159', 'field', '41', 'ru', ''),
 ('159', 'slug', '0', 'ru', ' трудовое и миграционное право '),
 ('159', 'title', '0', 'ru', ' трудовое и миграционное право '),
 ('159', 'field', '36', 'en_us', ' сопровождение увольнения проблемных работников разработка всех видов документов необходимых компании в трудовых отношениях урегулирование трудовых споров в досудебном порядке проведение переговоров с работниками представление интересов работодателя в трудовой инспекции суде прокуратуре консультирование по сложным и стандартным вопросам трудового права '),
 ('159', 'field', '53', 'en_us', ''),
 ('159', 'field', '38', 'en_us', ''),
 ('159', 'field', '39', 'en_us', ''),
 ('159', 'field', '40', 'en_us', ''),
 ('159', 'field', '41', 'en_us', ''),
 ('159', 'slug', '0', 'en_us', ' трудовое и миграционное право '),
 ('159', 'title', '0', 'en_us', ' трудовое и миграционное право '),
 ('29', 'field', '53', 'ru', ''),
 ('29', 'field', '38', 'ru', ''),
 ('29', 'field', '39', 'ru', ''),
 ('29', 'field', '40', 'ru', ''),
 ('29', 'field', '41', 'ru', ''),
 ('160', 'field', '36', 'ru', ' переменчивость рынка недвижимости а также регулярные изменения в системе налогообложения сделали услуги по оценке стоимости недвижимости востребованными да и просто необходимыми как для организаций так и для частных лиц владение точной и объективной информацией о стоимости имеющейся недвижимости помогает значительно ускорить процесс проведение сделок по купле продаже или аренде вступить в права наследства застраховать имущество упростить процедуру подсчетов и выплаты налогов а также дает четкое представление об актуальной цене находящегося в собственности недвижимого имущества наша команда обладает широким опытом решения самых разнообразных задач любого масштаба и сложности накопленный огромный опыт оценки объектов от типовых до крайне специфических позволяет нам уверенно и оперативно решать любые задачи по оценке недвижимого имущества любого типа как на территории россии так и за рубежом '),
 ('160', 'field', '53', 'ru', '');
INSERT INTO `craft_searchindex` (`elementId`, `attribute`, `fieldId`, `locale`, `keywords`) VALUES
 ('160', 'field', '38', 'ru', ''),
 ('160', 'field', '39', 'ru', ''),
 ('160', 'field', '40', 'ru', ''),
 ('160', 'field', '41', 'ru', ''),
 ('160', 'slug', '0', 'ru', ' оценка недвижимости '),
 ('160', 'title', '0', 'ru', ' оценка недвижимости '),
 ('160', 'field', '36', 'en_us', ' переменчивость рынка недвижимости а также регулярные изменения в системе налогообложения сделали услуги по оценке стоимости недвижимости востребованными да и просто необходимыми как для организаций так и для частных лиц владение точной и объективной информацией о стоимости имеющейся недвижимости помогает значительно ускорить процесс проведение сделок по купле продаже или аренде вступить в права наследства застраховать имущество упростить процедуру подсчетов и выплаты налогов а также дает четкое представление об актуальной цене находящегося в собственности недвижимого имущества наша команда обладает широким опытом решения самых разнообразных задач любого масштаба и сложности накопленный огромный опыт оценки объектов от типовых до крайне специфических позволяет нам уверенно и оперативно решать любые задачи по оценке недвижимого имущества любого типа как на территории россии так и за рубежом '),
 ('160', 'field', '53', 'en_us', ''),
 ('160', 'field', '38', 'en_us', ''),
 ('160', 'field', '39', 'en_us', ''),
 ('160', 'field', '40', 'en_us', ''),
 ('160', 'field', '41', 'en_us', ''),
 ('160', 'slug', '0', 'en_us', ' оценка недвижимости '),
 ('160', 'title', '0', 'en_us', ' оценка недвижимости '),
 ('161', 'field', '36', 'ru', ' под термином движимое имущество в оценочной деятельности понимается очень широкий спектр объектов имущества от офисной техники до технологических комплексов занимающих площадь целых зданий услуга оценки движимого имущества очень востребована так как каждое предприятие в своей деятельности применяет различные типы движимого имущества в виде различных машин и оборудования установок аппаратов приборов механизмов инструментов транспортных средств мебели средств связи вычислительной техники и т д эксперты нашей компании обладают огромным опытом в решении задач по оценке различного типа движимого имущества от типовых объектов до узкоспециализированных представленных на рынке страны в единичных экземплярах наша компетенция подтверждается постоянным успешным сотрудничеством с крупными технологическими компаниями являющимися собственниками большого объема специализированного оборудования '),
 ('161', 'field', '53', 'ru', ''),
 ('161', 'field', '38', 'ru', ''),
 ('161', 'field', '39', 'ru', ''),
 ('161', 'field', '40', 'ru', ''),
 ('161', 'field', '41', 'ru', ''),
 ('161', 'slug', '0', 'ru', ' оценка движимого имущества '),
 ('161', 'title', '0', 'ru', ' оценка движимого имущества '),
 ('161', 'field', '36', 'en_us', ' под термином движимое имущество в оценочной деятельности понимается очень широкий спектр объектов имущества от офисной техники до технологических комплексов занимающих площадь целых зданий услуга оценки движимого имущества очень востребована так как каждое предприятие в своей деятельности применяет различные типы движимого имущества в виде различных машин и оборудования установок аппаратов приборов механизмов инструментов транспортных средств мебели средств связи вычислительной техники и т д эксперты нашей компании обладают огромным опытом в решении задач по оценке различного типа движимого имущества от типовых объектов до узкоспециализированных представленных на рынке страны в единичных экземплярах наша компетенция подтверждается постоянным успешным сотрудничеством с крупными технологическими компаниями являющимися собственниками большого объема специализированного оборудования '),
 ('161', 'field', '53', 'en_us', ''),
 ('161', 'field', '38', 'en_us', ''),
 ('161', 'field', '39', 'en_us', ''),
 ('161', 'field', '40', 'en_us', ''),
 ('161', 'field', '41', 'en_us', ''),
 ('161', 'slug', '0', 'en_us', ' оценка движимого имущества '),
 ('161', 'title', '0', 'en_us', ' оценка движимого имущества '),
 ('162', 'field', '36', 'ru', ' имущественный комплекс комплекс имущественных прав юридического лица на все объекты задействованные в осуществлении предпринимательской деятельности он включает в себя материальные и нематериальные активы он представляет собой особый вид актива требующий специальной системы оценки с использованием большого набора принципов и методик оценки а также аналитических процедур оценка имущественных комплексов является одним из важнейших направлений в оценочной деятельности основное отличие оценки имущественных комплексов от оценки бизнеса абстрагирование от текущего использования оцениваемого имущества и текущего финансового состояния его собственника используемый нами в процессе оценки профессиональный подход к анализу всех компонентов являющихся составной частью имущественного комплекса позволяет собственнику получать объективную картину о ценности имеющегося имущества и принимать взвешенные решения относительно использования как всего имущества так и его частей '),
 ('162', 'field', '53', 'ru', ''),
 ('162', 'field', '38', 'ru', ''),
 ('162', 'field', '39', 'ru', ''),
 ('162', 'field', '40', 'ru', ''),
 ('162', 'field', '41', 'ru', ''),
 ('162', 'slug', '0', 'ru', ' оценка имущественных комплексов '),
 ('162', 'title', '0', 'ru', ' оценка имущественных комплексов '),
 ('162', 'field', '36', 'en_us', ' имущественный комплекс комплекс имущественных прав юридического лица на все объекты задействованные в осуществлении предпринимательской деятельности он включает в себя материальные и нематериальные активы он представляет собой особый вид актива требующий специальной системы оценки с использованием большого набора принципов и методик оценки а также аналитических процедур оценка имущественных комплексов является одним из важнейших направлений в оценочной деятельности основное отличие оценки имущественных комплексов от оценки бизнеса абстрагирование от текущего использования оцениваемого имущества и текущего финансового состояния его собственника используемый нами в процессе оценки профессиональный подход к анализу всех компонентов являющихся составной частью имущественного комплекса позволяет собственнику получать объективную картину о ценности имеющегося имущества и принимать взвешенные решения относительно использования как всего имущества так и его частей '),
 ('162', 'field', '53', 'en_us', ''),
 ('162', 'field', '38', 'en_us', ''),
 ('162', 'field', '39', 'en_us', ''),
 ('162', 'field', '40', 'en_us', ''),
 ('162', 'field', '41', 'en_us', ''),
 ('162', 'slug', '0', 'en_us', ' оценка имущественных комплексов '),
 ('162', 'title', '0', 'en_us', ' оценка имущественных комплексов '),
 ('163', 'field', '36', 'ru', ' компания обладает значительным опытом в области оценки бизнеса направление оценки бизнеса развивается с 1999 года когда первым серьезным проектом стала оценка бизнеса ракетно космической корпорации энергия накопленный опыт позволил нам сформировать методологии нашедшие признание в оценочной и экспертной среде и выработать внутрифирменные стандарты оценки бизнеса основанные на международных и российских стандартах команда экспертов компании имеют уникальную информационную базу благодаря сотрудничеству с ведущими российскими и международными организациями такими как bloomberg morningstar ibbotson shannon pratt s valuation скрин и т д хорошая методологическая и информационная обеспеченность в совокупности с глубоким знанием отраслевой специфики позволяет нашим специалистам быть настоящими профессионалами в работе с основными секторами российской экономики в активе компании имеется более 700 успешно завершенных проектов по оценке бизнеса в различных отраслях мы обладаем опытом проведения оценки бизнеса не только в россии но также в таких странах как юар италии казахстане белоруссии узбекистане и украине '),
 ('163', 'field', '53', 'ru', ''),
 ('163', 'field', '38', 'ru', ''),
 ('163', 'field', '39', 'ru', ''),
 ('163', 'field', '40', 'ru', ''),
 ('163', 'field', '41', 'ru', ''),
 ('163', 'slug', '0', 'ru', ' оценка бизнеса '),
 ('163', 'title', '0', 'ru', ' оценка бизнеса '),
 ('163', 'field', '36', 'en_us', ' компания обладает значительным опытом в области оценки бизнеса направление оценки бизнеса развивается с 1999 года когда первым серьезным проектом стала оценка бизнеса ракетно космической корпорации энергия накопленный опыт позволил нам сформировать методологии нашедшие признание в оценочной и экспертной среде и выработать внутрифирменные стандарты оценки бизнеса основанные на международных и российских стандартах команда экспертов компании имеют уникальную информационную базу благодаря сотрудничеству с ведущими российскими и международными организациями такими как bloomberg morningstar ibbotson shannon pratt s valuation скрин и т д хорошая методологическая и информационная обеспеченность в совокупности с глубоким знанием отраслевой специфики позволяет нашим специалистам быть настоящими профессионалами в работе с основными секторами российской экономики в активе компании имеется более 700 успешно завершенных проектов по оценке бизнеса в различных отраслях мы обладаем опытом проведения оценки бизнеса не только в россии но также в таких странах как юар италии казахстане белоруссии узбекистане и украине '),
 ('163', 'field', '53', 'en_us', ''),
 ('163', 'field', '38', 'en_us', ''),
 ('163', 'field', '39', 'en_us', ''),
 ('163', 'field', '40', 'en_us', ''),
 ('163', 'field', '41', 'en_us', ''),
 ('163', 'slug', '0', 'en_us', ' оценка бизнеса '),
 ('163', 'title', '0', 'en_us', ' оценка бизнеса '),
 ('164', 'field', '36', 'ru', ' оценка для мсфо это процедура устанавливающая стоимость активов хозсубъекта на основе международных стандартов оценки и финансовой отчетности оценка для целей мсфо важный фактор влияющий на достоверность и точность финансовой отчетности для определения стоимости и идентификации активов компании необходимы услуги профессионального оценщика знающего стандарты мсфо оценка для целей мсфо является одной из отраслевых практик нашей компании в рамках проведения работ мы используем российский и зарубежный практический опыт в проектах по мсфо задействовано более 30 высококвалифицированных специалистов профессионализм которых обеспечен глубоким знанием российской деловой среды и большим опытом работы в области оценки наша компания заслуженно входит в десятку крупнейших оценочных компаний по объему выполняемых работ по переоценке активов основных средств в т ч в целях мсфо компания обладает богатым опытом успешного сотрудничества и взаимодействия с аудиторскими компаниями большой четверки по согласованию отчетов выполненных для целей мсфо в различных сферах экономики '),
 ('164', 'field', '53', 'ru', ''),
 ('164', 'field', '38', 'ru', ''),
 ('164', 'field', '39', 'ru', ''),
 ('164', 'field', '40', 'ru', ''),
 ('164', 'field', '41', 'ru', ''),
 ('164', 'slug', '0', 'ru', ' оценка для целей мсфо '),
 ('164', 'title', '0', 'ru', ' оценка для целей мсфо '),
 ('164', 'field', '36', 'en_us', ' оценка для мсфо это процедура устанавливающая стоимость активов хозсубъекта на основе международных стандартов оценки и финансовой отчетности оценка для целей мсфо важный фактор влияющий на достоверность и точность финансовой отчетности для определения стоимости и идентификации активов компании необходимы услуги профессионального оценщика знающего стандарты мсфо оценка для целей мсфо является одной из отраслевых практик нашей компании в рамках проведения работ мы используем российский и зарубежный практический опыт в проектах по мсфо задействовано более 30 высококвалифицированных специалистов профессионализм которых обеспечен глубоким знанием российской деловой среды и большим опытом работы в области оценки наша компания заслуженно входит в десятку крупнейших оценочных компаний по объему выполняемых работ по переоценке активов основных средств в т ч в целях мсфо компания обладает богатым опытом успешного сотрудничества и взаимодействия с аудиторскими компаниями большой четверки по согласованию отчетов выполненных для целей мсфо в различных сферах экономики '),
 ('164', 'field', '53', 'en_us', ''),
 ('164', 'field', '38', 'en_us', ''),
 ('164', 'field', '39', 'en_us', ''),
 ('164', 'field', '40', 'en_us', ''),
 ('164', 'field', '41', 'en_us', ''),
 ('164', 'slug', '0', 'en_us', ' оценка для целей мсфо '),
 ('164', 'title', '0', 'en_us', ' оценка для целей мсфо '),
 ('165', 'field', '36', 'ru', ' оценка нематериальных активов это очень трудоемкая процедура которая требует большого опыта и высокой квалификации исполнителя однако важность контроля стоимости нематериальных активов предприятия с течением времени встает всё острее в постиндустриальную информационную эпоху нематериальные активы зачастую становятся одними из основных активов многих предприятий специалисты компании обладают уникальным опытом в проведении работ по оценке нематериальных активов и интеллектуальной собственности с нашей помощью клиент получает полную картину ценности неосязаемых активов своего бизнеса что делает его более осведомленным при принятии управленческих решений и получать более полный эффект от оперирования имеющимися у него нематериальными активами наша компания наработала высокую компетенцию и входит в десятку крупнейших оценочных компаний по объему выполненных работ по оценке нематериальных активов и интеллектуальной собственности '),
 ('165', 'field', '53', 'ru', ''),
 ('165', 'field', '38', 'ru', ''),
 ('165', 'field', '39', 'ru', ''),
 ('165', 'field', '40', 'ru', ''),
 ('165', 'field', '41', 'ru', ''),
 ('165', 'slug', '0', 'ru', ' оценка нематериальных активов '),
 ('165', 'title', '0', 'ru', ' оценка нематериальных активов '),
 ('165', 'field', '36', 'en_us', ' оценка нематериальных активов это очень трудоемкая процедура которая требует большого опыта и высокой квалификации исполнителя однако важность контроля стоимости нематериальных активов предприятия с течением времени встает всё острее в постиндустриальную информационную эпоху нематериальные активы зачастую становятся одними из основных активов многих предприятий специалисты компании обладают уникальным опытом в проведении работ по оценке нематериальных активов и интеллектуальной собственности с нашей помощью клиент получает полную картину ценности неосязаемых активов своего бизнеса что делает его более осведомленным при принятии управленческих решений и получать более полный эффект от оперирования имеющимися у него нематериальными активами наша компания наработала высокую компетенцию и входит в десятку крупнейших оценочных компаний по объему выполненных работ по оценке нематериальных активов и интеллектуальной собственности '),
 ('165', 'field', '53', 'en_us', ''),
 ('165', 'field', '38', 'en_us', ''),
 ('165', 'field', '39', 'en_us', ''),
 ('165', 'field', '40', 'en_us', ''),
 ('165', 'field', '41', 'en_us', ''),
 ('165', 'slug', '0', 'en_us', ' оценка нематериальных активов '),
 ('165', 'title', '0', 'en_us', ' оценка нематериальных активов '),
 ('166', 'field', '36', 'ru', ' инвестиционный консалтинг наиболее актуален для компаний находящихся в процессе постоянного развития когда есть необходимость в привлечении инвестиций без которых могут быть утеряны конкурентные преимущества в рамках оценки инвестиционных проектов опытные специалисты нашей компании помогают клиенту выявить ключевые факторы определяющие идею проекта спрогнозировать формирование спроса и определять потенциальную емкость рынка а также подготовить детальную характеристику продукта с точки зрения соответствия потребностям потенциального покупателя потребность во внешнем советнике у средних и крупных компаний возникает при каждой значимой сделке по своей сути оценка стоимости инвестиционного проекта сводится к построению грамотной и обоснованной бизнес модели с учетом огромного количества влияющих на проект факторов и расчетом основных финансово экономических показателей '),
 ('166', 'field', '53', 'ru', ''),
 ('166', 'field', '38', 'ru', ''),
 ('166', 'field', '39', 'ru', ''),
 ('166', 'field', '40', 'ru', ''),
 ('166', 'field', '41', 'ru', '');
INSERT INTO `craft_searchindex` (`elementId`, `attribute`, `fieldId`, `locale`, `keywords`) VALUES
 ('166', 'slug', '0', 'ru', ' оценка инвестиционных проектов инвестиционный консалтинг '),
 ('166', 'title', '0', 'ru', ' оценка инвестиционных проектов инвестиционный консалтинг '),
 ('166', 'field', '36', 'en_us', ' инвестиционный консалтинг наиболее актуален для компаний находящихся в процессе постоянного развития когда есть необходимость в привлечении инвестиций без которых могут быть утеряны конкурентные преимущества в рамках оценки инвестиционных проектов опытные специалисты нашей компании помогают клиенту выявить ключевые факторы определяющие идею проекта спрогнозировать формирование спроса и определять потенциальную емкость рынка а также подготовить детальную характеристику продукта с точки зрения соответствия потребностям потенциального покупателя потребность во внешнем советнике у средних и крупных компаний возникает при каждой значимой сделке по своей сути оценка стоимости инвестиционного проекта сводится к построению грамотной и обоснованной бизнес модели с учетом огромного количества влияющих на проект факторов и расчетом основных финансово экономических показателей '),
 ('166', 'field', '53', 'en_us', ''),
 ('166', 'field', '38', 'en_us', ''),
 ('166', 'field', '39', 'en_us', ''),
 ('166', 'field', '40', 'en_us', ''),
 ('166', 'field', '41', 'en_us', ''),
 ('166', 'slug', '0', 'en_us', ' оценка инвестиционных проектов инвестиционный консалтинг '),
 ('166', 'title', '0', 'en_us', ' оценка инвестиционных проектов инвестиционный консалтинг '),
 ('167', 'field', '36', 'ru', ' финансовое моделирование позволяет предусмотреть риски подготовиться к возможным сценариям развития ситуации контролировать ход реализации проекта разовое же моделирование как правило производится для оценки эффективности отдельных проектов когда инвестиционный проект становится действующим предприятием тогда его финансовая модель и плановые бюджеты при дополнительной детализации трансформируются в управленческие предлагаем услуги финансового моделирования различного уровня сложности предоставим финансовую модель соответствующую международным стандартам либо требованиям вашего банка или инвестора в максимально детализированном виде '),
 ('167', 'field', '53', 'ru', ''),
 ('167', 'field', '38', 'ru', ''),
 ('167', 'field', '39', 'ru', ''),
 ('167', 'field', '40', 'ru', ''),
 ('167', 'field', '41', 'ru', ''),
 ('167', 'slug', '0', 'ru', ' финансовое моделирование '),
 ('167', 'title', '0', 'ru', ' финансовое моделирование '),
 ('167', 'field', '36', 'en_us', ' финансовое моделирование позволяет предусмотреть риски подготовиться к возможным сценариям развития ситуации контролировать ход реализации проекта разовое же моделирование как правило производится для оценки эффективности отдельных проектов когда инвестиционный проект становится действующим предприятием тогда его финансовая модель и плановые бюджеты при дополнительной детализации трансформируются в управленческие предлагаем услуги финансового моделирования различного уровня сложности предоставим финансовую модель соответствующую международным стандартам либо требованиям вашего банка или инвестора в максимально детализированном виде '),
 ('167', 'field', '53', 'en_us', ''),
 ('167', 'field', '38', 'en_us', ''),
 ('167', 'field', '39', 'en_us', ''),
 ('167', 'field', '40', 'en_us', ''),
 ('167', 'field', '41', 'en_us', ''),
 ('167', 'slug', '0', 'en_us', ' финансовое моделирование '),
 ('167', 'title', '0', 'en_us', ' финансовое моделирование ');



DROP TABLE IF EXISTS `craft_sections`;


--
-- Schema for table `craft_sections`
--
CREATE TABLE `craft_sections` (
  `id` int(11) NOT NULL AUTO_INCREMENT,
  `structureId` int(11) DEFAULT NULL,
  `name` varchar(255) COLLATE utf8_unicode_ci NOT NULL,
  `handle` varchar(255) COLLATE utf8_unicode_ci NOT NULL,
  `type` enum('single','channel','structure') COLLATE utf8_unicode_ci NOT NULL DEFAULT 'channel',
  `hasUrls` tinyint(1) unsigned NOT NULL DEFAULT '1',
  `template` varchar(500) COLLATE utf8_unicode_ci DEFAULT NULL,
  `enableVersioning` tinyint(1) unsigned NOT NULL DEFAULT '0',
  `dateCreated` datetime NOT NULL,
  `dateUpdated` datetime NOT NULL,
  `uid` char(36) COLLATE utf8_unicode_ci NOT NULL DEFAULT '0',
  PRIMARY KEY (`id`),
  UNIQUE KEY `craft_sections_name_unq_idx` (`name`),
  UNIQUE KEY `craft_sections_handle_unq_idx` (`handle`),
  KEY `craft_sections_structureId_fk` (`structureId`)
) ENGINE=InnoDB AUTO_INCREMENT=11 DEFAULT CHARSET=utf8 COLLATE=utf8_unicode_ci;

--
-- Data for table `craft_sections`
--

INSERT INTO `craft_sections` (`id`, `structureId`, `name`, `handle`, `type`, `hasUrls`, `template`, `enableVersioning`, `dateCreated`, `dateUpdated`, `uid`) VALUES
 ('1', NULL, 'Homepage', 'homepage', 'single', '1', 'index', '1', '2017-04-27 15:30:04', '2017-04-27 15:30:04', '585d0e7e-8fd8-46f8-a59a-4bb871449229'),
 ('2', NULL, 'News', 'news', 'channel', '1', 'news/_entry', '1', '2017-04-27 15:30:05', '2017-04-27 15:30:05', '4e7f1b1a-e4d6-48bd-8ec5-1976a56f0eee'),
 ('3', '1', 'Персоны', 'persons', 'structure', '1', 'persons/_entry', '1', '2017-04-27 16:03:14', '2017-05-02 19:47:30', 'acd7124a-7be6-4d28-bb75-0ef097d51607'),
 ('4', '4', 'Навигация', 'menu', 'structure', '0', NULL, '1', '2017-04-27 22:20:29', '2017-04-27 22:20:29', 'a4749f77-5234-4998-811b-0c6c2d357e2f'),
 ('5', NULL, 'Цитаты', 'qoutes', 'channel', '0', NULL, '1', '2017-04-28 09:28:10', '2017-04-28 09:45:31', '2326878a-40f7-4e06-8ec4-d8186eceb31e'),
 ('6', NULL, 'Проекты', 'projects', 'channel', '0', NULL, '1', '2017-04-28 09:38:17', '2017-04-28 09:45:25', '22352a3e-037a-43e0-868d-f1b26dfdaacc'),
 ('7', NULL, 'Тестовый', 'tester', 'single', '1', 'tester/_entry.html', '1', '2017-04-28 11:25:37', '2017-04-28 11:25:37', 'f84752f4-0a5f-45ad-ba97-fa5b338f9c12'),
 ('8', '5', 'Услуги', 'services', 'structure', '1', 'services/_entry', '1', '2017-05-02 14:22:00', '2017-05-02 14:23:45', 'cb69e027-bc4c-4cf9-81db-d79f02cddc0c'),
 ('9', '6', 'Отрасли', 'branches', 'structure', '1', 'branches/_entry', '1', '2017-05-02 14:22:38', '2017-05-02 14:22:38', '29ea94dd-7c0f-4f0e-b572-776e2ccd8a6c'),
 ('10', NULL, 'Инфографика', 'infogs', 'channel', '0', NULL, '0', '2017-05-04 10:49:02', '2017-05-04 10:49:02', 'a0e6ed70-75b3-45f8-8ab2-ed3893453c97');



DROP TABLE IF EXISTS `craft_sections_i18n`;


--
-- Schema for table `craft_sections_i18n`
--
CREATE TABLE `craft_sections_i18n` (
  `id` int(11) NOT NULL AUTO_INCREMENT,
  `sectionId` int(11) NOT NULL,
  `locale` char(12) COLLATE utf8_unicode_ci NOT NULL,
  `enabledByDefault` tinyint(1) unsigned NOT NULL DEFAULT '1',
  `urlFormat` text COLLATE utf8_unicode_ci,
  `nestedUrlFormat` text COLLATE utf8_unicode_ci,
  `dateCreated` datetime NOT NULL,
  `dateUpdated` datetime NOT NULL,
  `uid` char(36) COLLATE utf8_unicode_ci NOT NULL DEFAULT '0',
  PRIMARY KEY (`id`),
  UNIQUE KEY `craft_sections_i18n_sectionId_locale_unq_idx` (`sectionId`,`locale`),
  KEY `craft_sections_i18n_locale_fk` (`locale`)
) ENGINE=InnoDB AUTO_INCREMENT=19 DEFAULT CHARSET=utf8 COLLATE=utf8_unicode_ci;

--
-- Data for table `craft_sections_i18n`
--

INSERT INTO `craft_sections_i18n` (`id`, `sectionId`, `locale`, `enabledByDefault`, `urlFormat`, `nestedUrlFormat`, `dateCreated`, `dateUpdated`, `uid`) VALUES
 ('1', '1', 'ru', '1', '__home__', NULL, '2017-04-27 15:30:04', '2017-04-27 15:30:04', 'b7355b10-6723-4185-be94-e5dff533cbd0'),
 ('2', '2', 'ru', '1', 'news/{postDate.year}/{slug}', NULL, '2017-04-27 15:30:05', '2017-04-27 15:30:05', '80533aeb-5f07-4b32-90c0-0dd0ca557720'),
 ('3', '3', 'ru', '1', 'team/{personStatus.first.slug}/{slug}', NULL, '2017-04-27 16:03:14', '2017-05-02 16:49:57', '60e551d8-2df8-464d-a6e8-cab08f532523'),
 ('4', '3', 'en_us', '1', 'team/{personStatus.first.slug}/{slug}', NULL, '2017-04-27 16:03:14', '2017-05-02 19:47:30', 'f2e224d8-4598-423d-b534-c8116fb091c1'),
 ('5', '4', 'ru', '1', NULL, NULL, '2017-04-27 22:20:29', '2017-04-27 22:20:29', '515682f9-0a3d-4d5f-9d17-e85873e64089'),
 ('6', '4', 'en_us', '1', NULL, NULL, '2017-04-27 22:20:29', '2017-04-27 22:20:29', '0b30ae83-d4ee-490b-9bc5-576692bdaab3'),
 ('7', '5', 'ru', '1', NULL, NULL, '2017-04-28 09:28:10', '2017-04-28 09:28:10', '04cb9226-e79d-40df-92c0-11940ad124f1'),
 ('8', '5', 'en_us', '0', NULL, NULL, '2017-04-28 09:28:10', '2017-04-28 09:45:31', '846afbf3-d9ec-4f87-b96e-e45c31701f45'),
 ('9', '6', 'ru', '1', NULL, NULL, '2017-04-28 09:38:17', '2017-04-28 09:38:17', 'b1871658-a916-4518-b62f-2f5b59c197bf'),
 ('10', '6', 'en_us', '0', NULL, NULL, '2017-04-28 09:38:17', '2017-04-28 09:45:25', '947dce77-2ac9-43a7-8b8b-8839621a6f3e'),
 ('11', '7', 'ru', '1', 'tester', NULL, '2017-04-28 11:25:37', '2017-04-28 11:25:37', '3876a3a5-6ab1-46e8-b86a-660a439375c8'),
 ('12', '7', 'en_us', '1', 'tester', NULL, '2017-04-28 11:25:37', '2017-04-28 11:25:37', '50c66297-aed5-4ded-82c2-8876dfa776a0'),
 ('13', '8', 'ru', '1', 'services/{slug}', '{parent.uri}/{slug}', '2017-05-02 14:22:00', '2017-05-02 14:23:45', '894d325b-c6fc-4e8e-b629-f9abacabad1d'),
 ('14', '8', 'en_us', '1', 'services/{slug}', '{parent.uri}/{slug}', '2017-05-02 14:22:00', '2017-05-02 14:23:45', '9ce334bc-cee9-4bba-8260-5f66ebc8d02a'),
 ('15', '9', 'ru', '1', 'branches/{slug}', NULL, '2017-05-02 14:22:38', '2017-05-02 14:22:38', '88c2c081-24d9-4b1a-af62-2c5b5b99727b'),
 ('16', '9', 'en_us', '1', 'branches/{slug}', NULL, '2017-05-02 14:22:38', '2017-05-02 14:22:38', '5ab91adb-83be-40cf-b6d1-4a85d3534e0e'),
 ('17', '10', 'ru', '1', NULL, NULL, '2017-05-04 10:49:02', '2017-05-04 10:49:02', '8dfa6e05-407b-421c-9e37-79e9ee4b07aa'),
 ('18', '10', 'en_us', '1', NULL, NULL, '2017-05-04 10:49:02', '2017-05-04 10:49:02', 'ca8b95a8-c454-4b01-80c6-042737e3a362');



DROP TABLE IF EXISTS `craft_sessions`;


--
-- Schema for table `craft_sessions`
--
CREATE TABLE `craft_sessions` (
  `id` int(11) NOT NULL AUTO_INCREMENT,
  `userId` int(11) NOT NULL,
  `token` char(100) COLLATE utf8_unicode_ci NOT NULL,
  `dateCreated` datetime NOT NULL,
  `dateUpdated` datetime NOT NULL,
  `uid` char(36) COLLATE utf8_unicode_ci NOT NULL DEFAULT '0',
  PRIMARY KEY (`id`),
  KEY `craft_sessions_uid_idx` (`uid`),
  KEY `craft_sessions_token_idx` (`token`),
  KEY `craft_sessions_dateUpdated_idx` (`dateUpdated`),
  KEY `craft_sessions_userId_fk` (`userId`)
) ENGINE=InnoDB AUTO_INCREMENT=12 DEFAULT CHARSET=utf8 COLLATE=utf8_unicode_ci;

DROP TABLE IF EXISTS `craft_shunnedmessages`;


--
-- Schema for table `craft_shunnedmessages`
--
CREATE TABLE `craft_shunnedmessages` (
  `id` int(11) NOT NULL AUTO_INCREMENT,
  `userId` int(11) NOT NULL,
  `message` varchar(255) COLLATE utf8_unicode_ci NOT NULL,
  `expiryDate` datetime DEFAULT NULL,
  `dateCreated` datetime NOT NULL,
  `dateUpdated` datetime NOT NULL,
  `uid` char(36) COLLATE utf8_unicode_ci NOT NULL DEFAULT '0',
  PRIMARY KEY (`id`),
  UNIQUE KEY `craft_shunnedmessages_userId_message_unq_idx` (`userId`,`message`)
) ENGINE=InnoDB DEFAULT CHARSET=utf8 COLLATE=utf8_unicode_ci;

DROP TABLE IF EXISTS `craft_structureelements`;


--
-- Schema for table `craft_structureelements`
--
CREATE TABLE `craft_structureelements` (
  `id` int(11) NOT NULL AUTO_INCREMENT,
  `structureId` int(11) NOT NULL,
  `elementId` int(11) DEFAULT NULL,
  `root` int(11) unsigned DEFAULT NULL,
  `lft` int(11) unsigned NOT NULL,
  `rgt` int(11) unsigned NOT NULL,
  `level` smallint(6) unsigned NOT NULL,
  `dateCreated` datetime NOT NULL,
  `dateUpdated` datetime NOT NULL,
  `uid` char(36) COLLATE utf8_unicode_ci NOT NULL DEFAULT '0',
  PRIMARY KEY (`id`),
  UNIQUE KEY `craft_structureelements_structureId_elementId_unq_idx` (`structureId`,`elementId`),
  KEY `craft_structureelements_root_idx` (`root`),
  KEY `craft_structureelements_lft_idx` (`lft`),
  KEY `craft_structureelements_rgt_idx` (`rgt`),
  KEY `craft_structureelements_level_idx` (`level`),
  KEY `craft_structureelements_elementId_fk` (`elementId`)
) ENGINE=InnoDB AUTO_INCREMENT=141 DEFAULT CHARSET=utf8 COLLATE=utf8_unicode_ci;

--
-- Data for table `craft_structureelements`
--

INSERT INTO `craft_structureelements` (`id`, `structureId`, `elementId`, `root`, `lft`, `rgt`, `level`, `dateCreated`, `dateUpdated`, `uid`) VALUES
 ('1', '2', NULL, '1', '1', '8', '0', '2017-04-27 16:06:30', '2017-04-27 16:06:30', 'c1753305-2452-4e64-95e5-671af4e08cb0'),
 ('2', '2', '4', '1', '2', '3', '1', '2017-04-27 16:06:30', '2017-04-27 16:06:30', 'c8c12d2f-2078-43f2-ac9b-d16d666cec84'),
 ('3', '2', '5', '1', '4', '5', '1', '2017-04-27 16:06:56', '2017-04-27 16:06:56', '8fa235ce-4d37-4d60-9332-7656f8760638'),
 ('4', '2', '6', '1', '6', '7', '1', '2017-04-27 16:08:32', '2017-04-27 16:08:32', '624d8f9b-a5c3-4717-80ff-ef51a879fcb8'),
 ('5', '3', NULL, '5', '1', '10', '0', '2017-04-27 16:11:27', '2017-04-27 16:11:27', '442b0a4a-a86b-4db3-a932-ce5c84ca993f'),
 ('6', '3', '7', '5', '2', '3', '1', '2017-04-27 16:11:27', '2017-04-27 16:11:27', '6a737f76-c80e-4664-8870-7c62349aa12b'),
 ('7', '3', '8', '5', '4', '5', '1', '2017-04-27 16:12:12', '2017-04-27 16:12:12', 'b4939fe6-9dbf-42bd-9dfe-cfdf67f911d3'),
 ('8', '3', '9', '5', '6', '7', '1', '2017-04-27 16:13:21', '2017-04-27 16:13:21', '5aacb94e-eaae-46fa-8a0f-25d79731636f'),
 ('9', '3', '10', '5', '8', '9', '1', '2017-04-27 16:14:05', '2017-04-27 16:14:05', 'f3263b6d-46f9-4d8b-80c0-2da2cb593b81'),
 ('10', '1', NULL, '10', '1', '64', '0', '2017-04-27 16:14:56', '2017-04-27 16:14:56', 'd837a950-07d5-4aa0-bce8-1968a06bf425'),
 ('14', '4', NULL, '14', '1', '4', '0', '2017-04-27 22:24:30', '2017-04-27 22:24:30', '7be880f1-9904-4fb7-97ca-1e4f7d22bb26'),
 ('15', '4', '18', '14', '2', '3', '1', '2017-04-27 22:24:30', '2017-04-27 22:24:30', '14be53d3-4742-46ae-8a51-5556a9f91371'),
 ('16', '5', NULL, '16', '1', '108', '0', '2017-05-02 15:22:09', '2017-05-02 15:22:09', '6727c4c7-5e8a-40bc-81cc-afdbd17f3d28'),
 ('17', '5', '24', '16', '2', '15', '1', '2017-05-02 15:22:09', '2017-05-02 15:22:09', '2b1e9e06-8324-4385-be18-7289f7e1131b'),
 ('18', '5', '25', '16', '16', '33', '1', '2017-05-02 15:22:22', '2017-05-02 15:22:22', '483cd3eb-e681-4cc5-ad15-3dc01a462577'),
 ('19', '5', '26', '16', '34', '37', '1', '2017-05-02 15:22:31', '2017-05-02 15:22:31', 'a764ba6b-8ebd-431d-a0dd-48d9d8834a0e'),
 ('20', '5', '27', '16', '38', '45', '1', '2017-05-02 15:22:40', '2017-05-02 15:22:40', 'aacda232-8310-4455-9032-5f5cdf3738d2'),
 ('21', '5', '28', '16', '46', '57', '1', '2017-05-02 15:22:50', '2017-05-02 15:22:50', '72e7a365-b809-4384-98c0-7d131dcb0a25'),
 ('22', '5', '29', '16', '58', '75', '1', '2017-05-02 15:22:57', '2017-05-02 15:22:57', '41c5113f-cc52-4742-957c-932274c79f14'),
 ('23', '5', '30', '16', '76', '89', '1', '2017-05-02 15:23:06', '2017-05-02 15:23:06', 'dc5f8901-d9d0-4a3d-8650-d409eaf9781b'),
 ('24', '5', '31', '16', '90', '107', '1', '2017-05-02 15:23:16', '2017-05-02 15:23:16', '5abdb338-8588-4bf1-85d7-2cab28fab20b'),
 ('25', '6', NULL, '25', '1', '30', '0', '2017-05-02 15:24:52', '2017-05-02 15:24:52', '5d93b97b-efef-4b0f-9c3f-5721877f17de'),
 ('26', '6', '32', '25', '2', '3', '1', '2017-05-02 15:24:52', '2017-05-02 15:24:52', '009fea25-4b1f-479a-be91-1bc0152fcbc8'),
 ('27', '6', '33', '25', '4', '5', '1', '2017-05-02 15:25:02', '2017-05-02 15:25:02', '3ef6889d-3539-48a8-ab63-629bb6d61685'),
 ('28', '6', '34', '25', '6', '7', '1', '2017-05-02 15:25:15', '2017-05-02 15:25:15', '8c9d5303-dde3-42a0-8ca6-ac7212a16ff1'),
 ('29', '6', '35', '25', '8', '9', '1', '2017-05-02 15:25:39', '2017-05-02 15:25:39', '6e36bb69-ffd3-475e-bcb2-5ee93f10c68f'),
 ('30', '6', '36', '25', '10', '11', '1', '2017-05-02 15:25:48', '2017-05-02 15:25:48', '526908fb-b16e-4927-adba-87ce0366a29e'),
 ('31', '6', '37', '25', '12', '13', '1', '2017-05-02 15:25:56', '2017-05-02 15:25:56', '98aee135-3bf7-4b61-8c8a-dc40cb2f6d9a'),
 ('32', '6', '38', '25', '14', '15', '1', '2017-05-02 15:26:30', '2017-05-02 15:26:30', '55a86bff-26d3-407b-80da-6951fc170f9d'),
 ('33', '6', '39', '25', '16', '17', '1', '2017-05-02 15:27:07', '2017-05-02 15:27:07', 'e513c450-8cfc-432e-8329-40406028f2f8'),
 ('34', '6', '40', '25', '18', '19', '1', '2017-05-02 15:27:13', '2017-05-02 15:27:13', '332829f6-ea17-4aaa-8afa-67c66a1b9036'),
 ('35', '6', '41', '25', '20', '21', '1', '2017-05-02 15:27:21', '2017-05-02 15:27:21', '04fa723a-f713-4291-93c6-4bccf06efb30'),
 ('36', '6', '42', '25', '22', '23', '1', '2017-05-02 15:27:32', '2017-05-02 15:27:32', 'b3fde5fe-5dae-4de4-97cc-4752c44e2436'),
 ('37', '6', '43', '25', '24', '25', '1', '2017-05-02 15:27:41', '2017-05-02 15:27:41', '67f3c9fc-bb7d-4cb0-978a-1bea560044a9'),
 ('38', '6', '44', '25', '26', '27', '1', '2017-05-02 15:27:50', '2017-05-02 15:27:50', '6155f990-5a12-4e25-9857-0420937afe0e'),
 ('39', '6', '45', '25', '28', '29', '1', '2017-05-02 15:27:58', '2017-05-02 15:27:58', '83955dca-8fe1-46f9-baab-f1e579700272'),
 ('45', '1', '53', '10', '2', '3', '1', '2017-05-03 10:09:47', '2017-05-03 10:09:47', '2ce07fe2-1482-4c47-a150-7cb107c24bb6'),
 ('46', '1', '54', '10', '4', '5', '1', '2017-05-03 10:11:05', '2017-05-03 10:11:05', '22b032ea-5a74-4f17-b177-f2d3251cdef8'),
 ('47', '1', '55', '10', '6', '7', '1', '2017-05-03 10:11:17', '2017-05-03 10:11:17', '15e96c35-4ba2-4754-8d61-adb30d95ebd4'),
 ('48', '1', '56', '10', '8', '9', '1', '2017-05-03 10:11:54', '2017-05-03 10:11:54', 'e135b4bd-df72-4613-9677-c84bfb939396'),
 ('49', '1', '57', '10', '10', '11', '1', '2017-05-03 10:12:24', '2017-05-03 10:12:24', '72910517-0700-4849-9af5-b53e0d395b20'),
 ('50', '1', '58', '10', '12', '13', '1', '2017-05-03 10:12:39', '2017-05-03 10:12:39', '759b10dc-0992-4cb3-ad19-d854b658c6f3'),
 ('51', '1', '59', '10', '14', '15', '1', '2017-05-03 10:13:32', '2017-05-03 10:13:32', 'd02cf0a9-d69d-4e70-8d2e-298e55f81c9a'),
 ('52', '1', '60', '10', '16', '17', '1', '2017-05-03 10:14:27', '2017-05-03 10:14:27', 'c39f7934-75a3-43e4-9826-12ce1aceadb8'),
 ('53', '1', '61', '10', '18', '19', '1', '2017-05-03 10:22:35', '2017-05-03 10:22:35', '86dffc3a-2801-4c71-aa88-534ab597884e'),
 ('54', '1', '62', '10', '20', '21', '1', '2017-05-03 10:23:35', '2017-05-03 10:23:35', '6df4f4ef-39f5-4e14-9bd1-f9d1bc271305'),
 ('55', '1', '63', '10', '22', '23', '1', '2017-05-03 10:24:59', '2017-05-03 10:24:59', '1bbee3cb-279f-4a23-afbd-df62fd4f7e39'),
 ('56', '1', '64', '10', '24', '25', '1', '2017-05-03 10:25:17', '2017-05-03 10:25:17', 'a9d64723-ca13-40f6-a236-f16ca2eca93c'),
 ('57', '1', '65', '10', '26', '27', '1', '2017-05-03 10:25:39', '2017-05-03 10:25:39', '3a744a20-90e2-45a2-82a1-9c25b1d237d1'),
 ('58', '1', '66', '10', '28', '29', '1', '2017-05-03 10:25:49', '2017-05-03 10:25:49', 'ac6a9960-add8-4c84-b7ca-12b2b14ec30e'),
 ('59', '1', '67', '10', '30', '31', '1', '2017-05-03 10:26:01', '2017-05-03 10:26:01', '8775fbd7-9670-425d-bf25-811aee26746f'),
 ('60', '1', '68', '10', '32', '33', '1', '2017-05-03 10:26:19', '2017-05-03 10:26:19', '3317a767-c4b6-4690-bb8c-e7756b293f27'),
 ('61', '1', '69', '10', '34', '35', '1', '2017-05-03 10:27:27', '2017-05-03 10:27:27', '4181e9ef-42bc-4cc6-9b68-88509168a19d'),
 ('62', '1', '70', '10', '36', '37', '1', '2017-05-03 10:52:22', '2017-05-03 10:52:22', 'd435fac3-b09b-4a46-aab3-72e7324975e4'),
 ('63', '1', '71', '10', '38', '39', '1', '2017-05-03 10:54:26', '2017-05-03 10:54:26', 'b21c72fd-f2f2-474e-bd5f-63a7f374a75d'),
 ('64', '1', '72', '10', '40', '41', '1', '2017-05-03 10:54:43', '2017-05-03 10:54:43', '5ae4b918-e973-43ea-ac8d-fb0cabbf4850'),
 ('65', '7', NULL, '65', '1', '18', '0', '2017-05-03 13:01:25', '2017-05-03 13:01:25', 'e7ede75b-ec04-4554-9048-990dc59fe6b2'),
 ('66', '7', '74', '65', '2', '17', '1', '2017-05-03 13:01:25', '2017-05-03 13:01:25', 'd3f07930-297d-451f-8b01-7be003f943e7'),
 ('67', '7', '75', '65', '3', '4', '2', '2017-05-03 13:02:06', '2017-05-03 13:02:06', 'e058cda2-c5d8-4ff6-8b80-0dd55a2bc6f2'),
 ('68', '7', '76', '65', '5', '6', '2', '2017-05-03 13:11:14', '2017-05-03 13:11:14', 'f9770941-21dd-4205-9e36-55633cb4f2a9'),
 ('69', '7', '77', '65', '7', '8', '2', '2017-05-03 13:11:27', '2017-05-03 13:11:27', '4dbcdcba-9218-4fbd-8683-8e94d714dbac'),
 ('71', '7', '79', '65', '9', '10', '2', '2017-05-03 13:11:56', '2017-05-03 13:11:56', 'c626f1e8-6992-4b21-8324-b1d44c65547e'),
 ('72', '7', '80', '65', '11', '12', '2', '2017-05-03 13:12:23', '2017-05-03 13:12:23', '513098cf-8e3e-45d3-8705-122fa29e3710'),
 ('74', '7', '82', '65', '14', '15', '3', '2017-05-03 13:17:50', '2017-05-03 13:17:50', '8516f660-261e-4e75-b275-ac9b65dc45ca'),
 ('75', '7', '83', '65', '13', '16', '2', '2017-05-03 13:18:47', '2017-05-03 13:18:47', 'e26a0da5-b448-42ed-80fa-963c5e377d7c'),
 ('76', '1', '84', '10', '42', '43', '1', '2017-05-04 09:25:06', '2017-05-04 09:25:06', '38978d67-d12b-4ef0-9931-26acbbe89d3f'),
 ('77', '1', '85', '10', '44', '45', '1', '2017-05-04 09:27:57', '2017-05-04 09:27:57', '886a3b27-8b76-4d31-b893-db20ca3099b5'),
 ('78', '1', '86', '10', '46', '47', '1', '2017-05-04 09:28:40', '2017-05-04 09:28:40', '8d8a23f3-854a-4204-9f68-2869f794a8cf'),
 ('79', '1', '87', '10', '48', '49', '1', '2017-05-04 09:29:43', '2017-05-04 09:29:43', '706bbf8c-249b-434e-8a01-504fae9a71b6'),
 ('80', '1', '88', '10', '50', '51', '1', '2017-05-04 09:30:18', '2017-05-04 09:30:18', 'c182c427-fd5a-42cf-a43f-0635f45d2f7c'),
 ('81', '1', '89', '10', '52', '53', '1', '2017-05-04 09:30:33', '2017-05-04 09:30:33', '99890b8f-9187-487f-a94f-9eb58b2892b7'),
 ('82', '1', '90', '10', '54', '55', '1', '2017-05-04 09:30:54', '2017-05-04 09:30:54', 'be1edaef-e7f6-4726-bd52-28d577298bb6'),
 ('83', '1', '91', '10', '56', '57', '1', '2017-05-04 09:31:21', '2017-05-04 09:31:21', 'f6ce8e9d-d2d1-4387-b8df-ea7833bb6fb7'),
 ('84', '1', '92', '10', '58', '59', '1', '2017-05-04 09:31:36', '2017-05-04 09:31:36', '4cceddae-dde3-41d4-a6c3-915bdd075aaa'),
 ('85', '1', '93', '10', '60', '61', '1', '2017-05-04 09:31:56', '2017-05-04 09:31:56', 'e0d58933-cb55-457b-8cc8-980e90a1c609'),
 ('86', '1', '94', '10', '62', '63', '1', '2017-05-04 09:32:14', '2017-05-04 09:32:14', 'b42c78f6-073d-4d29-9edc-4f83dc62c60c'),
 ('87', '9', NULL, '87', '1', '8', '0', '2017-05-04 10:58:45', '2017-05-04 10:58:45', 'e9aa31d3-e077-46fd-8ea2-042d35252896'),
 ('88', '9', '95', '87', '2', '3', '1', '2017-05-04 10:58:45', '2017-05-04 10:58:45', '907a27e0-b32c-420c-8d1d-84aecab46f2b'),
 ('89', '9', '96', '87', '4', '5', '1', '2017-05-04 10:59:03', '2017-05-04 10:59:03', 'ab713144-8cae-4160-8a0f-0c6c6f7ade38'),
 ('90', '9', '102', '87', '6', '7', '1', '2017-05-04 11:14:28', '2017-05-04 11:14:28', '3a4e0615-f9cb-447d-89b3-22aec7f5f0e9'),
 ('91', '10', NULL, '91', '1', '6', '0', '2017-05-04 11:27:57', '2017-05-04 11:27:57', '39fc6e6d-d7b9-41a8-a849-deb57adec899'),
 ('92', '10', '108', '91', '2', '3', '1', '2017-05-04 11:27:57', '2017-05-04 11:27:57', 'ff28cce0-16c0-4d31-bc12-34cf16ad3fa4'),
 ('93', '10', '116', '91', '4', '5', '1', '2017-05-04 11:47:43', '2017-05-04 11:47:43', 'b68eea96-87a0-47bc-b4a4-183574efbf5f'),
 ('94', '5', '119', '16', '35', '36', '2', '2017-05-04 11:55:28', '2017-05-04 11:55:28', 'de7eff55-f215-471f-bcd7-ebf8b6102258'),
 ('95', '5', '120', '16', '3', '4', '2', '2017-05-04 11:56:27', '2017-05-04 11:56:27', 'e901c415-d152-4608-a5e0-6c0f1345c655'),
 ('96', '5', '121', '16', '5', '6', '2', '2017-05-04 11:56:44', '2017-05-04 11:56:44', 'bb88b87b-cc6b-441f-ad89-998199dc73ed'),
 ('97', '5', '122', '16', '7', '8', '2', '2017-05-04 11:57:06', '2017-05-04 11:57:06', '34428315-d918-4883-a2de-5e615be7c51a'),
 ('98', '5', '123', '16', '9', '10', '2', '2017-05-04 11:57:23', '2017-05-04 11:57:23', 'e754b299-d57e-4c3a-845d-bfcaa48d7efe'),
 ('99', '5', '124', '16', '11', '12', '2', '2017-05-04 11:57:36', '2017-05-04 11:57:36', '361fa974-a097-4681-8c19-c53d98bea8a4'),
 ('100', '5', '125', '16', '13', '14', '2', '2017-05-04 11:57:59', '2017-05-04 11:57:59', '2923c2ec-2d7b-47f1-b458-2a989ca33f7a'),
 ('101', '5', '126', '16', '47', '48', '2', '2017-05-04 11:58:45', '2017-05-04 11:58:45', 'd4da64ce-9e6e-4162-bb96-33c027240786'),
 ('102', '5', '127', '16', '49', '50', '2', '2017-05-04 11:59:45', '2017-05-04 11:59:45', '7e19ada0-5dda-45c7-abca-901e9edabf1b'),
 ('103', '5', '128', '16', '51', '52', '2', '2017-05-04 12:00:46', '2017-05-04 12:00:46', '79097f7d-1efd-4424-83dc-27233d1e838d'),
 ('104', '5', '129', '16', '53', '54', '2', '2017-05-04 12:02:24', '2017-05-04 12:02:24', '9e3d5d91-f94c-4269-aede-6754362b6c74'),
 ('105', '5', '130', '16', '55', '56', '2', '2017-05-04 12:03:22', '2017-05-04 12:03:22', '8f3dc9eb-6af8-43e4-a73e-b15f75dc56a6'),
 ('106', '5', '131', '16', '17', '18', '2', '2017-05-04 13:18:42', '2017-05-04 13:18:42', 'cc342871-4855-4884-8123-155a1cd177e3'),
 ('107', '5', '132', '16', '19', '20', '2', '2017-05-04 13:18:58', '2017-05-04 13:18:58', '664b58d4-7f4b-43d9-9971-5f20bd9ac447'),
 ('110', '5', '135', '16', '21', '22', '2', '2017-05-04 13:32:37', '2017-05-04 13:32:37', '40a42143-ebbf-458b-a70a-d234d9113db0'),
 ('111', '5', '136', '16', '23', '24', '2', '2017-05-04 13:32:50', '2017-05-04 13:32:50', '5f98e437-b84d-4a30-bbea-bc99f9df4037'),
 ('112', '5', '137', '16', '25', '26', '2', '2017-05-04 13:33:01', '2017-05-04 13:33:01', '88b81580-07bd-4098-a841-bfc22c7378f3');
INSERT INTO `craft_structureelements` (`id`, `structureId`, `elementId`, `root`, `lft`, `rgt`, `level`, `dateCreated`, `dateUpdated`, `uid`) VALUES
 ('113', '5', '138', '16', '27', '28', '2', '2017-05-04 13:33:11', '2017-05-04 13:33:11', '6d47f624-53d3-4c99-93c8-2dc686c71ecb'),
 ('114', '5', '139', '16', '29', '30', '2', '2017-05-04 13:33:55', '2017-05-04 13:33:55', '3a83e25d-6be4-4690-a706-47a886eb8d5c'),
 ('115', '5', '140', '16', '31', '32', '2', '2017-05-04 13:34:08', '2017-05-04 13:34:08', 'f7279870-e579-463c-96ed-c2ce7409356a'),
 ('116', '5', '141', '16', '39', '40', '2', '2017-05-04 13:35:59', '2017-05-04 13:35:59', 'fd538f72-0512-4089-a794-cd26a72f9183'),
 ('117', '5', '142', '16', '41', '42', '2', '2017-05-04 13:37:35', '2017-05-04 13:37:35', '864c4702-f16c-4996-8bfe-5d88b6531892'),
 ('118', '5', '143', '16', '43', '44', '2', '2017-05-04 13:40:06', '2017-05-04 13:40:06', '46a3b487-7d51-4980-865d-3f85530e023e'),
 ('119', '5', '144', '16', '77', '78', '2', '2017-05-04 13:42:09', '2017-05-04 13:42:09', 'dba574a4-67b3-4f2f-a4d8-1b66ba804758'),
 ('120', '5', '145', '16', '79', '80', '2', '2017-05-04 13:42:23', '2017-05-04 13:42:23', 'a9baccd6-6bb6-40e9-be70-4f14173862ba'),
 ('121', '5', '146', '16', '81', '82', '2', '2017-05-04 13:42:36', '2017-05-04 13:42:36', '035b6073-cafb-4b63-b865-5dba3f7e1670'),
 ('122', '5', '147', '16', '83', '84', '2', '2017-05-04 13:42:50', '2017-05-04 13:42:50', '65f04e1d-b4ff-450c-945e-fdce5c82e12f'),
 ('123', '5', '148', '16', '85', '86', '2', '2017-05-04 13:43:31', '2017-05-04 13:43:31', 'a70d89f7-36b1-4401-823d-3535a4c2b387'),
 ('124', '5', '151', '16', '87', '88', '2', '2017-05-04 13:44:36', '2017-05-04 13:44:36', '72c92ec0-bab2-46cd-afe5-1ec95ec17b6e'),
 ('125', '5', '152', '16', '91', '92', '2', '2017-05-04 13:46:40', '2017-05-04 13:46:40', '97c3a9d5-a430-424d-b5ad-e18c782c50e2'),
 ('126', '5', '153', '16', '93', '94', '2', '2017-05-04 13:47:06', '2017-05-04 13:47:06', '34edf1a4-a1d7-4c6a-90da-14adfea0eab6'),
 ('127', '5', '154', '16', '95', '96', '2', '2017-05-04 14:02:02', '2017-05-04 14:02:02', '4c33edef-7f26-4733-a197-c9e4f32dcf23'),
 ('128', '5', '155', '16', '97', '98', '2', '2017-05-04 14:02:44', '2017-05-04 14:02:44', '2ab93bc8-95b0-4377-a598-917a845dda5b'),
 ('129', '5', '156', '16', '99', '100', '2', '2017-05-04 14:14:41', '2017-05-04 14:14:41', '7fbcda85-df58-4a4d-9d10-5f08f3333eaf'),
 ('130', '5', '157', '16', '101', '102', '2', '2017-05-04 14:15:17', '2017-05-04 14:15:17', 'c2810af3-2825-455a-8e4d-1b74d41ef40f'),
 ('131', '5', '158', '16', '103', '104', '2', '2017-05-04 14:15:51', '2017-05-04 14:15:51', '83bec42f-b86e-4173-8182-b60e1387c369'),
 ('132', '5', '159', '16', '105', '106', '2', '2017-05-04 14:16:45', '2017-05-04 14:16:45', 'd5187865-3cfd-4530-bec8-845cb46eea45'),
 ('133', '5', '160', '16', '59', '60', '2', '2017-05-04 14:20:33', '2017-05-04 14:20:33', 'ac9544be-c56f-4077-9725-5d671dcc6e98'),
 ('134', '5', '161', '16', '61', '62', '2', '2017-05-04 14:21:09', '2017-05-04 14:21:09', '466c9616-bb55-4e6b-9e4e-cbac02f286c5'),
 ('135', '5', '162', '16', '63', '64', '2', '2017-05-04 14:21:39', '2017-05-04 14:21:39', '468c44e7-e34d-46e4-b125-70e08efaae34'),
 ('136', '5', '163', '16', '65', '66', '2', '2017-05-04 14:22:02', '2017-05-04 14:22:02', '150610ec-b6dc-4666-8410-5e6f2379e5c6'),
 ('137', '5', '164', '16', '67', '68', '2', '2017-05-04 14:22:49', '2017-05-04 14:22:49', '21df63d7-efe0-4edf-be2c-8082f304610e'),
 ('138', '5', '165', '16', '69', '70', '2', '2017-05-04 14:23:14', '2017-05-04 14:23:14', '53b637d7-7bb0-4cba-b2e5-8a8d9d1d38fc'),
 ('139', '5', '166', '16', '71', '72', '2', '2017-05-04 14:24:08', '2017-05-04 14:24:08', '66f29010-bd4a-4998-9812-f35737e589f6'),
 ('140', '5', '167', '16', '73', '74', '2', '2017-05-04 14:24:31', '2017-05-04 14:24:31', '8c20ab58-b5cf-4f9c-bde5-372228f1163c');



DROP TABLE IF EXISTS `craft_structures`;


--
-- Schema for table `craft_structures`
--
CREATE TABLE `craft_structures` (
  `id` int(11) NOT NULL AUTO_INCREMENT,
  `maxLevels` smallint(6) unsigned DEFAULT NULL,
  `dateCreated` datetime NOT NULL,
  `dateUpdated` datetime NOT NULL,
  `uid` char(36) COLLATE utf8_unicode_ci NOT NULL DEFAULT '0',
  PRIMARY KEY (`id`)
) ENGINE=InnoDB AUTO_INCREMENT=12 DEFAULT CHARSET=utf8 COLLATE=utf8_unicode_ci;

--
-- Data for table `craft_structures`
--

INSERT INTO `craft_structures` (`id`, `maxLevels`, `dateCreated`, `dateUpdated`, `uid`) VALUES
 ('1', '1', '2017-04-27 16:03:14', '2017-05-02 19:47:30', '2e85d387-9ff0-45b2-920e-16f6a329fdf7'),
 ('2', NULL, '2017-04-27 16:04:31', '2017-05-04 10:50:13', '201a0748-87c3-46d0-9031-29d4932ab006'),
 ('3', NULL, '2017-04-27 16:05:29', '2017-04-27 16:05:29', 'af96c351-71a7-4a25-bb98-120ea2cb1462'),
 ('4', '2', '2017-04-27 22:20:29', '2017-04-27 22:20:29', '7e45993d-1848-4ff4-a4e7-99c937e2a554'),
 ('5', NULL, '2017-05-02 14:22:00', '2017-05-02 14:23:45', 'd96175aa-faf0-41e4-bb08-02f2a3b3ce85'),
 ('6', '1', '2017-05-02 14:22:38', '2017-05-02 14:22:38', '44bf8c37-7bf1-45bf-bf05-aeae9e88f810'),
 ('7', '3', '2017-05-03 12:58:39', '2017-05-03 13:23:38', 'bd8fd67a-3ea1-4c14-9530-df1389f573d1'),
 ('8', '1', '2017-05-03 13:00:49', '2017-05-03 13:00:49', 'ca5b5c40-6057-43ce-bd26-9ce7a2dd36ea'),
 ('9', NULL, '2017-05-04 10:49:42', '2017-05-04 10:49:42', 'cac95b6e-17b9-4ea9-8e5f-99868782b0c5'),
 ('10', NULL, '2017-05-04 10:51:16', '2017-05-04 10:51:16', 'd5ac38a8-4440-47c7-af9f-59c07e8aa966'),
 ('11', NULL, '2017-05-04 10:51:50', '2017-05-04 10:51:50', '741a2579-4f53-4632-b852-178002887906');



DROP TABLE IF EXISTS `craft_systemsettings`;


--
-- Schema for table `craft_systemsettings`
--
CREATE TABLE `craft_systemsettings` (
  `id` int(11) NOT NULL AUTO_INCREMENT,
  `category` varchar(15) COLLATE utf8_unicode_ci NOT NULL,
  `settings` text COLLATE utf8_unicode_ci,
  `dateCreated` datetime NOT NULL,
  `dateUpdated` datetime NOT NULL,
  `uid` char(36) COLLATE utf8_unicode_ci NOT NULL DEFAULT '0',
  PRIMARY KEY (`id`),
  UNIQUE KEY `craft_systemsettings_category_unq_idx` (`category`)
) ENGINE=InnoDB AUTO_INCREMENT=2 DEFAULT CHARSET=utf8 COLLATE=utf8_unicode_ci;

--
-- Data for table `craft_systemsettings`
--

INSERT INTO `craft_systemsettings` (`id`, `category`, `settings`, `dateCreated`, `dateUpdated`, `uid`) VALUES
 ('1', 'email', '{\"protocol\":\"php\",\"emailAddress\":\"admin@segmental.ru\",\"senderName\":\"\\u0411\\u0435\\u0439\\u043a\\u0435\\u0440 \\u0422\\u0438\\u043b\\u043b\\u0438 \\u0420\\u043e\\u0441\\u0441\\u0438\\u044f\"}', '2017-04-27 15:30:04', '2017-04-27 15:30:04', '533125ef-059e-4b9c-ae01-6edbde680460');



DROP TABLE IF EXISTS `craft_taggroups`;


--
-- Schema for table `craft_taggroups`
--
CREATE TABLE `craft_taggroups` (
  `id` int(11) NOT NULL AUTO_INCREMENT,
  `name` varchar(255) COLLATE utf8_unicode_ci NOT NULL,
  `handle` varchar(255) COLLATE utf8_unicode_ci NOT NULL,
  `fieldLayoutId` int(10) DEFAULT NULL,
  `dateCreated` datetime NOT NULL,
  `dateUpdated` datetime NOT NULL,
  `uid` char(36) COLLATE utf8_unicode_ci NOT NULL DEFAULT '0',
  PRIMARY KEY (`id`),
  UNIQUE KEY `craft_taggroups_name_unq_idx` (`name`),
  UNIQUE KEY `craft_taggroups_handle_unq_idx` (`handle`),
  KEY `craft_taggroups_fieldLayoutId_fk` (`fieldLayoutId`)
) ENGINE=InnoDB AUTO_INCREMENT=2 DEFAULT CHARSET=utf8 COLLATE=utf8_unicode_ci;

--
-- Data for table `craft_taggroups`
--

INSERT INTO `craft_taggroups` (`id`, `name`, `handle`, `fieldLayoutId`, `dateCreated`, `dateUpdated`, `uid`) VALUES
 ('1', 'Default', 'default', '1', '2017-04-27 15:30:04', '2017-04-27 15:30:04', '72c9acf5-2b84-4d7b-8e22-10b2d6af607b');



DROP TABLE IF EXISTS `craft_tags`;


--
-- Schema for table `craft_tags`
--
CREATE TABLE `craft_tags` (
  `id` int(11) NOT NULL,
  `groupId` int(11) NOT NULL,
  `dateCreated` datetime NOT NULL,
  `dateUpdated` datetime NOT NULL,
  `uid` char(36) COLLATE utf8_unicode_ci NOT NULL DEFAULT '0',
  PRIMARY KEY (`id`),
  KEY `craft_tags_groupId_fk` (`groupId`)
) ENGINE=InnoDB DEFAULT CHARSET=utf8 COLLATE=utf8_unicode_ci;

DROP TABLE IF EXISTS `craft_tasks`;


--
-- Schema for table `craft_tasks`
--
CREATE TABLE `craft_tasks` (
  `id` int(11) NOT NULL AUTO_INCREMENT,
  `root` int(11) unsigned DEFAULT NULL,
  `lft` int(11) unsigned NOT NULL,
  `rgt` int(11) unsigned NOT NULL,
  `level` smallint(6) unsigned NOT NULL,
  `currentStep` int(11) unsigned DEFAULT NULL,
  `totalSteps` int(11) unsigned DEFAULT NULL,
  `status` enum('pending','error','running') COLLATE utf8_unicode_ci DEFAULT NULL,
  `type` varchar(150) COLLATE utf8_unicode_ci NOT NULL,
  `description` varchar(255) COLLATE utf8_unicode_ci DEFAULT NULL,
  `settings` mediumtext COLLATE utf8_unicode_ci,
  `dateCreated` datetime NOT NULL,
  `dateUpdated` datetime NOT NULL,
  `uid` char(36) COLLATE utf8_unicode_ci NOT NULL DEFAULT '0',
  PRIMARY KEY (`id`),
  KEY `craft_tasks_root_idx` (`root`),
  KEY `craft_tasks_lft_idx` (`lft`),
  KEY `craft_tasks_rgt_idx` (`rgt`),
  KEY `craft_tasks_level_idx` (`level`)
) ENGINE=InnoDB AUTO_INCREMENT=494 DEFAULT CHARSET=utf8 COLLATE=utf8_unicode_ci;

DROP TABLE IF EXISTS `craft_templatecachecriteria`;


--
-- Schema for table `craft_templatecachecriteria`
--
CREATE TABLE `craft_templatecachecriteria` (
  `id` int(11) NOT NULL AUTO_INCREMENT,
  `cacheId` int(11) NOT NULL,
  `type` varchar(150) COLLATE utf8_unicode_ci NOT NULL,
  `criteria` text COLLATE utf8_unicode_ci NOT NULL,
  PRIMARY KEY (`id`),
  KEY `craft_templatecachecriteria_cacheId_fk` (`cacheId`),
  KEY `craft_templatecachecriteria_type_idx` (`type`)
) ENGINE=InnoDB DEFAULT CHARSET=utf8 COLLATE=utf8_unicode_ci;

DROP TABLE IF EXISTS `craft_templatecacheelements`;


--
-- Schema for table `craft_templatecacheelements`
--
CREATE TABLE `craft_templatecacheelements` (
  `cacheId` int(11) NOT NULL,
  `elementId` int(11) NOT NULL,
  KEY `craft_templatecacheelements_cacheId_fk` (`cacheId`),
  KEY `craft_templatecacheelements_elementId_fk` (`elementId`)
) ENGINE=InnoDB DEFAULT CHARSET=utf8 COLLATE=utf8_unicode_ci;

DROP TABLE IF EXISTS `craft_templatecaches`;


--
-- Schema for table `craft_templatecaches`
--
CREATE TABLE `craft_templatecaches` (
  `id` int(11) NOT NULL AUTO_INCREMENT,
  `cacheKey` varchar(255) COLLATE utf8_unicode_ci NOT NULL,
  `locale` char(12) COLLATE utf8_unicode_ci NOT NULL,
  `path` varchar(255) COLLATE utf8_unicode_ci DEFAULT NULL,
  `expiryDate` datetime NOT NULL,
  `body` mediumtext COLLATE utf8_unicode_ci NOT NULL,
  PRIMARY KEY (`id`),
  KEY `craft_templatecaches_expiryDate_cacheKey_locale_path_idx` (`expiryDate`,`cacheKey`,`locale`,`path`),
  KEY `craft_templatecaches_locale_fk` (`locale`)
) ENGINE=InnoDB DEFAULT CHARSET=utf8 COLLATE=utf8_unicode_ci;

DROP TABLE IF EXISTS `craft_tokens`;


--
-- Schema for table `craft_tokens`
--
CREATE TABLE `craft_tokens` (
  `id` int(11) NOT NULL AUTO_INCREMENT,
  `token` char(32) COLLATE utf8_unicode_ci NOT NULL,
  `route` text COLLATE utf8_unicode_ci,
  `usageLimit` tinyint(3) unsigned DEFAULT NULL,
  `usageCount` tinyint(3) unsigned DEFAULT NULL,
  `expiryDate` datetime NOT NULL,
  `dateCreated` datetime NOT NULL,
  `dateUpdated` datetime NOT NULL,
  `uid` char(36) COLLATE utf8_unicode_ci NOT NULL DEFAULT '0',
  PRIMARY KEY (`id`),
  UNIQUE KEY `craft_tokens_token_unq_idx` (`token`),
  KEY `craft_tokens_expiryDate_idx` (`expiryDate`)
) ENGINE=InnoDB DEFAULT CHARSET=utf8 COLLATE=utf8_unicode_ci;

DROP TABLE IF EXISTS `craft_usergroups`;


--
-- Schema for table `craft_usergroups`
--
CREATE TABLE `craft_usergroups` (
  `id` int(11) NOT NULL AUTO_INCREMENT,
  `name` varchar(255) COLLATE utf8_unicode_ci NOT NULL,
  `handle` varchar(255) COLLATE utf8_unicode_ci NOT NULL,
  `dateCreated` datetime NOT NULL,
  `dateUpdated` datetime NOT NULL,
  `uid` char(36) COLLATE utf8_unicode_ci NOT NULL DEFAULT '0',
  PRIMARY KEY (`id`),
  UNIQUE KEY `craft_usergroups_name_unq_idx` (`name`),
  UNIQUE KEY `craft_usergroups_handle_unq_idx` (`handle`)
) ENGINE=InnoDB DEFAULT CHARSET=utf8 COLLATE=utf8_unicode_ci;

DROP TABLE IF EXISTS `craft_usergroups_users`;


--
-- Schema for table `craft_usergroups_users`
--
CREATE TABLE `craft_usergroups_users` (
  `id` int(11) NOT NULL AUTO_INCREMENT,
  `groupId` int(11) NOT NULL,
  `userId` int(11) NOT NULL,
  `dateCreated` datetime NOT NULL,
  `dateUpdated` datetime NOT NULL,
  `uid` char(36) COLLATE utf8_unicode_ci NOT NULL DEFAULT '0',
  PRIMARY KEY (`id`),
  UNIQUE KEY `craft_usergroups_users_groupId_userId_unq_idx` (`groupId`,`userId`),
  KEY `craft_usergroups_users_userId_fk` (`userId`)
) ENGINE=InnoDB DEFAULT CHARSET=utf8 COLLATE=utf8_unicode_ci;

DROP TABLE IF EXISTS `craft_userpermissions`;


--
-- Schema for table `craft_userpermissions`
--
CREATE TABLE `craft_userpermissions` (
  `id` int(11) NOT NULL AUTO_INCREMENT,
  `name` varchar(255) COLLATE utf8_unicode_ci NOT NULL,
  `dateCreated` datetime NOT NULL,
  `dateUpdated` datetime NOT NULL,
  `uid` char(36) COLLATE utf8_unicode_ci NOT NULL DEFAULT '0',
  PRIMARY KEY (`id`),
  UNIQUE KEY `craft_userpermissions_name_unq_idx` (`name`)
) ENGINE=InnoDB DEFAULT CHARSET=utf8 COLLATE=utf8_unicode_ci;

DROP TABLE IF EXISTS `craft_userpermissions_usergroups`;


--
-- Schema for table `craft_userpermissions_usergroups`
--
CREATE TABLE `craft_userpermissions_usergroups` (
  `id` int(11) NOT NULL AUTO_INCREMENT,
  `permissionId` int(11) NOT NULL,
  `groupId` int(11) NOT NULL,
  `dateCreated` datetime NOT NULL,
  `dateUpdated` datetime NOT NULL,
  `uid` char(36) COLLATE utf8_unicode_ci NOT NULL DEFAULT '0',
  PRIMARY KEY (`id`),
  UNIQUE KEY `craft_userpermissions_usergroups_permissionId_groupId_unq_idx` (`permissionId`,`groupId`),
  KEY `craft_userpermissions_usergroups_groupId_fk` (`groupId`)
) ENGINE=InnoDB DEFAULT CHARSET=utf8 COLLATE=utf8_unicode_ci;

DROP TABLE IF EXISTS `craft_userpermissions_users`;


--
-- Schema for table `craft_userpermissions_users`
--
CREATE TABLE `craft_userpermissions_users` (
  `id` int(11) NOT NULL AUTO_INCREMENT,
  `permissionId` int(11) NOT NULL,
  `userId` int(11) NOT NULL,
  `dateCreated` datetime NOT NULL,
  `dateUpdated` datetime NOT NULL,
  `uid` char(36) COLLATE utf8_unicode_ci NOT NULL DEFAULT '0',
  PRIMARY KEY (`id`),
  UNIQUE KEY `craft_userpermissions_users_permissionId_userId_unq_idx` (`permissionId`,`userId`),
  KEY `craft_userpermissions_users_userId_fk` (`userId`)
) ENGINE=InnoDB DEFAULT CHARSET=utf8 COLLATE=utf8_unicode_ci;

DROP TABLE IF EXISTS `craft_users`;


--
-- Schema for table `craft_users`
--
CREATE TABLE `craft_users` (
  `id` int(11) NOT NULL,
  `username` varchar(100) COLLATE utf8_unicode_ci NOT NULL,
  `photo` varchar(100) COLLATE utf8_unicode_ci DEFAULT NULL,
  `firstName` varchar(100) COLLATE utf8_unicode_ci DEFAULT NULL,
  `lastName` varchar(100) COLLATE utf8_unicode_ci DEFAULT NULL,
  `email` varchar(255) COLLATE utf8_unicode_ci NOT NULL,
  `password` char(255) COLLATE utf8_unicode_ci DEFAULT NULL,
  `preferredLocale` char(12) COLLATE utf8_unicode_ci DEFAULT NULL,
  `weekStartDay` tinyint(1) unsigned NOT NULL DEFAULT '0',
  `admin` tinyint(1) unsigned NOT NULL DEFAULT '0',
  `client` tinyint(1) unsigned NOT NULL DEFAULT '0',
  `locked` tinyint(1) unsigned NOT NULL DEFAULT '0',
  `suspended` tinyint(1) unsigned NOT NULL DEFAULT '0',
  `pending` tinyint(1) unsigned NOT NULL DEFAULT '0',
  `archived` tinyint(1) unsigned NOT NULL DEFAULT '0',
  `lastLoginDate` datetime DEFAULT NULL,
  `lastLoginAttemptIPAddress` varchar(45) COLLATE utf8_unicode_ci DEFAULT NULL,
  `invalidLoginWindowStart` datetime DEFAULT NULL,
  `invalidLoginCount` tinyint(4) unsigned DEFAULT NULL,
  `lastInvalidLoginDate` datetime DEFAULT NULL,
  `lockoutDate` datetime DEFAULT NULL,
  `verificationCode` char(100) COLLATE utf8_unicode_ci DEFAULT NULL,
  `verificationCodeIssuedDate` datetime DEFAULT NULL,
  `unverifiedEmail` varchar(255) COLLATE utf8_unicode_ci DEFAULT NULL,
  `passwordResetRequired` tinyint(1) unsigned NOT NULL DEFAULT '0',
  `lastPasswordChangeDate` datetime DEFAULT NULL,
  `dateCreated` datetime NOT NULL,
  `dateUpdated` datetime NOT NULL,
  `uid` char(36) COLLATE utf8_unicode_ci NOT NULL DEFAULT '0',
  PRIMARY KEY (`id`),
  UNIQUE KEY `craft_users_username_unq_idx` (`username`),
  UNIQUE KEY `craft_users_email_unq_idx` (`email`),
  KEY `craft_users_verificationCode_idx` (`verificationCode`),
  KEY `craft_users_uid_idx` (`uid`),
  KEY `craft_users_preferredLocale_fk` (`preferredLocale`)
) ENGINE=InnoDB DEFAULT CHARSET=utf8 COLLATE=utf8_unicode_ci;

--
-- Data for table `craft_users`
--

INSERT INTO `craft_users` (`id`, `username`, `photo`, `firstName`, `lastName`, `email`, `password`, `preferredLocale`, `weekStartDay`, `admin`, `client`, `locked`, `suspended`, `pending`, `archived`, `lastLoginDate`, `lastLoginAttemptIPAddress`, `invalidLoginWindowStart`, `invalidLoginCount`, `lastInvalidLoginDate`, `lockoutDate`, `verificationCode`, `verificationCodeIssuedDate`, `unverifiedEmail`, `passwordResetRequired`, `lastPasswordChangeDate`, `dateCreated`, `dateUpdated`, `uid`) VALUES
 ('1', 'admin', NULL, NULL, NULL, 'admin@segmental.ru', '$2y$13$/B6yQJUdZAPg3.JgfxbZhOJwXyJOPDnHWF1JI.SH7x1Qe6bNF7EHS', NULL, '0', '1', '0', '0', '0', '0', '0', '2017-05-04 13:12:38', '::1', NULL, NULL, NULL, NULL, NULL, NULL, NULL, '0', '2017-04-27 15:30:00', '2017-04-27 15:30:00', '2017-05-04 13:12:38', 'f166f5e1-9aed-4b3f-a13f-9e4a69aee873');



DROP TABLE IF EXISTS `craft_widgets`;


--
-- Schema for table `craft_widgets`
--
CREATE TABLE `craft_widgets` (
  `id` int(11) NOT NULL AUTO_INCREMENT,
  `userId` int(11) NOT NULL,
  `type` varchar(150) COLLATE utf8_unicode_ci NOT NULL,
  `sortOrder` smallint(6) unsigned DEFAULT NULL,
  `colspan` tinyint(4) unsigned DEFAULT NULL,
  `settings` text COLLATE utf8_unicode_ci,
  `enabled` tinyint(1) unsigned NOT NULL DEFAULT '1',
  `dateCreated` datetime NOT NULL,
  `dateUpdated` datetime NOT NULL,
  `uid` char(36) COLLATE utf8_unicode_ci NOT NULL DEFAULT '0',
  PRIMARY KEY (`id`),
  KEY `craft_widgets_userId_fk` (`userId`)
) ENGINE=InnoDB AUTO_INCREMENT=5 DEFAULT CHARSET=utf8 COLLATE=utf8_unicode_ci;

--
-- Data for table `craft_widgets`
--

INSERT INTO `craft_widgets` (`id`, `userId`, `type`, `sortOrder`, `colspan`, `settings`, `enabled`, `dateCreated`, `dateUpdated`, `uid`) VALUES
 ('1', '1', 'RecentEntries', '1', NULL, NULL, '1', '2017-04-27 15:36:33', '2017-04-27 15:36:33', '1debe177-f78b-4a37-ad3a-df422f59b590'),
 ('2', '1', 'GetHelp', '2', NULL, NULL, '1', '2017-04-27 15:36:33', '2017-04-27 15:36:33', '7c241abf-dd5e-4db1-97b8-215dc3dd5270'),
 ('3', '1', 'Updates', '3', NULL, NULL, '1', '2017-04-27 15:36:33', '2017-04-27 15:36:33', '42991c41-8ff6-43fc-98d8-77c9c66429e7'),
 ('4', '1', 'Feed', '4', NULL, '{\"url\":\"https:\\/\\/craftcms.com\\/news.rss\",\"title\":\"Craft News\"}', '1', '2017-04-27 15:36:33', '2017-04-27 15:36:33', 'b8321a55-0896-4b2a-9c52-6f00c70eecf5');


--
-- Constraints for tables
--


--
-- Constraints for table `craft_assetfiles`
--
ALTER TABLE `craft_assetfiles`
	ADD CONSTRAINT `craft_assetfiles_folderId_fk` FOREIGN KEY (`folderId`) REFERENCES `craft_assetfolders` (`id`) ON DELETE CASCADE,
	ADD CONSTRAINT `craft_assetfiles_id_fk` FOREIGN KEY (`id`) REFERENCES `craft_elements` (`id`) ON DELETE CASCADE,
	ADD CONSTRAINT `craft_assetfiles_sourceId_fk` FOREIGN KEY (`sourceId`) REFERENCES `craft_assetsources` (`id`) ON DELETE CASCADE;

--
-- Constraints for table `craft_assetfolders`
--
ALTER TABLE `craft_assetfolders`
	ADD CONSTRAINT `craft_assetfolders_sourceId_fk` FOREIGN KEY (`sourceId`) REFERENCES `craft_assetsources` (`id`) ON DELETE CASCADE,
	ADD CONSTRAINT `craft_assetfolders_parentId_fk` FOREIGN KEY (`parentId`) REFERENCES `craft_assetfolders` (`id`) ON DELETE CASCADE;

--
-- Constraints for table `craft_assetindexdata`
--
ALTER TABLE `craft_assetindexdata`
	ADD CONSTRAINT `craft_assetindexdata_sourceId_fk` FOREIGN KEY (`sourceId`) REFERENCES `craft_assetsources` (`id`) ON DELETE CASCADE;

--
-- Constraints for table `craft_assetsources`
--
ALTER TABLE `craft_assetsources`
	ADD CONSTRAINT `craft_assetsources_fieldLayoutId_fk` FOREIGN KEY (`fieldLayoutId`) REFERENCES `craft_fieldlayouts` (`id`) ON DELETE SET NULL;

--
-- Constraints for table `craft_categories`
--
ALTER TABLE `craft_categories`
	ADD CONSTRAINT `craft_categories_groupId_fk` FOREIGN KEY (`groupId`) REFERENCES `craft_categorygroups` (`id`) ON DELETE CASCADE,
	ADD CONSTRAINT `craft_categories_id_fk` FOREIGN KEY (`id`) REFERENCES `craft_elements` (`id`) ON DELETE CASCADE;

--
-- Constraints for table `craft_categorygroups`
--
ALTER TABLE `craft_categorygroups`
	ADD CONSTRAINT `craft_categorygroups_fieldLayoutId_fk` FOREIGN KEY (`fieldLayoutId`) REFERENCES `craft_fieldlayouts` (`id`) ON DELETE SET NULL,
	ADD CONSTRAINT `craft_categorygroups_structureId_fk` FOREIGN KEY (`structureId`) REFERENCES `craft_structures` (`id`) ON DELETE CASCADE;

--
-- Constraints for table `craft_categorygroups_i18n`
--
ALTER TABLE `craft_categorygroups_i18n`
	ADD CONSTRAINT `craft_categorygroups_i18n_locale_fk` FOREIGN KEY (`locale`) REFERENCES `craft_locales` (`locale`) ON DELETE CASCADE ON UPDATE CASCADE,
	ADD CONSTRAINT `craft_categorygroups_i18n_groupId_fk` FOREIGN KEY (`groupId`) REFERENCES `craft_categorygroups` (`id`) ON DELETE CASCADE;

--
-- Constraints for table `craft_content`
--
ALTER TABLE `craft_content`
	ADD CONSTRAINT `craft_content_elementId_fk` FOREIGN KEY (`elementId`) REFERENCES `craft_elements` (`id`) ON DELETE CASCADE,
	ADD CONSTRAINT `craft_content_locale_fk` FOREIGN KEY (`locale`) REFERENCES `craft_locales` (`locale`) ON DELETE CASCADE ON UPDATE CASCADE;

--
-- Constraints for table `craft_elements_i18n`
--
ALTER TABLE `craft_elements_i18n`
	ADD CONSTRAINT `craft_elements_i18n_locale_fk` FOREIGN KEY (`locale`) REFERENCES `craft_locales` (`locale`) ON DELETE CASCADE ON UPDATE CASCADE,
	ADD CONSTRAINT `craft_elements_i18n_elementId_fk` FOREIGN KEY (`elementId`) REFERENCES `craft_elements` (`id`) ON DELETE CASCADE;

--
-- Constraints for table `craft_emailmessages`
--
ALTER TABLE `craft_emailmessages`
	ADD CONSTRAINT `craft_emailmessages_locale_fk` FOREIGN KEY (`locale`) REFERENCES `craft_locales` (`locale`) ON DELETE CASCADE ON UPDATE CASCADE;

--
-- Constraints for table `craft_entries`
--
ALTER TABLE `craft_entries`
	ADD CONSTRAINT `craft_entries_authorId_fk` FOREIGN KEY (`authorId`) REFERENCES `craft_users` (`id`) ON DELETE CASCADE,
	ADD CONSTRAINT `craft_entries_id_fk` FOREIGN KEY (`id`) REFERENCES `craft_elements` (`id`) ON DELETE CASCADE,
	ADD CONSTRAINT `craft_entries_sectionId_fk` FOREIGN KEY (`sectionId`) REFERENCES `craft_sections` (`id`) ON DELETE CASCADE,
	ADD CONSTRAINT `craft_entries_typeId_fk` FOREIGN KEY (`typeId`) REFERENCES `craft_entrytypes` (`id`) ON DELETE CASCADE;

--
-- Constraints for table `craft_entrydrafts`
--
ALTER TABLE `craft_entrydrafts`
	ADD CONSTRAINT `craft_entrydrafts_locale_fk` FOREIGN KEY (`locale`) REFERENCES `craft_locales` (`locale`) ON DELETE CASCADE ON UPDATE CASCADE,
	ADD CONSTRAINT `craft_entrydrafts_creatorId_fk` FOREIGN KEY (`creatorId`) REFERENCES `craft_users` (`id`) ON DELETE CASCADE,
	ADD CONSTRAINT `craft_entrydrafts_entryId_fk` FOREIGN KEY (`entryId`) REFERENCES `craft_entries` (`id`) ON DELETE CASCADE,
	ADD CONSTRAINT `craft_entrydrafts_sectionId_fk` FOREIGN KEY (`sectionId`) REFERENCES `craft_sections` (`id`) ON DELETE CASCADE;

--
-- Constraints for table `craft_entrytypes`
--
ALTER TABLE `craft_entrytypes`
	ADD CONSTRAINT `craft_entrytypes_fieldLayoutId_fk` FOREIGN KEY (`fieldLayoutId`) REFERENCES `craft_fieldlayouts` (`id`) ON DELETE SET NULL,
	ADD CONSTRAINT `craft_entrytypes_sectionId_fk` FOREIGN KEY (`sectionId`) REFERENCES `craft_sections` (`id`) ON DELETE CASCADE;

--
-- Constraints for table `craft_entryversions`
--
ALTER TABLE `craft_entryversions`
	ADD CONSTRAINT `craft_entryversions_locale_fk` FOREIGN KEY (`locale`) REFERENCES `craft_locales` (`locale`) ON DELETE CASCADE ON UPDATE CASCADE,
	ADD CONSTRAINT `craft_entryversions_creatorId_fk` FOREIGN KEY (`creatorId`) REFERENCES `craft_users` (`id`) ON DELETE SET NULL,
	ADD CONSTRAINT `craft_entryversions_entryId_fk` FOREIGN KEY (`entryId`) REFERENCES `craft_entries` (`id`) ON DELETE CASCADE,
	ADD CONSTRAINT `craft_entryversions_sectionId_fk` FOREIGN KEY (`sectionId`) REFERENCES `craft_sections` (`id`) ON DELETE CASCADE;

--
-- Constraints for table `craft_fieldlayoutfields`
--
ALTER TABLE `craft_fieldlayoutfields`
	ADD CONSTRAINT `craft_fieldlayoutfields_fieldId_fk` FOREIGN KEY (`fieldId`) REFERENCES `craft_fields` (`id`) ON DELETE CASCADE,
	ADD CONSTRAINT `craft_fieldlayoutfields_layoutId_fk` FOREIGN KEY (`layoutId`) REFERENCES `craft_fieldlayouts` (`id`) ON DELETE CASCADE,
	ADD CONSTRAINT `craft_fieldlayoutfields_tabId_fk` FOREIGN KEY (`tabId`) REFERENCES `craft_fieldlayouttabs` (`id`) ON DELETE CASCADE;

--
-- Constraints for table `craft_fieldlayouttabs`
--
ALTER TABLE `craft_fieldlayouttabs`
	ADD CONSTRAINT `craft_fieldlayouttabs_layoutId_fk` FOREIGN KEY (`layoutId`) REFERENCES `craft_fieldlayouts` (`id`) ON DELETE CASCADE;

--
-- Constraints for table `craft_fields`
--
ALTER TABLE `craft_fields`
	ADD CONSTRAINT `craft_fields_groupId_fk` FOREIGN KEY (`groupId`) REFERENCES `craft_fieldgroups` (`id`) ON DELETE CASCADE;

--
-- Constraints for table `craft_globalsets`
--
ALTER TABLE `craft_globalsets`
	ADD CONSTRAINT `craft_globalsets_fieldLayoutId_fk` FOREIGN KEY (`fieldLayoutId`) REFERENCES `craft_fieldlayouts` (`id`) ON DELETE SET NULL,
	ADD CONSTRAINT `craft_globalsets_id_fk` FOREIGN KEY (`id`) REFERENCES `craft_elements` (`id`) ON DELETE CASCADE;

--
-- Constraints for table `craft_matrixblocks`
--
ALTER TABLE `craft_matrixblocks`
	ADD CONSTRAINT `craft_matrixblocks_typeId_fk` FOREIGN KEY (`typeId`) REFERENCES `craft_matrixblocktypes` (`id`) ON DELETE CASCADE,
	ADD CONSTRAINT `craft_matrixblocks_fieldId_fk` FOREIGN KEY (`fieldId`) REFERENCES `craft_fields` (`id`) ON DELETE CASCADE,
	ADD CONSTRAINT `craft_matrixblocks_id_fk` FOREIGN KEY (`id`) REFERENCES `craft_elements` (`id`) ON DELETE CASCADE,
	ADD CONSTRAINT `craft_matrixblocks_ownerId_fk` FOREIGN KEY (`ownerId`) REFERENCES `craft_elements` (`id`) ON DELETE CASCADE,
	ADD CONSTRAINT `craft_matrixblocks_ownerLocale_fk` FOREIGN KEY (`ownerLocale`) REFERENCES `craft_locales` (`locale`) ON DELETE CASCADE ON UPDATE CASCADE;

--
-- Constraints for table `craft_matrixblocktypes`
--
ALTER TABLE `craft_matrixblocktypes`
	ADD CONSTRAINT `craft_matrixblocktypes_fieldLayoutId_fk` FOREIGN KEY (`fieldLayoutId`) REFERENCES `craft_fieldlayouts` (`id`) ON DELETE SET NULL,
	ADD CONSTRAINT `craft_matrixblocktypes_fieldId_fk` FOREIGN KEY (`fieldId`) REFERENCES `craft_fields` (`id`) ON DELETE CASCADE;

--
-- Constraints for table `craft_matrixcontent_menuitem`
--
ALTER TABLE `craft_matrixcontent_menuitem`
	ADD CONSTRAINT `craft_matrixcontent_menuitem_elementId_fk` FOREIGN KEY (`elementId`) REFERENCES `craft_elements` (`id`) ON DELETE CASCADE,
	ADD CONSTRAINT `craft_matrixcontent_menuitem_locale_fk` FOREIGN KEY (`locale`) REFERENCES `craft_locales` (`locale`) ON DELETE CASCADE ON UPDATE CASCADE;

--
-- Constraints for table `craft_migrations`
--
ALTER TABLE `craft_migrations`
	ADD CONSTRAINT `craft_migrations_pluginId_fk` FOREIGN KEY (`pluginId`) REFERENCES `craft_plugins` (`id`) ON DELETE CASCADE;

--
-- Constraints for table `craft_navee_navigations`
--
ALTER TABLE `craft_navee_navigations`
	ADD CONSTRAINT `craft_navee_navigations_creatorId_fk` FOREIGN KEY (`creatorId`) REFERENCES `craft_users` (`id`) ON DELETE SET NULL,
	ADD CONSTRAINT `craft_navee_navigations_fieldLayoutId_fk` FOREIGN KEY (`fieldLayoutId`) REFERENCES `craft_fieldlayouts` (`id`) ON DELETE SET NULL;

--
-- Constraints for table `craft_navee_nodes`
--
ALTER TABLE `craft_navee_nodes`
	ADD CONSTRAINT `craft_navee_nodes_navigationId_fk` FOREIGN KEY (`navigationId`) REFERENCES `craft_navee_navigations` (`id`) ON DELETE CASCADE,
	ADD CONSTRAINT `craft_navee_nodes_id_fk` FOREIGN KEY (`id`) REFERENCES `craft_elements` (`id`) ON DELETE CASCADE;

--
-- Constraints for table `craft_relations`
--
ALTER TABLE `craft_relations`
	ADD CONSTRAINT `craft_relations_targetId_fk` FOREIGN KEY (`targetId`) REFERENCES `craft_elements` (`id`) ON DELETE CASCADE,
	ADD CONSTRAINT `craft_relations_fieldId_fk` FOREIGN KEY (`fieldId`) REFERENCES `craft_fields` (`id`) ON DELETE CASCADE,
	ADD CONSTRAINT `craft_relations_sourceId_fk` FOREIGN KEY (`sourceId`) REFERENCES `craft_elements` (`id`) ON DELETE CASCADE,
	ADD CONSTRAINT `craft_relations_sourceLocale_fk` FOREIGN KEY (`sourceLocale`) REFERENCES `craft_locales` (`locale`) ON DELETE CASCADE ON UPDATE CASCADE;

--
-- Constraints for table `craft_routes`
--
ALTER TABLE `craft_routes`
	ADD CONSTRAINT `craft_routes_locale_fk` FOREIGN KEY (`locale`) REFERENCES `craft_locales` (`locale`) ON DELETE CASCADE ON UPDATE CASCADE;

--
-- Constraints for table `craft_sections`
--
ALTER TABLE `craft_sections`
	ADD CONSTRAINT `craft_sections_structureId_fk` FOREIGN KEY (`structureId`) REFERENCES `craft_structures` (`id`) ON DELETE SET NULL;

--
-- Constraints for table `craft_sections_i18n`
--
ALTER TABLE `craft_sections_i18n`
	ADD CONSTRAINT `craft_sections_i18n_locale_fk` FOREIGN KEY (`locale`) REFERENCES `craft_locales` (`locale`) ON DELETE CASCADE ON UPDATE CASCADE,
	ADD CONSTRAINT `craft_sections_i18n_sectionId_fk` FOREIGN KEY (`sectionId`) REFERENCES `craft_sections` (`id`) ON DELETE CASCADE;

--
-- Constraints for table `craft_sessions`
--
ALTER TABLE `craft_sessions`
	ADD CONSTRAINT `craft_sessions_userId_fk` FOREIGN KEY (`userId`) REFERENCES `craft_users` (`id`) ON DELETE CASCADE;

--
-- Constraints for table `craft_shunnedmessages`
--
ALTER TABLE `craft_shunnedmessages`
	ADD CONSTRAINT `craft_shunnedmessages_userId_fk` FOREIGN KEY (`userId`) REFERENCES `craft_users` (`id`) ON DELETE CASCADE;

--
-- Constraints for table `craft_structureelements`
--
ALTER TABLE `craft_structureelements`
	ADD CONSTRAINT `craft_structureelements_elementId_fk` FOREIGN KEY (`elementId`) REFERENCES `craft_elements` (`id`) ON DELETE CASCADE,
	ADD CONSTRAINT `craft_structureelements_structureId_fk` FOREIGN KEY (`structureId`) REFERENCES `craft_structures` (`id`) ON DELETE CASCADE;

--
-- Constraints for table `craft_taggroups`
--
ALTER TABLE `craft_taggroups`
	ADD CONSTRAINT `craft_taggroups_fieldLayoutId_fk` FOREIGN KEY (`fieldLayoutId`) REFERENCES `craft_fieldlayouts` (`id`) ON DELETE SET NULL;

--
-- Constraints for table `craft_tags`
--
ALTER TABLE `craft_tags`
	ADD CONSTRAINT `craft_tags_groupId_fk` FOREIGN KEY (`groupId`) REFERENCES `craft_taggroups` (`id`) ON DELETE CASCADE,
	ADD CONSTRAINT `craft_tags_id_fk` FOREIGN KEY (`id`) REFERENCES `craft_elements` (`id`) ON DELETE CASCADE;

--
-- Constraints for table `craft_templatecachecriteria`
--
ALTER TABLE `craft_templatecachecriteria`
	ADD CONSTRAINT `craft_templatecachecriteria_cacheId_fk` FOREIGN KEY (`cacheId`) REFERENCES `craft_templatecaches` (`id`) ON DELETE CASCADE;

--
-- Constraints for table `craft_templatecacheelements`
--
ALTER TABLE `craft_templatecacheelements`
	ADD CONSTRAINT `craft_templatecacheelements_elementId_fk` FOREIGN KEY (`elementId`) REFERENCES `craft_elements` (`id`) ON DELETE CASCADE,
	ADD CONSTRAINT `craft_templatecacheelements_cacheId_fk` FOREIGN KEY (`cacheId`) REFERENCES `craft_templatecaches` (`id`) ON DELETE CASCADE;

--
-- Constraints for table `craft_templatecaches`
--
ALTER TABLE `craft_templatecaches`
	ADD CONSTRAINT `craft_templatecaches_locale_fk` FOREIGN KEY (`locale`) REFERENCES `craft_locales` (`locale`) ON DELETE CASCADE ON UPDATE CASCADE;

--
-- Constraints for table `craft_usergroups_users`
--
ALTER TABLE `craft_usergroups_users`
	ADD CONSTRAINT `craft_usergroups_users_userId_fk` FOREIGN KEY (`userId`) REFERENCES `craft_users` (`id`) ON DELETE CASCADE,
	ADD CONSTRAINT `craft_usergroups_users_groupId_fk` FOREIGN KEY (`groupId`) REFERENCES `craft_usergroups` (`id`) ON DELETE CASCADE;

--
-- Constraints for table `craft_userpermissions_usergroups`
--
ALTER TABLE `craft_userpermissions_usergroups`
	ADD CONSTRAINT `craft_userpermissions_usergroups_groupId_fk` FOREIGN KEY (`groupId`) REFERENCES `craft_usergroups` (`id`) ON DELETE CASCADE,
	ADD CONSTRAINT `craft_userpermissions_usergroups_permissionId_fk` FOREIGN KEY (`permissionId`) REFERENCES `craft_userpermissions` (`id`) ON DELETE CASCADE;

--
-- Constraints for table `craft_userpermissions_users`
--
ALTER TABLE `craft_userpermissions_users`
	ADD CONSTRAINT `craft_userpermissions_users_userId_fk` FOREIGN KEY (`userId`) REFERENCES `craft_users` (`id`) ON DELETE CASCADE,
	ADD CONSTRAINT `craft_userpermissions_users_permissionId_fk` FOREIGN KEY (`permissionId`) REFERENCES `craft_userpermissions` (`id`) ON DELETE CASCADE;

--
-- Constraints for table `craft_users`
--
ALTER TABLE `craft_users`
	ADD CONSTRAINT `craft_users_preferredLocale_fk` FOREIGN KEY (`preferredLocale`) REFERENCES `craft_locales` (`locale`) ON DELETE SET NULL ON UPDATE CASCADE,
	ADD CONSTRAINT `craft_users_id_fk` FOREIGN KEY (`id`) REFERENCES `craft_elements` (`id`) ON DELETE CASCADE;

--
-- Constraints for table `craft_widgets`
--
ALTER TABLE `craft_widgets`
	ADD CONSTRAINT `craft_widgets_userId_fk` FOREIGN KEY (`userId`) REFERENCES `craft_users` (`id`) ON DELETE CASCADE;

SET FOREIGN_KEY_CHECKS = 1;
