-- Generated by Craft v2.6.2976 on 04 мая 2017 г., 9:25:29.

--
-- Disable foreign key checks and autocommit.
--

SET FOREIGN_KEY_CHECKS = 0;
SET SQL_MODE = "NO_AUTO_VALUE_ON_ZERO";
SET AUTOCOMMIT = 0;
SET NAMES utf8;


DROP TABLE IF EXISTS `craft_assetfiles`;


--
-- Schema for table `craft_assetfiles`
--
CREATE TABLE `craft_assetfiles` (
  `id` int(11) NOT NULL,
  `sourceId` int(11) DEFAULT NULL,
  `folderId` int(11) NOT NULL,
  `filename` varchar(255) COLLATE utf8_unicode_ci NOT NULL,
  `kind` varchar(50) COLLATE utf8_unicode_ci NOT NULL DEFAULT 'unknown',
  `width` int(11) unsigned DEFAULT NULL,
  `height` int(11) unsigned DEFAULT NULL,
  `size` bigint(20) unsigned DEFAULT NULL,
  `dateModified` datetime DEFAULT NULL,
  `dateCreated` datetime NOT NULL,
  `dateUpdated` datetime NOT NULL,
  `uid` char(36) COLLATE utf8_unicode_ci NOT NULL DEFAULT '0',
  PRIMARY KEY (`id`),
  UNIQUE KEY `craft_assetfiles_filename_folderId_unq_idx` (`filename`,`folderId`),
  KEY `craft_assetfiles_sourceId_fk` (`sourceId`),
  KEY `craft_assetfiles_folderId_fk` (`folderId`)
) ENGINE=InnoDB DEFAULT CHARSET=utf8 COLLATE=utf8_unicode_ci;

--
-- Data for table `craft_assetfiles`
--

INSERT INTO `craft_assetfiles` (`id`, `sourceId`, `folderId`, `filename`, `kind`, `width`, `height`, `size`, `dateModified`, `dateCreated`, `dateUpdated`, `uid`) VALUES
 ('46', '1', '1', 'Дина-Мария-Ийнбор.jpg', 'image', '853', '853', '208889', '2017-05-02 15:29:04', '2017-05-02 15:29:04', '2017-05-02 15:29:04', '5bd1bfb9-a0b0-42d5-8207-630c1c12f7a9');



DROP TABLE IF EXISTS `craft_assetfolders`;


--
-- Schema for table `craft_assetfolders`
--
CREATE TABLE `craft_assetfolders` (
  `id` int(11) NOT NULL AUTO_INCREMENT,
  `parentId` int(11) DEFAULT NULL,
  `sourceId` int(11) DEFAULT NULL,
  `name` varchar(255) COLLATE utf8_unicode_ci NOT NULL,
  `path` varchar(255) COLLATE utf8_unicode_ci DEFAULT NULL,
  `dateCreated` datetime NOT NULL,
  `dateUpdated` datetime NOT NULL,
  `uid` char(36) COLLATE utf8_unicode_ci NOT NULL DEFAULT '0',
  PRIMARY KEY (`id`),
  UNIQUE KEY `craft_assetfolders_name_parentId_sourceId_unq_idx` (`name`,`parentId`,`sourceId`),
  KEY `craft_assetfolders_parentId_fk` (`parentId`),
  KEY `craft_assetfolders_sourceId_fk` (`sourceId`)
) ENGINE=InnoDB AUTO_INCREMENT=7 DEFAULT CHARSET=utf8 COLLATE=utf8_unicode_ci;

--
-- Data for table `craft_assetfolders`
--

INSERT INTO `craft_assetfolders` (`id`, `parentId`, `sourceId`, `name`, `path`, `dateCreated`, `dateUpdated`, `uid`) VALUES
 ('1', NULL, '1', 'Документы', '', '2017-04-28 09:48:56', '2017-04-28 09:48:56', '13bf577c-00ca-42b0-8434-ad930b5c3830'),
 ('2', NULL, '2', 'Изображения', '', '2017-04-28 09:50:46', '2017-04-28 09:50:46', 'c0adbcd8-54e6-463a-b93c-ab4846cf5bb3'),
 ('3', NULL, NULL, 'Temporary source', NULL, '2017-04-28 09:57:30', '2017-04-28 09:57:30', 'b3b0fe48-3d14-4f99-a299-3e74d56d1d5f'),
 ('4', '3', NULL, 'user_1', 'user_1/', '2017-04-28 09:57:30', '2017-04-28 09:57:30', '6b1fc065-a3a4-4c38-80d4-af10fd20ddf6'),
 ('5', '4', NULL, 'field_33', 'user_1/field_33/', '2017-04-28 09:57:30', '2017-04-28 09:57:30', 'cefd491f-46f1-458d-9239-a40f7c56f654'),
 ('6', '2', '2', 'design', 'design/', '2017-04-28 09:58:10', '2017-04-28 09:58:10', '6933295c-bce0-4485-a7e1-8e308be2670e');



DROP TABLE IF EXISTS `craft_assetindexdata`;


--
-- Schema for table `craft_assetindexdata`
--
CREATE TABLE `craft_assetindexdata` (
  `id` int(11) NOT NULL AUTO_INCREMENT,
  `sessionId` varchar(36) COLLATE utf8_unicode_ci NOT NULL DEFAULT '',
  `sourceId` int(10) NOT NULL,
  `offset` int(10) NOT NULL,
  `uri` varchar(255) COLLATE utf8_unicode_ci DEFAULT NULL,
  `size` varchar(255) COLLATE utf8_unicode_ci DEFAULT NULL,
  `recordId` int(10) DEFAULT NULL,
  `dateCreated` datetime NOT NULL,
  `dateUpdated` datetime NOT NULL,
  `uid` char(36) COLLATE utf8_unicode_ci NOT NULL DEFAULT '0',
  PRIMARY KEY (`id`),
  UNIQUE KEY `craft_assetindexdata_sessionId_sourceId_offset_unq_idx` (`sessionId`,`sourceId`,`offset`),
  KEY `craft_assetindexdata_sourceId_fk` (`sourceId`)
) ENGINE=InnoDB DEFAULT CHARSET=utf8 COLLATE=utf8_unicode_ci;

DROP TABLE IF EXISTS `craft_assetsources`;


--
-- Schema for table `craft_assetsources`
--
CREATE TABLE `craft_assetsources` (
  `id` int(11) NOT NULL AUTO_INCREMENT,
  `name` varchar(255) COLLATE utf8_unicode_ci NOT NULL,
  `handle` varchar(255) COLLATE utf8_unicode_ci NOT NULL,
  `type` varchar(150) COLLATE utf8_unicode_ci NOT NULL,
  `settings` text COLLATE utf8_unicode_ci,
  `sortOrder` smallint(6) unsigned DEFAULT NULL,
  `fieldLayoutId` int(10) DEFAULT NULL,
  `dateCreated` datetime NOT NULL,
  `dateUpdated` datetime NOT NULL,
  `uid` char(36) COLLATE utf8_unicode_ci NOT NULL DEFAULT '0',
  PRIMARY KEY (`id`),
  UNIQUE KEY `craft_assetsources_name_unq_idx` (`name`),
  UNIQUE KEY `craft_assetsources_handle_unq_idx` (`handle`),
  KEY `craft_assetsources_fieldLayoutId_fk` (`fieldLayoutId`)
) ENGINE=InnoDB AUTO_INCREMENT=3 DEFAULT CHARSET=utf8 COLLATE=utf8_unicode_ci;

--
-- Data for table `craft_assetsources`
--

INSERT INTO `craft_assetsources` (`id`, `name`, `handle`, `type`, `settings`, `sortOrder`, `fieldLayoutId`, `dateCreated`, `dateUpdated`, `uid`) VALUES
 ('1', 'Документы', 'rDocs', 'Local', '{\"path\":\"{basePath}files\\/docs\\/\",\"publicURLs\":\"1\",\"url\":\"{baseUrl}files\\/docs\\/\"}', '1', '31', '2017-04-28 09:48:56', '2017-04-28 09:48:56', '67a45582-6789-4cfc-a699-071bb293bf3b'),
 ('2', 'Изображения', 'rPics', 'Local', '{\"path\":\"{basePath}img\\/pics\\/\",\"publicURLs\":\"1\",\"url\":\"{baseUrl}img\\/pics\\/\"}', '2', '32', '2017-04-28 09:50:46', '2017-04-28 09:50:46', '229fe1cf-dcb4-4fd3-b4fe-0591b1afdcb4');



DROP TABLE IF EXISTS `craft_assettransformindex`;


--
-- Schema for table `craft_assettransformindex`
--
CREATE TABLE `craft_assettransformindex` (
  `id` int(11) NOT NULL AUTO_INCREMENT,
  `fileId` int(11) NOT NULL,
  `filename` varchar(255) COLLATE utf8_unicode_ci DEFAULT NULL,
  `format` varchar(255) COLLATE utf8_unicode_ci DEFAULT NULL,
  `location` varchar(255) COLLATE utf8_unicode_ci NOT NULL,
  `sourceId` int(11) DEFAULT NULL,
  `fileExists` tinyint(1) DEFAULT NULL,
  `inProgress` tinyint(1) DEFAULT NULL,
  `dateIndexed` datetime DEFAULT NULL,
  `dateCreated` datetime NOT NULL,
  `dateUpdated` datetime NOT NULL,
  `uid` char(36) COLLATE utf8_unicode_ci NOT NULL DEFAULT '0',
  PRIMARY KEY (`id`),
  KEY `craft_assettransformindex_sourceId_fileId_location_idx` (`sourceId`,`fileId`,`location`)
) ENGINE=InnoDB DEFAULT CHARSET=utf8 COLLATE=utf8_unicode_ci;

DROP TABLE IF EXISTS `craft_assettransforms`;


--
-- Schema for table `craft_assettransforms`
--
CREATE TABLE `craft_assettransforms` (
  `id` int(11) NOT NULL AUTO_INCREMENT,
  `name` varchar(255) COLLATE utf8_unicode_ci NOT NULL,
  `handle` varchar(255) COLLATE utf8_unicode_ci NOT NULL,
  `mode` enum('stretch','fit','crop') COLLATE utf8_unicode_ci NOT NULL DEFAULT 'crop',
  `position` enum('top-left','top-center','top-right','center-left','center-center','center-right','bottom-left','bottom-center','bottom-right') COLLATE utf8_unicode_ci NOT NULL DEFAULT 'center-center',
  `height` int(10) DEFAULT NULL,
  `width` int(10) DEFAULT NULL,
  `format` varchar(255) COLLATE utf8_unicode_ci DEFAULT NULL,
  `quality` int(10) DEFAULT NULL,
  `dimensionChangeTime` datetime DEFAULT NULL,
  `dateCreated` datetime NOT NULL,
  `dateUpdated` datetime NOT NULL,
  `uid` char(36) COLLATE utf8_unicode_ci NOT NULL DEFAULT '0',
  PRIMARY KEY (`id`),
  UNIQUE KEY `craft_assettransforms_name_unq_idx` (`name`),
  UNIQUE KEY `craft_assettransforms_handle_unq_idx` (`handle`)
) ENGINE=InnoDB DEFAULT CHARSET=utf8 COLLATE=utf8_unicode_ci;

DROP TABLE IF EXISTS `craft_categories`;


--
-- Schema for table `craft_categories`
--
CREATE TABLE `craft_categories` (
  `id` int(11) NOT NULL,
  `groupId` int(11) NOT NULL,
  `dateCreated` datetime NOT NULL,
  `dateUpdated` datetime NOT NULL,
  `uid` char(36) COLLATE utf8_unicode_ci NOT NULL DEFAULT '0',
  PRIMARY KEY (`id`),
  KEY `craft_categories_groupId_fk` (`groupId`)
) ENGINE=InnoDB DEFAULT CHARSET=utf8 COLLATE=utf8_unicode_ci;

--
-- Data for table `craft_categories`
--

INSERT INTO `craft_categories` (`id`, `groupId`, `dateCreated`, `dateUpdated`, `uid`) VALUES
 ('4', '1', '2017-04-27 16:06:30', '2017-05-03 10:45:44', '576a3a1f-da7e-46d6-a62a-ebb8b6d7a31a'),
 ('5', '1', '2017-04-27 16:06:56', '2017-05-03 10:46:38', 'f1dc014a-fde1-4da6-84a9-3ca7e2cb8ddf'),
 ('6', '1', '2017-04-27 16:08:32', '2017-05-03 10:53:47', '6f81f531-4e64-43fe-b508-2e4ce6619e92'),
 ('7', '2', '2017-04-27 16:11:27', '2017-04-27 16:11:48', '363cd4a7-ffa9-498a-80ba-9a1037f6b283'),
 ('8', '2', '2017-04-27 16:12:12', '2017-04-27 16:12:19', '73a179f4-ff79-4b06-ad81-3a593df2d78f'),
 ('9', '2', '2017-04-27 16:13:21', '2017-04-27 16:13:31', '992973e3-a38d-46bb-9d28-f4bb97f19a77'),
 ('10', '2', '2017-04-27 16:14:05', '2017-04-27 16:14:19', 'ea54be89-614e-4074-8fd3-43d58bacebef');



DROP TABLE IF EXISTS `craft_categorygroups`;


--
-- Schema for table `craft_categorygroups`
--
CREATE TABLE `craft_categorygroups` (
  `id` int(11) NOT NULL AUTO_INCREMENT,
  `structureId` int(11) NOT NULL,
  `fieldLayoutId` int(11) DEFAULT NULL,
  `name` varchar(255) COLLATE utf8_unicode_ci NOT NULL,
  `handle` varchar(255) COLLATE utf8_unicode_ci NOT NULL,
  `hasUrls` tinyint(1) unsigned NOT NULL DEFAULT '1',
  `template` varchar(500) COLLATE utf8_unicode_ci DEFAULT NULL,
  `dateCreated` datetime NOT NULL,
  `dateUpdated` datetime NOT NULL,
  `uid` char(36) COLLATE utf8_unicode_ci NOT NULL DEFAULT '0',
  PRIMARY KEY (`id`),
  UNIQUE KEY `craft_categorygroups_name_unq_idx` (`name`),
  UNIQUE KEY `craft_categorygroups_handle_unq_idx` (`handle`),
  KEY `craft_categorygroups_structureId_fk` (`structureId`),
  KEY `craft_categorygroups_fieldLayoutId_fk` (`fieldLayoutId`)
) ENGINE=InnoDB AUTO_INCREMENT=3 DEFAULT CHARSET=utf8 COLLATE=utf8_unicode_ci;

--
-- Data for table `craft_categorygroups`
--

INSERT INTO `craft_categorygroups` (`id`, `structureId`, `fieldLayoutId`, `name`, `handle`, `hasUrls`, `template`, `dateCreated`, `dateUpdated`, `uid`) VALUES
 ('1', '2', '44', 'Команда', 'groupTeam', '1', 'persons/_category', '2017-04-27 16:04:31', '2017-05-03 10:45:09', 'cb1efbf5-784e-4401-8999-cc410f6e41ed'),
 ('2', '3', '8', 'Публикации', 'groupPublications', '1', 'publications/_category', '2017-04-27 16:05:29', '2017-04-27 16:05:29', '8e86b8c4-d93c-4e36-83eb-ea8c45ed3ccd');



DROP TABLE IF EXISTS `craft_categorygroups_i18n`;


--
-- Schema for table `craft_categorygroups_i18n`
--
CREATE TABLE `craft_categorygroups_i18n` (
  `id` int(11) NOT NULL AUTO_INCREMENT,
  `groupId` int(11) NOT NULL,
  `locale` char(12) COLLATE utf8_unicode_ci NOT NULL,
  `urlFormat` text COLLATE utf8_unicode_ci,
  `nestedUrlFormat` text COLLATE utf8_unicode_ci,
  `dateCreated` datetime NOT NULL,
  `dateUpdated` datetime NOT NULL,
  `uid` char(36) COLLATE utf8_unicode_ci NOT NULL DEFAULT '0',
  PRIMARY KEY (`id`),
  UNIQUE KEY `craft_categorygroups_i18n_groupId_locale_unq_idx` (`groupId`,`locale`),
  KEY `craft_categorygroups_i18n_locale_fk` (`locale`)
) ENGINE=InnoDB AUTO_INCREMENT=5 DEFAULT CHARSET=utf8 COLLATE=utf8_unicode_ci;

--
-- Data for table `craft_categorygroups_i18n`
--

INSERT INTO `craft_categorygroups_i18n` (`id`, `groupId`, `locale`, `urlFormat`, `nestedUrlFormat`, `dateCreated`, `dateUpdated`, `uid`) VALUES
 ('1', '1', 'ru', 'team/{slug}', '{parent.uri}/{slug}', '2017-04-27 16:04:31', '2017-04-27 21:59:18', '77fbf075-20c1-499e-8b0c-b50eb5cf7ef2'),
 ('2', '1', 'en_us', 'team/{slug}', '{parent.uri}/{slug}', '2017-04-27 16:04:31', '2017-04-27 21:59:18', 'fa40370b-8080-45c5-8285-2a45aeb958b9'),
 ('3', '2', 'ru', '{slug}', '{parent.uri}/{slug}', '2017-04-27 16:05:29', '2017-04-27 16:05:29', '344e7f52-bc7d-43d1-9bdd-9a1f51074e82'),
 ('4', '2', 'en_us', '{slug}', '{parent.uri}/{slug}', '2017-04-27 16:05:29', '2017-04-27 16:05:29', '3aa6c3fd-435e-4c11-b26a-a88773aca363');



DROP TABLE IF EXISTS `craft_content`;


--
-- Schema for table `craft_content`
--
CREATE TABLE `craft_content` (
  `id` int(11) NOT NULL AUTO_INCREMENT,
  `elementId` int(11) NOT NULL,
  `locale` char(12) COLLATE utf8_unicode_ci NOT NULL,
  `title` varchar(255) COLLATE utf8_unicode_ci DEFAULT NULL,
  `field_body` text COLLATE utf8_unicode_ci,
  `field_personFirstname` text COLLATE utf8_unicode_ci,
  `field_personLastname` text COLLATE utf8_unicode_ci,
  `field_personPosition` text COLLATE utf8_unicode_ci,
  `field_personBio` mediumtext COLLATE utf8_unicode_ci,
  `field_facebook` text COLLATE utf8_unicode_ci,
  `field_twitter` text COLLATE utf8_unicode_ci,
  `field_linkedin` text COLLATE utf8_unicode_ci,
  `field_contactEmail` text COLLATE utf8_unicode_ci,
  `field_contactSkype` text COLLATE utf8_unicode_ci,
  `field_contactAddress` text COLLATE utf8_unicode_ci,
  `field_contactTel1` text COLLATE utf8_unicode_ci,
  `field_contactTel2` text COLLATE utf8_unicode_ci,
  `field_contactTel3` text COLLATE utf8_unicode_ci,
  `field_contactFax` text COLLATE utf8_unicode_ci,
  `field_contactLocation` varchar(255) COLLATE utf8_unicode_ci DEFAULT NULL,
  `field_metaTitle` varchar(255) COLLATE utf8_unicode_ci DEFAULT NULL,
  `field_metaKeywords` varchar(255) COLLATE utf8_unicode_ci DEFAULT NULL,
  `field_metaDescription` text COLLATE utf8_unicode_ci,
  `field_menuText` text COLLATE utf8_unicode_ci,
  `field_quoteAuthor` text COLLATE utf8_unicode_ci,
  `field_quoteText` text COLLATE utf8_unicode_ci,
  `field_projectDescription` text COLLATE utf8_unicode_ci,
  `field_branchDescription` text COLLATE utf8_unicode_ci,
  `field_serviceDescription` text COLLATE utf8_unicode_ci,
  `field_iconHeader` text COLLATE utf8_unicode_ci,
  `field_pictoAlign` varchar(255) COLLATE utf8_unicode_ci DEFAULT NULL,
  `field_blockHeight` varchar(255) COLLATE utf8_unicode_ci DEFAULT 'height--standart',
  `field_groupTeamStatus` text COLLATE utf8_unicode_ci,
  `field_personStatusOver` text COLLATE utf8_unicode_ci,
  `dateCreated` datetime NOT NULL,
  `dateUpdated` datetime NOT NULL,
  `uid` char(36) COLLATE utf8_unicode_ci NOT NULL DEFAULT '0',
  PRIMARY KEY (`id`),
  UNIQUE KEY `craft_content_elementId_locale_unq_idx` (`elementId`,`locale`),
  KEY `craft_content_title_idx` (`title`),
  KEY `craft_content_locale_fk` (`locale`)
) ENGINE=InnoDB AUTO_INCREMENT=159 DEFAULT CHARSET=utf8 COLLATE=utf8_unicode_ci;

--
-- Data for table `craft_content`
--

INSERT INTO `craft_content` (`id`, `elementId`, `locale`, `title`, `field_body`, `field_personFirstname`, `field_personLastname`, `field_personPosition`, `field_personBio`, `field_facebook`, `field_twitter`, `field_linkedin`, `field_contactEmail`, `field_contactSkype`, `field_contactAddress`, `field_contactTel1`, `field_contactTel2`, `field_contactTel3`, `field_contactFax`, `field_contactLocation`, `field_metaTitle`, `field_metaKeywords`, `field_metaDescription`, `field_menuText`, `field_quoteAuthor`, `field_quoteText`, `field_projectDescription`, `field_branchDescription`, `field_serviceDescription`, `field_iconHeader`, `field_pictoAlign`, `field_blockHeight`, `field_groupTeamStatus`, `field_personStatusOver`, `dateCreated`, `dateUpdated`, `uid`) VALUES
 ('1', '1', 'ru', NULL, NULL, NULL, NULL, NULL, NULL, NULL, NULL, NULL, NULL, NULL, NULL, NULL, NULL, NULL, NULL, NULL, NULL, NULL, NULL, NULL, NULL, NULL, NULL, NULL, NULL, NULL, NULL, 'height--standart', NULL, NULL, '2017-04-27 15:30:00', '2017-04-27 15:30:00', '0a567a65-49bb-48fd-a073-df8330f38c3c'),
 ('2', '2', 'ru', 'Welcome to Bti2.dev!', '<p>It’s true, this site doesn’t have a whole lot of content yet, but don’t worry. Our web developers have just installed the CMS, and they’re setting things up for the content editors this very moment. Soon Bti2.dev will be an oasis of fresh perspectives, sharp analyses, and astute opinions that will keep you coming back again and again.</p>', NULL, NULL, NULL, NULL, NULL, NULL, NULL, NULL, NULL, NULL, NULL, NULL, NULL, NULL, NULL, NULL, NULL, NULL, NULL, NULL, NULL, NULL, NULL, NULL, NULL, NULL, 'height--standart', NULL, NULL, '2017-04-27 15:30:05', '2017-04-27 15:38:55', '090c19c3-39cd-45e0-b4fb-1a0938037648'),
 ('3', '3', 'ru', 'We just installed Craft!', '<p>Craft is the CMS that’s powering Bti2.dev. It’s beautiful, powerful, flexible, and easy-to-use, and it’s made by Pixel &amp; Tonic. We can’t wait to dive in and see what it’s capable of!</p>\n<!--pagebreak-->\n<p>This is even more captivating content, which you couldn’t see on the News index page because it was entered after a Page Break, and the News index template only likes to show the content on the first page.</p>\n<p>Craft: a nice alternative to Word, if you’re making a website.</p>', NULL, NULL, NULL, NULL, NULL, NULL, NULL, NULL, NULL, NULL, NULL, NULL, NULL, NULL, NULL, NULL, NULL, NULL, NULL, NULL, NULL, NULL, NULL, NULL, NULL, NULL, 'height--standart', NULL, NULL, '2017-04-27 15:30:05', '2017-04-28 09:58:29', 'e41747ff-6356-469a-8236-b3a12a50232c'),
 ('4', '4', 'ru', 'Партнеры', NULL, NULL, NULL, NULL, NULL, NULL, NULL, NULL, NULL, NULL, NULL, NULL, NULL, NULL, NULL, NULL, NULL, NULL, NULL, NULL, NULL, NULL, NULL, NULL, NULL, NULL, NULL, 'height--standart', 'Партнер', NULL, '2017-04-27 16:06:30', '2017-05-03 10:45:31', '5d59430e-b29c-493d-8f35-1badccc0706c'),
 ('5', '4', 'en_us', 'Partners', NULL, NULL, NULL, NULL, NULL, NULL, NULL, NULL, NULL, NULL, NULL, NULL, NULL, NULL, NULL, NULL, NULL, NULL, NULL, NULL, NULL, NULL, NULL, NULL, NULL, NULL, NULL, 'height--standart', 'Partner', NULL, '2017-04-27 16:06:30', '2017-05-03 10:45:44', '7b332740-2138-4d48-892e-17276f164ea8'),
 ('6', '5', 'ru', 'Директора', NULL, NULL, NULL, NULL, NULL, NULL, NULL, NULL, NULL, NULL, NULL, NULL, NULL, NULL, NULL, NULL, NULL, NULL, NULL, NULL, NULL, NULL, NULL, NULL, NULL, NULL, NULL, 'height--standart', 'Директор', NULL, '2017-04-27 16:06:56', '2017-05-03 10:45:57', '0bf44c9f-3031-447c-9d62-5ea9dfe6326b'),
 ('7', '5', 'en_us', 'Superintendents', NULL, NULL, NULL, NULL, NULL, NULL, NULL, NULL, NULL, NULL, NULL, NULL, NULL, NULL, NULL, NULL, NULL, NULL, NULL, NULL, NULL, NULL, NULL, NULL, NULL, NULL, NULL, 'height--standart', 'Superintendent', NULL, '2017-04-27 16:06:56', '2017-05-03 10:46:38', '3a6a731d-67be-4df9-8893-6932fb81a0ae'),
 ('8', '6', 'ru', 'Менеджеры', NULL, NULL, NULL, NULL, NULL, NULL, NULL, NULL, NULL, NULL, NULL, NULL, NULL, NULL, NULL, NULL, NULL, NULL, NULL, NULL, NULL, NULL, NULL, NULL, NULL, NULL, NULL, 'height--standart', 'Старший менеджер', NULL, '2017-04-27 16:08:32', '2017-05-03 10:53:47', 'f72f177f-4198-42f0-8fad-9985d56a2dda'),
 ('9', '6', 'en_us', 'Managers', NULL, NULL, NULL, NULL, NULL, NULL, NULL, NULL, NULL, NULL, NULL, NULL, NULL, NULL, NULL, NULL, NULL, NULL, NULL, NULL, NULL, NULL, NULL, NULL, NULL, NULL, NULL, 'height--standart', 'Manager', NULL, '2017-04-27 16:08:32', '2017-05-03 10:46:30', '0efb4289-0b5b-4a44-a21c-3c77a3070d8f'),
 ('10', '7', 'ru', 'Новости', NULL, NULL, NULL, NULL, NULL, NULL, NULL, NULL, NULL, NULL, NULL, NULL, NULL, NULL, NULL, NULL, NULL, NULL, NULL, NULL, NULL, NULL, NULL, NULL, NULL, NULL, NULL, 'height--standart', NULL, NULL, '2017-04-27 16:11:27', '2017-04-27 16:11:27', 'dbf85a6a-45a5-45dc-a68f-2008c64b7559'),
 ('11', '7', 'en_us', 'Our news', NULL, NULL, NULL, NULL, NULL, NULL, NULL, NULL, NULL, NULL, NULL, NULL, NULL, NULL, NULL, NULL, NULL, NULL, NULL, NULL, NULL, NULL, NULL, NULL, NULL, NULL, NULL, 'height--standart', NULL, NULL, '2017-04-27 16:11:27', '2017-04-27 16:11:48', '5db29d9d-ea0c-47c8-944e-cef6ca66cffc'),
 ('12', '8', 'ru', 'Точка зрения', NULL, NULL, NULL, NULL, NULL, NULL, NULL, NULL, NULL, NULL, NULL, NULL, NULL, NULL, NULL, NULL, NULL, NULL, NULL, NULL, NULL, NULL, NULL, NULL, NULL, NULL, NULL, 'height--standart', NULL, NULL, '2017-04-27 16:12:12', '2017-04-27 16:12:12', '10aeab2b-7105-492e-bcfc-0112ad96ce5a'),
 ('13', '8', 'en_us', 'Insights', NULL, NULL, NULL, NULL, NULL, NULL, NULL, NULL, NULL, NULL, NULL, NULL, NULL, NULL, NULL, NULL, NULL, NULL, NULL, NULL, NULL, NULL, NULL, NULL, NULL, NULL, NULL, 'height--standart', NULL, NULL, '2017-04-27 16:12:12', '2017-04-27 16:12:19', 'a3fb7408-95ae-4e5e-8bb4-61c2bbac63c6'),
 ('14', '9', 'ru', 'Пресс-релизы', NULL, NULL, NULL, NULL, NULL, NULL, NULL, NULL, NULL, NULL, NULL, NULL, NULL, NULL, NULL, NULL, NULL, NULL, NULL, NULL, NULL, NULL, NULL, NULL, NULL, NULL, NULL, 'height--standart', NULL, NULL, '2017-04-27 16:13:20', '2017-04-27 16:13:20', '1a4de827-e315-4e47-bd01-2ca807c66133'),
 ('15', '9', 'en_us', ' Press releases', NULL, NULL, NULL, NULL, NULL, NULL, NULL, NULL, NULL, NULL, NULL, NULL, NULL, NULL, NULL, NULL, NULL, NULL, NULL, NULL, NULL, NULL, NULL, NULL, NULL, NULL, NULL, 'height--standart', NULL, NULL, '2017-04-27 16:13:21', '2017-04-27 16:13:31', 'c4a6f84f-61a3-4da7-9acf-53842670cd18'),
 ('16', '10', 'ru', 'Налоговые обзоры', NULL, NULL, NULL, NULL, NULL, NULL, NULL, NULL, NULL, NULL, NULL, NULL, NULL, NULL, NULL, NULL, NULL, NULL, NULL, NULL, NULL, NULL, NULL, NULL, NULL, NULL, NULL, 'height--standart', NULL, NULL, '2017-04-27 16:14:05', '2017-04-27 16:14:05', 'd4c1d8d2-fb65-4c19-9213-d2ce9ef5eabc'),
 ('17', '10', 'en_us', 'Tax Reviews', NULL, NULL, NULL, NULL, NULL, NULL, NULL, NULL, NULL, NULL, NULL, NULL, NULL, NULL, NULL, NULL, NULL, NULL, NULL, NULL, NULL, NULL, NULL, NULL, NULL, NULL, NULL, 'height--standart', NULL, NULL, '2017-04-27 16:14:05', '2017-04-27 16:14:18', 'ec8b667d-0f18-4d07-bc67-918f9d7300bb'),
 ('28', '18', 'ru', 'test menu', NULL, NULL, NULL, NULL, NULL, NULL, NULL, NULL, NULL, NULL, NULL, NULL, NULL, NULL, NULL, NULL, NULL, NULL, NULL, 'test', NULL, NULL, NULL, NULL, NULL, NULL, NULL, 'height--standart', NULL, NULL, '2017-04-27 22:24:29', '2017-04-27 22:24:29', '258b992f-ff4e-45d9-b1da-8722966f2ca7'),
 ('29', '18', 'en_us', 'test menu', NULL, NULL, NULL, NULL, NULL, NULL, NULL, NULL, NULL, NULL, NULL, NULL, NULL, NULL, NULL, NULL, NULL, NULL, NULL, 'test', NULL, NULL, NULL, NULL, NULL, NULL, NULL, 'height--standart', NULL, NULL, '2017-04-27 22:24:30', '2017-04-27 22:24:30', '60f2e5bf-2429-49b5-8383-8be75b3cf752'),
 ('36', '23', 'ru', 'Тестовый', NULL, NULL, NULL, NULL, NULL, NULL, NULL, NULL, NULL, NULL, NULL, NULL, NULL, NULL, NULL, NULL, NULL, NULL, NULL, NULL, NULL, NULL, NULL, NULL, NULL, NULL, NULL, 'height--standart', NULL, NULL, '2017-04-28 11:25:37', '2017-04-28 11:25:37', 'a09187ed-c58c-4a04-92d5-072b7e7432f1'),
 ('37', '23', 'en_us', 'Тестовый', NULL, NULL, NULL, NULL, NULL, NULL, NULL, NULL, NULL, NULL, NULL, NULL, NULL, NULL, NULL, NULL, NULL, NULL, NULL, NULL, NULL, NULL, NULL, NULL, NULL, NULL, NULL, 'height--standart', NULL, NULL, '2017-04-28 11:25:37', '2017-04-28 11:25:37', '7f263d16-d6ca-470e-b13e-817f69b86143'),
 ('38', '24', 'ru', 'Аудиторские услуги', NULL, NULL, NULL, NULL, NULL, NULL, NULL, NULL, NULL, NULL, NULL, NULL, NULL, NULL, NULL, NULL, NULL, NULL, NULL, NULL, NULL, NULL, NULL, NULL, '', NULL, NULL, 'height--standart', NULL, NULL, '2017-05-02 15:22:09', '2017-05-02 15:22:09', 'ccad9edc-305d-46f2-9ede-d4edf510b59a'),
 ('39', '24', 'en_us', 'Аудиторские услуги', NULL, NULL, NULL, NULL, NULL, NULL, NULL, NULL, NULL, NULL, NULL, NULL, NULL, NULL, NULL, NULL, NULL, NULL, NULL, NULL, NULL, NULL, NULL, NULL, '', NULL, NULL, 'height--standart', NULL, NULL, '2017-05-02 15:22:09', '2017-05-02 15:22:09', 'c7624955-3cde-42df-82c8-40e6cad1bd9a'),
 ('40', '25', 'ru', 'Бухгалтерские услуги', NULL, NULL, NULL, NULL, NULL, NULL, NULL, NULL, NULL, NULL, NULL, NULL, NULL, NULL, NULL, NULL, NULL, NULL, NULL, NULL, NULL, NULL, NULL, NULL, '', NULL, NULL, 'height--standart', NULL, NULL, '2017-05-02 15:22:22', '2017-05-02 15:22:22', '8c3f96d9-3bbc-4b33-ab85-ff516576af22'),
 ('41', '25', 'en_us', 'Бухгалтерские услуги', NULL, NULL, NULL, NULL, NULL, NULL, NULL, NULL, NULL, NULL, NULL, NULL, NULL, NULL, NULL, NULL, NULL, NULL, NULL, NULL, NULL, NULL, NULL, NULL, '', NULL, NULL, 'height--standart', NULL, NULL, '2017-05-02 15:22:22', '2017-05-02 15:22:22', 'bdf61822-6767-4722-9be8-ce9825afd6e3'),
 ('42', '26', 'ru', 'Консалтинг', NULL, NULL, NULL, NULL, NULL, NULL, NULL, NULL, NULL, NULL, NULL, NULL, NULL, NULL, NULL, NULL, NULL, NULL, NULL, NULL, NULL, NULL, NULL, NULL, '', NULL, NULL, 'height--standart', NULL, NULL, '2017-05-02 15:22:31', '2017-05-02 15:22:31', 'd0b1f2a8-9225-43f7-93a6-268fc3936628'),
 ('43', '26', 'en_us', 'Консалтинг', NULL, NULL, NULL, NULL, NULL, NULL, NULL, NULL, NULL, NULL, NULL, NULL, NULL, NULL, NULL, NULL, NULL, NULL, NULL, NULL, NULL, NULL, NULL, NULL, '', NULL, NULL, 'height--standart', NULL, NULL, '2017-05-02 15:22:31', '2017-05-02 15:22:31', '6b4e6a03-5d45-4818-b6b8-df8df2b0d47e'),
 ('44', '27', 'ru', 'Корпоративные финансы', NULL, NULL, NULL, NULL, NULL, NULL, NULL, NULL, NULL, NULL, NULL, NULL, NULL, NULL, NULL, NULL, NULL, NULL, NULL, NULL, NULL, NULL, NULL, NULL, '', NULL, NULL, 'height--standart', NULL, NULL, '2017-05-02 15:22:40', '2017-05-02 15:22:40', '6f1a3d56-4958-4777-894c-fe167456a606'),
 ('45', '27', 'en_us', 'Корпоративные финансы', NULL, NULL, NULL, NULL, NULL, NULL, NULL, NULL, NULL, NULL, NULL, NULL, NULL, NULL, NULL, NULL, NULL, NULL, NULL, NULL, NULL, NULL, NULL, NULL, '', NULL, NULL, 'height--standart', NULL, NULL, '2017-05-02 15:22:40', '2017-05-02 15:22:40', '5d04720a-ef37-442e-b4b3-f2647ccdbb4d'),
 ('46', '28', 'ru', 'Налоговое консультирование', NULL, NULL, NULL, NULL, NULL, NULL, NULL, NULL, NULL, NULL, NULL, NULL, NULL, NULL, NULL, NULL, NULL, NULL, NULL, NULL, NULL, NULL, NULL, NULL, '', NULL, NULL, 'height--standart', NULL, NULL, '2017-05-02 15:22:49', '2017-05-02 15:22:49', 'c9f4dcd6-02be-4e42-9179-fdfdb1f6fa68'),
 ('47', '28', 'en_us', 'Налоговое консультирование', NULL, NULL, NULL, NULL, NULL, NULL, NULL, NULL, NULL, NULL, NULL, NULL, NULL, NULL, NULL, NULL, NULL, NULL, NULL, NULL, NULL, NULL, NULL, NULL, '', NULL, NULL, 'height--standart', NULL, NULL, '2017-05-02 15:22:49', '2017-05-02 15:22:49', '90cbd763-b172-4a9b-8710-ccbd6788ee4b'),
 ('48', '29', 'ru', 'Оценочные услуги', NULL, NULL, NULL, NULL, NULL, NULL, NULL, NULL, NULL, NULL, NULL, NULL, NULL, NULL, NULL, NULL, NULL, NULL, NULL, NULL, NULL, NULL, NULL, NULL, '', NULL, NULL, 'height--standart', NULL, NULL, '2017-05-02 15:22:57', '2017-05-02 15:22:57', 'f72ab67e-508c-46a3-a882-2fc73d4bf240'),
 ('49', '29', 'en_us', 'Оценочные услуги', NULL, NULL, NULL, NULL, NULL, NULL, NULL, NULL, NULL, NULL, NULL, NULL, NULL, NULL, NULL, NULL, NULL, NULL, NULL, NULL, NULL, NULL, NULL, NULL, '', NULL, NULL, 'height--standart', NULL, NULL, '2017-05-02 15:22:57', '2017-05-02 15:22:57', '5d40f59a-7005-4496-85eb-2e2ac0d0ac85'),
 ('50', '30', 'ru', 'Финансовые расследования', NULL, NULL, NULL, NULL, NULL, NULL, NULL, NULL, NULL, NULL, NULL, NULL, NULL, NULL, NULL, NULL, NULL, NULL, NULL, NULL, NULL, NULL, NULL, NULL, '', NULL, NULL, 'height--standart', NULL, NULL, '2017-05-02 15:23:06', '2017-05-02 15:23:06', 'a9dcc411-17e4-4d08-80ad-b6fa94947790'),
 ('51', '30', 'en_us', 'Финансовые расследования', NULL, NULL, NULL, NULL, NULL, NULL, NULL, NULL, NULL, NULL, NULL, NULL, NULL, NULL, NULL, NULL, NULL, NULL, NULL, NULL, NULL, NULL, NULL, NULL, '', NULL, NULL, 'height--standart', NULL, NULL, '2017-05-02 15:23:06', '2017-05-02 15:23:06', '2fee42d5-858d-4c81-b89c-f08f9ec4bb40'),
 ('52', '31', 'ru', 'Юридические услуги', NULL, NULL, NULL, NULL, NULL, NULL, NULL, NULL, NULL, NULL, NULL, NULL, NULL, NULL, NULL, NULL, NULL, NULL, NULL, NULL, NULL, NULL, NULL, NULL, '', NULL, NULL, 'height--standart', NULL, NULL, '2017-05-02 15:23:16', '2017-05-02 15:23:16', 'b7a94dd9-b3cb-4d5e-b05b-fc2268287890'),
 ('53', '31', 'en_us', 'Юридические услуги', NULL, NULL, NULL, NULL, NULL, NULL, NULL, NULL, NULL, NULL, NULL, NULL, NULL, NULL, NULL, NULL, NULL, NULL, NULL, NULL, NULL, NULL, NULL, NULL, '', NULL, NULL, 'height--standart', NULL, NULL, '2017-05-02 15:23:16', '2017-05-02 15:23:16', '4b472de9-ff57-438c-a806-e8aedb56827a'),
 ('54', '32', 'ru', 'Авиационная промышленность (ОАК, воздушные суда, производство комплектующих)', NULL, NULL, NULL, NULL, NULL, NULL, NULL, NULL, NULL, NULL, NULL, NULL, NULL, NULL, NULL, NULL, NULL, NULL, NULL, NULL, NULL, NULL, NULL, '', NULL, NULL, NULL, 'height--standart', NULL, NULL, '2017-05-02 15:24:52', '2017-05-02 15:24:52', '099032b3-47da-450c-94e0-39d97c33998b'),
 ('55', '32', 'en_us', 'Авиационная промышленность (ОАК, воздушные суда, производство комплектующих)', NULL, NULL, NULL, NULL, NULL, NULL, NULL, NULL, NULL, NULL, NULL, NULL, NULL, NULL, NULL, NULL, NULL, NULL, NULL, NULL, NULL, NULL, NULL, '', NULL, NULL, NULL, 'height--standart', NULL, NULL, '2017-05-02 15:24:52', '2017-05-02 15:24:52', 'b3e25754-42b3-41bf-9374-2ee3c29da2db'),
 ('56', '33', 'ru', 'Атомная промышленность (включая производство оборудования) ', NULL, NULL, NULL, NULL, NULL, NULL, NULL, NULL, NULL, NULL, NULL, NULL, NULL, NULL, NULL, NULL, NULL, NULL, NULL, NULL, NULL, NULL, NULL, '', NULL, NULL, NULL, 'height--standart', NULL, NULL, '2017-05-02 15:25:02', '2017-05-02 15:25:02', '542bfecc-f4e7-4b38-a7b2-69b15608d426'),
 ('57', '33', 'en_us', 'Атомная промышленность (включая производство оборудования) ', NULL, NULL, NULL, NULL, NULL, NULL, NULL, NULL, NULL, NULL, NULL, NULL, NULL, NULL, NULL, NULL, NULL, NULL, NULL, NULL, NULL, NULL, NULL, '', NULL, NULL, NULL, 'height--standart', NULL, NULL, '2017-05-02 15:25:02', '2017-05-02 15:25:02', '2407e1d0-c53d-4946-ab3a-4cb5c0ee6f5b'),
 ('58', '34', 'ru', 'Атомная промышленность (включая производство оборудования) ', NULL, NULL, NULL, NULL, NULL, NULL, NULL, NULL, NULL, NULL, NULL, NULL, NULL, NULL, NULL, NULL, NULL, NULL, NULL, NULL, NULL, NULL, NULL, '', NULL, NULL, NULL, 'height--standart', NULL, NULL, '2017-05-02 15:25:15', '2017-05-02 15:25:15', '8d2cdf79-a3da-4117-8061-c388ba1457f7'),
 ('59', '34', 'en_us', 'Атомная промышленность (включая производство оборудования) ', NULL, NULL, NULL, NULL, NULL, NULL, NULL, NULL, NULL, NULL, NULL, NULL, NULL, NULL, NULL, NULL, NULL, NULL, NULL, NULL, NULL, NULL, NULL, '', NULL, NULL, NULL, 'height--standart', NULL, NULL, '2017-05-02 15:25:15', '2017-05-02 15:25:15', '2d3125bf-f9f9-48ec-944c-b3f4892d8c15'),
 ('60', '35', 'ru', 'Машиностроение, судостроение, станкостроение', NULL, NULL, NULL, NULL, NULL, NULL, NULL, NULL, NULL, NULL, NULL, NULL, NULL, NULL, NULL, NULL, NULL, NULL, NULL, NULL, NULL, NULL, NULL, '', NULL, NULL, NULL, 'height--standart', NULL, NULL, '2017-05-02 15:25:39', '2017-05-02 15:25:39', '59334ad0-98ee-43fe-88ac-40fae0fb7e77'),
 ('61', '35', 'en_us', 'Машиностроение, судостроение, станкостроение', NULL, NULL, NULL, NULL, NULL, NULL, NULL, NULL, NULL, NULL, NULL, NULL, NULL, NULL, NULL, NULL, NULL, NULL, NULL, NULL, NULL, NULL, NULL, '', NULL, NULL, NULL, 'height--standart', NULL, NULL, '2017-05-02 15:25:39', '2017-05-02 15:25:39', '5f379136-47b6-442e-b00b-479a401a4142'),
 ('62', '36', 'ru', 'Недвижимость и строительство (включая производство строительных материалов)', NULL, NULL, NULL, NULL, NULL, NULL, NULL, NULL, NULL, NULL, NULL, NULL, NULL, NULL, NULL, NULL, NULL, NULL, NULL, NULL, NULL, NULL, NULL, '', NULL, NULL, NULL, 'height--standart', NULL, NULL, '2017-05-02 15:25:48', '2017-05-02 15:25:48', '9848d227-8881-4fd1-b4f1-3a0a612bd6a4'),
 ('63', '36', 'en_us', 'Недвижимость и строительство (включая производство строительных материалов)', NULL, NULL, NULL, NULL, NULL, NULL, NULL, NULL, NULL, NULL, NULL, NULL, NULL, NULL, NULL, NULL, NULL, NULL, NULL, NULL, NULL, NULL, NULL, '', NULL, NULL, NULL, 'height--standart', NULL, NULL, '2017-05-02 15:25:48', '2017-05-02 15:25:48', 'b0b54b6d-0b71-43e7-a523-f568c4b90eb1'),
 ('64', '37', 'ru', 'Нефтегазовая отрасль', NULL, NULL, NULL, NULL, NULL, NULL, NULL, NULL, NULL, NULL, NULL, NULL, NULL, NULL, NULL, NULL, NULL, NULL, NULL, NULL, NULL, NULL, NULL, '', NULL, NULL, NULL, 'height--standart', NULL, NULL, '2017-05-02 15:25:56', '2017-05-02 15:25:56', '911b1ee4-a2e7-40fe-885c-0480e4410b1f'),
 ('65', '37', 'en_us', 'Нефтегазовая отрасль', NULL, NULL, NULL, NULL, NULL, NULL, NULL, NULL, NULL, NULL, NULL, NULL, NULL, NULL, NULL, NULL, NULL, NULL, NULL, NULL, NULL, NULL, NULL, '', NULL, NULL, NULL, 'height--standart', NULL, NULL, '2017-05-02 15:25:56', '2017-05-02 15:25:56', 'e3b8023e-5c81-485a-9557-2c1f717371fe'),
 ('66', '38', 'ru', 'Сельское хозяйство и пищевая промышленность', NULL, NULL, NULL, NULL, NULL, NULL, NULL, NULL, NULL, NULL, NULL, NULL, NULL, NULL, NULL, NULL, NULL, NULL, NULL, NULL, NULL, NULL, NULL, '', NULL, NULL, NULL, 'height--standart', NULL, NULL, '2017-05-02 15:26:30', '2017-05-02 15:26:30', '8847494c-42d0-411f-9982-63e4030eef9a'),
 ('67', '38', 'en_us', 'Сельское хозяйство и пищевая промышленность', NULL, NULL, NULL, NULL, NULL, NULL, NULL, NULL, NULL, NULL, NULL, NULL, NULL, NULL, NULL, NULL, NULL, NULL, NULL, NULL, NULL, NULL, NULL, '', NULL, NULL, NULL, 'height--standart', NULL, NULL, '2017-05-02 15:26:30', '2017-05-02 15:26:30', 'e10ec41d-6626-492c-a5c4-b605bc853055'),
 ('68', '39', 'ru', 'Сфера развлечений и гостеприимства', NULL, NULL, NULL, NULL, NULL, NULL, NULL, NULL, NULL, NULL, NULL, NULL, NULL, NULL, NULL, NULL, NULL, NULL, NULL, NULL, NULL, NULL, NULL, '', NULL, NULL, NULL, 'height--standart', NULL, NULL, '2017-05-02 15:27:07', '2017-05-02 15:27:07', 'c0d7872a-7428-4af1-8476-75845d72a1e0'),
 ('69', '39', 'en_us', 'Сфера развлечений и гостеприимства', NULL, NULL, NULL, NULL, NULL, NULL, NULL, NULL, NULL, NULL, NULL, NULL, NULL, NULL, NULL, NULL, NULL, NULL, NULL, NULL, NULL, NULL, NULL, '', NULL, NULL, NULL, 'height--standart', NULL, NULL, '2017-05-02 15:27:07', '2017-05-02 15:27:07', 'ed6d60c4-e4d5-4dda-a748-5f0eeb593a1b'),
 ('70', '40', 'ru', 'Телеком, ИТ и медиа', NULL, NULL, NULL, NULL, NULL, NULL, NULL, NULL, NULL, NULL, NULL, NULL, NULL, NULL, NULL, NULL, NULL, NULL, NULL, NULL, NULL, NULL, NULL, '', NULL, NULL, NULL, 'height--standart', NULL, NULL, '2017-05-02 15:27:13', '2017-05-02 15:27:13', '2b311a32-185c-4c20-8c17-ce8786161b34'),
 ('71', '40', 'en_us', 'Телеком, ИТ и медиа', NULL, NULL, NULL, NULL, NULL, NULL, NULL, NULL, NULL, NULL, NULL, NULL, NULL, NULL, NULL, NULL, NULL, NULL, NULL, NULL, NULL, NULL, NULL, '', NULL, NULL, NULL, 'height--standart', NULL, NULL, '2017-05-02 15:27:13', '2017-05-02 15:27:13', '1f6403c2-35ed-42f6-be7e-48f54346a8fb'),
 ('72', '41', 'ru', 'Торговля оптовая и розничная', NULL, NULL, NULL, NULL, NULL, NULL, NULL, NULL, NULL, NULL, NULL, NULL, NULL, NULL, NULL, NULL, NULL, NULL, NULL, NULL, NULL, NULL, NULL, '', NULL, NULL, NULL, 'height--standart', NULL, NULL, '2017-05-02 15:27:21', '2017-05-02 15:27:21', '88fc37ec-1140-460d-ab52-8f8d504e84e3'),
 ('73', '41', 'en_us', 'Торговля оптовая и розничная', NULL, NULL, NULL, NULL, NULL, NULL, NULL, NULL, NULL, NULL, NULL, NULL, NULL, NULL, NULL, NULL, NULL, NULL, NULL, NULL, NULL, NULL, NULL, '', NULL, NULL, NULL, 'height--standart', NULL, NULL, '2017-05-02 15:27:21', '2017-05-02 15:27:21', '67914259-26ab-4961-b2e1-465bb8c9ad2f'),
 ('74', '42', 'ru', 'Транспорт и логистика. Инфраструктурные проекты', NULL, NULL, NULL, NULL, NULL, NULL, NULL, NULL, NULL, NULL, NULL, NULL, NULL, NULL, NULL, NULL, NULL, NULL, NULL, NULL, NULL, NULL, NULL, '', NULL, NULL, NULL, 'height--standart', NULL, NULL, '2017-05-02 15:27:32', '2017-05-02 15:27:32', '8c9c6a5b-9c7c-4003-98cb-16af03e7f1a4'),
 ('75', '42', 'en_us', 'Транспорт и логистика. Инфраструктурные проекты', NULL, NULL, NULL, NULL, NULL, NULL, NULL, NULL, NULL, NULL, NULL, NULL, NULL, NULL, NULL, NULL, NULL, NULL, NULL, NULL, NULL, NULL, NULL, '', NULL, NULL, NULL, 'height--standart', NULL, NULL, '2017-05-02 15:27:32', '2017-05-02 15:27:32', 'fa3af79a-eac0-49b9-94b9-c5e2741211c9'),
 ('76', '43', 'ru', 'Фармацевтика. Медицина', NULL, NULL, NULL, NULL, NULL, NULL, NULL, NULL, NULL, NULL, NULL, NULL, NULL, NULL, NULL, NULL, NULL, NULL, NULL, NULL, NULL, NULL, NULL, '', NULL, NULL, NULL, 'height--standart', NULL, NULL, '2017-05-02 15:27:41', '2017-05-02 15:27:41', 'aceea2d0-f772-4254-9577-5b3eb1725459'),
 ('77', '43', 'en_us', 'Фармацевтика. Медицина', NULL, NULL, NULL, NULL, NULL, NULL, NULL, NULL, NULL, NULL, NULL, NULL, NULL, NULL, NULL, NULL, NULL, NULL, NULL, NULL, NULL, NULL, NULL, '', NULL, NULL, NULL, 'height--standart', NULL, NULL, '2017-05-02 15:27:41', '2017-05-02 15:27:41', '6041dc66-9bef-4f1d-b7a6-d561376bc464'),
 ('78', '44', 'ru', 'Финансовый сектор', NULL, NULL, NULL, NULL, NULL, NULL, NULL, NULL, NULL, NULL, NULL, NULL, NULL, NULL, NULL, NULL, NULL, NULL, NULL, NULL, NULL, NULL, NULL, '', NULL, NULL, NULL, 'height--standart', NULL, NULL, '2017-05-02 15:27:50', '2017-05-02 15:27:50', '9b57c77a-e225-4813-9b4e-c2642fade536'),
 ('79', '44', 'en_us', 'Финансовый сектор', NULL, NULL, NULL, NULL, NULL, NULL, NULL, NULL, NULL, NULL, NULL, NULL, NULL, NULL, NULL, NULL, NULL, NULL, NULL, NULL, NULL, NULL, NULL, '', NULL, NULL, NULL, 'height--standart', NULL, NULL, '2017-05-02 15:27:50', '2017-05-02 15:27:50', 'c200c3e4-1f3a-4a6a-bca6-935edfb8848d'),
 ('80', '45', 'ru', 'Энергетика', NULL, NULL, NULL, NULL, NULL, NULL, NULL, NULL, NULL, NULL, NULL, NULL, NULL, NULL, NULL, NULL, NULL, NULL, NULL, NULL, NULL, NULL, NULL, '', NULL, NULL, NULL, 'height--standart', NULL, NULL, '2017-05-02 15:27:58', '2017-05-02 15:27:58', 'ad067fd0-6cba-48ff-b403-5af483518ccf'),
 ('81', '45', 'en_us', 'Энергетика', NULL, NULL, NULL, NULL, NULL, NULL, NULL, NULL, NULL, NULL, NULL, NULL, NULL, NULL, NULL, NULL, NULL, NULL, NULL, NULL, NULL, NULL, NULL, '', NULL, NULL, NULL, 'height--standart', NULL, NULL, '2017-05-02 15:27:58', '2017-05-02 15:27:58', '6a352743-f61a-4b70-8428-a00d66672263'),
 ('82', '46', 'ru', 'Дина Мария Ийнбор', NULL, NULL, NULL, NULL, NULL, NULL, NULL, NULL, NULL, NULL, NULL, NULL, NULL, NULL, NULL, NULL, NULL, NULL, NULL, NULL, NULL, NULL, NULL, NULL, NULL, NULL, NULL, 'height--standart', NULL, NULL, '2017-05-02 15:29:04', '2017-05-02 15:29:04', '75bafdeb-5fca-44f5-a8a7-10dd0278fdb0'),
 ('83', '46', 'en_us', 'Дина Мария Ийнбор', NULL, NULL, NULL, NULL, NULL, NULL, NULL, NULL, NULL, NULL, NULL, NULL, NULL, NULL, NULL, NULL, NULL, NULL, NULL, NULL, NULL, NULL, NULL, NULL, NULL, NULL, NULL, 'height--standart', NULL, NULL, '2017-05-02 15:29:04', '2017-05-02 15:29:04', 'ab03d079-f971-4118-a30b-6dd8849002a0'),
 ('95', '53', 'ru', 'Иванов Александр', NULL, 'Александр', 'Иванов', '', '', '', '', '', '', '', NULL, '', '', NULL, NULL, NULL, NULL, NULL, NULL, NULL, NULL, NULL, NULL, NULL, NULL, NULL, NULL, 'height--standart', NULL, NULL, '2017-05-03 10:09:46', '2017-05-03 10:11:33', '18a3c71d-6fde-450a-91c8-0d42f6076f3e'),
 ('96', '53', 'en_us', 'Александр Иванов', NULL, 'Александр', 'Иванов', '', '', '', '', '', '', '', NULL, '', '', NULL, NULL, NULL, NULL, NULL, NULL, NULL, NULL, NULL, NULL, NULL, NULL, NULL, NULL, 'height--standart', NULL, NULL, '2017-05-03 10:09:47', '2017-05-03 10:11:33', '6b793531-b01d-40b3-959b-2549dfe1cf5c'),
 ('97', '54', 'ru', 'Малков Александр', NULL, '', '', '', '', '', '', '', '', '', NULL, '', '', NULL, NULL, NULL, NULL, NULL, NULL, NULL, NULL, NULL, NULL, NULL, NULL, NULL, NULL, 'height--standart', NULL, '', '2017-05-03 10:11:05', '2017-05-03 10:57:10', '5a33a39a-e6a8-4470-9bd9-c99dade16c6b'),
 ('98', '54', 'en_us', 'Малков Александр', NULL, '', '', '', '', '', '', '', '', '', NULL, '', '', NULL, NULL, NULL, NULL, NULL, NULL, NULL, NULL, NULL, NULL, NULL, NULL, NULL, NULL, 'height--standart', NULL, NULL, '2017-05-03 10:11:05', '2017-05-03 10:57:10', '3f69b77f-b1b0-479d-bb97-0fbf214f2891'),
 ('99', '55', 'ru', 'Калинин Сергей', NULL, '', '', '', '', '', '', '', '', '', NULL, '', '', NULL, NULL, NULL, NULL, NULL, NULL, NULL, NULL, NULL, NULL, NULL, NULL, NULL, NULL, 'height--standart', NULL, NULL, '2017-05-03 10:11:16', '2017-05-03 10:12:06', 'ab67133b-8dad-460f-b5fd-c66c3778727f'),
 ('100', '55', 'en_us', 'Калинин Сергей', NULL, '', '', '', '', '', '', '', '', '', NULL, '', '', NULL, NULL, NULL, NULL, NULL, NULL, NULL, NULL, NULL, NULL, NULL, NULL, NULL, NULL, 'height--standart', NULL, NULL, '2017-05-03 10:11:16', '2017-05-03 10:12:06', 'ba52ff22-7e59-463d-9bed-79acc08c211d'),
 ('101', '56', 'ru', 'Засимова Анна', NULL, '', '', '', '', '', '', '', '', '', NULL, '', '', NULL, NULL, NULL, NULL, NULL, NULL, NULL, NULL, NULL, NULL, NULL, NULL, NULL, NULL, 'height--standart', NULL, NULL, '2017-05-03 10:11:54', '2017-05-03 10:11:54', 'bc99ed8b-4bfb-489b-b668-ecadce4e24d8'),
 ('102', '56', 'en_us', 'Засимова Анна', NULL, '', '', '', '', '', '', '', '', '', NULL, '', '', NULL, NULL, NULL, NULL, NULL, NULL, NULL, NULL, NULL, NULL, NULL, NULL, NULL, NULL, 'height--standart', NULL, NULL, '2017-05-03 10:11:54', '2017-05-03 10:11:54', '21e020bd-a218-40c8-9766-e80b0b564f6f'),
 ('103', '57', 'ru', 'Дмитриева Елена', NULL, '', '', '', '', '', '', '', '', '', NULL, '', '', NULL, NULL, NULL, NULL, NULL, NULL, NULL, NULL, NULL, NULL, NULL, NULL, NULL, NULL, 'height--standart', NULL, NULL, '2017-05-03 10:12:24', '2017-05-03 10:12:24', '8b2965d7-3ccb-4e43-a7d4-bfcfe4ccb63a'),
 ('104', '57', 'en_us', 'Дмитриева Елена', NULL, '', '', '', '', '', '', '', '', '', NULL, '', '', NULL, NULL, NULL, NULL, NULL, NULL, NULL, NULL, NULL, NULL, NULL, NULL, NULL, NULL, 'height--standart', NULL, NULL, '2017-05-03 10:12:24', '2017-05-03 10:12:24', '5bb7b39b-b5e5-4475-8dd2-f06c40fd6012'),
 ('105', '58', 'ru', 'Князева Татьяна', NULL, '', '', '', '', '', '', '', '', '', NULL, '', '', NULL, NULL, NULL, NULL, NULL, NULL, NULL, NULL, NULL, NULL, NULL, NULL, NULL, NULL, 'height--standart', NULL, NULL, '2017-05-03 10:12:39', '2017-05-03 10:12:39', '93b7a7a9-47ca-40a5-9a76-9825de3b6b04'),
 ('106', '58', 'en_us', 'Князева Татьяна', NULL, '', '', '', '', '', '', '', '', '', NULL, '', '', NULL, NULL, NULL, NULL, NULL, NULL, NULL, NULL, NULL, NULL, NULL, NULL, NULL, NULL, 'height--standart', NULL, NULL, '2017-05-03 10:12:39', '2017-05-03 10:12:39', '1a47bba6-0cb4-4622-98f3-3947e81f40be'),
 ('107', '59', 'ru', 'Тишаков Сергей', NULL, '', '', '', '', '', '', '', '', '', NULL, '', '', NULL, NULL, NULL, NULL, NULL, NULL, NULL, NULL, NULL, NULL, NULL, NULL, NULL, NULL, 'height--standart', NULL, NULL, '2017-05-03 10:13:32', '2017-05-03 10:13:32', '3a8e183a-9004-40d1-bd2b-6c1ed6c02aff'),
 ('108', '59', 'en_us', 'Тишаков Сергей', NULL, '', '', '', '', '', '', '', '', '', NULL, '', '', NULL, NULL, NULL, NULL, NULL, NULL, NULL, NULL, NULL, NULL, NULL, NULL, NULL, NULL, 'height--standart', NULL, NULL, '2017-05-03 10:13:32', '2017-05-03 10:13:32', '12026801-111b-497f-a314-6f20de3c975c'),
 ('109', '60', 'ru', 'Сидоренко Александр', NULL, '', '', '', '', '', '', '', '', '', NULL, '', '', NULL, NULL, NULL, NULL, NULL, NULL, NULL, NULL, NULL, NULL, NULL, NULL, NULL, NULL, 'height--standart', NULL, NULL, '2017-05-03 10:14:27', '2017-05-03 10:14:27', '0cf9ad1f-6614-479f-93cb-8061863dd687'),
 ('110', '60', 'en_us', 'Сидоренко Александр', NULL, '', '', '', '', '', '', '', '', '', NULL, '', '', NULL, NULL, NULL, NULL, NULL, NULL, NULL, NULL, NULL, NULL, NULL, NULL, NULL, NULL, 'height--standart', NULL, NULL, '2017-05-03 10:14:27', '2017-05-03 10:14:27', '2ea5d3ac-7bf2-4ee6-9a9d-354ad6069b43'),
 ('111', '61', 'ru', 'Писарев Андрей', NULL, '', '', '', '', '', '', '', '', '', NULL, '', '', NULL, NULL, NULL, NULL, NULL, NULL, NULL, NULL, NULL, NULL, NULL, NULL, NULL, NULL, 'height--standart', NULL, NULL, '2017-05-03 10:22:34', '2017-05-03 10:22:34', '91c8f1d5-53b5-4420-9062-642992ca2ae9'),
 ('112', '61', 'en_us', 'Писарев Андрей', NULL, '', '', '', '', '', '', '', '', '', NULL, '', '', NULL, NULL, NULL, NULL, NULL, NULL, NULL, NULL, NULL, NULL, NULL, NULL, NULL, NULL, 'height--standart', NULL, NULL, '2017-05-03 10:22:35', '2017-05-03 10:22:35', '2a931459-eab6-4384-8d09-8626e31ce388'),
 ('113', '62', 'ru', 'Деев Максим', NULL, '', '', '', '', '', '', '', '', '', NULL, '', '', NULL, NULL, NULL, NULL, NULL, NULL, NULL, NULL, NULL, NULL, NULL, NULL, NULL, NULL, 'height--standart', NULL, NULL, '2017-05-03 10:23:34', '2017-05-03 10:23:34', 'e93e0c47-53bd-414d-aec0-2c33c20512fc'),
 ('114', '62', 'en_us', 'Деев Максим', NULL, '', '', '', '', '', '', '', '', '', NULL, '', '', NULL, NULL, NULL, NULL, NULL, NULL, NULL, NULL, NULL, NULL, NULL, NULL, NULL, NULL, 'height--standart', NULL, NULL, '2017-05-03 10:23:34', '2017-05-03 10:23:34', 'f92dd62b-6014-473c-9df8-e787a893ffef'),
 ('115', '63', 'ru', 'Шалумов Захар', NULL, '', '', '', '', '', '', '', '', '', NULL, '', '', NULL, NULL, NULL, NULL, NULL, NULL, NULL, NULL, NULL, NULL, NULL, NULL, NULL, NULL, 'height--standart', NULL, NULL, '2017-05-03 10:24:58', '2017-05-03 10:24:58', 'b87cb3b7-e3fb-4233-a4a9-3eb03367b4a9'),
 ('116', '63', 'en_us', 'Шалумов Захар', NULL, '', '', '', '', '', '', '', '', '', NULL, '', '', NULL, NULL, NULL, NULL, NULL, NULL, NULL, NULL, NULL, NULL, NULL, NULL, NULL, NULL, 'height--standart', NULL, NULL, '2017-05-03 10:24:59', '2017-05-03 10:24:59', '60e4aab8-293f-4426-b28b-98d4ee623558'),
 ('117', '64', 'ru', 'Карапетян Мэри', NULL, '', '', '', '', '', '', '', '', '', NULL, '', '', NULL, NULL, NULL, NULL, NULL, NULL, NULL, NULL, NULL, NULL, NULL, NULL, NULL, NULL, 'height--standart', NULL, NULL, '2017-05-03 10:25:17', '2017-05-03 10:25:17', '493f4735-67aa-459c-b5e6-9640dbda6dc6'),
 ('118', '64', 'en_us', 'Карапетян Мэри', NULL, '', '', '', '', '', '', '', '', '', NULL, '', '', NULL, NULL, NULL, NULL, NULL, NULL, NULL, NULL, NULL, NULL, NULL, NULL, NULL, NULL, 'height--standart', NULL, NULL, '2017-05-03 10:25:17', '2017-05-03 10:25:17', 'e47d216d-e467-4aed-a48a-3af19433864c'),
 ('119', '65', 'ru', 'Кучер Дмитрий', NULL, '', '', '', '', '', '', '', '', '', NULL, '', '', NULL, NULL, NULL, NULL, NULL, NULL, NULL, NULL, NULL, NULL, NULL, NULL, NULL, NULL, 'height--standart', NULL, NULL, '2017-05-03 10:25:38', '2017-05-03 10:25:38', '533a3006-e80b-4699-afee-95fed60806c7'),
 ('120', '65', 'en_us', 'Кучер Дмитрий', NULL, '', '', '', '', '', '', '', '', '', NULL, '', '', NULL, NULL, NULL, NULL, NULL, NULL, NULL, NULL, NULL, NULL, NULL, NULL, NULL, NULL, 'height--standart', NULL, NULL, '2017-05-03 10:25:38', '2017-05-03 10:25:38', '8602cfb8-f539-4cc5-a664-0fa7926fbc31'),
 ('121', '66', 'ru', 'Ланда Леонид', NULL, '', '', '', '', '', '', '', '', '', NULL, '', '', NULL, NULL, NULL, NULL, NULL, NULL, NULL, NULL, NULL, NULL, NULL, NULL, NULL, NULL, 'height--standart', NULL, NULL, '2017-05-03 10:25:49', '2017-05-03 10:25:49', '85c32af2-8810-42d4-9c1e-9a500a16e1ca'),
 ('122', '66', 'en_us', 'Ланда Леонид', NULL, '', '', '', '', '', '', '', '', '', NULL, '', '', NULL, NULL, NULL, NULL, NULL, NULL, NULL, NULL, NULL, NULL, NULL, NULL, NULL, NULL, 'height--standart', NULL, NULL, '2017-05-03 10:25:49', '2017-05-03 10:25:49', 'e38c007d-b900-4ecc-88f8-f812a3666973'),
 ('123', '67', 'ru', 'Живчиков Денис', NULL, '', '', '', '', '', '', '', '', '', NULL, '', '', NULL, NULL, NULL, NULL, NULL, NULL, NULL, NULL, NULL, NULL, NULL, NULL, NULL, NULL, 'height--standart', NULL, NULL, '2017-05-03 10:26:00', '2017-05-03 10:26:00', 'd02c165e-6bd4-4f0f-afe3-a915d604cba7'),
 ('124', '67', 'en_us', 'Живчиков Денис', NULL, '', '', '', '', '', '', '', '', '', NULL, '', '', NULL, NULL, NULL, NULL, NULL, NULL, NULL, NULL, NULL, NULL, NULL, NULL, NULL, NULL, 'height--standart', NULL, NULL, '2017-05-03 10:26:01', '2017-05-03 10:26:01', '892efe5f-fa79-4584-8c56-406c50812805'),
 ('125', '68', 'ru', 'Трифаненкова Марина', NULL, '', '', '', '', '', '', '', '', '', NULL, '', '', NULL, NULL, NULL, NULL, NULL, NULL, NULL, NULL, NULL, NULL, NULL, NULL, NULL, NULL, 'height--standart', NULL, NULL, '2017-05-03 10:26:19', '2017-05-03 10:26:19', '5a17746b-f428-4d69-9c1a-585963cc2f4b'),
 ('126', '68', 'en_us', 'Трифаненкова Марина', NULL, '', '', '', '', '', '', '', '', '', NULL, '', '', NULL, NULL, NULL, NULL, NULL, NULL, NULL, NULL, NULL, NULL, NULL, NULL, NULL, NULL, 'height--standart', NULL, NULL, '2017-05-03 10:26:19', '2017-05-03 10:26:19', '5200d1e7-2db9-41ba-8d75-04bb39560ae8'),
 ('127', '69', 'ru', 'Боровикова Алена', NULL, '', '', '', '', '', '', '', '', '', NULL, '', '', NULL, NULL, NULL, NULL, NULL, NULL, NULL, NULL, NULL, NULL, NULL, NULL, NULL, NULL, 'height--standart', NULL, NULL, '2017-05-03 10:27:26', '2017-05-03 10:27:26', '6183c27f-550c-41ac-aac9-0888cdcc60d8');
INSERT INTO `craft_content` (`id`, `elementId`, `locale`, `title`, `field_body`, `field_personFirstname`, `field_personLastname`, `field_personPosition`, `field_personBio`, `field_facebook`, `field_twitter`, `field_linkedin`, `field_contactEmail`, `field_contactSkype`, `field_contactAddress`, `field_contactTel1`, `field_contactTel2`, `field_contactTel3`, `field_contactFax`, `field_contactLocation`, `field_metaTitle`, `field_metaKeywords`, `field_metaDescription`, `field_menuText`, `field_quoteAuthor`, `field_quoteText`, `field_projectDescription`, `field_branchDescription`, `field_serviceDescription`, `field_iconHeader`, `field_pictoAlign`, `field_blockHeight`, `field_groupTeamStatus`, `field_personStatusOver`, `dateCreated`, `dateUpdated`, `uid`) VALUES
 ('128', '69', 'en_us', 'Боровикова Алена', NULL, '', '', '', '', '', '', '', '', '', NULL, '', '', NULL, NULL, NULL, NULL, NULL, NULL, NULL, NULL, NULL, NULL, NULL, NULL, NULL, NULL, 'height--standart', NULL, NULL, '2017-05-03 10:27:26', '2017-05-03 10:27:26', 'bfe1bb53-d56c-4e59-8bf8-943dc2002762'),
 ('129', '70', 'ru', 'Закоян Марина', NULL, 'Марина', 'Закоян', '', '', '', '', '', '', '', NULL, '', '', NULL, NULL, NULL, NULL, NULL, NULL, NULL, NULL, NULL, NULL, NULL, NULL, NULL, NULL, 'height--standart', NULL, 'Старший юрист', '2017-05-03 10:52:22', '2017-05-03 10:52:22', 'b7b1677b-64ec-4c22-bb1e-6caaeed77d32'),
 ('130', '70', 'en_us', 'Закоян Марина', NULL, 'Марина', 'Закоян', '', '', '', '', '', '', '', NULL, '', '', NULL, NULL, NULL, NULL, NULL, NULL, NULL, NULL, NULL, NULL, NULL, NULL, NULL, NULL, 'height--standart', NULL, 'Старший юрист', '2017-05-03 10:52:22', '2017-05-03 10:52:22', '90ca980f-bca6-46e2-a90e-873cffa93e62'),
 ('131', '71', 'ru', 'Новикова Анна', NULL, '', '', '', '', '', '', '', '', '', NULL, '', '', NULL, NULL, NULL, NULL, NULL, NULL, NULL, NULL, NULL, NULL, NULL, NULL, NULL, NULL, 'height--standart', NULL, '', '2017-05-03 10:54:26', '2017-05-03 10:54:26', '5a66e92c-367d-4616-94cf-9ec8bd65d38b'),
 ('132', '71', 'en_us', 'Новикова Анна', NULL, '', '', '', '', '', '', '', '', '', NULL, '', '', NULL, NULL, NULL, NULL, NULL, NULL, NULL, NULL, NULL, NULL, NULL, NULL, NULL, NULL, 'height--standart', NULL, '', '2017-05-03 10:54:26', '2017-05-03 10:54:26', '1370e9c8-07e0-43ef-807c-310db70dc68f'),
 ('133', '72', 'ru', 'Егошина Виктория', NULL, '', '', '', '', '', '', '', 'victoria.egoshina@bakertilly.ru', '', NULL, '244', '2342342', NULL, NULL, NULL, NULL, NULL, NULL, NULL, NULL, NULL, NULL, NULL, NULL, NULL, NULL, 'height--standart', NULL, '', '2017-05-03 10:54:42', '2017-05-03 11:32:01', '6bfb0c50-5829-45aa-b0e0-d13723452e41'),
 ('134', '72', 'en_us', 'Егошина Виктория', NULL, '', '', '', '', '', '', '', 'victoria.egoshina@bakertilly.ru', '', NULL, '244', '2342342', NULL, NULL, NULL, NULL, NULL, NULL, NULL, NULL, NULL, NULL, NULL, NULL, NULL, NULL, 'height--standart', NULL, '', '2017-05-03 10:54:43', '2017-05-03 11:32:01', 'c5a8bd85-3d3f-42f0-9140-4d9e48514fc0'),
 ('135', '73', 'ru', NULL, NULL, NULL, NULL, NULL, NULL, NULL, NULL, NULL, 'info@bakertilly.ru', NULL, NULL, '+7495 258 9990', '', NULL, NULL, NULL, NULL, NULL, NULL, NULL, NULL, NULL, NULL, NULL, NULL, NULL, NULL, 'height--standart', NULL, NULL, '2017-05-03 10:57:34', '2017-05-03 11:00:21', '5c67777e-df4e-4557-9c97-e8ac6af9581c'),
 ('136', '73', 'en_us', NULL, NULL, NULL, NULL, NULL, NULL, NULL, NULL, NULL, 'info@bakertilly.ru', NULL, NULL, '+7495 258 9990', '', NULL, NULL, NULL, NULL, NULL, NULL, NULL, NULL, NULL, NULL, NULL, NULL, NULL, NULL, 'height--standart', NULL, NULL, '2017-05-03 10:57:34', '2017-05-03 11:00:21', 'b690d397-1749-4c86-8aca-7fc5861b72fc'),
 ('137', '74', 'ru', 'Главная страница', NULL, NULL, NULL, NULL, NULL, NULL, NULL, NULL, NULL, NULL, NULL, NULL, NULL, NULL, NULL, NULL, NULL, NULL, NULL, NULL, NULL, NULL, NULL, NULL, NULL, NULL, NULL, 'height--standart', NULL, NULL, '2017-05-03 13:01:25', '2017-05-03 13:01:25', '9f8a163e-c1e5-41e2-af2f-2493b011f28c'),
 ('138', '74', 'en_us', 'Главная страница', NULL, NULL, NULL, NULL, NULL, NULL, NULL, NULL, NULL, NULL, NULL, NULL, NULL, NULL, NULL, NULL, NULL, NULL, NULL, NULL, NULL, NULL, NULL, NULL, NULL, NULL, NULL, 'height--standart', NULL, NULL, '2017-05-03 13:01:25', '2017-05-03 13:01:25', '62e23935-df8c-4c15-9f1e-cda449fc3857'),
 ('139', '75', 'ru', 'Услуги', NULL, NULL, NULL, NULL, NULL, NULL, NULL, NULL, NULL, NULL, NULL, NULL, NULL, NULL, NULL, NULL, NULL, NULL, NULL, NULL, NULL, NULL, NULL, NULL, NULL, NULL, NULL, 'height--standart', NULL, NULL, '2017-05-03 13:02:06', '2017-05-03 13:02:06', '91701e5f-7f4d-4eb5-818c-285fbd2f6ebe'),
 ('140', '75', 'en_us', 'Услуги', NULL, NULL, NULL, NULL, NULL, NULL, NULL, NULL, NULL, NULL, NULL, NULL, NULL, NULL, NULL, NULL, NULL, NULL, NULL, NULL, NULL, NULL, NULL, NULL, NULL, NULL, NULL, 'height--standart', NULL, NULL, '2017-05-03 13:02:06', '2017-05-03 13:02:06', 'a42767aa-ac36-45c5-8ef6-2c8f693f38fe'),
 ('141', '76', 'ru', 'Отрасли', NULL, NULL, NULL, NULL, NULL, NULL, NULL, NULL, NULL, NULL, NULL, NULL, NULL, NULL, NULL, NULL, NULL, NULL, NULL, NULL, NULL, NULL, NULL, NULL, NULL, NULL, NULL, 'height--standart', NULL, NULL, '2017-05-03 13:11:14', '2017-05-03 13:11:14', '133a34e8-0a9e-4883-9ff3-472bb5889f33'),
 ('142', '76', 'en_us', 'Отрасли', NULL, NULL, NULL, NULL, NULL, NULL, NULL, NULL, NULL, NULL, NULL, NULL, NULL, NULL, NULL, NULL, NULL, NULL, NULL, NULL, NULL, NULL, NULL, NULL, NULL, NULL, NULL, 'height--standart', NULL, NULL, '2017-05-03 13:11:14', '2017-05-03 13:11:14', 'ed23b6ce-a9e0-45f5-b2c8-10603cb5f7ba'),
 ('143', '77', 'ru', 'Новости', NULL, NULL, NULL, NULL, NULL, NULL, NULL, NULL, NULL, NULL, NULL, NULL, NULL, NULL, NULL, NULL, NULL, NULL, NULL, NULL, NULL, NULL, NULL, NULL, NULL, NULL, NULL, 'height--standart', NULL, NULL, '2017-05-03 13:11:27', '2017-05-03 13:11:27', '76e562bd-a846-4f7c-9f21-60e470b4e60d'),
 ('144', '77', 'en_us', 'Новости', NULL, NULL, NULL, NULL, NULL, NULL, NULL, NULL, NULL, NULL, NULL, NULL, NULL, NULL, NULL, NULL, NULL, NULL, NULL, NULL, NULL, NULL, NULL, NULL, NULL, NULL, NULL, 'height--standart', NULL, NULL, '2017-05-03 13:11:27', '2017-05-03 13:11:27', '14d74a57-0f3d-4224-a5a2-c8298ef9b8ed'),
 ('147', '79', 'ru', 'Точка зрения', NULL, NULL, NULL, NULL, NULL, NULL, NULL, NULL, NULL, NULL, NULL, NULL, NULL, NULL, NULL, NULL, NULL, NULL, NULL, NULL, NULL, NULL, NULL, NULL, NULL, NULL, NULL, 'height--standart', NULL, NULL, '2017-05-03 13:11:56', '2017-05-03 13:11:56', 'c7c14a85-b1c2-4a9b-936a-2c6d3cee8171'),
 ('148', '79', 'en_us', 'Точка зрения', NULL, NULL, NULL, NULL, NULL, NULL, NULL, NULL, NULL, NULL, NULL, NULL, NULL, NULL, NULL, NULL, NULL, NULL, NULL, NULL, NULL, NULL, NULL, NULL, NULL, NULL, NULL, 'height--standart', NULL, NULL, '2017-05-03 13:11:56', '2017-05-03 13:11:56', '7fcf102f-5627-473a-be65-04ade5a2200b'),
 ('149', '80', 'ru', 'Налоговые обзоры', NULL, NULL, NULL, NULL, NULL, NULL, NULL, NULL, NULL, NULL, NULL, NULL, NULL, NULL, NULL, NULL, NULL, NULL, NULL, NULL, NULL, NULL, NULL, NULL, NULL, NULL, NULL, 'height--standart', NULL, NULL, '2017-05-03 13:12:23', '2017-05-03 13:12:23', 'aebcaea1-0bf2-4bfa-8bf6-67fa2d0911fb'),
 ('150', '80', 'en_us', 'Налоговые обзоры', NULL, NULL, NULL, NULL, NULL, NULL, NULL, NULL, NULL, NULL, NULL, NULL, NULL, NULL, NULL, NULL, NULL, NULL, NULL, NULL, NULL, NULL, NULL, NULL, NULL, NULL, NULL, 'height--standart', NULL, NULL, '2017-05-03 13:12:23', '2017-05-03 13:12:23', 'dd341edd-547f-4027-ba80-b2819c27409f'),
 ('153', '82', 'ru', 'Партнеры', NULL, NULL, NULL, NULL, NULL, NULL, NULL, NULL, NULL, NULL, NULL, NULL, NULL, NULL, NULL, NULL, NULL, NULL, NULL, NULL, NULL, NULL, NULL, NULL, NULL, NULL, NULL, 'height--standart', NULL, NULL, '2017-05-03 13:17:50', '2017-05-03 13:22:47', '414d32b8-e76a-4267-82ff-8c39ca71567a'),
 ('154', '82', 'en_us', 'Партнеры', NULL, NULL, NULL, NULL, NULL, NULL, NULL, NULL, NULL, NULL, NULL, NULL, NULL, NULL, NULL, NULL, NULL, NULL, NULL, NULL, NULL, NULL, NULL, NULL, NULL, NULL, NULL, 'height--standart', NULL, NULL, '2017-05-03 13:17:50', '2017-05-03 13:17:50', 'dc6201b8-f9e9-44e0-aaee-2d49d89e6b94'),
 ('155', '83', 'ru', 'Команда', NULL, NULL, NULL, NULL, NULL, NULL, NULL, NULL, NULL, NULL, NULL, NULL, NULL, NULL, NULL, NULL, NULL, NULL, NULL, NULL, NULL, NULL, NULL, NULL, NULL, NULL, NULL, 'height--standart', NULL, NULL, '2017-05-03 13:18:47', '2017-05-03 13:18:47', '2593bbe8-bcba-4e36-ad56-0306852738cb'),
 ('156', '83', 'en_us', 'Команда', NULL, NULL, NULL, NULL, NULL, NULL, NULL, NULL, NULL, NULL, NULL, NULL, NULL, NULL, NULL, NULL, NULL, NULL, NULL, NULL, NULL, NULL, NULL, NULL, NULL, NULL, NULL, 'height--standart', NULL, NULL, '2017-05-03 13:18:47', '2017-05-03 13:18:47', '4bd466d0-d9ee-4868-9f8d-a9eb5e9c590d'),
 ('157', '84', 'ru', 'Юрасова Екатерина', NULL, '', '', '', '', '', '', '', '', '', NULL, '', '', NULL, NULL, NULL, NULL, NULL, NULL, NULL, NULL, NULL, NULL, NULL, NULL, NULL, NULL, 'height--standart', NULL, '', '2017-05-04 09:25:06', '2017-05-04 09:25:06', '66e7c222-6218-44e8-b516-81d5be5467a5'),
 ('158', '84', 'en_us', 'Юрасова Екатерина', NULL, '', '', '', '', '', '', '', '', '', NULL, '', '', NULL, NULL, NULL, NULL, NULL, NULL, NULL, NULL, NULL, NULL, NULL, NULL, NULL, NULL, 'height--standart', NULL, '', '2017-05-04 09:25:06', '2017-05-04 09:25:06', '242fcb86-52d1-469c-915b-79455d0f0313');



DROP TABLE IF EXISTS `craft_deprecationerrors`;


--
-- Schema for table `craft_deprecationerrors`
--
CREATE TABLE `craft_deprecationerrors` (
  `id` int(11) NOT NULL AUTO_INCREMENT,
  `key` varchar(255) COLLATE utf8_unicode_ci NOT NULL,
  `fingerprint` varchar(255) COLLATE utf8_unicode_ci NOT NULL,
  `lastOccurrence` datetime NOT NULL,
  `file` varchar(255) COLLATE utf8_unicode_ci NOT NULL,
  `line` smallint(6) unsigned NOT NULL,
  `class` varchar(255) COLLATE utf8_unicode_ci DEFAULT NULL,
  `method` varchar(255) COLLATE utf8_unicode_ci DEFAULT NULL,
  `template` varchar(255) COLLATE utf8_unicode_ci DEFAULT NULL,
  `templateLine` smallint(6) unsigned DEFAULT NULL,
  `message` varchar(255) COLLATE utf8_unicode_ci DEFAULT NULL,
  `traces` text COLLATE utf8_unicode_ci,
  `dateCreated` datetime NOT NULL,
  `dateUpdated` datetime NOT NULL,
  `uid` char(36) COLLATE utf8_unicode_ci NOT NULL DEFAULT '0',
  PRIMARY KEY (`id`),
  UNIQUE KEY `craft_deprecationerrors_key_fingerprint_unq_idx` (`key`,`fingerprint`)
) ENGINE=InnoDB DEFAULT CHARSET=utf8 COLLATE=utf8_unicode_ci;

DROP TABLE IF EXISTS `craft_elementindexsettings`;


--
-- Schema for table `craft_elementindexsettings`
--
CREATE TABLE `craft_elementindexsettings` (
  `id` int(11) NOT NULL AUTO_INCREMENT,
  `type` varchar(150) COLLATE utf8_unicode_ci NOT NULL,
  `settings` text COLLATE utf8_unicode_ci,
  `dateCreated` datetime NOT NULL,
  `dateUpdated` datetime NOT NULL,
  `uid` char(36) COLLATE utf8_unicode_ci NOT NULL DEFAULT '0',
  PRIMARY KEY (`id`),
  UNIQUE KEY `craft_elementindexsettings_type_unq_idx` (`type`)
) ENGINE=InnoDB AUTO_INCREMENT=8 DEFAULT CHARSET=utf8 COLLATE=utf8_unicode_ci;

--
-- Data for table `craft_elementindexsettings`
--

INSERT INTO `craft_elementindexsettings` (`id`, `type`, `settings`, `dateCreated`, `dateUpdated`, `uid`) VALUES
 ('1', 'Category', '{\"sources\":{\"group:2\":{\"tableAttributes\":{\"1\":\"link\",\"2\":\"uri\"}}}}', '2017-04-27 16:14:32', '2017-04-27 16:14:32', 'ecf6e544-d400-4fe0-9a06-d491741520fe'),
 ('2', 'Entry', '{\"sources\":{\"section:3\":{\"tableAttributes\":{\"1\":\"postDate\",\"2\":\"expiryDate\",\"3\":\"author\",\"4\":\"link\",\"5\":\"uri\",\"6\":\"field:7\",\"7\":\"field:3\"}},\"section:4\":{\"tableAttributes\":{\"1\":\"postDate\",\"2\":\"expiryDate\",\"3\":\"author\",\"4\":\"link\",\"5\":\"type\"}}}}', '2017-04-27 16:15:05', '2017-05-03 10:55:52', '5178f7ae-2359-4260-a088-d085a41c4361');



DROP TABLE IF EXISTS `craft_elements`;


--
-- Schema for table `craft_elements`
--
CREATE TABLE `craft_elements` (
  `id` int(11) NOT NULL AUTO_INCREMENT,
  `type` varchar(150) COLLATE utf8_unicode_ci NOT NULL,
  `enabled` tinyint(1) unsigned NOT NULL DEFAULT '1',
  `archived` tinyint(1) unsigned NOT NULL DEFAULT '0',
  `dateCreated` datetime NOT NULL,
  `dateUpdated` datetime NOT NULL,
  `uid` char(36) COLLATE utf8_unicode_ci NOT NULL DEFAULT '0',
  PRIMARY KEY (`id`),
  KEY `craft_elements_type_idx` (`type`),
  KEY `craft_elements_enabled_idx` (`enabled`),
  KEY `craft_elements_archived_dateCreated_idx` (`archived`,`dateCreated`)
) ENGINE=InnoDB AUTO_INCREMENT=85 DEFAULT CHARSET=utf8 COLLATE=utf8_unicode_ci;

--
-- Data for table `craft_elements`
--

INSERT INTO `craft_elements` (`id`, `type`, `enabled`, `archived`, `dateCreated`, `dateUpdated`, `uid`) VALUES
 ('1', 'User', '1', '0', '2017-04-27 15:30:00', '2017-04-27 15:30:00', '8dae7373-6b33-410f-82f7-3dbe98d274c7'),
 ('2', 'Entry', '1', '0', '2017-04-27 15:30:05', '2017-04-27 15:38:55', '65f67759-2bf0-4527-aa7b-4f2f8526f7c5'),
 ('3', 'Entry', '1', '0', '2017-04-27 15:30:05', '2017-04-28 09:58:29', 'a43ed5a6-3f81-4296-a3d2-7560d88bf911'),
 ('4', 'Category', '1', '0', '2017-04-27 16:06:30', '2017-05-03 12:16:18', 'e3e508a8-b36c-4b69-9b24-7ad0a2dd5a2c'),
 ('5', 'Category', '1', '0', '2017-04-27 16:06:56', '2017-05-03 10:46:38', 'de9beb13-822c-424c-87ff-00fc6ac5e689'),
 ('6', 'Category', '1', '0', '2017-04-27 16:08:32', '2017-05-03 10:53:47', '710ea3e5-1e16-4b4a-9790-ae71e64d6760'),
 ('7', 'Category', '1', '0', '2017-04-27 16:11:27', '2017-04-27 16:11:48', '56ea270c-6b22-4a18-8b29-492368385478'),
 ('8', 'Category', '1', '0', '2017-04-27 16:12:12', '2017-04-27 16:12:19', '0ea4fe76-42c8-4a16-a70b-7d50b989a9d7'),
 ('9', 'Category', '1', '0', '2017-04-27 16:13:20', '2017-04-27 16:13:31', '3896f483-9b7a-4e76-a4ee-72b6f3a279cc'),
 ('10', 'Category', '1', '0', '2017-04-27 16:14:05', '2017-04-27 16:14:18', '57145298-ad99-4241-9165-f690eed75f61'),
 ('18', 'Entry', '1', '0', '2017-04-27 22:24:29', '2017-04-27 22:24:29', '76b67a95-ae86-40e7-a7ef-8bae944c20d4'),
 ('19', 'MatrixBlock', '1', '0', '2017-04-27 22:24:30', '2017-04-27 22:24:30', 'bd6deec4-1624-4716-9568-403f59591f78'),
 ('23', 'Entry', '1', '0', '2017-04-28 11:25:37', '2017-04-28 11:25:37', '61a161ab-525d-4398-b1cd-6caa7f9ad212'),
 ('24', 'Entry', '1', '0', '2017-05-02 15:22:09', '2017-05-02 15:22:09', '0d5b6731-87fd-4aeb-93f8-002003191659'),
 ('25', 'Entry', '1', '0', '2017-05-02 15:22:22', '2017-05-02 15:22:22', 'cbc5fa0a-447d-422b-8afe-9f7b9e9155db'),
 ('26', 'Entry', '1', '0', '2017-05-02 15:22:31', '2017-05-02 15:22:31', 'c2287787-7aab-43bd-a4ff-e4d6f0c86e04'),
 ('27', 'Entry', '1', '0', '2017-05-02 15:22:40', '2017-05-02 15:22:40', '622ee834-ef25-4aae-9f24-af54644d377b'),
 ('28', 'Entry', '1', '0', '2017-05-02 15:22:49', '2017-05-02 15:22:49', '370d5fbb-d08e-47bc-9aee-4404740c2766'),
 ('29', 'Entry', '1', '0', '2017-05-02 15:22:57', '2017-05-02 15:22:57', '28b80cb8-cbb8-4188-8430-24b68842e125'),
 ('30', 'Entry', '1', '0', '2017-05-02 15:23:06', '2017-05-02 15:23:06', '70740104-8f6e-4612-9c75-6283ee6899e6'),
 ('31', 'Entry', '1', '0', '2017-05-02 15:23:16', '2017-05-02 15:23:16', '3f25683b-35cc-4fa6-8f4b-082deae1ccf1'),
 ('32', 'Entry', '1', '0', '2017-05-02 15:24:52', '2017-05-02 15:24:52', 'b4aa9a49-dbbe-4e69-9a70-3c14d7a01c6e'),
 ('33', 'Entry', '1', '0', '2017-05-02 15:25:02', '2017-05-02 15:25:02', '46528be3-951a-4901-bec2-1b8b0ba77022'),
 ('34', 'Entry', '1', '0', '2017-05-02 15:25:15', '2017-05-02 15:25:15', 'd8d3cf1f-9a89-4240-82c4-3ba8be4aa6c9'),
 ('35', 'Entry', '1', '0', '2017-05-02 15:25:39', '2017-05-02 15:25:39', '2d7431c6-fd8d-4987-b980-614ccf43e668'),
 ('36', 'Entry', '1', '0', '2017-05-02 15:25:48', '2017-05-02 15:25:48', '3ccbaf40-95eb-42e8-bc3c-3750d35072d2'),
 ('37', 'Entry', '1', '0', '2017-05-02 15:25:56', '2017-05-02 15:25:56', '3dd30620-b58e-46c2-a0cb-72a24d7f61e1'),
 ('38', 'Entry', '1', '0', '2017-05-02 15:26:30', '2017-05-02 15:26:30', '930fdd83-c21e-43a3-ac02-42b2c8545958'),
 ('39', 'Entry', '1', '0', '2017-05-02 15:27:07', '2017-05-02 15:27:07', '8c9dc1eb-f359-4826-b720-dd094908d086'),
 ('40', 'Entry', '1', '0', '2017-05-02 15:27:13', '2017-05-02 15:27:13', 'b9779845-9e33-4723-90f1-02b8ee6dea86'),
 ('41', 'Entry', '1', '0', '2017-05-02 15:27:21', '2017-05-02 15:27:21', '331e9aab-0fc0-426a-955b-ce1cc16c4327'),
 ('42', 'Entry', '1', '0', '2017-05-02 15:27:32', '2017-05-02 15:27:32', '68ef0b30-d75b-492e-8c12-a2e3bb4ca663'),
 ('43', 'Entry', '1', '0', '2017-05-02 15:27:41', '2017-05-02 15:27:41', '13d3e57c-449b-4c4c-a6fb-b3310e0f871a'),
 ('44', 'Entry', '1', '0', '2017-05-02 15:27:50', '2017-05-02 15:27:50', 'd5aeda1d-d927-446c-aeec-21e5d25789ab'),
 ('45', 'Entry', '1', '0', '2017-05-02 15:27:58', '2017-05-02 15:27:58', '3cae6235-a164-4dfc-a7ec-482af8d7e064'),
 ('46', 'Asset', '1', '0', '2017-05-02 15:29:04', '2017-05-02 15:29:04', 'a600b6ba-24f6-452c-a244-dc51818869b8'),
 ('53', 'Entry', '1', '0', '2017-05-03 10:09:46', '2017-05-03 10:11:33', '9600e9d6-8f7a-4ed4-b995-26f90bcec25f'),
 ('54', 'Entry', '1', '0', '2017-05-03 10:11:05', '2017-05-03 10:57:10', 'ac61941c-161f-4c29-a46b-6d35b16b1ae9'),
 ('55', 'Entry', '1', '0', '2017-05-03 10:11:16', '2017-05-03 10:12:06', '80a72f01-9b5c-40e8-aef5-8e094ece18b6'),
 ('56', 'Entry', '1', '0', '2017-05-03 10:11:54', '2017-05-03 10:11:54', '7db16192-12d5-4ac0-b474-327a0dfa1c08'),
 ('57', 'Entry', '1', '0', '2017-05-03 10:12:24', '2017-05-03 10:12:24', 'a6de6641-7b17-4fcc-af22-8a5da511dca9'),
 ('58', 'Entry', '1', '0', '2017-05-03 10:12:39', '2017-05-03 10:12:39', 'cb211c7b-cdc7-4144-a2d5-3bff0a3963a2'),
 ('59', 'Entry', '1', '0', '2017-05-03 10:13:32', '2017-05-03 10:13:32', '06e1dcb7-b04a-458a-9a95-113e3ebb5cce'),
 ('60', 'Entry', '1', '0', '2017-05-03 10:14:27', '2017-05-03 10:14:27', 'da9f2894-d2a8-4846-b273-fa3873851ce4'),
 ('61', 'Entry', '1', '0', '2017-05-03 10:22:34', '2017-05-03 10:22:34', 'f4482d6c-5dbb-469b-b4ae-9e36ed258b5c'),
 ('62', 'Entry', '1', '0', '2017-05-03 10:23:34', '2017-05-03 10:23:34', '94a61257-f7a5-47c3-a5fd-9bfd31639678'),
 ('63', 'Entry', '1', '0', '2017-05-03 10:24:58', '2017-05-03 10:24:58', '8fb5dac8-18cf-40b6-ab44-aff800c83dac'),
 ('64', 'Entry', '1', '0', '2017-05-03 10:25:17', '2017-05-03 10:25:17', 'e23c31c5-b1ac-4072-838b-9813504ec734'),
 ('65', 'Entry', '1', '0', '2017-05-03 10:25:38', '2017-05-03 10:25:38', 'c7f4db4b-aef8-42fc-8424-e5c71296dac5'),
 ('66', 'Entry', '1', '0', '2017-05-03 10:25:49', '2017-05-03 10:25:49', '3e4f008c-620c-43a9-999b-a7500976f53b'),
 ('67', 'Entry', '1', '0', '2017-05-03 10:26:00', '2017-05-03 10:26:00', '96acd253-52b4-471e-9dc4-7f678b31967a'),
 ('68', 'Entry', '1', '0', '2017-05-03 10:26:19', '2017-05-03 10:26:19', '3e81bfe0-c278-46ac-bf6f-636a4cdabbc4'),
 ('69', 'Entry', '1', '0', '2017-05-03 10:27:26', '2017-05-03 10:27:26', '38bc9e0c-add6-40c1-a7d5-c8c00d6e1e0c'),
 ('70', 'Entry', '1', '0', '2017-05-03 10:52:22', '2017-05-03 10:52:22', 'f5a7a501-424b-453e-82e3-900f67d1aae5'),
 ('71', 'Entry', '1', '0', '2017-05-03 10:54:26', '2017-05-03 10:54:26', '0b29dd52-fc11-471b-b41c-04e6726270bf'),
 ('72', 'Entry', '1', '0', '2017-05-03 10:54:42', '2017-05-03 11:32:01', '18d087eb-6b14-48a8-b1e0-3e58f6f61ea3'),
 ('73', 'GlobalSet', '1', '0', '2017-05-03 10:57:34', '2017-05-03 11:00:21', 'd452cd32-8052-4b38-a224-4de4290c83be'),
 ('74', 'Navee_Node', '1', '0', '2017-05-03 13:01:25', '2017-05-03 13:01:25', 'f63f460c-5254-46d9-a161-2c9a811f105c'),
 ('75', 'Navee_Node', '1', '0', '2017-05-03 13:02:06', '2017-05-03 13:02:06', 'c9dae1d6-1fde-4379-8326-454182bdb05f'),
 ('76', 'Navee_Node', '1', '0', '2017-05-03 13:11:14', '2017-05-03 13:11:14', '8bcd865f-ccb7-4b92-867e-e641724c79a7'),
 ('77', 'Navee_Node', '1', '0', '2017-05-03 13:11:27', '2017-05-03 13:11:27', '7341c628-5ad4-4a61-925a-f9ab9a201966'),
 ('79', 'Navee_Node', '1', '0', '2017-05-03 13:11:56', '2017-05-03 13:11:56', '1239c19a-0277-46b2-bcc1-0b30ec8e8611'),
 ('80', 'Navee_Node', '1', '0', '2017-05-03 13:12:22', '2017-05-03 13:12:22', '755624dc-2dd6-45aa-b5bf-811735cbf32d'),
 ('82', 'Navee_Node', '1', '0', '2017-05-03 13:17:50', '2017-05-03 13:22:47', 'c56aaaf2-0974-4c16-89b3-6b830e83c32b'),
 ('83', 'Navee_Node', '1', '0', '2017-05-03 13:18:47', '2017-05-03 13:18:47', '8393a509-71b9-4af7-bde6-1c32289f3e6a'),
 ('84', 'Entry', '1', '0', '2017-05-04 09:25:05', '2017-05-04 09:25:05', 'e3e8c6a4-5286-4a6f-89ea-b3189053a1d4');



DROP TABLE IF EXISTS `craft_elements_i18n`;


--
-- Schema for table `craft_elements_i18n`
--
CREATE TABLE `craft_elements_i18n` (
  `id` int(11) NOT NULL AUTO_INCREMENT,
  `elementId` int(11) NOT NULL,
  `locale` char(12) COLLATE utf8_unicode_ci NOT NULL,
  `slug` varchar(255) COLLATE utf8_unicode_ci DEFAULT NULL,
  `uri` varchar(255) COLLATE utf8_unicode_ci DEFAULT NULL,
  `enabled` tinyint(1) unsigned NOT NULL DEFAULT '1',
  `dateCreated` datetime NOT NULL,
  `dateUpdated` datetime NOT NULL,
  `uid` char(36) COLLATE utf8_unicode_ci NOT NULL DEFAULT '0',
  PRIMARY KEY (`id`),
  UNIQUE KEY `craft_elements_i18n_elementId_locale_unq_idx` (`elementId`,`locale`),
  UNIQUE KEY `craft_elements_i18n_uri_locale_unq_idx` (`uri`,`locale`),
  KEY `craft_elements_i18n_slug_locale_idx` (`slug`,`locale`),
  KEY `craft_elements_i18n_enabled_idx` (`enabled`),
  KEY `craft_elements_i18n_locale_fk` (`locale`)
) ENGINE=InnoDB AUTO_INCREMENT=155 DEFAULT CHARSET=utf8 COLLATE=utf8_unicode_ci;

--
-- Data for table `craft_elements_i18n`
--

INSERT INTO `craft_elements_i18n` (`id`, `elementId`, `locale`, `slug`, `uri`, `enabled`, `dateCreated`, `dateUpdated`, `uid`) VALUES
 ('1', '1', 'ru', '', NULL, '1', '2017-04-27 15:30:00', '2017-04-27 15:30:00', '7c27e491-7d99-4da1-8346-3b59aee312d2'),
 ('2', '2', 'ru', 'homepage', '__home__', '1', '2017-04-27 15:30:05', '2017-04-27 15:38:55', '0a172c8d-a0fa-4fc3-a2a9-798227aafec8'),
 ('3', '3', 'ru', 'we-just-installed-craft', 'news/2017/we-just-installed-craft', '1', '2017-04-27 15:30:05', '2017-04-28 09:58:29', '30264386-1634-4192-aef2-4bb346394721'),
 ('4', '4', 'ru', 'partners', 'team/partners', '1', '2017-04-27 16:06:30', '2017-05-03 12:16:18', '39409609-5adf-4e80-9f29-7df781125909'),
 ('5', '4', 'en_us', 'partners', 'team/partners', '1', '2017-04-27 16:06:30', '2017-05-03 10:45:44', 'e071622d-9ca2-48f5-9b5a-a4ab6bc03d97'),
 ('6', '5', 'ru', 'superintendents', 'team/superintendents', '1', '2017-04-27 16:06:56', '2017-05-03 10:46:38', 'bc9e3f27-f602-42ba-ac16-6dad4d79e040'),
 ('7', '5', 'en_us', 'superintendents', 'team/superintendents', '1', '2017-04-27 16:06:56', '2017-05-03 10:46:38', 'c89aab90-2c7f-428d-a2a9-f509c2f17d2d'),
 ('8', '6', 'ru', 'managers', 'team/managers', '1', '2017-04-27 16:08:32', '2017-05-03 10:53:47', 'ec9fa87f-961e-4713-aa8a-30c04f3d8b97'),
 ('9', '6', 'en_us', 'managers', 'team/managers', '1', '2017-04-27 16:08:32', '2017-05-03 10:53:47', '189f3089-e558-4e3f-b38e-aa9ec2064af0'),
 ('10', '7', 'ru', 'news', 'news', '1', '2017-04-27 16:11:27', '2017-04-27 16:11:48', 'afce9e4e-afc9-49cc-b48d-96839c77a555'),
 ('11', '7', 'en_us', 'news', 'news', '1', '2017-04-27 16:11:27', '2017-04-27 16:11:48', '15f83da5-ed48-46b9-823e-56b633567387'),
 ('12', '8', 'ru', 'insights', 'insights', '1', '2017-04-27 16:12:12', '2017-04-27 16:12:19', 'ca37b71b-6792-4368-b507-54c60553d08f'),
 ('13', '8', 'en_us', 'insights', 'insights', '1', '2017-04-27 16:12:12', '2017-04-27 16:12:19', '39a24bd9-8c7b-401f-bb5d-936a050085a6'),
 ('14', '9', 'ru', 'press-releases', 'press-releases', '1', '2017-04-27 16:13:21', '2017-04-27 16:13:31', '25dff4e6-6eb8-4f1c-acd9-540a249a25b0'),
 ('15', '9', 'en_us', 'press-releases', 'press-releases', '1', '2017-04-27 16:13:21', '2017-04-27 16:13:31', '594c1ed4-cac0-4013-aab3-5643c6cbaabf'),
 ('16', '10', 'ru', 'tax-reviews', 'tax-reviews', '1', '2017-04-27 16:14:05', '2017-04-27 16:14:18', '07592256-c3a4-4f04-a835-b308ae3146b3'),
 ('17', '10', 'en_us', 'tax-reviews', 'tax-reviews', '1', '2017-04-27 16:14:05', '2017-04-27 16:14:18', '74661319-9d5f-49a6-afd3-2db663dcc079'),
 ('24', '18', 'ru', 'test-menu', NULL, '1', '2017-04-27 22:24:30', '2017-04-27 22:24:31', '11611b30-5f65-4a7e-a5b4-613efea15f5a'),
 ('25', '18', 'en_us', 'test-menu', NULL, '1', '2017-04-27 22:24:30', '2017-04-27 22:24:31', '6195a911-3f40-4cba-9392-1d964c87ba5b'),
 ('26', '19', 'ru', '', NULL, '1', '2017-04-27 22:24:30', '2017-04-27 22:24:30', 'bfd19b70-49ac-4425-b0a8-56032eeab1b6'),
 ('33', '23', 'ru', 'тестовый', 'tester', '1', '2017-04-28 11:25:37', '2017-04-28 11:25:37', 'cac94436-1af0-4a6a-9cec-dcf896a7e852'),
 ('34', '23', 'en_us', 'тестовый', 'tester', '1', '2017-04-28 11:25:37', '2017-04-28 11:25:37', 'a08b45d8-ab00-4df6-891b-bd28f911e820'),
 ('35', '24', 'ru', 'аудиторские-услуги', 'services/аудиторские-услуги', '1', '2017-05-02 15:22:09', '2017-05-02 15:22:11', '2341f3c7-5859-4f7e-a6bb-21db549fb132'),
 ('36', '24', 'en_us', 'аудиторские-услуги', 'services/аудиторские-услуги', '1', '2017-05-02 15:22:09', '2017-05-02 15:22:11', '52941aee-d76c-4394-a2b7-78d318b136cc'),
 ('37', '25', 'ru', 'бухгалтерские-услуги', 'services/бухгалтерские-услуги', '1', '2017-05-02 15:22:22', '2017-05-02 15:22:23', '17ee5e0d-16c5-47ab-b3d1-c23b3ee2ab32'),
 ('38', '25', 'en_us', 'бухгалтерские-услуги', 'services/бухгалтерские-услуги', '1', '2017-05-02 15:22:22', '2017-05-02 15:22:23', 'ee51710f-028f-4ebf-b739-c790753fd83b'),
 ('39', '26', 'ru', 'консалтинг', 'services/консалтинг', '1', '2017-05-02 15:22:31', '2017-05-02 15:22:32', 'ab217c52-bb3c-4f5a-8a45-3e9ed8905824'),
 ('40', '26', 'en_us', 'консалтинг', 'services/консалтинг', '1', '2017-05-02 15:22:31', '2017-05-02 15:22:32', '91f31236-fca7-4d71-a131-eb40588d67d1'),
 ('41', '27', 'ru', 'корпоративные-финансы', 'services/корпоративные-финансы', '1', '2017-05-02 15:22:40', '2017-05-02 15:22:41', 'e814cff9-b36b-4961-b669-fd882b1f57bb'),
 ('42', '27', 'en_us', 'корпоративные-финансы', 'services/корпоративные-финансы', '1', '2017-05-02 15:22:40', '2017-05-02 15:22:41', '73d7ad11-cbc8-4e7b-bc03-baea8ed4c881'),
 ('43', '28', 'ru', 'налоговое-консультирование', 'services/налоговое-консультирование', '1', '2017-05-02 15:22:49', '2017-05-02 15:22:51', 'fa16eb76-0c69-4684-8415-c27c82433072'),
 ('44', '28', 'en_us', 'налоговое-консультирование', 'services/налоговое-консультирование', '1', '2017-05-02 15:22:49', '2017-05-02 15:22:51', '53748547-3296-489b-a349-3416fdec3b3c'),
 ('45', '29', 'ru', 'оценочные-услуги', 'services/оценочные-услуги', '1', '2017-05-02 15:22:57', '2017-05-02 15:22:59', '04b4f6d6-9c30-4a91-9b21-f6b208a26052'),
 ('46', '29', 'en_us', 'оценочные-услуги', 'services/оценочные-услуги', '1', '2017-05-02 15:22:57', '2017-05-02 15:22:59', '8d9eafeb-882a-47ac-b8ed-6b67f209d0d0'),
 ('47', '30', 'ru', 'финансовые-расследования', 'services/финансовые-расследования', '1', '2017-05-02 15:23:06', '2017-05-02 15:23:08', 'e180bf82-6bdf-4447-8bc8-6f70da7fdd67'),
 ('48', '30', 'en_us', 'финансовые-расследования', 'services/финансовые-расследования', '1', '2017-05-02 15:23:06', '2017-05-02 15:23:08', '49ffbf30-cd6c-4ffa-bbed-cf5d39afaca8'),
 ('49', '31', 'ru', 'юридические-услуги', 'services/юридические-услуги', '1', '2017-05-02 15:23:16', '2017-05-03 10:17:29', 'ebd3358f-932f-4607-9dba-e7dbb9564e88'),
 ('50', '31', 'en_us', 'юридические-услуги', 'services/юридические-услуги', '1', '2017-05-02 15:23:16', '2017-05-03 10:17:29', '32ec3937-7345-46a6-bab3-e7be4ccadcd1'),
 ('51', '32', 'ru', 'авиационная-промышленность-оак-воздушные-суда-производство-комплектующих', 'branches/авиационная-промышленность-оак-воздушные-суда-производство-комплектующих', '1', '2017-05-02 15:24:52', '2017-05-02 15:24:53', '57ac8c9a-ee1a-4b78-b770-0b9e3fbfe33d'),
 ('52', '32', 'en_us', 'авиационная-промышленность-оак-воздушные-суда-производство-комплектующих', 'branches/авиационная-промышленность-оак-воздушные-суда-производство-комплектующих', '1', '2017-05-02 15:24:52', '2017-05-02 15:24:53', '777bdd80-afce-4bba-b161-17f5425a6d81'),
 ('53', '33', 'ru', 'атомная-промышленность-включая-производство-оборудования', 'branches/атомная-промышленность-включая-производство-оборудования', '1', '2017-05-02 15:25:02', '2017-05-02 15:25:04', 'aa5f22f2-75a3-4c0d-96ee-bc7393f2b3af'),
 ('54', '33', 'en_us', 'атомная-промышленность-включая-производство-оборудования', 'branches/атомная-промышленность-включая-производство-оборудования', '1', '2017-05-02 15:25:02', '2017-05-02 15:25:04', '71069eae-17e4-4fe5-9736-84512c944c7a'),
 ('55', '34', 'ru', 'атомная-промышленность-включая-производство-оборудования-1', 'branches/атомная-промышленность-включая-производство-оборудования-1', '1', '2017-05-02 15:25:15', '2017-05-02 15:25:17', 'b554cf00-938e-42ad-933b-bffe240c9244'),
 ('56', '34', 'en_us', 'атомная-промышленность-включая-производство-оборудования-1', 'branches/атомная-промышленность-включая-производство-оборудования-1', '1', '2017-05-02 15:25:15', '2017-05-02 15:25:17', '413de15d-c0c4-45aa-9779-e6c93705a659'),
 ('57', '35', 'ru', 'машиностроение-судостроение-станкостроение', 'branches/машиностроение-судостроение-станкостроение', '1', '2017-05-02 15:25:39', '2017-05-02 15:25:41', '2aca9cec-9e83-4d6f-8271-41dcd22801d5'),
 ('58', '35', 'en_us', 'машиностроение-судостроение-станкостроение', 'branches/машиностроение-судостроение-станкостроение', '1', '2017-05-02 15:25:39', '2017-05-02 15:25:41', '52d5ff1d-d7ed-4698-90c0-f2138ec2e7cd'),
 ('59', '36', 'ru', 'недвижимость-и-строительство-включая-производство-строительных-материалов', 'branches/недвижимость-и-строительство-включая-производство-строительных-материалов', '1', '2017-05-02 15:25:48', '2017-05-02 15:25:49', '35abcd79-f557-47b9-8b15-b2a3fda5650d'),
 ('60', '36', 'en_us', 'недвижимость-и-строительство-включая-производство-строительных-материалов', 'branches/недвижимость-и-строительство-включая-производство-строительных-материалов', '1', '2017-05-02 15:25:48', '2017-05-02 15:25:49', '8d6b426b-c787-453f-a4fe-40111ae74a42'),
 ('61', '37', 'ru', 'нефтегазовая-отрасль', 'branches/нефтегазовая-отрасль', '1', '2017-05-02 15:25:56', '2017-05-02 15:25:57', 'a6719897-3159-4efa-a2f6-7d3168a6e515'),
 ('62', '37', 'en_us', 'нефтегазовая-отрасль', 'branches/нефтегазовая-отрасль', '1', '2017-05-02 15:25:56', '2017-05-02 15:25:57', 'fb14c2c1-fccf-419b-b143-e160e685963b'),
 ('63', '38', 'ru', 'сельское-хозяйство-и-пищевая-промышленность', 'branches/сельское-хозяйство-и-пищевая-промышленность', '1', '2017-05-02 15:26:30', '2017-05-02 15:26:31', '0f497b47-1412-426a-b284-e7ec74b41c51'),
 ('64', '38', 'en_us', 'сельское-хозяйство-и-пищевая-промышленность', 'branches/сельское-хозяйство-и-пищевая-промышленность', '1', '2017-05-02 15:26:30', '2017-05-02 15:26:31', '2186e76c-3e8b-4255-8f75-7b917fa094d8'),
 ('65', '39', 'ru', 'сфера-развлечений-и-гостеприимства', 'branches/сфера-развлечений-и-гостеприимства', '1', '2017-05-02 15:27:07', '2017-05-02 15:27:08', 'd1d736a8-44b0-4773-a421-ef43bf29b633'),
 ('66', '39', 'en_us', 'сфера-развлечений-и-гостеприимства', 'branches/сфера-развлечений-и-гостеприимства', '1', '2017-05-02 15:27:07', '2017-05-02 15:27:08', '19fe45ff-0649-4a45-aa94-3dd0f670d02e'),
 ('67', '40', 'ru', 'телеком-ит-и-медиа', 'branches/телеком-ит-и-медиа', '1', '2017-05-02 15:27:13', '2017-05-02 15:27:14', '7b030d29-64c5-4c83-9bb9-f53542177e89'),
 ('68', '40', 'en_us', 'телеком-ит-и-медиа', 'branches/телеком-ит-и-медиа', '1', '2017-05-02 15:27:13', '2017-05-02 15:27:14', '25dc5a76-a9d9-449b-9a19-8ffe0702f65d'),
 ('69', '41', 'ru', 'торговля-оптовая-и-розничная', 'branches/торговля-оптовая-и-розничная', '1', '2017-05-02 15:27:21', '2017-05-02 15:27:22', '280f5362-c0a7-46ec-b75e-0ea3de51cf9f'),
 ('70', '41', 'en_us', 'торговля-оптовая-и-розничная', 'branches/торговля-оптовая-и-розничная', '1', '2017-05-02 15:27:21', '2017-05-02 15:27:22', 'e19a324e-a99b-4357-9425-890b66f356ff'),
 ('71', '42', 'ru', 'транспорт-и-логистика-инфраструктурные-проекты', 'branches/транспорт-и-логистика-инфраструктурные-проекты', '1', '2017-05-02 15:27:32', '2017-05-02 15:27:34', '763cfe5c-fad0-4b32-aebc-0f9560f5b8d4'),
 ('72', '42', 'en_us', 'транспорт-и-логистика-инфраструктурные-проекты', 'branches/транспорт-и-логистика-инфраструктурные-проекты', '1', '2017-05-02 15:27:32', '2017-05-02 15:27:34', '470dc740-8e43-40b8-b102-b80a7e89b649'),
 ('73', '43', 'ru', 'фармацевтика-медицина', 'branches/фармацевтика-медицина', '1', '2017-05-02 15:27:41', '2017-05-02 15:27:43', '5574cb51-dc2d-49c1-9c0e-0077dcf97973'),
 ('74', '43', 'en_us', 'фармацевтика-медицина', 'branches/фармацевтика-медицина', '1', '2017-05-02 15:27:41', '2017-05-02 15:27:43', '3bdd79f9-5a11-4cdd-bf4f-c0f5cccd03c3'),
 ('75', '44', 'ru', 'финансовый-сектор', 'branches/финансовый-сектор', '1', '2017-05-02 15:27:50', '2017-05-02 15:27:52', 'c3ea920e-65c1-47ca-89b4-ac54ecebf870'),
 ('76', '44', 'en_us', 'финансовый-сектор', 'branches/финансовый-сектор', '1', '2017-05-02 15:27:50', '2017-05-02 15:27:52', '2164f104-4952-4145-b779-75b3a0b25833'),
 ('77', '45', 'ru', 'энергетика', 'branches/энергетика', '1', '2017-05-02 15:27:58', '2017-05-02 15:28:00', 'e0342b0b-574a-4bee-b21a-54b24c51ff8c'),
 ('78', '45', 'en_us', 'энергетика', 'branches/энергетика', '1', '2017-05-02 15:27:58', '2017-05-02 15:28:00', 'c6ecd111-32cc-4134-b318-d7845f63447d'),
 ('79', '46', 'ru', 'дина-мария-ийнбор', NULL, '1', '2017-05-02 15:29:04', '2017-05-02 15:29:04', '756aa70b-5732-4ad1-a644-60fbe0c83216'),
 ('80', '46', 'en_us', 'дина-мария-ийнбор', NULL, '1', '2017-05-02 15:29:04', '2017-05-02 15:29:04', 'c25571fa-3606-4362-9275-071e5cddb208'),
 ('91', '53', 'ru', 'александр-иванов', 'team/partners/александр-иванов', '1', '2017-05-03 10:09:47', '2017-05-03 10:11:33', '8a20b1a2-6230-4888-951a-7ae131d4f43a'),
 ('92', '53', 'en_us', 'александр-иванов', 'team/partners/александр-иванов', '1', '2017-05-03 10:09:47', '2017-05-03 10:11:33', '28c13733-3d43-4eb4-9a51-c3b0b73b2ff7'),
 ('93', '54', 'ru', 'малков-александр', 'team/partners/малков-александр', '1', '2017-05-03 10:11:05', '2017-05-03 10:57:10', 'cf2e54f4-1bca-403e-bc86-5289d5ecb521'),
 ('94', '54', 'en_us', 'малков-александр', 'team/partners/малков-александр', '1', '2017-05-03 10:11:05', '2017-05-03 10:57:11', '74d37a02-eef5-462d-9676-93811aa4dcac'),
 ('95', '55', 'ru', 'калинин-сергей', 'team/partners/калинин-сергей', '1', '2017-05-03 10:11:16', '2017-05-03 10:12:06', 'fada04d2-57dd-4388-b5f8-3b02b07e31a0'),
 ('96', '55', 'en_us', 'калинин-сергей', 'team//калинин-сергей', '1', '2017-05-03 10:11:16', '2017-05-03 10:12:06', 'cf4f49e5-f2ad-4858-b887-2dc79e8587f3'),
 ('97', '56', 'ru', 'засимова-анна', 'team/partners/засимова-анна', '1', '2017-05-03 10:11:54', '2017-05-03 10:11:56', 'e04e2631-c801-4a76-b350-7e562c6e2769'),
 ('98', '56', 'en_us', 'засимова-анна', 'team/partners/засимова-анна', '1', '2017-05-03 10:11:54', '2017-05-03 10:11:56', '009a3912-662c-43dd-bec3-15c2e7410ede'),
 ('99', '57', 'ru', 'дмитриева-елена', 'team/partners/дмитриева-елена', '1', '2017-05-03 10:12:24', '2017-05-03 10:12:25', 'aa10ae78-937c-4523-872b-937ae82ff4e2'),
 ('100', '57', 'en_us', 'дмитриева-елена', 'team/partners/дмитриева-елена', '1', '2017-05-03 10:12:24', '2017-05-03 10:12:25', 'f0710819-4025-4f17-b12c-1559692dbf5b'),
 ('101', '58', 'ru', 'князева-татьяна', 'team/partners/князева-татьяна', '1', '2017-05-03 10:12:39', '2017-05-03 10:12:40', '6c6395de-04bd-4032-887f-fe909aedfb18'),
 ('102', '58', 'en_us', 'князева-татьяна', 'team/partners/князева-татьяна', '1', '2017-05-03 10:12:39', '2017-05-03 10:12:40', 'b1f74fcf-e24e-4214-bb2d-3f4799739906'),
 ('103', '59', 'ru', 'тишаков-сергей', 'team/partners/тишаков-сергей', '1', '2017-05-03 10:13:32', '2017-05-03 10:13:34', 'b2a9885e-fba3-406a-b4b2-5dbd0aab092d'),
 ('104', '59', 'en_us', 'тишаков-сергей', 'team/partners/тишаков-сергей', '1', '2017-05-03 10:13:32', '2017-05-03 10:13:34', 'b1dfbadd-7d4b-487b-8f28-eb85f4ddeda1'),
 ('105', '60', 'ru', 'сидоренко-александр', 'team/partners/сидоренко-александр', '1', '2017-05-03 10:14:27', '2017-05-03 10:14:29', '0f7f9597-37d5-4aee-a6b6-e31cb4ec47ae'),
 ('106', '60', 'en_us', 'сидоренко-александр', 'team/partners/сидоренко-александр', '1', '2017-05-03 10:14:27', '2017-05-03 10:14:29', 'ce661e95-43b6-4ebd-9061-7a19747577ad'),
 ('107', '61', 'ru', 'писарев-андрей', 'team/partners/писарев-андрей', '1', '2017-05-03 10:22:35', '2017-05-03 10:22:36', '5170c47f-dc1c-4a1d-be97-5d9170187470'),
 ('108', '61', 'en_us', 'писарев-андрей', 'team/partners/писарев-андрей', '1', '2017-05-03 10:22:35', '2017-05-03 10:22:36', '62267a5a-a7ee-40c4-a891-c475ceea3446'),
 ('109', '62', 'ru', 'деев-максим', 'team/superintendents/деев-максим', '1', '2017-05-03 10:23:34', '2017-05-03 10:23:36', '9d5b22f8-3856-49d6-96ba-7a3ba78224cf'),
 ('110', '62', 'en_us', 'деев-максим', 'team/superintendents/деев-максим', '1', '2017-05-03 10:23:34', '2017-05-03 10:23:36', 'b6a0d55c-6d51-487e-91a7-d2442d04262d'),
 ('111', '63', 'ru', 'шалумов-захар', 'team/superintendents/шалумов-захар', '1', '2017-05-03 10:24:59', '2017-05-03 10:25:00', '204f3a56-c3a8-403b-a96e-4a7db5f73a1e'),
 ('112', '63', 'en_us', 'шалумов-захар', 'team/superintendents/шалумов-захар', '1', '2017-05-03 10:24:59', '2017-05-03 10:25:00', 'dee3b60f-2980-4257-932e-b0b25542a7b6'),
 ('113', '64', 'ru', 'карапетян-мэри', 'team/superintendents/карапетян-мэри', '1', '2017-05-03 10:25:17', '2017-05-03 10:25:19', '34d7210d-7dfa-4243-837f-7d96d4b66b20'),
 ('114', '64', 'en_us', 'карапетян-мэри', 'team/superintendents/карапетян-мэри', '1', '2017-05-03 10:25:17', '2017-05-03 10:25:19', '593ad080-4e13-4a8c-a48a-6a2dcd84473d'),
 ('115', '65', 'ru', 'кучер-дмитрий', 'team/superintendents/кучер-дмитрий', '1', '2017-05-03 10:25:38', '2017-05-03 10:25:40', '462781b1-412b-470b-83d4-6a39f23aecc1'),
 ('116', '65', 'en_us', 'кучер-дмитрий', 'team/superintendents/кучер-дмитрий', '1', '2017-05-03 10:25:38', '2017-05-03 10:25:40', 'fe07776f-8ccd-48f8-8601-e4818c000a7e'),
 ('117', '66', 'ru', 'ланда-леонид', 'team/superintendents/ланда-леонид', '1', '2017-05-03 10:25:49', '2017-05-03 10:25:50', '7d1dec97-128f-47cb-9cb9-1698ceab9f71'),
 ('118', '66', 'en_us', 'ланда-леонид', 'team/superintendents/ланда-леонид', '1', '2017-05-03 10:25:49', '2017-05-03 10:25:50', '50b5b816-73ae-4950-8560-3d1ad885362e'),
 ('119', '67', 'ru', 'живчиков-денис', 'team/superintendents/живчиков-денис', '1', '2017-05-03 10:26:01', '2017-05-03 10:26:02', '665ee26e-d860-4bb4-b472-e20ac5a2a83a'),
 ('120', '67', 'en_us', 'живчиков-денис', 'team/superintendents/живчиков-денис', '1', '2017-05-03 10:26:01', '2017-05-03 10:26:02', '69e7b2f2-e344-49ec-9d8a-923792752ab3'),
 ('121', '68', 'ru', 'трифаненкова-марина', 'team/superintendents/трифаненкова-марина', '1', '2017-05-03 10:26:19', '2017-05-03 10:26:21', 'b16aa776-1fb1-40a1-a67f-7c0b9981e99a'),
 ('122', '68', 'en_us', 'трифаненкова-марина', 'team/superintendents/трифаненкова-марина', '1', '2017-05-03 10:26:19', '2017-05-03 10:26:21', '25e259d4-bb38-4339-98b1-0458918d3dda');
INSERT INTO `craft_elements_i18n` (`id`, `elementId`, `locale`, `slug`, `uri`, `enabled`, `dateCreated`, `dateUpdated`, `uid`) VALUES
 ('123', '69', 'ru', 'боровикова-алена', 'team/superintendents/боровикова-алена', '1', '2017-05-03 10:27:26', '2017-05-03 10:27:28', 'cb3850b8-96ef-4527-8970-1b034a973b53'),
 ('124', '69', 'en_us', 'боровикова-алена', 'team/superintendents/боровикова-алена', '1', '2017-05-03 10:27:26', '2017-05-03 10:27:28', 'a9942d63-40de-4e31-9ec4-a5d90fcf2f1e'),
 ('125', '70', 'ru', 'закоян-марина', 'team/superintendents/закоян-марина', '1', '2017-05-03 10:52:22', '2017-05-03 10:52:24', '0d3aca12-51bd-4dac-b8c4-04ce9ae6cd5d'),
 ('126', '70', 'en_us', 'закоян-марина', 'team/superintendents/закоян-марина', '1', '2017-05-03 10:52:22', '2017-05-03 10:52:24', 'aff6a244-78b7-42da-b580-ca8de192f2c9'),
 ('127', '71', 'ru', 'новикова-анна', 'team/managers/новикова-анна', '1', '2017-05-03 10:54:26', '2017-05-03 10:54:28', '70009775-3496-4c5c-bc18-f864a5dc1a17'),
 ('128', '71', 'en_us', 'новикова-анна', 'team/managers/новикова-анна', '1', '2017-05-03 10:54:26', '2017-05-03 10:54:28', '0986be6c-e735-4084-8b23-b226796bf6ef'),
 ('129', '72', 'ru', 'егошина-виктория', 'team/managers/егошина-виктория', '1', '2017-05-03 10:54:43', '2017-05-03 11:32:01', '1fe8ffa2-63d4-40e4-98fe-c8450ea1937a'),
 ('130', '72', 'en_us', 'егошина-виктория', 'team/managers/егошина-виктория', '1', '2017-05-03 10:54:43', '2017-05-03 11:32:01', '385597ed-ae1c-44a6-973b-42c7fdd8574b'),
 ('131', '73', 'ru', '', NULL, '1', '2017-05-03 10:57:34', '2017-05-03 11:00:21', 'c7d6ed66-55ed-4ae9-abdb-c4e45f4e3a3c'),
 ('132', '73', 'en_us', '', NULL, '1', '2017-05-03 10:57:34', '2017-05-03 11:00:21', 'a45c0d89-1095-433b-b9ac-6e0e43e9d75a'),
 ('133', '74', 'ru', 'главная-страница', NULL, '1', '2017-05-03 13:01:25', '2017-05-03 13:01:25', '73398d08-0fa5-4ef6-8dc5-5a09f9f34b5f'),
 ('134', '74', 'en_us', 'главная-страница', NULL, '1', '2017-05-03 13:01:25', '2017-05-03 13:01:25', 'fb009f41-18d1-4eb2-bc0c-1008c856ef0e'),
 ('135', '75', 'ru', 'услуги', NULL, '1', '2017-05-03 13:02:06', '2017-05-03 13:02:06', '97bc9611-5901-4804-812f-f9458edf8190'),
 ('136', '75', 'en_us', 'услуги', NULL, '1', '2017-05-03 13:02:06', '2017-05-03 13:02:06', 'b831691c-3541-4885-9fd1-03f86c081dad'),
 ('137', '76', 'ru', 'отрасли', NULL, '1', '2017-05-03 13:11:14', '2017-05-03 13:11:14', '6321a743-0e0e-4df4-8a66-958e5802f932'),
 ('138', '76', 'en_us', 'отрасли', NULL, '1', '2017-05-03 13:11:14', '2017-05-03 13:11:14', 'c367e002-a712-47d6-a1da-fb6283f604f8'),
 ('139', '77', 'ru', 'новости', NULL, '1', '2017-05-03 13:11:27', '2017-05-03 13:11:27', '71c313cd-aac7-4080-8a73-1249974d9104'),
 ('140', '77', 'en_us', 'новости', NULL, '1', '2017-05-03 13:11:27', '2017-05-03 13:11:27', '12903e58-65eb-4e20-91a9-b2c9466bcf80'),
 ('143', '79', 'ru', 'точка-зрения', NULL, '1', '2017-05-03 13:11:56', '2017-05-03 13:11:56', '56098133-b3c8-41f6-aac3-ea902d4d6816'),
 ('144', '79', 'en_us', 'точка-зрения', NULL, '1', '2017-05-03 13:11:56', '2017-05-03 13:11:56', '708b92a4-068f-4248-bd1b-e28d05dcc6a3'),
 ('145', '80', 'ru', 'налоговые-обзоры', NULL, '1', '2017-05-03 13:12:23', '2017-05-03 13:12:23', 'f371bb92-587c-45d5-9b09-8a1c41844500'),
 ('146', '80', 'en_us', 'налоговые-обзоры', NULL, '1', '2017-05-03 13:12:23', '2017-05-03 13:12:23', 'f4dc5cca-1f61-4726-90c9-375805927399'),
 ('149', '82', 'ru', 'партнеры', NULL, '1', '2017-05-03 13:17:50', '2017-05-03 13:22:47', 'bf69887b-f69c-4924-87aa-1162bce2485c'),
 ('150', '82', 'en_us', 'партнеры', NULL, '1', '2017-05-03 13:17:50', '2017-05-03 13:22:47', 'b8b965f4-29a6-40a7-9dd2-b9626d2890a7'),
 ('151', '83', 'ru', 'команда', NULL, '1', '2017-05-03 13:18:47', '2017-05-03 13:18:47', '59eb172f-4806-435f-af65-65622f6a735f'),
 ('152', '83', 'en_us', 'команда', NULL, '1', '2017-05-03 13:18:47', '2017-05-03 13:18:47', 'a10fc4f3-a481-4593-99eb-ea1467de3954'),
 ('153', '84', 'ru', 'юрасова-екатерина', 'team/managers/юрасова-екатерина', '1', '2017-05-04 09:25:06', '2017-05-04 09:25:09', '83f36644-16e0-4b88-a457-993b533acaf9'),
 ('154', '84', 'en_us', 'юрасова-екатерина', 'team/managers/юрасова-екатерина', '1', '2017-05-04 09:25:06', '2017-05-04 09:25:09', 'f9040f15-9b39-4f3d-8af5-6ee9edeeda06');



DROP TABLE IF EXISTS `craft_emailmessages`;


--
-- Schema for table `craft_emailmessages`
--
CREATE TABLE `craft_emailmessages` (
  `id` int(11) NOT NULL AUTO_INCREMENT,
  `key` char(150) COLLATE utf8_unicode_ci NOT NULL,
  `locale` char(12) COLLATE utf8_unicode_ci NOT NULL,
  `subject` varchar(1000) COLLATE utf8_unicode_ci NOT NULL,
  `body` text COLLATE utf8_unicode_ci NOT NULL,
  `dateCreated` datetime NOT NULL,
  `dateUpdated` datetime NOT NULL,
  `uid` char(36) COLLATE utf8_unicode_ci NOT NULL DEFAULT '0',
  PRIMARY KEY (`id`),
  UNIQUE KEY `craft_emailmessages_key_locale_unq_idx` (`key`,`locale`),
  KEY `craft_emailmessages_locale_fk` (`locale`)
) ENGINE=InnoDB DEFAULT CHARSET=utf8 COLLATE=utf8_unicode_ci;

DROP TABLE IF EXISTS `craft_entries`;


--
-- Schema for table `craft_entries`
--
CREATE TABLE `craft_entries` (
  `id` int(11) NOT NULL,
  `sectionId` int(11) NOT NULL,
  `typeId` int(11) DEFAULT NULL,
  `authorId` int(11) DEFAULT NULL,
  `postDate` datetime DEFAULT NULL,
  `expiryDate` datetime DEFAULT NULL,
  `dateCreated` datetime NOT NULL,
  `dateUpdated` datetime NOT NULL,
  `uid` char(36) COLLATE utf8_unicode_ci NOT NULL DEFAULT '0',
  PRIMARY KEY (`id`),
  KEY `craft_entries_sectionId_idx` (`sectionId`),
  KEY `craft_entries_typeId_idx` (`typeId`),
  KEY `craft_entries_postDate_idx` (`postDate`),
  KEY `craft_entries_expiryDate_idx` (`expiryDate`),
  KEY `craft_entries_authorId_fk` (`authorId`)
) ENGINE=InnoDB DEFAULT CHARSET=utf8 COLLATE=utf8_unicode_ci;

--
-- Data for table `craft_entries`
--

INSERT INTO `craft_entries` (`id`, `sectionId`, `typeId`, `authorId`, `postDate`, `expiryDate`, `dateCreated`, `dateUpdated`, `uid`) VALUES
 ('2', '1', NULL, NULL, '2017-04-27 15:30:04', NULL, '2017-04-27 15:30:05', '2017-04-27 15:30:05', '51340ee6-e056-40b7-b559-781fdbd2ca03'),
 ('3', '2', '2', '1', '2017-04-27 15:30:00', NULL, '2017-04-27 15:30:05', '2017-04-28 09:58:29', '77ebe056-c7e3-435d-b4ab-12163b4a0770'),
 ('18', '4', '4', '1', '2017-04-27 22:24:29', NULL, '2017-04-27 22:24:30', '2017-04-27 22:24:30', '2a7cc64a-0a0f-4ec2-9311-c0e6dfa9c024'),
 ('23', '7', NULL, NULL, '2017-04-28 11:25:37', NULL, '2017-04-28 11:25:37', '2017-04-28 11:25:37', '5a5e350c-0e5e-48a8-8533-6a7b79259758'),
 ('24', '8', '8', '1', '2017-05-02 15:22:09', NULL, '2017-05-02 15:22:09', '2017-05-02 15:22:09', '08508bc2-4a42-4c43-95d7-fe8680b1c9a3'),
 ('25', '8', '8', '1', '2017-05-02 15:22:22', NULL, '2017-05-02 15:22:22', '2017-05-02 15:22:22', 'd5b7f440-9e83-4308-9b94-744cbe148c72'),
 ('26', '8', '8', '1', '2017-05-02 15:22:31', NULL, '2017-05-02 15:22:31', '2017-05-02 15:22:31', 'f119b9fc-8c96-4a05-bdf4-22a7ccdf8afc'),
 ('27', '8', '8', '1', '2017-05-02 15:22:40', NULL, '2017-05-02 15:22:40', '2017-05-02 15:22:40', 'af063a9f-d15e-4402-a036-9fcc1e1f8c62'),
 ('28', '8', '8', '1', '2017-05-02 15:22:49', NULL, '2017-05-02 15:22:49', '2017-05-02 15:22:49', 'e554076f-650e-4067-97dd-38ed7839dbff'),
 ('29', '8', '8', '1', '2017-05-02 15:22:57', NULL, '2017-05-02 15:22:57', '2017-05-02 15:22:57', 'fbce387d-f5b5-432f-a617-26154e80054d'),
 ('30', '8', '8', '1', '2017-05-02 15:23:06', NULL, '2017-05-02 15:23:06', '2017-05-02 15:23:06', '6bcffac3-d0b7-48ad-93b3-22adecbccfae'),
 ('31', '8', '8', '1', '2017-05-02 15:23:16', NULL, '2017-05-02 15:23:16', '2017-05-02 15:23:16', 'e86be37e-3b39-45d8-8b49-ae0bc803375e'),
 ('32', '9', '9', '1', '2017-05-02 15:24:52', NULL, '2017-05-02 15:24:52', '2017-05-02 15:24:52', 'a8a0ad3b-9fc1-4901-aa25-8175eaf0b114'),
 ('33', '9', '9', '1', '2017-05-02 15:25:02', NULL, '2017-05-02 15:25:02', '2017-05-02 15:25:02', '90c0dbd4-e62f-4744-9332-22e6ea2a21ed'),
 ('34', '9', '9', '1', '2017-05-02 15:25:15', NULL, '2017-05-02 15:25:15', '2017-05-02 15:25:15', '0ad788e9-85d2-496c-ba69-ec51c06dbca4'),
 ('35', '9', '9', '1', '2017-05-02 15:25:39', NULL, '2017-05-02 15:25:39', '2017-05-02 15:25:39', 'acc00f45-a27f-4737-a0a6-4a7c60dde028'),
 ('36', '9', '9', '1', '2017-05-02 15:25:48', NULL, '2017-05-02 15:25:48', '2017-05-02 15:25:48', 'ab9f9315-9eea-4b68-a06f-919f913309bc'),
 ('37', '9', '9', '1', '2017-05-02 15:25:56', NULL, '2017-05-02 15:25:56', '2017-05-02 15:25:56', 'a9ba0bae-a08f-475e-be68-73fe635d6b9a'),
 ('38', '9', '9', '1', '2017-05-02 15:26:30', NULL, '2017-05-02 15:26:30', '2017-05-02 15:26:30', 'd61b1e08-6215-4fc0-8421-4751fdd49dbd'),
 ('39', '9', '9', '1', '2017-05-02 15:27:06', NULL, '2017-05-02 15:27:07', '2017-05-02 15:27:07', 'ef745dfd-7add-4c42-8fab-6f3be22c85f9'),
 ('40', '9', '9', '1', '2017-05-02 15:27:13', NULL, '2017-05-02 15:27:13', '2017-05-02 15:27:13', '4f0d8450-9470-4adc-902e-7cb1526b24bf'),
 ('41', '9', '9', '1', '2017-05-02 15:27:21', NULL, '2017-05-02 15:27:21', '2017-05-02 15:27:21', 'e366c320-edb8-43f6-a402-0d3a8d67da43'),
 ('42', '9', '9', '1', '2017-05-02 15:27:32', NULL, '2017-05-02 15:27:32', '2017-05-02 15:27:32', '34fb0fa8-a872-4349-883e-70de553a8c69'),
 ('43', '9', '9', '1', '2017-05-02 15:27:41', NULL, '2017-05-02 15:27:41', '2017-05-02 15:27:41', '4386d39f-e868-4a99-b61f-f15690c16bd0'),
 ('44', '9', '9', '1', '2017-05-02 15:27:50', NULL, '2017-05-02 15:27:50', '2017-05-02 15:27:50', '20c6f25c-435e-4c42-ba5b-fcf4036c9dee'),
 ('45', '9', '9', '1', '2017-05-02 15:27:58', NULL, '2017-05-02 15:27:58', '2017-05-02 15:27:58', '2201ad6d-9d7f-44f3-a213-6257aee3b2c9'),
 ('53', '3', '3', '1', '2017-05-03 10:09:00', NULL, '2017-05-03 10:09:47', '2017-05-03 10:11:33', 'cb67751b-578a-43d4-b7c3-a3dafbd54f54'),
 ('54', '3', '3', '1', '2017-05-03 10:11:00', NULL, '2017-05-03 10:11:05', '2017-05-03 10:57:11', '7c668066-1dc8-40bc-899e-bf451299901d'),
 ('55', '3', '3', '1', '2017-05-03 10:11:00', NULL, '2017-05-03 10:11:17', '2017-05-03 10:12:06', '792d81be-056a-4954-bd07-a2754a998acc'),
 ('56', '3', '3', '1', '2017-05-03 10:11:54', NULL, '2017-05-03 10:11:54', '2017-05-03 10:11:54', '8fc68f7b-c262-4791-8ba4-878b0ebf2c9b'),
 ('57', '3', '3', '1', '2017-05-03 10:12:24', NULL, '2017-05-03 10:12:24', '2017-05-03 10:12:24', 'f736ca6a-c91f-4332-b36f-d993a876fe46'),
 ('58', '3', '3', '1', '2017-05-03 10:12:39', NULL, '2017-05-03 10:12:39', '2017-05-03 10:12:39', '1e65893f-5cc8-408b-8828-7297320c2fd8'),
 ('59', '3', '3', '1', '2017-05-03 10:13:32', NULL, '2017-05-03 10:13:32', '2017-05-03 10:13:32', 'abaa35e3-6b5f-4f55-b331-c667474b5eb9'),
 ('60', '3', '3', '1', '2017-05-03 10:14:27', NULL, '2017-05-03 10:14:27', '2017-05-03 10:14:27', '7a37d6bc-10a4-439a-baae-75396cf22414'),
 ('61', '3', '3', '1', '2017-05-03 10:22:34', NULL, '2017-05-03 10:22:35', '2017-05-03 10:22:35', '59e15ba7-5cb6-41d1-9dba-ce8c05a4da08'),
 ('62', '3', '3', '1', '2017-05-03 10:23:34', NULL, '2017-05-03 10:23:35', '2017-05-03 10:23:35', 'b7a6686e-62b6-45ae-8dc4-8575e68c4749'),
 ('63', '3', '3', '1', '2017-05-03 10:24:58', NULL, '2017-05-03 10:24:59', '2017-05-03 10:24:59', 'b7afa57f-4828-4db4-9eff-43a269a68e69'),
 ('64', '3', '3', '1', '2017-05-03 10:25:17', NULL, '2017-05-03 10:25:17', '2017-05-03 10:25:17', 'cb73227e-f01f-47b6-abb5-b7a05cdaf9d8'),
 ('65', '3', '3', '1', '2017-05-03 10:25:38', NULL, '2017-05-03 10:25:39', '2017-05-03 10:25:39', '988d8815-3ede-40e2-adac-a09a3f8c3bd6'),
 ('66', '3', '3', '1', '2017-05-03 10:25:49', NULL, '2017-05-03 10:25:49', '2017-05-03 10:25:49', 'b1584639-115b-460e-a7c7-de2c91f8aa5c'),
 ('67', '3', '3', '1', '2017-05-03 10:26:00', NULL, '2017-05-03 10:26:01', '2017-05-03 10:26:01', '352d18a7-bf56-4631-af66-9621a8bda8a6'),
 ('68', '3', '3', '1', '2017-05-03 10:26:19', NULL, '2017-05-03 10:26:19', '2017-05-03 10:26:19', '5f0de58d-8e44-401f-9cd3-eea3c021c434'),
 ('69', '3', '3', '1', '2017-05-03 10:27:26', NULL, '2017-05-03 10:27:27', '2017-05-03 10:27:27', '4077b28c-23df-4b0f-8f7c-cc02dfce057e'),
 ('70', '3', '3', '1', '2017-05-03 10:52:22', NULL, '2017-05-03 10:52:22', '2017-05-03 10:52:22', '80fae931-e79d-4322-9db1-69a4fd9bb809'),
 ('71', '3', '3', '1', '2017-05-03 10:54:26', NULL, '2017-05-03 10:54:26', '2017-05-03 10:54:26', 'd5476b25-2df8-4a03-8fdb-6593091a5734'),
 ('72', '3', '3', '1', '2017-05-03 10:54:00', NULL, '2017-05-03 10:54:43', '2017-05-03 11:32:01', '1f176bdc-12ea-4832-a1c7-23db901ce1b9'),
 ('84', '3', '3', '1', '2017-05-04 09:25:05', NULL, '2017-05-04 09:25:06', '2017-05-04 09:25:06', 'd339fcf0-ae1f-4d10-a3f4-4dc65ae19ca4');



DROP TABLE IF EXISTS `craft_entrydrafts`;


--
-- Schema for table `craft_entrydrafts`
--
CREATE TABLE `craft_entrydrafts` (
  `id` int(11) NOT NULL AUTO_INCREMENT,
  `entryId` int(11) NOT NULL,
  `sectionId` int(11) NOT NULL,
  `creatorId` int(11) NOT NULL,
  `locale` char(12) COLLATE utf8_unicode_ci NOT NULL,
  `name` varchar(255) COLLATE utf8_unicode_ci NOT NULL,
  `notes` tinytext COLLATE utf8_unicode_ci,
  `data` mediumtext COLLATE utf8_unicode_ci NOT NULL,
  `dateCreated` datetime NOT NULL,
  `dateUpdated` datetime NOT NULL,
  `uid` char(36) COLLATE utf8_unicode_ci NOT NULL DEFAULT '0',
  PRIMARY KEY (`id`),
  KEY `craft_entrydrafts_entryId_locale_idx` (`entryId`,`locale`),
  KEY `craft_entrydrafts_sectionId_fk` (`sectionId`),
  KEY `craft_entrydrafts_creatorId_fk` (`creatorId`),
  KEY `craft_entrydrafts_locale_fk` (`locale`)
) ENGINE=InnoDB DEFAULT CHARSET=utf8 COLLATE=utf8_unicode_ci;

DROP TABLE IF EXISTS `craft_entrytypes`;


--
-- Schema for table `craft_entrytypes`
--
CREATE TABLE `craft_entrytypes` (
  `id` int(11) NOT NULL AUTO_INCREMENT,
  `sectionId` int(11) NOT NULL,
  `fieldLayoutId` int(11) DEFAULT NULL,
  `name` varchar(255) COLLATE utf8_unicode_ci NOT NULL,
  `handle` varchar(255) COLLATE utf8_unicode_ci NOT NULL,
  `hasTitleField` tinyint(1) unsigned NOT NULL DEFAULT '1',
  `titleLabel` varchar(255) COLLATE utf8_unicode_ci DEFAULT 'Title',
  `titleFormat` varchar(255) COLLATE utf8_unicode_ci DEFAULT NULL,
  `sortOrder` smallint(6) unsigned DEFAULT NULL,
  `dateCreated` datetime NOT NULL,
  `dateUpdated` datetime NOT NULL,
  `uid` char(36) COLLATE utf8_unicode_ci NOT NULL DEFAULT '0',
  PRIMARY KEY (`id`),
  UNIQUE KEY `craft_entrytypes_name_sectionId_unq_idx` (`name`,`sectionId`),
  UNIQUE KEY `craft_entrytypes_handle_sectionId_unq_idx` (`handle`,`sectionId`),
  KEY `craft_entrytypes_sectionId_fk` (`sectionId`),
  KEY `craft_entrytypes_fieldLayoutId_fk` (`fieldLayoutId`)
) ENGINE=InnoDB AUTO_INCREMENT=10 DEFAULT CHARSET=utf8 COLLATE=utf8_unicode_ci;

--
-- Data for table `craft_entrytypes`
--

INSERT INTO `craft_entrytypes` (`id`, `sectionId`, `fieldLayoutId`, `name`, `handle`, `hasTitleField`, `titleLabel`, `titleFormat`, `sortOrder`, `dateCreated`, `dateUpdated`, `uid`) VALUES
 ('1', '1', '3', 'Homepage', 'homepage', '1', 'Title', NULL, '1', '2017-04-27 15:30:04', '2017-04-27 15:30:05', '2e84ff68-2168-40c8-a6fd-cef7ea7d4a9c'),
 ('2', '2', '35', 'News', 'news', '1', 'Название', NULL, '1', '2017-04-27 15:30:05', '2017-04-28 10:02:01', '5f186284-a45d-4c0d-99ef-a63d5a488ccd'),
 ('3', '3', '45', 'Персоны', 'typePersons', '1', 'Название', NULL, '1', '2017-04-27 16:03:14', '2017-05-03 10:51:24', '25102cbe-15cd-47b8-bc4b-49dbdf25b281'),
 ('4', '4', '16', 'Навигация', 'typeMenu', '1', 'Название', NULL, '1', '2017-04-27 22:20:29', '2017-04-27 22:20:52', 'edb44a1b-02d2-44ec-81a8-475b2819ccc7'),
 ('5', '5', '30', 'Цитаты', 'typeQoutes', '1', 'Автор', NULL, '1', '2017-04-28 09:28:10', '2017-04-28 09:39:23', '52b7bf85-3307-4525-84b9-aae975c99dcf'),
 ('6', '6', '29', 'Проекты', 'typeProjects', '1', 'Название', NULL, '1', '2017-04-28 09:38:17', '2017-04-28 09:38:50', 'cc3aa262-f5e7-4d62-abcf-ba061a5664a6'),
 ('7', '7', '36', 'Тестовый', 'tester', '0', NULL, '{section.name|raw}', '1', '2017-04-28 11:25:37', '2017-04-28 11:25:37', 'b4aef0cb-6c2b-4dc8-83fe-5579e4126c31'),
 ('8', '8', '40', 'Услуги', 'typeServices', '1', 'Название', NULL, '1', '2017-05-02 14:22:00', '2017-05-02 14:24:18', 'a8805889-d92e-40c7-952a-7d0915de1d3e'),
 ('9', '9', '39', 'Отрасли', 'typeBranches', '1', 'Название', NULL, '1', '2017-05-02 14:22:38', '2017-05-02 14:23:31', '2edbc31e-24bd-46d5-ab09-4f09d58642d7');



DROP TABLE IF EXISTS `craft_entryversions`;


--
-- Schema for table `craft_entryversions`
--
CREATE TABLE `craft_entryversions` (
  `id` int(11) NOT NULL AUTO_INCREMENT,
  `entryId` int(11) NOT NULL,
  `sectionId` int(11) NOT NULL,
  `creatorId` int(11) DEFAULT NULL,
  `locale` char(12) COLLATE utf8_unicode_ci NOT NULL,
  `num` smallint(6) unsigned NOT NULL,
  `notes` tinytext COLLATE utf8_unicode_ci,
  `data` mediumtext COLLATE utf8_unicode_ci NOT NULL,
  `dateCreated` datetime NOT NULL,
  `dateUpdated` datetime NOT NULL,
  `uid` char(36) COLLATE utf8_unicode_ci NOT NULL DEFAULT '0',
  PRIMARY KEY (`id`),
  KEY `craft_entryversions_entryId_locale_idx` (`entryId`,`locale`),
  KEY `craft_entryversions_sectionId_fk` (`sectionId`),
  KEY `craft_entryversions_creatorId_fk` (`creatorId`),
  KEY `craft_entryversions_locale_fk` (`locale`)
) ENGINE=InnoDB AUTO_INCREMENT=78 DEFAULT CHARSET=utf8 COLLATE=utf8_unicode_ci;

--
-- Data for table `craft_entryversions`
--

INSERT INTO `craft_entryversions` (`id`, `entryId`, `sectionId`, `creatorId`, `locale`, `num`, `notes`, `data`, `dateCreated`, `dateUpdated`, `uid`) VALUES
 ('1', '2', '1', '1', 'ru', '1', NULL, '{\"typeId\":\"1\",\"authorId\":null,\"title\":\"Homepage\",\"slug\":\"homepage\",\"postDate\":1493307004,\"expiryDate\":null,\"enabled\":1,\"parentId\":null,\"fields\":[]}', '2017-04-27 15:30:05', '2017-04-27 15:30:05', '4954b86b-fc0a-43a3-8f65-c458ba0871e9'),
 ('2', '2', '1', '1', 'ru', '2', NULL, '{\"typeId\":null,\"authorId\":null,\"title\":\"Welcome to Bti2.dev!\",\"slug\":\"homepage\",\"postDate\":1493307004,\"expiryDate\":null,\"enabled\":\"1\",\"parentId\":null,\"fields\":{\"1\":\"<p>It\\u2019s true, this site doesn\\u2019t have a whole lot of content yet, but don\\u2019t worry. Our web developers have just installed the CMS, and they\\u2019re setting things up for the content editors this very moment. Soon Bti2.dev will be an oasis of fresh perspectives, sharp analyses, and astute opinions that will keep you coming back again and again.<\\/p>\"}}', '2017-04-27 15:30:05', '2017-04-27 15:30:05', '07879e37-ebbf-4a80-ad6b-f4e5a68408d7'),
 ('3', '3', '2', '1', 'ru', '1', NULL, '{\"typeId\":\"2\",\"authorId\":\"1\",\"title\":\"We just installed Craft!\",\"slug\":\"we-just-installed-craft\",\"postDate\":1493307005,\"expiryDate\":null,\"enabled\":1,\"parentId\":null,\"fields\":[]}', '2017-04-27 15:30:05', '2017-04-27 15:30:05', '474d6aa9-6ce5-4cfd-b28c-3d2cb2dfff97'),
 ('7', '18', '4', '1', 'ru', '1', '', '{\"typeId\":null,\"authorId\":\"1\",\"title\":\"test menu\",\"slug\":\"test-menu\",\"postDate\":1493331869,\"expiryDate\":null,\"enabled\":1,\"parentId\":\"\",\"fields\":{\"24\":{\"new2\":{\"type\":\"blockTypeEntryLink\",\"enabled\":\"1\",\"fields\":{\"toEntry\":[\"17\",\"16\"]}}},\"23\":\"test\"}}', '2017-04-27 22:24:30', '2017-04-27 22:24:30', 'e1aae3ae-b888-4653-a0fd-44d6c5d33420'),
 ('8', '3', '2', '1', 'ru', '2', '', '{\"typeId\":\"2\",\"authorId\":\"1\",\"title\":\"We just installed Craft!\",\"slug\":\"we-just-installed-craft\",\"postDate\":1493307000,\"expiryDate\":null,\"enabled\":1,\"parentId\":null,\"fields\":{\"1\":\"<p>Craft is the CMS that\\u2019s powering Bti2.dev. It\\u2019s beautiful, powerful, flexible, and easy-to-use, and it\\u2019s made by Pixel & Tonic. We can\\u2019t wait to dive in and see what it\\u2019s capable of!<\\/p>\\r\\n<hr class=\\\"redactor_pagebreak\\\" style=\\\"display:none\\\" unselectable=\\\"on\\\" contenteditable=\\\"false\\\">\\r\\n<p>This is even more captivating content, which you couldn\\u2019t see on the News index page because it was entered after a Page Break, and the News index template only likes to show the content on the first page.<\\/p>\\r\\n<p>Craft: a nice alternative to Word, if you\\u2019re making a website.<\\/p>\",\"2\":\"\",\"33\":[\"22\"]}}', '2017-04-28 09:58:10', '2017-04-28 09:58:10', '51143691-4119-4e44-9bc2-3e91798eac08'),
 ('9', '3', '2', '1', 'ru', '3', '', '{\"typeId\":\"2\",\"authorId\":\"1\",\"title\":\"We just installed Craft!\",\"slug\":\"we-just-installed-craft\",\"postDate\":1493307000,\"expiryDate\":null,\"enabled\":1,\"parentId\":null,\"fields\":{\"1\":\"<p>Craft is the CMS that\\u2019s powering Bti2.dev. It\\u2019s beautiful, powerful, flexible, and easy-to-use, and it\\u2019s made by Pixel & Tonic. We can\\u2019t wait to dive in and see what it\\u2019s capable of!<\\/p>\\r\\n<hr class=\\\"redactor_pagebreak\\\" style=\\\"display:none\\\" unselectable=\\\"on\\\" contenteditable=\\\"false\\\">\\r\\n<p>This is even more captivating content, which you couldn\\u2019t see on the News index page because it was entered after a Page Break, and the News index template only likes to show the content on the first page.<\\/p>\\r\\n<p>Craft: a nice alternative to Word, if you\\u2019re making a website.<\\/p>\",\"2\":\"\",\"33\":\"\"}}', '2017-04-28 09:58:29', '2017-04-28 09:58:29', '1c54a02b-733f-424b-afb8-7c4007a5720f'),
 ('10', '23', '7', '1', 'ru', '1', NULL, '{\"typeId\":\"7\",\"authorId\":null,\"title\":\"\\u0422\\u0435\\u0441\\u0442\\u043e\\u0432\\u044b\\u0439\",\"slug\":\"\\u0442\\u0435\\u0441\\u0442\\u043e\\u0432\\u044b\\u0439\",\"postDate\":1493378737,\"expiryDate\":null,\"enabled\":1,\"parentId\":null,\"fields\":[]}', '2017-04-28 11:25:37', '2017-04-28 11:25:37', '24b03a9d-4640-4f63-a0b0-93b63a4bfe96'),
 ('11', '24', '8', '1', 'ru', '1', '', '{\"typeId\":null,\"authorId\":\"1\",\"title\":\"\\u0410\\u0443\\u0434\\u0438\\u0442\\u043e\\u0440\\u0441\\u043a\\u0438\\u0435 \\u0443\\u0441\\u043b\\u0443\\u0433\\u0438\",\"slug\":\"\\u0430\\u0443\\u0434\\u0438\\u0442\\u043e\\u0440\\u0441\\u043a\\u0438\\u0435-\\u0443\\u0441\\u043b\\u0443\\u0433\\u0438\",\"postDate\":1493738529,\"expiryDate\":null,\"enabled\":1,\"parentId\":\"\",\"fields\":{\"36\":\"\"}}', '2017-05-02 15:22:10', '2017-05-02 15:22:10', '52e41f29-f60d-4f1d-bfae-05f5dae6205d'),
 ('12', '25', '8', '1', 'ru', '1', '', '{\"typeId\":null,\"authorId\":\"1\",\"title\":\"\\u0411\\u0443\\u0445\\u0433\\u0430\\u043b\\u0442\\u0435\\u0440\\u0441\\u043a\\u0438\\u0435 \\u0443\\u0441\\u043b\\u0443\\u0433\\u0438\",\"slug\":\"\\u0431\\u0443\\u0445\\u0433\\u0430\\u043b\\u0442\\u0435\\u0440\\u0441\\u043a\\u0438\\u0435-\\u0443\\u0441\\u043b\\u0443\\u0433\\u0438\",\"postDate\":1493738542,\"expiryDate\":null,\"enabled\":1,\"parentId\":\"\",\"fields\":{\"36\":\"\"}}', '2017-05-02 15:22:22', '2017-05-02 15:22:22', '38c367b7-8381-48ad-86c4-a91b925d9d9b'),
 ('13', '26', '8', '1', 'ru', '1', '', '{\"typeId\":null,\"authorId\":\"1\",\"title\":\"\\u041a\\u043e\\u043d\\u0441\\u0430\\u043b\\u0442\\u0438\\u043d\\u0433\",\"slug\":\"\\u043a\\u043e\\u043d\\u0441\\u0430\\u043b\\u0442\\u0438\\u043d\\u0433\",\"postDate\":1493738551,\"expiryDate\":null,\"enabled\":1,\"parentId\":\"\",\"fields\":{\"36\":\"\"}}', '2017-05-02 15:22:31', '2017-05-02 15:22:31', '5084e605-e948-473e-84bc-d9184068f682'),
 ('14', '27', '8', '1', 'ru', '1', '', '{\"typeId\":null,\"authorId\":\"1\",\"title\":\"\\u041a\\u043e\\u0440\\u043f\\u043e\\u0440\\u0430\\u0442\\u0438\\u0432\\u043d\\u044b\\u0435 \\u0444\\u0438\\u043d\\u0430\\u043d\\u0441\\u044b\",\"slug\":\"\\u043a\\u043e\\u0440\\u043f\\u043e\\u0440\\u0430\\u0442\\u0438\\u0432\\u043d\\u044b\\u0435-\\u0444\\u0438\\u043d\\u0430\\u043d\\u0441\\u044b\",\"postDate\":1493738560,\"expiryDate\":null,\"enabled\":1,\"parentId\":\"\",\"fields\":{\"36\":\"\"}}', '2017-05-02 15:22:40', '2017-05-02 15:22:40', '648a300f-ea46-414a-98d8-94346bfbd4f3'),
 ('15', '28', '8', '1', 'ru', '1', '', '{\"typeId\":null,\"authorId\":\"1\",\"title\":\"\\u041d\\u0430\\u043b\\u043e\\u0433\\u043e\\u0432\\u043e\\u0435 \\u043a\\u043e\\u043d\\u0441\\u0443\\u043b\\u044c\\u0442\\u0438\\u0440\\u043e\\u0432\\u0430\\u043d\\u0438\\u0435\",\"slug\":\"\\u043d\\u0430\\u043b\\u043e\\u0433\\u043e\\u0432\\u043e\\u0435-\\u043a\\u043e\\u043d\\u0441\\u0443\\u043b\\u044c\\u0442\\u0438\\u0440\\u043e\\u0432\\u0430\\u043d\\u0438\\u0435\",\"postDate\":1493738569,\"expiryDate\":null,\"enabled\":1,\"parentId\":\"\",\"fields\":{\"36\":\"\"}}', '2017-05-02 15:22:50', '2017-05-02 15:22:50', '008f0032-1ec7-401b-88d2-a19a014944eb'),
 ('16', '29', '8', '1', 'ru', '1', '', '{\"typeId\":null,\"authorId\":\"1\",\"title\":\"\\u041e\\u0446\\u0435\\u043d\\u043e\\u0447\\u043d\\u044b\\u0435 \\u0443\\u0441\\u043b\\u0443\\u0433\\u0438\",\"slug\":\"\\u043e\\u0446\\u0435\\u043d\\u043e\\u0447\\u043d\\u044b\\u0435-\\u0443\\u0441\\u043b\\u0443\\u0433\\u0438\",\"postDate\":1493738577,\"expiryDate\":null,\"enabled\":1,\"parentId\":\"\",\"fields\":{\"36\":\"\"}}', '2017-05-02 15:22:57', '2017-05-02 15:22:57', 'a9466ec9-4259-4865-8374-61c17b5e4cfe'),
 ('17', '30', '8', '1', 'ru', '1', '', '{\"typeId\":null,\"authorId\":\"1\",\"title\":\"\\u0424\\u0438\\u043d\\u0430\\u043d\\u0441\\u043e\\u0432\\u044b\\u0435 \\u0440\\u0430\\u0441\\u0441\\u043b\\u0435\\u0434\\u043e\\u0432\\u0430\\u043d\\u0438\\u044f\",\"slug\":\"\\u0444\\u0438\\u043d\\u0430\\u043d\\u0441\\u043e\\u0432\\u044b\\u0435-\\u0440\\u0430\\u0441\\u0441\\u043b\\u0435\\u0434\\u043e\\u0432\\u0430\\u043d\\u0438\\u044f\",\"postDate\":1493738586,\"expiryDate\":null,\"enabled\":1,\"parentId\":\"\",\"fields\":{\"36\":\"\"}}', '2017-05-02 15:23:06', '2017-05-02 15:23:06', 'faced544-0e03-40a9-9e61-c66e32328cd9'),
 ('18', '31', '8', '1', 'ru', '1', '', '{\"typeId\":null,\"authorId\":\"1\",\"title\":\"\\u042e\\u0440\\u0438\\u0434\\u0438\\u0447\\u0435\\u0441\\u043a\\u0438\\u0435 \\u0443\\u0441\\u043b\\u0443\\u0433\\u0438\",\"slug\":\"\\u044e\\u0440\\u0438\\u0434\\u0438\\u0447\\u0435\\u0441\\u043a\\u0438\\u0435-\\u0443\\u0441\\u043b\\u0443\\u0433\\u0438\",\"postDate\":1493738596,\"expiryDate\":null,\"enabled\":1,\"parentId\":\"\",\"fields\":{\"36\":\"\"}}', '2017-05-02 15:23:16', '2017-05-02 15:23:16', '89f36d90-ca03-49f7-90e6-dcbf03c7310b'),
 ('19', '32', '9', '1', 'ru', '1', '', '{\"typeId\":null,\"authorId\":\"1\",\"title\":\"\\u0410\\u0432\\u0438\\u0430\\u0446\\u0438\\u043e\\u043d\\u043d\\u0430\\u044f \\u043f\\u0440\\u043e\\u043c\\u044b\\u0448\\u043b\\u0435\\u043d\\u043d\\u043e\\u0441\\u0442\\u044c (\\u041e\\u0410\\u041a, \\u0432\\u043e\\u0437\\u0434\\u0443\\u0448\\u043d\\u044b\\u0435 \\u0441\\u0443\\u0434\\u0430, \\u043f\\u0440\\u043e\\u0438\\u0437\\u0432\\u043e\\u0434\\u0441\\u0442\\u0432\\u043e \\u043a\\u043e\\u043c\\u043f\\u043b\\u0435\\u043a\\u0442\\u0443\\u044e\\u0449\\u0438\\u0445)\",\"slug\":\"\\u0430\\u0432\\u0438\\u0430\\u0446\\u0438\\u043e\\u043d\\u043d\\u0430\\u044f-\\u043f\\u0440\\u043e\\u043c\\u044b\\u0448\\u043b\\u0435\\u043d\\u043d\\u043e\\u0441\\u0442\\u044c-\\u043e\\u0430\\u043a-\\u0432\\u043e\\u0437\\u0434\\u0443\\u0448\\u043d\\u044b\\u0435-\\u0441\\u0443\\u0434\\u0430-\\u043f\\u0440\\u043e\\u0438\\u0437\\u0432\\u043e\\u0434\\u0441\\u0442\\u0432\\u043e-\\u043a\\u043e\\u043c\\u043f\\u043b\\u0435\\u043a\\u0442\\u0443\\u044e\\u0449\\u0438\\u0445\",\"postDate\":1493738692,\"expiryDate\":null,\"enabled\":1,\"parentId\":null,\"fields\":{\"35\":\"\"}}', '2017-05-02 15:24:52', '2017-05-02 15:24:52', '3bee60ba-0539-496e-89b8-bad5a356c15f'),
 ('20', '33', '9', '1', 'ru', '1', '', '{\"typeId\":null,\"authorId\":\"1\",\"title\":\"\\u0410\\u0442\\u043e\\u043c\\u043d\\u0430\\u044f \\u043f\\u0440\\u043e\\u043c\\u044b\\u0448\\u043b\\u0435\\u043d\\u043d\\u043e\\u0441\\u0442\\u044c (\\u0432\\u043a\\u043b\\u044e\\u0447\\u0430\\u044f \\u043f\\u0440\\u043e\\u0438\\u0437\\u0432\\u043e\\u0434\\u0441\\u0442\\u0432\\u043e \\u043e\\u0431\\u043e\\u0440\\u0443\\u0434\\u043e\\u0432\\u0430\\u043d\\u0438\\u044f) \",\"slug\":\"\\u0430\\u0442\\u043e\\u043c\\u043d\\u0430\\u044f-\\u043f\\u0440\\u043e\\u043c\\u044b\\u0448\\u043b\\u0435\\u043d\\u043d\\u043e\\u0441\\u0442\\u044c-\\u0432\\u043a\\u043b\\u044e\\u0447\\u0430\\u044f-\\u043f\\u0440\\u043e\\u0438\\u0437\\u0432\\u043e\\u0434\\u0441\\u0442\\u0432\\u043e-\\u043e\\u0431\\u043e\\u0440\\u0443\\u0434\\u043e\\u0432\\u0430\\u043d\\u0438\\u044f\",\"postDate\":1493738702,\"expiryDate\":null,\"enabled\":1,\"parentId\":null,\"fields\":{\"35\":\"\"}}', '2017-05-02 15:25:02', '2017-05-02 15:25:02', '7723b8ea-77cb-403d-b646-7d77885b0fca'),
 ('21', '34', '9', '1', 'ru', '1', '', '{\"typeId\":null,\"authorId\":\"1\",\"title\":\"\\u0410\\u0442\\u043e\\u043c\\u043d\\u0430\\u044f \\u043f\\u0440\\u043e\\u043c\\u044b\\u0448\\u043b\\u0435\\u043d\\u043d\\u043e\\u0441\\u0442\\u044c (\\u0432\\u043a\\u043b\\u044e\\u0447\\u0430\\u044f \\u043f\\u0440\\u043e\\u0438\\u0437\\u0432\\u043e\\u0434\\u0441\\u0442\\u0432\\u043e \\u043e\\u0431\\u043e\\u0440\\u0443\\u0434\\u043e\\u0432\\u0430\\u043d\\u0438\\u044f) \",\"slug\":\"\\u0430\\u0442\\u043e\\u043c\\u043d\\u0430\\u044f-\\u043f\\u0440\\u043e\\u043c\\u044b\\u0448\\u043b\\u0435\\u043d\\u043d\\u043e\\u0441\\u0442\\u044c-\\u0432\\u043a\\u043b\\u044e\\u0447\\u0430\\u044f-\\u043f\\u0440\\u043e\\u0438\\u0437\\u0432\\u043e\\u0434\\u0441\\u0442\\u0432\\u043e-\\u043e\\u0431\\u043e\\u0440\\u0443\\u0434\\u043e\\u0432\\u0430\\u043d\\u0438\\u044f-1\",\"postDate\":1493738715,\"expiryDate\":null,\"enabled\":1,\"parentId\":null,\"fields\":{\"35\":\"\"}}', '2017-05-02 15:25:15', '2017-05-02 15:25:15', '3bdf73e4-6596-46d7-9867-be3c0d1f527b'),
 ('22', '35', '9', '1', 'ru', '1', '', '{\"typeId\":null,\"authorId\":\"1\",\"title\":\"\\u041c\\u0430\\u0448\\u0438\\u043d\\u043e\\u0441\\u0442\\u0440\\u043e\\u0435\\u043d\\u0438\\u0435, \\u0441\\u0443\\u0434\\u043e\\u0441\\u0442\\u0440\\u043e\\u0435\\u043d\\u0438\\u0435, \\u0441\\u0442\\u0430\\u043d\\u043a\\u043e\\u0441\\u0442\\u0440\\u043e\\u0435\\u043d\\u0438\\u0435\",\"slug\":\"\\u043c\\u0430\\u0448\\u0438\\u043d\\u043e\\u0441\\u0442\\u0440\\u043e\\u0435\\u043d\\u0438\\u0435-\\u0441\\u0443\\u0434\\u043e\\u0441\\u0442\\u0440\\u043e\\u0435\\u043d\\u0438\\u0435-\\u0441\\u0442\\u0430\\u043d\\u043a\\u043e\\u0441\\u0442\\u0440\\u043e\\u0435\\u043d\\u0438\\u0435\",\"postDate\":1493738739,\"expiryDate\":null,\"enabled\":1,\"parentId\":null,\"fields\":{\"35\":\"\"}}', '2017-05-02 15:25:39', '2017-05-02 15:25:39', '2a1c9a7f-2feb-42c8-8c17-d8f999f223eb'),
 ('23', '36', '9', '1', 'ru', '1', '', '{\"typeId\":null,\"authorId\":\"1\",\"title\":\"\\u041d\\u0435\\u0434\\u0432\\u0438\\u0436\\u0438\\u043c\\u043e\\u0441\\u0442\\u044c \\u0438 \\u0441\\u0442\\u0440\\u043e\\u0438\\u0442\\u0435\\u043b\\u044c\\u0441\\u0442\\u0432\\u043e (\\u0432\\u043a\\u043b\\u044e\\u0447\\u0430\\u044f \\u043f\\u0440\\u043e\\u0438\\u0437\\u0432\\u043e\\u0434\\u0441\\u0442\\u0432\\u043e \\u0441\\u0442\\u0440\\u043e\\u0438\\u0442\\u0435\\u043b\\u044c\\u043d\\u044b\\u0445 \\u043c\\u0430\\u0442\\u0435\\u0440\\u0438\\u0430\\u043b\\u043e\\u0432)\",\"slug\":\"\\u043d\\u0435\\u0434\\u0432\\u0438\\u0436\\u0438\\u043c\\u043e\\u0441\\u0442\\u044c-\\u0438-\\u0441\\u0442\\u0440\\u043e\\u0438\\u0442\\u0435\\u043b\\u044c\\u0441\\u0442\\u0432\\u043e-\\u0432\\u043a\\u043b\\u044e\\u0447\\u0430\\u044f-\\u043f\\u0440\\u043e\\u0438\\u0437\\u0432\\u043e\\u0434\\u0441\\u0442\\u0432\\u043e-\\u0441\\u0442\\u0440\\u043e\\u0438\\u0442\\u0435\\u043b\\u044c\\u043d\\u044b\\u0445-\\u043c\\u0430\\u0442\\u0435\\u0440\\u0438\\u0430\\u043b\\u043e\\u0432\",\"postDate\":1493738748,\"expiryDate\":null,\"enabled\":1,\"parentId\":null,\"fields\":{\"35\":\"\"}}', '2017-05-02 15:25:48', '2017-05-02 15:25:48', 'fbbc5c29-4463-474b-986b-b0eb8688f1c1'),
 ('24', '37', '9', '1', 'ru', '1', '', '{\"typeId\":null,\"authorId\":\"1\",\"title\":\"\\u041d\\u0435\\u0444\\u0442\\u0435\\u0433\\u0430\\u0437\\u043e\\u0432\\u0430\\u044f \\u043e\\u0442\\u0440\\u0430\\u0441\\u043b\\u044c\",\"slug\":\"\\u043d\\u0435\\u0444\\u0442\\u0435\\u0433\\u0430\\u0437\\u043e\\u0432\\u0430\\u044f-\\u043e\\u0442\\u0440\\u0430\\u0441\\u043b\\u044c\",\"postDate\":1493738756,\"expiryDate\":null,\"enabled\":1,\"parentId\":null,\"fields\":{\"35\":\"\"}}', '2017-05-02 15:25:56', '2017-05-02 15:25:56', '9de32228-8b37-4271-9d55-3ae6dde6589d'),
 ('25', '38', '9', '1', 'ru', '1', '', '{\"typeId\":null,\"authorId\":\"1\",\"title\":\"\\u0421\\u0435\\u043b\\u044c\\u0441\\u043a\\u043e\\u0435 \\u0445\\u043e\\u0437\\u044f\\u0439\\u0441\\u0442\\u0432\\u043e \\u0438 \\u043f\\u0438\\u0449\\u0435\\u0432\\u0430\\u044f \\u043f\\u0440\\u043e\\u043c\\u044b\\u0448\\u043b\\u0435\\u043d\\u043d\\u043e\\u0441\\u0442\\u044c\",\"slug\":\"\\u0441\\u0435\\u043b\\u044c\\u0441\\u043a\\u043e\\u0435-\\u0445\\u043e\\u0437\\u044f\\u0439\\u0441\\u0442\\u0432\\u043e-\\u0438-\\u043f\\u0438\\u0449\\u0435\\u0432\\u0430\\u044f-\\u043f\\u0440\\u043e\\u043c\\u044b\\u0448\\u043b\\u0435\\u043d\\u043d\\u043e\\u0441\\u0442\\u044c\",\"postDate\":1493738790,\"expiryDate\":null,\"enabled\":1,\"parentId\":null,\"fields\":{\"35\":\"\"}}', '2017-05-02 15:26:30', '2017-05-02 15:26:30', '0ad6a2fe-507d-49ed-96df-73f29afc5e41'),
 ('26', '39', '9', '1', 'ru', '1', '', '{\"typeId\":null,\"authorId\":\"1\",\"title\":\"\\u0421\\u0444\\u0435\\u0440\\u0430 \\u0440\\u0430\\u0437\\u0432\\u043b\\u0435\\u0447\\u0435\\u043d\\u0438\\u0439 \\u0438 \\u0433\\u043e\\u0441\\u0442\\u0435\\u043f\\u0440\\u0438\\u0438\\u043c\\u0441\\u0442\\u0432\\u0430\",\"slug\":\"\\u0441\\u0444\\u0435\\u0440\\u0430-\\u0440\\u0430\\u0437\\u0432\\u043b\\u0435\\u0447\\u0435\\u043d\\u0438\\u0439-\\u0438-\\u0433\\u043e\\u0441\\u0442\\u0435\\u043f\\u0440\\u0438\\u0438\\u043c\\u0441\\u0442\\u0432\\u0430\",\"postDate\":1493738826,\"expiryDate\":null,\"enabled\":1,\"parentId\":null,\"fields\":{\"35\":\"\"}}', '2017-05-02 15:27:07', '2017-05-02 15:27:07', '593d8dc8-6c9e-4c76-ace0-490ee3f4db83'),
 ('27', '40', '9', '1', 'ru', '1', '', '{\"typeId\":null,\"authorId\":\"1\",\"title\":\"\\u0422\\u0435\\u043b\\u0435\\u043a\\u043e\\u043c, \\u0418\\u0422 \\u0438 \\u043c\\u0435\\u0434\\u0438\\u0430\",\"slug\":\"\\u0442\\u0435\\u043b\\u0435\\u043a\\u043e\\u043c-\\u0438\\u0442-\\u0438-\\u043c\\u0435\\u0434\\u0438\\u0430\",\"postDate\":1493738833,\"expiryDate\":null,\"enabled\":1,\"parentId\":null,\"fields\":{\"35\":\"\"}}', '2017-05-02 15:27:13', '2017-05-02 15:27:13', 'bc1be43a-f27d-429c-95ed-f7243c2b8e53'),
 ('28', '41', '9', '1', 'ru', '1', '', '{\"typeId\":null,\"authorId\":\"1\",\"title\":\"\\u0422\\u043e\\u0440\\u0433\\u043e\\u0432\\u043b\\u044f \\u043e\\u043f\\u0442\\u043e\\u0432\\u0430\\u044f \\u0438 \\u0440\\u043e\\u0437\\u043d\\u0438\\u0447\\u043d\\u0430\\u044f\",\"slug\":\"\\u0442\\u043e\\u0440\\u0433\\u043e\\u0432\\u043b\\u044f-\\u043e\\u043f\\u0442\\u043e\\u0432\\u0430\\u044f-\\u0438-\\u0440\\u043e\\u0437\\u043d\\u0438\\u0447\\u043d\\u0430\\u044f\",\"postDate\":1493738841,\"expiryDate\":null,\"enabled\":1,\"parentId\":null,\"fields\":{\"35\":\"\"}}', '2017-05-02 15:27:21', '2017-05-02 15:27:21', '2c9776a2-aeb1-4985-97dc-92065808b969'),
 ('29', '42', '9', '1', 'ru', '1', '', '{\"typeId\":null,\"authorId\":\"1\",\"title\":\"\\u0422\\u0440\\u0430\\u043d\\u0441\\u043f\\u043e\\u0440\\u0442 \\u0438 \\u043b\\u043e\\u0433\\u0438\\u0441\\u0442\\u0438\\u043a\\u0430. \\u0418\\u043d\\u0444\\u0440\\u0430\\u0441\\u0442\\u0440\\u0443\\u043a\\u0442\\u0443\\u0440\\u043d\\u044b\\u0435 \\u043f\\u0440\\u043e\\u0435\\u043a\\u0442\\u044b\",\"slug\":\"\\u0442\\u0440\\u0430\\u043d\\u0441\\u043f\\u043e\\u0440\\u0442-\\u0438-\\u043b\\u043e\\u0433\\u0438\\u0441\\u0442\\u0438\\u043a\\u0430-\\u0438\\u043d\\u0444\\u0440\\u0430\\u0441\\u0442\\u0440\\u0443\\u043a\\u0442\\u0443\\u0440\\u043d\\u044b\\u0435-\\u043f\\u0440\\u043e\\u0435\\u043a\\u0442\\u044b\",\"postDate\":1493738852,\"expiryDate\":null,\"enabled\":1,\"parentId\":null,\"fields\":{\"35\":\"\"}}', '2017-05-02 15:27:32', '2017-05-02 15:27:32', 'e37cf7ba-66a4-4799-bd58-8b6f61ef8416'),
 ('30', '43', '9', '1', 'ru', '1', '', '{\"typeId\":null,\"authorId\":\"1\",\"title\":\"\\u0424\\u0430\\u0440\\u043c\\u0430\\u0446\\u0435\\u0432\\u0442\\u0438\\u043a\\u0430. \\u041c\\u0435\\u0434\\u0438\\u0446\\u0438\\u043d\\u0430\",\"slug\":\"\\u0444\\u0430\\u0440\\u043c\\u0430\\u0446\\u0435\\u0432\\u0442\\u0438\\u043a\\u0430-\\u043c\\u0435\\u0434\\u0438\\u0446\\u0438\\u043d\\u0430\",\"postDate\":1493738861,\"expiryDate\":null,\"enabled\":1,\"parentId\":null,\"fields\":{\"35\":\"\"}}', '2017-05-02 15:27:41', '2017-05-02 15:27:41', '607d5f9b-6150-43ef-b1d7-8f44ac8a459f'),
 ('31', '44', '9', '1', 'ru', '1', '', '{\"typeId\":null,\"authorId\":\"1\",\"title\":\"\\u0424\\u0438\\u043d\\u0430\\u043d\\u0441\\u043e\\u0432\\u044b\\u0439 \\u0441\\u0435\\u043a\\u0442\\u043e\\u0440\",\"slug\":\"\\u0444\\u0438\\u043d\\u0430\\u043d\\u0441\\u043e\\u0432\\u044b\\u0439-\\u0441\\u0435\\u043a\\u0442\\u043e\\u0440\",\"postDate\":1493738870,\"expiryDate\":null,\"enabled\":1,\"parentId\":null,\"fields\":{\"35\":\"\"}}', '2017-05-02 15:27:50', '2017-05-02 15:27:50', 'a60ec558-dd7e-4199-aa72-08199e0381b5'),
 ('32', '45', '9', '1', 'ru', '1', '', '{\"typeId\":null,\"authorId\":\"1\",\"title\":\"\\u042d\\u043d\\u0435\\u0440\\u0433\\u0435\\u0442\\u0438\\u043a\\u0430\",\"slug\":\"\\u044d\\u043d\\u0435\\u0440\\u0433\\u0435\\u0442\\u0438\\u043a\\u0430\",\"postDate\":1493738878,\"expiryDate\":null,\"enabled\":1,\"parentId\":null,\"fields\":{\"35\":\"\"}}', '2017-05-02 15:27:58', '2017-05-02 15:27:58', 'b9ca1932-17e7-4f4a-af7a-a21af5750625'),
 ('50', '53', '3', '1', 'ru', '1', '', '{\"typeId\":null,\"authorId\":\"1\",\"title\":\"\\u0410\\u043b\\u0435\\u043a\\u0441\\u0430\\u043d\\u0434\\u0440 \\u0418\\u0432\\u0430\\u043d\\u043e\\u0432\",\"slug\":\"\\u0430\\u043b\\u0435\\u043a\\u0441\\u0430\\u043d\\u0434\\u0440-\\u0438\\u0432\\u0430\\u043d\\u043e\\u0432\",\"postDate\":1493806186,\"expiryDate\":null,\"enabled\":1,\"parentId\":null,\"fields\":{\"12\":\"\",\"9\":\"\",\"11\":\"\",\"13\":\"\",\"10\":\"\",\"8\":\"\",\"4\":\"\\u0410\\u043b\\u0435\\u043a\\u0441\\u0430\\u043d\\u0434\\u0440\",\"6\":\"\",\"42\":{\"icon\":\"_blank_\"},\"38\":\"\",\"37\":\"\",\"7\":[\"4\"],\"15\":\"\",\"16\":\"\",\"5\":\"\\u0418\\u0432\\u0430\\u043d\\u043e\\u0432\",\"3\":\"\"}}', '2017-05-03 10:09:47', '2017-05-03 10:09:47', '8c33900c-e8a8-449e-96de-64870fa41c76'),
 ('51', '53', '3', '1', 'ru', '2', '', '{\"typeId\":\"3\",\"authorId\":\"1\",\"title\":\"\\u0410\\u043b\\u0435\\u043a\\u0441\\u0430\\u043d\\u0434\\u0440 \\u0418\\u0432\\u0430\\u043d\\u043e\\u0432\",\"slug\":\"\\u0430\\u043b\\u0435\\u043a\\u0441\\u0430\\u043d\\u0434\\u0440-\\u0438\\u0432\\u0430\\u043d\\u043e\\u0432\",\"postDate\":1493806140,\"expiryDate\":null,\"enabled\":1,\"parentId\":null,\"fields\":{\"12\":\"\",\"9\":\"\",\"11\":\"\",\"13\":\"\",\"10\":\"\",\"8\":\"\",\"4\":\"\\u0410\\u043b\\u0435\\u043a\\u0441\\u0430\\u043d\\u0434\\u0440\",\"6\":\"\",\"42\":{\"icon\":\"_blank_\"},\"38\":\"\",\"37\":\"\",\"7\":[\"4\"],\"15\":\"\",\"16\":\"\",\"5\":\"\\u0418\\u0432\\u0430\\u043d\\u043e\\u0432\",\"3\":\"\"}}', '2017-05-03 10:10:37', '2017-05-03 10:10:37', '11eb3157-f8c9-4c81-9632-3bd5a3184f01'),
 ('52', '54', '3', '1', 'ru', '1', '', '{\"typeId\":null,\"authorId\":\"1\",\"title\":\"\\u041c\\u0430\\u043b\\u043a\\u043e\\u0432 \\u0410\\u043b\\u0435\\u043a\\u0441\\u0430\\u043d\\u0434\\u0440\",\"slug\":\"\\u043c\\u0430\\u043b\\u043a\\u043e\\u0432-\\u0430\\u043b\\u0435\\u043a\\u0441\\u0430\\u043d\\u0434\\u0440\",\"postDate\":1493806265,\"expiryDate\":null,\"enabled\":1,\"parentId\":null,\"fields\":{\"12\":\"\",\"9\":\"\",\"11\":\"\",\"13\":\"\",\"10\":\"\",\"8\":\"\",\"4\":\"\",\"6\":\"\",\"42\":{\"icon\":\"_blank_\"},\"38\":\"\",\"37\":\"\",\"7\":[\"4\"],\"15\":\"\",\"16\":\"\",\"5\":\"\",\"3\":\"\"}}', '2017-05-03 10:11:05', '2017-05-03 10:11:05', '31551f14-d074-46a9-9189-0a92c19877f9'),
 ('53', '55', '3', '1', 'ru', '1', '', '{\"typeId\":null,\"authorId\":\"1\",\"title\":\"\\u041a\\u0430\\u043b\\u0438\\u043d\\u0438\\u043d \\u0421\\u0435\\u0440\\u0433\\u0435\\u0439\",\"slug\":\"\\u043a\\u0430\\u043b\\u0438\\u043d\\u0438\\u043d-\\u0441\\u0435\\u0440\\u0433\\u0435\\u0439\",\"postDate\":1493806276,\"expiryDate\":null,\"enabled\":1,\"parentId\":null,\"fields\":{\"12\":\"\",\"9\":\"\",\"11\":\"\",\"13\":\"\",\"10\":\"\",\"8\":\"\",\"4\":\"\",\"6\":\"\",\"42\":{\"icon\":\"_blank_\"},\"38\":\"\",\"37\":\"\",\"7\":\"\",\"15\":\"\",\"16\":\"\",\"5\":\"\",\"3\":\"\"}}', '2017-05-03 10:11:17', '2017-05-03 10:11:17', '46f01089-5007-4f33-a7b9-0a72cd7e5cf4'),
 ('54', '53', '3', '1', 'ru', '3', '', '{\"typeId\":\"3\",\"authorId\":\"1\",\"title\":\"\\u0418\\u0432\\u0430\\u043d\\u043e\\u0432 \\u0410\\u043b\\u0435\\u043a\\u0441\\u0430\\u043d\\u0434\\u0440\",\"slug\":\"\\u0430\\u043b\\u0435\\u043a\\u0441\\u0430\\u043d\\u0434\\u0440-\\u0438\\u0432\\u0430\\u043d\\u043e\\u0432\",\"postDate\":1493806140,\"expiryDate\":null,\"enabled\":1,\"parentId\":null,\"fields\":{\"12\":\"\",\"9\":\"\",\"11\":\"\",\"13\":\"\",\"10\":\"\",\"8\":\"\",\"4\":\"\\u0410\\u043b\\u0435\\u043a\\u0441\\u0430\\u043d\\u0434\\u0440\",\"6\":\"\",\"42\":{\"icon\":\"_blank_\"},\"38\":\"\",\"37\":\"\",\"7\":[\"4\"],\"15\":\"\",\"16\":\"\",\"5\":\"\\u0418\\u0432\\u0430\\u043d\\u043e\\u0432\",\"3\":\"\"}}', '2017-05-03 10:11:33', '2017-05-03 10:11:33', '0b5a83db-db31-484e-8987-3791601eb39a'),
 ('55', '56', '3', '1', 'ru', '1', '', '{\"typeId\":null,\"authorId\":\"1\",\"title\":\"\\u0417\\u0430\\u0441\\u0438\\u043c\\u043e\\u0432\\u0430 \\u0410\\u043d\\u043d\\u0430\",\"slug\":\"\\u0437\\u0430\\u0441\\u0438\\u043c\\u043e\\u0432\\u0430-\\u0430\\u043d\\u043d\\u0430\",\"postDate\":1493806314,\"expiryDate\":null,\"enabled\":1,\"parentId\":null,\"fields\":{\"12\":\"\",\"9\":\"\",\"11\":\"\",\"13\":\"\",\"10\":\"\",\"8\":\"\",\"4\":\"\",\"6\":\"\",\"42\":{\"icon\":\"_blank_\"},\"38\":\"\",\"37\":\"\",\"7\":[\"4\"],\"15\":\"\",\"16\":\"\",\"5\":\"\",\"3\":\"\"}}', '2017-05-03 10:11:54', '2017-05-03 10:11:54', 'd4b568ec-6148-41ec-9700-1a2037d76b8b'),
 ('56', '55', '3', '1', 'ru', '2', '', '{\"typeId\":\"3\",\"authorId\":\"1\",\"title\":\"\\u041a\\u0430\\u043b\\u0438\\u043d\\u0438\\u043d \\u0421\\u0435\\u0440\\u0433\\u0435\\u0439\",\"slug\":\"\\u043a\\u0430\\u043b\\u0438\\u043d\\u0438\\u043d-\\u0441\\u0435\\u0440\\u0433\\u0435\\u0439\",\"postDate\":1493806260,\"expiryDate\":null,\"enabled\":1,\"parentId\":null,\"fields\":{\"12\":\"\",\"9\":\"\",\"11\":\"\",\"13\":\"\",\"10\":\"\",\"8\":\"\",\"4\":\"\",\"6\":\"\",\"42\":{\"icon\":\"_blank_\"},\"38\":\"\",\"37\":\"\",\"7\":[\"4\"],\"15\":\"\",\"16\":\"\",\"5\":\"\",\"3\":\"\"}}', '2017-05-03 10:12:06', '2017-05-03 10:12:06', '508391c0-ddae-430f-88a1-64c4fc5dfa36'),
 ('57', '57', '3', '1', 'ru', '1', '', '{\"typeId\":null,\"authorId\":\"1\",\"title\":\"\\u0414\\u043c\\u0438\\u0442\\u0440\\u0438\\u0435\\u0432\\u0430 \\u0415\\u043b\\u0435\\u043d\\u0430\",\"slug\":\"\\u0434\\u043c\\u0438\\u0442\\u0440\\u0438\\u0435\\u0432\\u0430-\\u0435\\u043b\\u0435\\u043d\\u0430\",\"postDate\":1493806344,\"expiryDate\":null,\"enabled\":1,\"parentId\":null,\"fields\":{\"12\":\"\",\"9\":\"\",\"11\":\"\",\"13\":\"\",\"10\":\"\",\"8\":\"\",\"4\":\"\",\"6\":\"\",\"42\":{\"icon\":\"_blank_\"},\"38\":\"\",\"37\":\"\",\"7\":[\"4\"],\"15\":\"\",\"16\":\"\",\"5\":\"\",\"3\":\"\"}}', '2017-05-03 10:12:24', '2017-05-03 10:12:24', '3e70a827-1d40-445f-9de3-5c9b5ba9b49a'),
 ('58', '58', '3', '1', 'ru', '1', '', '{\"typeId\":null,\"authorId\":\"1\",\"title\":\"\\u041a\\u043d\\u044f\\u0437\\u0435\\u0432\\u0430 \\u0422\\u0430\\u0442\\u044c\\u044f\\u043d\\u0430\",\"slug\":\"\\u043a\\u043d\\u044f\\u0437\\u0435\\u0432\\u0430-\\u0442\\u0430\\u0442\\u044c\\u044f\\u043d\\u0430\",\"postDate\":1493806359,\"expiryDate\":null,\"enabled\":1,\"parentId\":null,\"fields\":{\"12\":\"\",\"9\":\"\",\"11\":\"\",\"13\":\"\",\"10\":\"\",\"8\":\"\",\"4\":\"\",\"6\":\"\",\"42\":{\"icon\":\"_blank_\"},\"38\":\"\",\"37\":\"\",\"7\":[\"4\"],\"15\":\"\",\"16\":\"\",\"5\":\"\",\"3\":\"\"}}', '2017-05-03 10:12:39', '2017-05-03 10:12:39', '9e9b11bf-642e-402f-9692-47cde7d06166'),
 ('59', '59', '3', '1', 'ru', '1', '', '{\"typeId\":null,\"authorId\":\"1\",\"title\":\"\\u0422\\u0438\\u0448\\u0430\\u043a\\u043e\\u0432 \\u0421\\u0435\\u0440\\u0433\\u0435\\u0439\",\"slug\":\"\\u0442\\u0438\\u0448\\u0430\\u043a\\u043e\\u0432-\\u0441\\u0435\\u0440\\u0433\\u0435\\u0439\",\"postDate\":1493806412,\"expiryDate\":null,\"enabled\":1,\"parentId\":null,\"fields\":{\"12\":\"\",\"9\":\"\",\"11\":\"\",\"13\":\"\",\"10\":\"\",\"8\":\"\",\"4\":\"\",\"6\":\"\",\"42\":{\"icon\":\"_blank_\"},\"38\":\"\",\"37\":\"\",\"7\":[\"4\"],\"15\":\"\",\"16\":\"\",\"5\":\"\",\"3\":\"\"}}', '2017-05-03 10:13:32', '2017-05-03 10:13:32', '431a8256-f9ab-4b97-9299-237faadebc25'),
 ('60', '60', '3', '1', 'ru', '1', '', '{\"typeId\":null,\"authorId\":\"1\",\"title\":\"\\u0421\\u0438\\u0434\\u043e\\u0440\\u0435\\u043d\\u043a\\u043e \\u0410\\u043b\\u0435\\u043a\\u0441\\u0430\\u043d\\u0434\\u0440\",\"slug\":\"\\u0441\\u0438\\u0434\\u043e\\u0440\\u0435\\u043d\\u043a\\u043e-\\u0430\\u043b\\u0435\\u043a\\u0441\\u0430\\u043d\\u0434\\u0440\",\"postDate\":1493806467,\"expiryDate\":null,\"enabled\":1,\"parentId\":null,\"fields\":{\"12\":\"\",\"9\":\"\",\"11\":\"\",\"13\":\"\",\"10\":\"\",\"8\":\"\",\"4\":\"\",\"6\":\"\",\"42\":{\"icon\":\"_blank_\"},\"38\":\"\",\"37\":\"\",\"7\":[\"4\"],\"15\":\"\",\"16\":\"\",\"5\":\"\",\"3\":\"\"}}', '2017-05-03 10:14:27', '2017-05-03 10:14:27', '76de291e-2a53-4605-992c-685989bb23c7'),
 ('61', '61', '3', '1', 'ru', '1', '', '{\"typeId\":null,\"authorId\":\"1\",\"title\":\"\\u041f\\u0438\\u0441\\u0430\\u0440\\u0435\\u0432 \\u0410\\u043d\\u0434\\u0440\\u0435\\u0439\",\"slug\":\"\\u043f\\u0438\\u0441\\u0430\\u0440\\u0435\\u0432-\\u0430\\u043d\\u0434\\u0440\\u0435\\u0439\",\"postDate\":1493806954,\"expiryDate\":null,\"enabled\":1,\"parentId\":null,\"fields\":{\"12\":\"\",\"9\":\"\",\"11\":\"\",\"13\":\"\",\"10\":\"\",\"8\":\"\",\"4\":\"\",\"6\":\"\",\"38\":\"\",\"37\":[\"26\",\"27\",\"29\",\"30\"],\"7\":[\"4\"],\"15\":\"\",\"16\":\"\",\"5\":\"\",\"3\":\"\"}}', '2017-05-03 10:22:35', '2017-05-03 10:22:35', 'e19aee5d-cd9c-4ecc-a0b0-66f997b5d90e'),
 ('62', '62', '3', '1', 'ru', '1', '', '{\"typeId\":null,\"authorId\":\"1\",\"title\":\"\\u0414\\u0435\\u0435\\u0432 \\u041c\\u0430\\u043a\\u0441\\u0438\\u043c\",\"slug\":\"\\u0434\\u0435\\u0435\\u0432-\\u043c\\u0430\\u043a\\u0441\\u0438\\u043c\",\"postDate\":1493807014,\"expiryDate\":null,\"enabled\":1,\"parentId\":null,\"fields\":{\"12\":\"\",\"9\":\"\",\"11\":\"\",\"13\":\"\",\"10\":\"\",\"8\":\"\",\"4\":\"\",\"6\":\"\",\"38\":[\"44\"],\"37\":\"\",\"7\":[\"5\"],\"15\":\"\",\"16\":\"\",\"5\":\"\",\"3\":\"\"}}', '2017-05-03 10:23:35', '2017-05-03 10:23:35', '6c77ecc2-f04a-4e28-9245-2ad5984ff6cb'),
 ('63', '63', '3', '1', 'ru', '1', '', '{\"typeId\":null,\"authorId\":\"1\",\"title\":\"\\u0428\\u0430\\u043b\\u0443\\u043c\\u043e\\u0432 \\u0417\\u0430\\u0445\\u0430\\u0440\",\"slug\":\"\\u0448\\u0430\\u043b\\u0443\\u043c\\u043e\\u0432-\\u0437\\u0430\\u0445\\u0430\\u0440\",\"postDate\":1493807098,\"expiryDate\":null,\"enabled\":1,\"parentId\":null,\"fields\":{\"12\":\"\",\"9\":\"\",\"11\":\"\",\"13\":\"\",\"10\":\"\",\"8\":\"\",\"4\":\"\",\"6\":\"\",\"38\":\"\",\"37\":\"\",\"7\":[\"5\"],\"15\":\"\",\"16\":\"\",\"5\":\"\",\"3\":\"\"}}', '2017-05-03 10:24:59', '2017-05-03 10:24:59', '1c78b185-544c-45b1-8a9f-6f699871a3ad'),
 ('64', '64', '3', '1', 'ru', '1', '', '{\"typeId\":null,\"authorId\":\"1\",\"title\":\"\\u041a\\u0430\\u0440\\u0430\\u043f\\u0435\\u0442\\u044f\\u043d \\u041c\\u044d\\u0440\\u0438\",\"slug\":\"\\u043a\\u0430\\u0440\\u0430\\u043f\\u0435\\u0442\\u044f\\u043d-\\u043c\\u044d\\u0440\\u0438\",\"postDate\":1493807117,\"expiryDate\":null,\"enabled\":1,\"parentId\":null,\"fields\":{\"12\":\"\",\"9\":\"\",\"11\":\"\",\"13\":\"\",\"10\":\"\",\"8\":\"\",\"4\":\"\",\"6\":\"\",\"38\":\"\",\"37\":\"\",\"7\":[\"5\"],\"15\":\"\",\"16\":\"\",\"5\":\"\",\"3\":\"\"}}', '2017-05-03 10:25:17', '2017-05-03 10:25:17', '72972672-0a85-4236-9857-bc15b48f6ade'),
 ('65', '65', '3', '1', 'ru', '1', '', '{\"typeId\":null,\"authorId\":\"1\",\"title\":\"\\u041a\\u0443\\u0447\\u0435\\u0440 \\u0414\\u043c\\u0438\\u0442\\u0440\\u0438\\u0439\",\"slug\":\"\\u043a\\u0443\\u0447\\u0435\\u0440-\\u0434\\u043c\\u0438\\u0442\\u0440\\u0438\\u0439\",\"postDate\":1493807138,\"expiryDate\":null,\"enabled\":1,\"parentId\":null,\"fields\":{\"12\":\"\",\"9\":\"\",\"11\":\"\",\"13\":\"\",\"10\":\"\",\"8\":\"\",\"4\":\"\",\"6\":\"\",\"38\":\"\",\"37\":\"\",\"7\":[\"5\"],\"15\":\"\",\"16\":\"\",\"5\":\"\",\"3\":\"\"}}', '2017-05-03 10:25:39', '2017-05-03 10:25:39', 'e83ed3da-7678-481a-8f74-d45087394681'),
 ('66', '66', '3', '1', 'ru', '1', '', '{\"typeId\":null,\"authorId\":\"1\",\"title\":\"\\u041b\\u0430\\u043d\\u0434\\u0430 \\u041b\\u0435\\u043e\\u043d\\u0438\\u0434\",\"slug\":\"\\u043b\\u0430\\u043d\\u0434\\u0430-\\u043b\\u0435\\u043e\\u043d\\u0438\\u0434\",\"postDate\":1493807149,\"expiryDate\":null,\"enabled\":1,\"parentId\":null,\"fields\":{\"12\":\"\",\"9\":\"\",\"11\":\"\",\"13\":\"\",\"10\":\"\",\"8\":\"\",\"4\":\"\",\"6\":\"\",\"38\":\"\",\"37\":\"\",\"7\":[\"5\"],\"15\":\"\",\"16\":\"\",\"5\":\"\",\"3\":\"\"}}', '2017-05-03 10:25:49', '2017-05-03 10:25:49', 'f1670f19-36ac-41fe-b51f-302ff7106cac'),
 ('67', '67', '3', '1', 'ru', '1', '', '{\"typeId\":null,\"authorId\":\"1\",\"title\":\"\\u0416\\u0438\\u0432\\u0447\\u0438\\u043a\\u043e\\u0432 \\u0414\\u0435\\u043d\\u0438\\u0441\",\"slug\":\"\\u0436\\u0438\\u0432\\u0447\\u0438\\u043a\\u043e\\u0432-\\u0434\\u0435\\u043d\\u0438\\u0441\",\"postDate\":1493807160,\"expiryDate\":null,\"enabled\":1,\"parentId\":null,\"fields\":{\"12\":\"\",\"9\":\"\",\"11\":\"\",\"13\":\"\",\"10\":\"\",\"8\":\"\",\"4\":\"\",\"6\":\"\",\"38\":\"\",\"37\":\"\",\"7\":[\"5\"],\"15\":\"\",\"16\":\"\",\"5\":\"\",\"3\":\"\"}}', '2017-05-03 10:26:01', '2017-05-03 10:26:01', '873ba69f-7828-4d49-9a67-6818207ec7ac'),
 ('68', '68', '3', '1', 'ru', '1', '', '{\"typeId\":null,\"authorId\":\"1\",\"title\":\"\\u0422\\u0440\\u0438\\u0444\\u0430\\u043d\\u0435\\u043d\\u043a\\u043e\\u0432\\u0430 \\u041c\\u0430\\u0440\\u0438\\u043d\\u0430\",\"slug\":\"\\u0442\\u0440\\u0438\\u0444\\u0430\\u043d\\u0435\\u043d\\u043a\\u043e\\u0432\\u0430-\\u043c\\u0430\\u0440\\u0438\\u043d\\u0430\",\"postDate\":1493807179,\"expiryDate\":null,\"enabled\":1,\"parentId\":null,\"fields\":{\"12\":\"\",\"9\":\"\",\"11\":\"\",\"13\":\"\",\"10\":\"\",\"8\":\"\",\"4\":\"\",\"6\":\"\",\"38\":\"\",\"37\":\"\",\"7\":[\"5\"],\"15\":\"\",\"16\":\"\",\"5\":\"\",\"3\":\"\"}}', '2017-05-03 10:26:19', '2017-05-03 10:26:19', '69fc37d8-389d-4042-9820-abaf3d8623f4'),
 ('69', '69', '3', '1', 'ru', '1', '', '{\"typeId\":null,\"authorId\":\"1\",\"title\":\"\\u0411\\u043e\\u0440\\u043e\\u0432\\u0438\\u043a\\u043e\\u0432\\u0430 \\u0410\\u043b\\u0435\\u043d\\u0430\",\"slug\":\"\\u0431\\u043e\\u0440\\u043e\\u0432\\u0438\\u043a\\u043e\\u0432\\u0430-\\u0430\\u043b\\u0435\\u043d\\u0430\",\"postDate\":1493807246,\"expiryDate\":null,\"enabled\":1,\"parentId\":null,\"fields\":{\"12\":\"\",\"9\":\"\",\"11\":\"\",\"13\":\"\",\"10\":\"\",\"8\":\"\",\"4\":\"\",\"6\":\"\",\"38\":\"\",\"37\":\"\",\"7\":[\"5\"],\"15\":\"\",\"16\":\"\",\"5\":\"\",\"3\":\"\"}}', '2017-05-03 10:27:27', '2017-05-03 10:27:27', 'd1465559-4835-4b9a-b2ab-ebf8edf7b1be'),
 ('70', '70', '3', '1', 'ru', '1', '', '{\"typeId\":null,\"authorId\":\"1\",\"title\":\"\\u0417\\u0430\\u043a\\u043e\\u044f\\u043d \\u041c\\u0430\\u0440\\u0438\\u043d\\u0430\",\"slug\":\"\\u0437\\u0430\\u043a\\u043e\\u044f\\u043d-\\u043c\\u0430\\u0440\\u0438\\u043d\\u0430\",\"postDate\":1493808742,\"expiryDate\":null,\"enabled\":1,\"parentId\":null,\"fields\":{\"12\":\"\",\"9\":\"\",\"11\":\"\",\"13\":\"\",\"10\":\"\",\"8\":\"\",\"4\":\"\\u041c\\u0430\\u0440\\u0438\\u043d\\u0430\",\"6\":\"\",\"46\":\"\\u0421\\u0442\\u0430\\u0440\\u0448\\u0438\\u0439 \\u044e\\u0440\\u0438\\u0441\\u0442\",\"38\":\"\",\"37\":\"\",\"7\":[\"5\"],\"15\":\"\",\"16\":\"\",\"5\":\"\\u0417\\u0430\\u043a\\u043e\\u044f\\u043d\",\"3\":\"\"}}', '2017-05-03 10:52:22', '2017-05-03 10:52:22', '02e918da-9949-4262-8257-de4874e2571d'),
 ('71', '71', '3', '1', 'ru', '1', '', '{\"typeId\":null,\"authorId\":\"1\",\"title\":\"\\u041d\\u043e\\u0432\\u0438\\u043a\\u043e\\u0432\\u0430 \\u0410\\u043d\\u043d\\u0430\",\"slug\":\"\\u043d\\u043e\\u0432\\u0438\\u043a\\u043e\\u0432\\u0430-\\u0430\\u043d\\u043d\\u0430\",\"postDate\":1493808866,\"expiryDate\":null,\"enabled\":1,\"parentId\":null,\"fields\":{\"12\":\"\",\"9\":\"\",\"11\":\"\",\"13\":\"\",\"10\":\"\",\"8\":\"\",\"4\":\"\",\"6\":\"\",\"46\":\"\",\"38\":\"\",\"37\":\"\",\"7\":[\"6\"],\"15\":\"\",\"16\":\"\",\"5\":\"\",\"3\":\"\"}}', '2017-05-03 10:54:27', '2017-05-03 10:54:27', 'b1ddd9bb-612d-4689-8a58-f3f9b6b1d50c'),
 ('72', '72', '3', '1', 'ru', '1', '', '{\"typeId\":null,\"authorId\":\"1\",\"title\":\"\\u0415\\u0433\\u043e\\u0448\\u0438\\u043d\\u0430 \\u0412\\u0438\\u043a\\u0442\\u043e\\u0440\\u0438\\u044f\",\"slug\":\"\\u0435\\u0433\\u043e\\u0448\\u0438\\u043d\\u0430-\\u0432\\u0438\\u043a\\u0442\\u043e\\u0440\\u0438\\u044f\",\"postDate\":1493808882,\"expiryDate\":null,\"enabled\":1,\"parentId\":null,\"fields\":{\"12\":\"\",\"9\":\"\",\"11\":\"\",\"13\":\"\",\"10\":\"\",\"8\":\"\",\"4\":\"\",\"6\":\"\",\"46\":\"\",\"38\":\"\",\"37\":\"\",\"7\":[\"6\"],\"15\":\"\",\"16\":\"\",\"5\":\"\",\"3\":\"\"}}', '2017-05-03 10:54:43', '2017-05-03 10:54:43', '054a985c-0821-43db-83f1-387ee262ba34'),
 ('73', '54', '3', '1', 'ru', '2', '', '{\"typeId\":\"3\",\"authorId\":\"1\",\"title\":\"\\u041c\\u0430\\u043b\\u043a\\u043e\\u0432 \\u0410\\u043b\\u0435\\u043a\\u0441\\u0430\\u043d\\u0434\\u0440\",\"slug\":\"\\u043c\\u0430\\u043b\\u043a\\u043e\\u0432-\\u0430\\u043b\\u0435\\u043a\\u0441\\u0430\\u043d\\u0434\\u0440\",\"postDate\":1493806260,\"expiryDate\":null,\"enabled\":1,\"parentId\":null,\"fields\":{\"12\":\"\",\"9\":\"\",\"11\":\"\",\"13\":\"\",\"10\":\"\",\"8\":\"\",\"4\":\"\",\"6\":\"\",\"46\":\"\",\"38\":\"\",\"37\":\"\",\"7\":[\"4\"],\"15\":\"\",\"16\":\"\",\"5\":\"\",\"3\":[\"46\"]}}', '2017-05-03 10:56:10', '2017-05-03 10:56:10', 'bff51514-258b-41ec-84f4-40a0ce0785f8'),
 ('74', '54', '3', '1', 'ru', '3', '', '{\"typeId\":\"3\",\"authorId\":\"1\",\"title\":\"\\u041c\\u0430\\u043b\\u043a\\u043e\\u0432 \\u0410\\u043b\\u0435\\u043a\\u0441\\u0430\\u043d\\u0434\\u0440\",\"slug\":\"\\u043c\\u0430\\u043b\\u043a\\u043e\\u0432-\\u0430\\u043b\\u0435\\u043a\\u0441\\u0430\\u043d\\u0434\\u0440\",\"postDate\":1493806260,\"expiryDate\":null,\"enabled\":1,\"parentId\":null,\"fields\":{\"12\":\"\",\"9\":\"\",\"11\":\"\",\"13\":\"\",\"10\":\"\",\"8\":\"\",\"4\":\"\",\"6\":\"\",\"46\":\"\",\"38\":\"\",\"37\":\"\",\"7\":[\"4\"],\"15\":\"\",\"16\":\"\",\"5\":\"\",\"3\":\"\"}}', '2017-05-03 10:57:11', '2017-05-03 10:57:11', '34d99544-4c5e-4694-a71f-0e2551c8520a'),
 ('75', '72', '3', '1', 'ru', '2', '', '{\"typeId\":\"3\",\"authorId\":\"1\",\"title\":\"\\u0415\\u0433\\u043e\\u0448\\u0438\\u043d\\u0430 \\u0412\\u0438\\u043a\\u0442\\u043e\\u0440\\u0438\\u044f\",\"slug\":\"\\u0435\\u0433\\u043e\\u0448\\u0438\\u043d\\u0430-\\u0432\\u0438\\u043a\\u0442\\u043e\\u0440\\u0438\\u044f\",\"postDate\":1493808840,\"expiryDate\":null,\"enabled\":1,\"parentId\":null,\"fields\":{\"12\":\"victoria.egoshina@bakertilly.ru\",\"9\":\"\",\"11\":\"\",\"13\":\"\",\"10\":\"\",\"8\":\"\",\"4\":\"\",\"6\":\"\",\"46\":\"\",\"38\":\"\",\"37\":\"\",\"7\":[\"6\"],\"15\":\"\",\"16\":\"\",\"5\":\"\",\"3\":\"\"}}', '2017-05-03 11:15:54', '2017-05-03 11:15:54', 'f349e669-a761-4e92-93f4-ee133b090f96'),
 ('76', '72', '3', '1', 'ru', '3', '', '{\"typeId\":\"3\",\"authorId\":\"1\",\"title\":\"\\u0415\\u0433\\u043e\\u0448\\u0438\\u043d\\u0430 \\u0412\\u0438\\u043a\\u0442\\u043e\\u0440\\u0438\\u044f\",\"slug\":\"\\u0435\\u0433\\u043e\\u0448\\u0438\\u043d\\u0430-\\u0432\\u0438\\u043a\\u0442\\u043e\\u0440\\u0438\\u044f\",\"postDate\":1493808840,\"expiryDate\":null,\"enabled\":1,\"parentId\":null,\"fields\":{\"12\":\"victoria.egoshina@bakertilly.ru\",\"9\":\"\",\"11\":\"\",\"13\":\"\",\"10\":\"\",\"8\":\"\",\"4\":\"\",\"6\":\"\",\"46\":\"\",\"38\":\"\",\"37\":\"\",\"7\":[\"6\"],\"15\":\"244\",\"16\":\"2342342\",\"5\":\"\",\"3\":\"\"}}', '2017-05-03 11:32:01', '2017-05-03 11:32:01', '356322d4-79a3-4c70-806e-459cff6b52af'),
 ('77', '84', '3', '1', 'ru', '1', '', '{\"typeId\":null,\"authorId\":\"1\",\"title\":\"\\u042e\\u0440\\u0430\\u0441\\u043e\\u0432\\u0430 \\u0415\\u043a\\u0430\\u0442\\u0435\\u0440\\u0438\\u043d\\u0430\",\"slug\":\"\\u044e\\u0440\\u0430\\u0441\\u043e\\u0432\\u0430-\\u0435\\u043a\\u0430\\u0442\\u0435\\u0440\\u0438\\u043d\\u0430\",\"postDate\":1493889905,\"expiryDate\":null,\"enabled\":1,\"parentId\":null,\"fields\":{\"12\":\"\",\"9\":\"\",\"11\":\"\",\"13\":\"\",\"10\":\"\",\"8\":\"\",\"4\":\"\",\"6\":\"\",\"46\":\"\",\"38\":\"\",\"37\":\"\",\"7\":[\"6\"],\"15\":\"\",\"16\":\"\",\"5\":\"\",\"3\":\"\"}}', '2017-05-04 09:25:06', '2017-05-04 09:25:06', '517930d2-77c7-4a4a-8b42-754f19960b24');



DROP TABLE IF EXISTS `craft_fieldgroups`;


--
-- Schema for table `craft_fieldgroups`
--
CREATE TABLE `craft_fieldgroups` (
  `id` int(11) NOT NULL AUTO_INCREMENT,
  `name` varchar(255) COLLATE utf8_unicode_ci NOT NULL,
  `dateCreated` datetime NOT NULL,
  `dateUpdated` datetime NOT NULL,
  `uid` char(36) COLLATE utf8_unicode_ci NOT NULL DEFAULT '0',
  PRIMARY KEY (`id`),
  UNIQUE KEY `craft_fieldgroups_name_unq_idx` (`name`)
) ENGINE=InnoDB AUTO_INCREMENT=15 DEFAULT CHARSET=utf8 COLLATE=utf8_unicode_ci;

--
-- Data for table `craft_fieldgroups`
--

INSERT INTO `craft_fieldgroups` (`id`, `name`, `dateCreated`, `dateUpdated`, `uid`) VALUES
 ('1', 'Default', '2017-04-27 15:30:04', '2017-04-27 15:30:04', '50e4e79b-d654-486f-a273-8164d95b50f2'),
 ('2', 'Персоны', '2017-04-27 15:58:45', '2017-04-27 15:58:45', '38687ff0-8d0e-44d3-bc94-0c8577cf634d'),
 ('3', 'Контакты', '2017-04-27 16:59:01', '2017-04-27 16:59:01', 'b420c4f9-2cb5-40a5-98ef-3ca0ab3471b6'),
 ('4', 'Социальные сети', '2017-04-27 16:59:29', '2017-04-27 16:59:29', '0e69bee3-d226-44b3-9e1a-90028287f166'),
 ('5', 'Меню', '2017-04-27 22:03:20', '2017-04-27 22:03:20', '3633782b-1ff9-4e84-b078-a7bc8f58b124'),
 ('6', 'META', '2017-04-27 22:03:27', '2017-04-27 22:03:27', '89e9828d-c247-4c2e-80c2-3926ead7e20a'),
 ('7', 'Стиль записи', '2017-04-27 22:08:24', '2017-05-02 14:44:01', 'bd807b92-d544-47b6-a3fd-9bd34ed7172a'),
 ('8', 'Цитаты', '2017-04-28 09:25:00', '2017-04-28 09:25:00', '096a2542-0cdb-45e7-bee8-8bea8c82e3fa'),
 ('9', 'Проекты', '2017-04-28 09:32:25', '2017-04-28 09:32:25', '954511c3-fba3-4273-88d7-0c587e42d767'),
 ('10', 'Элемент в списках', '2017-04-28 09:52:53', '2017-04-28 09:56:05', '12b2fc2b-aadd-400d-9544-44ca4f3de272'),
 ('11', 'Отрасли', '2017-05-02 14:19:32', '2017-05-02 14:19:32', '9ba524f1-51d8-4652-a7c8-9d3a666a2a0c'),
 ('12', 'Услуги', '2017-05-02 14:20:20', '2017-05-02 14:20:20', 'd9d65414-57f7-468b-b585-0e937d847bd7'),
 ('13', 'Связанное', '2017-05-02 14:26:08', '2017-05-02 14:26:08', '7252db8f-19ae-4954-a881-0cdc8a27293b'),
 ('14', 'Группы персон', '2017-05-03 10:43:07', '2017-05-03 10:43:07', '3b9bd375-e37a-4730-9dcb-bb0aab893b76');



DROP TABLE IF EXISTS `craft_fieldlayoutfields`;


--
-- Schema for table `craft_fieldlayoutfields`
--
CREATE TABLE `craft_fieldlayoutfields` (
  `id` int(11) NOT NULL AUTO_INCREMENT,
  `layoutId` int(11) NOT NULL,
  `tabId` int(11) NOT NULL,
  `fieldId` int(11) NOT NULL,
  `required` tinyint(1) unsigned NOT NULL DEFAULT '0',
  `sortOrder` smallint(6) unsigned DEFAULT NULL,
  `dateCreated` datetime NOT NULL,
  `dateUpdated` datetime NOT NULL,
  `uid` char(36) COLLATE utf8_unicode_ci NOT NULL DEFAULT '0',
  PRIMARY KEY (`id`),
  UNIQUE KEY `craft_fieldlayoutfields_layoutId_fieldId_unq_idx` (`layoutId`,`fieldId`),
  KEY `craft_fieldlayoutfields_sortOrder_idx` (`sortOrder`),
  KEY `craft_fieldlayoutfields_tabId_fk` (`tabId`),
  KEY `craft_fieldlayoutfields_fieldId_fk` (`fieldId`)
) ENGINE=InnoDB AUTO_INCREMENT=134 DEFAULT CHARSET=utf8 COLLATE=utf8_unicode_ci;

--
-- Data for table `craft_fieldlayoutfields`
--

INSERT INTO `craft_fieldlayoutfields` (`id`, `layoutId`, `tabId`, `fieldId`, `required`, `sortOrder`, `dateCreated`, `dateUpdated`, `uid`) VALUES
 ('1', '3', '1', '1', '1', '1', '2017-04-27 15:30:05', '2017-04-27 15:30:05', 'b744fa69-b308-44e1-9166-b5123e2bc335'),
 ('25', '16', '10', '24', '0', '1', '2017-04-27 22:20:52', '2017-04-27 22:20:52', '31f21a87-526d-4234-845f-d004f2605019'),
 ('26', '16', '10', '23', '0', '2', '2017-04-27 22:20:52', '2017-04-27 22:20:52', '04aad86e-8141-4d49-a6e3-10346262bf57'),
 ('30', '20', '14', '25', '0', '1', '2017-04-27 22:23:33', '2017-04-27 22:23:33', '0109a600-3f07-46ee-9351-ab4a8c4fde0c'),
 ('31', '21', '15', '26', '0', '1', '2017-04-27 22:23:33', '2017-04-27 22:23:33', 'f1e57460-8d90-4103-a63c-7c4e20731040'),
 ('32', '22', '16', '27', '0', '1', '2017-04-27 22:23:34', '2017-04-27 22:23:34', '616f32bc-d298-4f80-9d38-4f97cb36cd86'),
 ('52', '29', '23', '30', '0', '1', '2017-04-28 09:38:50', '2017-04-28 09:38:50', 'eeb1515f-4286-4db7-9dfe-d9aef5aae774'),
 ('53', '29', '23', '32', '0', '2', '2017-04-28 09:38:50', '2017-04-28 09:38:50', '3233a543-4d7d-4e91-a6c4-d6f04af3cb99'),
 ('54', '29', '23', '31', '0', '3', '2017-04-28 09:38:50', '2017-04-28 09:38:50', '08413085-83a0-4837-92b6-ecf093f0f034'),
 ('55', '30', '24', '29', '0', '1', '2017-04-28 09:39:23', '2017-04-28 09:39:23', '4815be9c-94c1-45bd-b713-6b9b0d2e4ff5'),
 ('63', '35', '29', '1', '1', '1', '2017-04-28 10:02:01', '2017-04-28 10:02:01', '52d773ea-d13b-4944-86eb-6747b66a820e'),
 ('64', '35', '29', '2', '0', '2', '2017-04-28 10:02:01', '2017-04-28 10:02:01', '9848d113-15fc-4d01-bcc8-74793a87d2f5'),
 ('65', '35', '30', '33', '0', '1', '2017-04-28 10:02:01', '2017-04-28 10:02:01', '7f5d0697-e102-4ebe-8888-6f0b659b1531'),
 ('66', '39', '31', '35', '0', '1', '2017-05-02 14:23:31', '2017-05-02 14:23:31', 'e6437e74-c1d4-4ac7-8aae-02dca75856fe'),
 ('67', '40', '32', '36', '0', '1', '2017-05-02 14:24:18', '2017-05-02 14:24:18', 'd8122eb9-a0ab-40c8-97cc-5c390d6fa3c5'),
 ('114', '44', '45', '45', '0', '1', '2017-05-03 10:45:09', '2017-05-03 10:45:09', 'aa9f3f4e-97d4-4d6d-bef7-5b27435394ba'),
 ('115', '45', '46', '4', '0', '1', '2017-05-03 10:51:24', '2017-05-03 10:51:24', '949e548c-af41-4c37-bc1e-2d3ab8e09ae9'),
 ('116', '45', '46', '5', '0', '2', '2017-05-03 10:51:24', '2017-05-03 10:51:24', '04717d25-24aa-4f25-9d0f-5a0bd15f886b'),
 ('117', '45', '46', '7', '0', '3', '2017-05-03 10:51:24', '2017-05-03 10:51:24', '95139c92-f385-4075-a68b-3374d1838bae'),
 ('118', '45', '46', '46', '0', '4', '2017-05-03 10:51:24', '2017-05-03 10:51:24', 'd4b94afd-58df-4929-b9c9-3adbffba2bf3'),
 ('119', '45', '46', '6', '0', '5', '2017-05-03 10:51:24', '2017-05-03 10:51:24', '19ab6364-9d53-4749-8112-e44588372949'),
 ('120', '45', '46', '3', '0', '6', '2017-05-03 10:51:24', '2017-05-03 10:51:24', '71d22cec-8ca5-4b99-9e8e-8705ee5c5be4'),
 ('121', '45', '46', '8', '0', '7', '2017-05-03 10:51:24', '2017-05-03 10:51:24', '38d99c9a-fc4b-44d4-ba30-f595cf1e5c20'),
 ('122', '45', '47', '12', '0', '1', '2017-05-03 10:51:24', '2017-05-03 10:51:24', 'b9dee111-7ada-4b1e-bf24-1cf16abd7360'),
 ('123', '45', '47', '13', '0', '2', '2017-05-03 10:51:24', '2017-05-03 10:51:24', 'a7b845a5-fdf2-40f1-adf1-7d67ba439098'),
 ('124', '45', '47', '15', '0', '3', '2017-05-03 10:51:24', '2017-05-03 10:51:24', '9baea7c9-dce7-4615-9954-7b01b99087c5'),
 ('125', '45', '47', '16', '0', '4', '2017-05-03 10:51:24', '2017-05-03 10:51:24', '3d629f43-76af-42ec-afe1-adc129ca03e4'),
 ('126', '45', '48', '9', '0', '1', '2017-05-03 10:51:24', '2017-05-03 10:51:24', '01a25302-2203-4cd6-ad05-3e6922aa40f3'),
 ('127', '45', '48', '11', '0', '2', '2017-05-03 10:51:24', '2017-05-03 10:51:24', '1fdeb1d2-da67-4d47-b816-89bad2d2b149'),
 ('128', '45', '48', '10', '0', '3', '2017-05-03 10:51:24', '2017-05-03 10:51:24', '561fddac-5cc9-4081-a7ad-200bd9924c9c'),
 ('129', '45', '49', '38', '0', '1', '2017-05-03 10:51:24', '2017-05-03 10:51:24', '3eae3d83-4f30-4290-b72b-157c35a676d8'),
 ('130', '45', '49', '37', '0', '2', '2017-05-03 10:51:24', '2017-05-03 10:51:24', '0898aa48-b3e2-4aaa-9e13-3f555f04d6aa'),
 ('131', '47', '50', '12', '0', '1', '2017-05-03 10:58:45', '2017-05-03 10:58:45', 'e9ea4786-682b-42d0-bc19-d84bad47f629'),
 ('132', '47', '50', '15', '0', '2', '2017-05-03 10:58:45', '2017-05-03 10:58:45', 'd3eee6e8-8e42-4f37-9a3e-1ea1bc8cbfde'),
 ('133', '47', '50', '16', '0', '3', '2017-05-03 10:58:45', '2017-05-03 10:58:45', '435bafe4-3690-469b-9702-3c3b2a73b0a1');



DROP TABLE IF EXISTS `craft_fieldlayouts`;


--
-- Schema for table `craft_fieldlayouts`
--
CREATE TABLE `craft_fieldlayouts` (
  `id` int(11) NOT NULL AUTO_INCREMENT,
  `type` varchar(150) COLLATE utf8_unicode_ci NOT NULL,
  `dateCreated` datetime NOT NULL,
  `dateUpdated` datetime NOT NULL,
  `uid` char(36) COLLATE utf8_unicode_ci NOT NULL DEFAULT '0',
  PRIMARY KEY (`id`),
  KEY `craft_fieldlayouts_type_idx` (`type`)
) ENGINE=InnoDB AUTO_INCREMENT=51 DEFAULT CHARSET=utf8 COLLATE=utf8_unicode_ci;

--
-- Data for table `craft_fieldlayouts`
--

INSERT INTO `craft_fieldlayouts` (`id`, `type`, `dateCreated`, `dateUpdated`, `uid`) VALUES
 ('1', 'Tag', '2017-04-27 15:30:04', '2017-04-27 15:30:04', '14413ff4-0f4c-42b8-a2a8-f290ff947ce3'),
 ('3', 'Entry', '2017-04-27 15:30:05', '2017-04-27 15:30:05', '4775a0a1-506b-4917-baa8-e0111fef684e'),
 ('8', 'Category', '2017-04-27 16:05:29', '2017-04-27 16:05:29', '3d44c264-13e6-49ab-a61b-146397b0a18f'),
 ('16', 'Entry', '2017-04-27 22:20:52', '2017-04-27 22:20:52', 'b0a3eada-2eea-4d6d-8ceb-45d51e1a9f26'),
 ('20', 'MatrixBlock', '2017-04-27 22:23:33', '2017-04-27 22:23:33', '45d74a10-9703-4c75-b9f9-9d593f0837da'),
 ('21', 'MatrixBlock', '2017-04-27 22:23:33', '2017-04-27 22:23:33', '14fd5644-0a0f-4374-941b-09124331989e'),
 ('22', 'MatrixBlock', '2017-04-27 22:23:34', '2017-04-27 22:23:34', 'f4ce4204-87a2-490c-a91e-701027279edb'),
 ('29', 'Entry', '2017-04-28 09:38:50', '2017-04-28 09:38:50', 'a8ca6bdd-7d10-491d-8454-b99c18a4b899'),
 ('30', 'Entry', '2017-04-28 09:39:23', '2017-04-28 09:39:23', '0cfea184-4b00-4b3a-be68-156601066bce'),
 ('31', 'Asset', '2017-04-28 09:48:56', '2017-04-28 09:48:56', 'b2c109ca-840b-438f-b928-70cfeb7dc10c'),
 ('32', 'Asset', '2017-04-28 09:50:46', '2017-04-28 09:50:46', 'bf06e2dc-956e-4138-a5b1-eb3ad8e9e78a'),
 ('35', 'Entry', '2017-04-28 10:02:01', '2017-04-28 10:02:01', 'bfd24c3d-c6fe-4ffc-bc19-305a4f5bd7a6'),
 ('36', 'Entry', '2017-04-28 11:25:37', '2017-04-28 11:25:37', 'cb07341c-28ee-4c3a-af15-fd1932c995b2'),
 ('39', 'Entry', '2017-05-02 14:23:30', '2017-05-02 14:23:30', '3aba16d3-afcd-43f0-8ae0-a1002c517f31'),
 ('40', 'Entry', '2017-05-02 14:24:18', '2017-05-02 14:24:18', '127e664d-760f-4f43-92f5-3f87aad0c5ac'),
 ('44', 'Category', '2017-05-03 10:45:09', '2017-05-03 10:45:09', '1d57f2ea-149a-4a39-923c-2ca0394663ef'),
 ('45', 'Entry', '2017-05-03 10:51:24', '2017-05-03 10:51:24', '812ac3c3-d09b-4e3a-8afa-8228872b0334'),
 ('47', 'GlobalSet', '2017-05-03 10:58:45', '2017-05-03 10:58:45', 'f3d69d6f-ddb7-4cf0-b943-86369e285fed'),
 ('49', 'Navee_Node', '2017-05-03 13:00:49', '2017-05-03 13:00:49', '03e46bd2-90cc-4c4f-9fdd-1b2aa09fb52c'),
 ('50', 'Navee_Node', '2017-05-03 13:23:38', '2017-05-03 13:23:38', '23ace52d-2f88-442c-a165-a5c805140f42');



DROP TABLE IF EXISTS `craft_fieldlayouttabs`;


--
-- Schema for table `craft_fieldlayouttabs`
--
CREATE TABLE `craft_fieldlayouttabs` (
  `id` int(11) NOT NULL AUTO_INCREMENT,
  `layoutId` int(11) NOT NULL,
  `name` varchar(255) COLLATE utf8_unicode_ci NOT NULL,
  `sortOrder` smallint(6) unsigned DEFAULT NULL,
  `dateCreated` datetime NOT NULL,
  `dateUpdated` datetime NOT NULL,
  `uid` char(36) COLLATE utf8_unicode_ci NOT NULL DEFAULT '0',
  PRIMARY KEY (`id`),
  KEY `craft_fieldlayouttabs_sortOrder_idx` (`sortOrder`),
  KEY `craft_fieldlayouttabs_layoutId_fk` (`layoutId`)
) ENGINE=InnoDB AUTO_INCREMENT=51 DEFAULT CHARSET=utf8 COLLATE=utf8_unicode_ci;

--
-- Data for table `craft_fieldlayouttabs`
--

INSERT INTO `craft_fieldlayouttabs` (`id`, `layoutId`, `name`, `sortOrder`, `dateCreated`, `dateUpdated`, `uid`) VALUES
 ('1', '3', 'Content', '1', '2017-04-27 15:30:05', '2017-04-27 15:30:05', 'f7a55dae-37a2-4095-95af-5c9fd25998e2'),
 ('10', '16', 'Меню', '1', '2017-04-27 22:20:52', '2017-04-27 22:20:52', '496c8b82-eb4e-4d4e-b691-c15d454a99b6'),
 ('14', '20', 'Content', '1', '2017-04-27 22:23:33', '2017-04-27 22:23:33', '593e9e71-04b2-4a7e-84e7-a1894deb2c07'),
 ('15', '21', 'Content', '1', '2017-04-27 22:23:33', '2017-04-27 22:23:33', '63753dcd-6836-4056-95c4-148771b26ae1'),
 ('16', '22', 'Content', '1', '2017-04-27 22:23:34', '2017-04-27 22:23:34', 'e6c5f8c6-da9b-4ff8-83d4-1a3c1bdde96e'),
 ('23', '29', 'Проекты', '1', '2017-04-28 09:38:50', '2017-04-28 09:38:50', '99331c8a-4409-429d-bb7a-71857af99f2d'),
 ('24', '30', 'Цитаты', '1', '2017-04-28 09:39:23', '2017-04-28 09:39:23', '17764fce-39e0-4014-8171-d68d734aec4e'),
 ('29', '35', 'Content', '1', '2017-04-28 10:02:01', '2017-04-28 10:02:01', '178c06a9-03a6-4ea3-b2c7-9874d465a9a3'),
 ('30', '35', 'Элемент в списках', '2', '2017-04-28 10:02:01', '2017-04-28 10:02:01', 'b221a179-01b6-4276-bfab-b05717d5a634'),
 ('31', '39', 'Отрасли', '1', '2017-05-02 14:23:31', '2017-05-02 14:23:31', 'e1c40ee3-40b9-45a8-8a79-a982bb432da5'),
 ('32', '40', 'Услуги', '1', '2017-05-02 14:24:18', '2017-05-02 14:24:18', '2f578923-e3f0-4f02-9353-302e9c1b3b9b'),
 ('45', '44', 'Группы персон', '1', '2017-05-03 10:45:09', '2017-05-03 10:45:09', '7bedb63a-0486-4e10-bcb7-9e09aa4c56df'),
 ('46', '45', 'Персоны', '1', '2017-05-03 10:51:24', '2017-05-03 10:51:24', '101e2678-a821-4965-8b8b-7fd1091b04fb'),
 ('47', '45', 'Контакты', '2', '2017-05-03 10:51:24', '2017-05-03 10:51:24', '71d86c54-4da1-4276-8ec4-be6ca9ac5cf3'),
 ('48', '45', 'Социальные сети', '3', '2017-05-03 10:51:24', '2017-05-03 10:51:24', '77a5583a-99c2-4d3a-b1ef-2dfd67150ee2'),
 ('49', '45', 'Связанное', '4', '2017-05-03 10:51:24', '2017-05-03 10:51:24', '5188fb83-4c8f-4fb2-92c1-d2bb1becfe6b'),
 ('50', '47', 'Контент', '1', '2017-05-03 10:58:45', '2017-05-03 10:58:45', '59dbf4b6-4fc3-4ee7-a322-ce887a0375a0');



DROP TABLE IF EXISTS `craft_fields`;


--
-- Schema for table `craft_fields`
--
CREATE TABLE `craft_fields` (
  `id` int(11) NOT NULL AUTO_INCREMENT,
  `groupId` int(11) DEFAULT NULL,
  `name` varchar(255) COLLATE utf8_unicode_ci NOT NULL,
  `handle` varchar(58) COLLATE utf8_unicode_ci NOT NULL,
  `context` varchar(255) COLLATE utf8_unicode_ci NOT NULL DEFAULT 'global',
  `instructions` text COLLATE utf8_unicode_ci,
  `translatable` tinyint(1) unsigned NOT NULL DEFAULT '0',
  `type` varchar(150) COLLATE utf8_unicode_ci NOT NULL,
  `settings` text COLLATE utf8_unicode_ci,
  `dateCreated` datetime NOT NULL,
  `dateUpdated` datetime NOT NULL,
  `uid` char(36) COLLATE utf8_unicode_ci NOT NULL DEFAULT '0',
  PRIMARY KEY (`id`),
  UNIQUE KEY `craft_fields_handle_context_unq_idx` (`handle`,`context`),
  KEY `craft_fields_context_idx` (`context`),
  KEY `craft_fields_groupId_fk` (`groupId`)
) ENGINE=InnoDB AUTO_INCREMENT=47 DEFAULT CHARSET=utf8 COLLATE=utf8_unicode_ci;

--
-- Data for table `craft_fields`
--

INSERT INTO `craft_fields` (`id`, `groupId`, `name`, `handle`, `context`, `instructions`, `translatable`, `type`, `settings`, `dateCreated`, `dateUpdated`, `uid`) VALUES
 ('1', '1', 'Body', 'body', 'global', NULL, '1', 'RichText', '{\"configFile\":\"Standard.json\",\"columnType\":\"text\"}', '2017-04-27 15:30:04', '2017-04-27 15:30:04', 'a5ead197-313e-4f9d-9c67-88205dca5afa'),
 ('2', '1', 'Tags', 'tags', 'global', NULL, '0', 'Tags', '{\"source\":\"taggroup:1\"}', '2017-04-27 15:30:04', '2017-04-27 15:30:04', 'a1b0fe0c-dca5-4320-9375-9d9ac988ce96'),
 ('3', '2', 'Фотография', 'personPhoto', 'global', '', '0', 'Assets', '{\"useSingleFolder\":\"\",\"defaultUploadLocationSubpath\":\"\",\"singleUploadLocationSubpath\":\"\",\"restrictFiles\":\"\",\"targetLocale\":\"\",\"limit\":\"1\",\"viewMode\":\"large\",\"selectionLabel\":\"\"}', '2017-04-27 15:59:44', '2017-04-27 17:26:46', 'ffbf9f29-aa39-47a9-a4d7-2e6cc7a8e6c8'),
 ('4', '2', 'Имя', 'personFirstname', 'global', '', '1', 'PlainText', '{\"placeholder\":\"\",\"maxLength\":\"\",\"multiline\":\"\",\"initialRows\":\"4\"}', '2017-04-27 16:00:41', '2017-04-27 16:00:41', '60165420-6e23-4940-9929-f5321c54a1c8'),
 ('5', '2', 'Фамилия', 'personLastname', 'global', '', '1', 'PlainText', '{\"placeholder\":\"\",\"maxLength\":\"\",\"multiline\":\"\",\"initialRows\":\"4\"}', '2017-04-27 16:01:08', '2017-04-27 16:01:08', '623ab677-2e83-4aa0-9f38-eb4ec873f54b'),
 ('6', '2', 'Описание должности', 'personPosition', 'global', 'Член координационного совета, кандидат наук ...', '1', 'PlainText', '{\"placeholder\":\"\",\"maxLength\":\"\",\"multiline\":\"\",\"initialRows\":\"4\"}', '2017-04-27 16:01:54', '2017-05-03 10:48:43', '1af1778f-5e58-488e-88a6-cad967fc5dd3'),
 ('7', '2', 'Статус', 'personStatus', 'global', '', '0', 'Categories', '{\"source\":\"group:1\",\"targetLocale\":\"\",\"limit\":\"1\",\"selectionLabel\":\"\"}', '2017-04-27 16:16:42', '2017-04-27 16:25:46', '771ea783-4e3f-40aa-bff2-b412a2f8d0cc'),
 ('8', '2', 'Биография', 'personBio', 'global', '', '1', 'RichText', '{\"configFile\":\"\",\"availableAssetSources\":\"*\",\"availableTransforms\":\"*\",\"cleanupHtml\":\"1\",\"purifyHtml\":\"1\",\"purifierConfig\":\"\",\"columnType\":\"mediumtext\"}', '2017-04-27 16:58:51', '2017-04-27 16:58:51', '8d86475f-e2ca-4cf5-b920-c371a6486147'),
 ('9', '4', 'Facebook', 'facebook', 'global', '', '0', 'PlainText', '{\"placeholder\":\"\",\"maxLength\":\"\",\"multiline\":\"\",\"initialRows\":\"4\"}', '2017-04-27 16:59:49', '2017-04-27 16:59:49', 'f410cbaf-d0d6-43ac-a6b4-4b0d011ddec1'),
 ('10', '4', 'Twitter', 'twitter', 'global', '', '0', 'PlainText', '{\"placeholder\":\"\",\"maxLength\":\"\",\"multiline\":\"\",\"initialRows\":\"4\"}', '2017-04-27 17:00:00', '2017-04-27 17:00:00', 'a9715d8d-8538-4b2d-8816-e5c272072204'),
 ('11', '4', 'LinkedIn', 'linkedin', 'global', '', '0', 'PlainText', '{\"placeholder\":\"\",\"maxLength\":\"\",\"multiline\":\"\",\"initialRows\":\"4\"}', '2017-04-27 17:00:10', '2017-04-27 17:00:10', '6887f41b-8e4f-4050-b47e-e79615eb8641'),
 ('12', '3', 'E-mail', 'contactEmail', 'global', '', '0', 'PlainText', '{\"placeholder\":\"\",\"maxLength\":\"\",\"multiline\":\"\",\"initialRows\":\"4\"}', '2017-04-27 17:00:34', '2017-04-27 17:02:01', '4d70fee6-cd7d-4d98-9df6-85c0d4c5ac68'),
 ('13', '3', 'Skype', 'contactSkype', 'global', '', '0', 'PlainText', '{\"placeholder\":\"\",\"maxLength\":\"\",\"multiline\":\"\",\"initialRows\":\"4\"}', '2017-04-27 17:00:49', '2017-04-27 17:01:51', '96cb5f27-aa78-4339-8f13-e11a765cc474'),
 ('14', '3', 'Адрес', 'contactAddress', 'global', '', '1', 'PlainText', '{\"placeholder\":\"\",\"maxLength\":\"\",\"multiline\":\"\",\"initialRows\":\"4\"}', '2017-04-27 17:01:18', '2017-04-27 17:01:41', '7d1f329e-9757-4df2-b516-48cb1cfb1563'),
 ('15', '3', 'Телефон 1', 'contactTel1', 'global', '', '0', 'PlainText', '{\"placeholder\":\"\",\"maxLength\":\"\",\"multiline\":\"\",\"initialRows\":\"4\"}', '2017-04-27 17:02:39', '2017-04-27 17:03:50', '29755322-38ff-4606-b5f6-c994c2f62f83'),
 ('16', '3', 'Телефон 2', 'contactTel2', 'global', '', '0', 'PlainText', '{\"placeholder\":\"\",\"maxLength\":\"\",\"multiline\":\"\",\"initialRows\":\"4\"}', '2017-04-27 17:02:50', '2017-04-27 17:03:40', 'bf05a970-cdd8-4923-beba-27b5879ce1a3'),
 ('17', '3', 'Телефон 3', 'contactTel3', 'global', '', '0', 'PlainText', '{\"placeholder\":\"\",\"maxLength\":\"\",\"multiline\":\"\",\"initialRows\":\"4\"}', '2017-04-27 17:03:03', '2017-04-27 17:03:32', 'b345c9ec-d049-41c7-a65d-ad7d1616bcd0'),
 ('18', '3', 'Факс', 'contactFax', 'global', '', '0', 'PlainText', '{\"placeholder\":\"\",\"maxLength\":\"\",\"multiline\":\"\",\"initialRows\":\"4\"}', '2017-04-27 17:03:20', '2017-04-27 17:03:20', 'f26338d2-662c-4e56-82ec-71944b5225dc'),
 ('19', '3', 'Локация', 'contactLocation', 'global', '', '1', 'Dropdown', '{\"options\":[{\"label\":\"\\u041c\\u043e\\u0441\\u043a\\u0432\\u0430\",\"value\":\"Moscow\",\"default\":\"\"},{\"label\":\"\\u0421\\u0430\\u043d\\u043a\\u0442-\\u041f\\u0435\\u0442\\u0435\\u0440\\u0431\\u0443\\u0440\\u0433\",\"value\":\"Saint-Petersburg\",\"default\":\"\"},{\"label\":\"\\u041a\\u0430\\u0437\\u0430\\u043d\\u044c\",\"value\":\"Kazan\",\"default\":\"\"},{\"label\":\"\\u0422\\u0432\\u0435\\u0440\\u044c\",\"value\":\"Tver\",\"default\":\"\"},{\"label\":\"\\u041d\\u0438\\u0436\\u043d\\u0438\\u0439 \\u041d\\u043e\\u0432\\u0433\\u043e\\u0440\\u043e\\u0434\",\"value\":\"Nizhny Novgorod\",\"default\":\"\"}]}', '2017-04-27 17:06:48', '2017-04-27 17:06:48', 'a2d51161-6af6-4acc-b7c1-cc9b34d7a6c0'),
 ('20', '6', 'TITLE', 'metaTitle', 'global', '', '1', 'PlainText', '{\"placeholder\":\"\",\"maxLength\":\"255\",\"multiline\":\"\",\"initialRows\":\"4\"}', '2017-04-27 22:05:46', '2017-04-27 22:06:36', 'dfbba541-b773-4eb8-928f-6865cc1c829b'),
 ('21', '6', 'Keywords', 'metaKeywords', 'global', '', '1', 'PlainText', '{\"placeholder\":\"\",\"maxLength\":\"255\",\"multiline\":\"\",\"initialRows\":\"4\"}', '2017-04-27 22:06:13', '2017-04-27 22:07:15', 'b0ca63b7-bf90-44fc-b40c-43397b525d50'),
 ('22', '6', 'Description', 'metaDescription', 'global', '', '1', 'PlainText', '{\"placeholder\":\"\",\"maxLength\":\"500\",\"multiline\":\"\",\"initialRows\":\"4\"}', '2017-04-27 22:07:09', '2017-04-27 22:07:09', 'a93c9f61-a393-4b05-9e51-2ddaa8e8da43'),
 ('23', '5', 'Текст ссылки', 'menuText', 'global', '', '1', 'PlainText', '{\"placeholder\":\"\",\"maxLength\":\"\",\"multiline\":\"\",\"initialRows\":\"4\"}', '2017-04-27 22:09:57', '2017-04-27 22:09:57', 'd0aa239f-ebff-4a0e-a863-5fd1f747e4d2'),
 ('24', '5', 'Ссылка', 'menuItem', 'global', '', '1', 'Matrix', '{\"maxBlocks\":\"1\"}', '2017-04-27 22:18:49', '2017-04-27 22:23:33', '7b7ee76a-86df-4629-87ad-e9b403366951'),
 ('25', NULL, 'Категория', 'toCategory', 'matrixBlockType:1', '', '0', 'Categories', '{\"source\":\"group:1\",\"targetLocale\":\"\",\"limit\":\"\",\"selectionLabel\":\"\"}', '2017-04-27 22:18:50', '2017-04-27 22:23:33', '9ac4b640-f3f8-46d6-a860-651979d657f4'),
 ('26', NULL, 'Объект', 'toEntry', 'matrixBlockType:2', '', '0', 'Entries', '{\"sources\":\"*\",\"targetLocale\":\"\",\"limit\":\"\",\"selectionLabel\":\"\"}', '2017-04-27 22:18:51', '2017-04-27 22:23:33', 'fdf1de3f-e416-46b0-aee6-c5cdee0d7e31'),
 ('27', NULL, 'URL', 'toUrl', 'matrixBlockType:3', '', '0', 'PlainText', '{\"placeholder\":\"\",\"maxLength\":\"\",\"multiline\":\"\",\"initialRows\":\"4\"}', '2017-04-27 22:18:52', '2017-04-27 22:23:34', '25950ee4-e64b-4d88-be2c-4012fcab5d19'),
 ('28', '8', 'Автор', 'quoteAuthor', 'global', '', '1', 'PlainText', '{\"placeholder\":\"\",\"maxLength\":\"\",\"multiline\":\"\",\"initialRows\":\"4\"}', '2017-04-28 09:26:56', '2017-04-28 09:26:56', '80548792-72e3-4284-aff5-6218e282aa11'),
 ('29', '8', 'Текст цитаты', 'quoteText', 'global', '', '0', 'RichText', '{\"configFile\":\"\",\"availableAssetSources\":\"*\",\"availableTransforms\":\"*\",\"cleanupHtml\":\"1\",\"purifyHtml\":\"1\",\"purifierConfig\":\"\",\"columnType\":\"text\"}', '2017-04-28 09:27:19', '2017-04-28 09:27:19', '4f03378b-ba16-454c-a79e-b11abad26d68'),
 ('30', '9', 'Описание', 'projectDescription', 'global', '', '1', 'RichText', '{\"configFile\":\"\",\"availableAssetSources\":\"*\",\"availableTransforms\":\"*\",\"cleanupHtml\":\"1\",\"purifyHtml\":\"1\",\"purifierConfig\":\"\",\"columnType\":\"text\"}', '2017-04-28 09:33:42', '2017-04-28 09:35:06', 'cd62e22a-fa19-4be1-8aff-35ba87c1da97'),
 ('31', '9', 'Файл с описанием для загрузки', 'projectFile', 'global', '', '1', 'Assets', '{\"useSingleFolder\":\"\",\"defaultUploadLocationSubpath\":\"\",\"singleUploadLocationSubpath\":\"\",\"restrictFiles\":\"1\",\"allowedKinds\":[\"pdf\",\"powerpoint\",\"word\"],\"targetLocale\":\"\",\"limit\":\"1\",\"viewMode\":\"list\",\"selectionLabel\":\"\"}', '2017-04-28 09:35:00', '2017-04-28 09:35:00', '6a3b6a8b-cb26-48da-b4b6-b7014651ae50'),
 ('32', '9', 'Ссылка на публикацию', 'projectLink', 'global', '', '1', 'Entries', '{\"sources\":\"*\",\"targetLocale\":\"\",\"limit\":\"1\",\"selectionLabel\":\"\"}', '2017-04-28 09:36:33', '2017-04-28 09:36:33', 'be92b7d7-1dc7-4c7e-88cb-bffc3ea60ee3'),
 ('33', '10', 'Изображение карточки', 'cardPic', 'global', '', '0', 'Assets', '{\"useSingleFolder\":\"1\",\"sources\":[\"folder:2\"],\"defaultUploadLocationSource\":\"2\",\"defaultUploadLocationSubpath\":\"cards\",\"singleUploadLocationSource\":\"2\",\"singleUploadLocationSubpath\":\"design\",\"restrictFiles\":\"1\",\"allowedKinds\":[\"image\"],\"targetLocale\":\"\",\"limit\":\"1\",\"viewMode\":\"large\",\"selectionLabel\":\"\"}', '2017-04-28 09:55:29', '2017-04-28 09:56:14', 'ffe289b9-53a2-444f-b458-f827855beb17'),
 ('35', '11', 'Преамбула', 'branchDescription', 'global', '', '1', 'RichText', '{\"configFile\":\"\",\"availableAssetSources\":\"*\",\"availableTransforms\":\"*\",\"cleanupHtml\":\"1\",\"purifyHtml\":\"1\",\"purifierConfig\":\"\",\"columnType\":\"text\"}', '2017-05-02 14:20:12', '2017-05-02 14:21:04', '42c48bf1-2199-465c-8fa8-399b11f7a742'),
 ('36', '12', 'Преамбула', 'serviceDescription', 'global', '', '1', 'RichText', '{\"configFile\":\"\",\"availableAssetSources\":\"*\",\"availableTransforms\":\"*\",\"cleanupHtml\":\"1\",\"purifyHtml\":\"1\",\"purifierConfig\":\"\",\"columnType\":\"text\"}', '2017-05-02 14:20:51', '2017-05-02 14:20:51', '461a1ffd-2a6a-4f8f-84b5-d786e281d188'),
 ('37', '13', 'Связанные услуги', 'relatedServices', 'global', '', '1', 'Entries', '{\"sources\":[\"section:8\"],\"targetLocale\":\"\",\"limit\":\"\",\"selectionLabel\":\"\"}', '2017-05-02 14:26:55', '2017-05-02 14:27:33', 'c2dc2894-6826-4321-b9ae-4c23d1508b3c'),
 ('38', '13', 'Связанные отрасли', 'relatedBranches', 'global', '', '1', 'Entries', '{\"sources\":[\"section:9\"],\"targetLocale\":\"\",\"limit\":\"\",\"selectionLabel\":\"\"}', '2017-05-02 14:27:22', '2017-05-02 14:27:22', 'f7a9a493-da89-4a95-bd15-d93b95b895e3'),
 ('39', '13', 'Связанные персоны', 'relatedPersons', 'global', '', '1', 'Entries', '{\"sources\":[\"section:3\"],\"targetLocale\":\"\",\"limit\":\"\",\"selectionLabel\":\"\"}', '2017-05-02 14:28:20', '2017-05-02 14:28:20', '09c435c5-588f-42d8-97c1-46d2d3e0099f'),
 ('40', '13', 'Связанные проекты', 'relatedProjects', 'global', '', '1', 'Entries', '{\"sources\":[\"section:6\"],\"targetLocale\":\"\",\"limit\":\"\",\"selectionLabel\":\"\"}', '2017-05-02 14:28:51', '2017-05-02 14:28:51', '7b455bb4-f0d4-4d19-a6ef-946ec1ae7088'),
 ('41', '13', 'Связанные цитаты', 'relatedQuotes', 'global', '', '1', 'Entries', '{\"sources\":[\"section:5\"],\"targetLocale\":\"\",\"limit\":\"\",\"selectionLabel\":\"\"}', '2017-05-02 14:29:20', '2017-05-02 14:29:20', 'b9db72b9-35f1-47f2-812d-2f256a3394fa'),
 ('42', '7', 'Пиктограмма основная', 'iconHeader', 'global', '', '0', 'SvgIcons', '{\"iconSets\":\"*\"}', '2017-05-02 14:43:28', '2017-05-02 14:43:28', '147508df-e032-4335-9025-190f63388395'),
 ('43', '7', 'Выравнивание пиктограммы', 'pictoAlign', 'global', '', '0', 'PositionSelect', '{\"options\":[\"left\",\"center\",\"right\",\"full\"]}', '2017-05-02 15:17:14', '2017-05-02 15:17:14', 'dd34014b-577f-4560-bfc6-025a51a3c0a8'),
 ('44', '7', 'Высота блока', 'blockHeight', 'global', '', '0', 'RadioButtons', '{\"options\":[{\"label\":\"\\u0421\\u0442\\u0430\\u043d\\u0434\\u0430\\u0440\\u0442\",\"value\":\"height--standart\",\"default\":\"1\"},{\"label\":\"\\u0411\\u043e\\u043b\\u044c\\u0448\\u0430\\u044f\",\"value\":\"height--big\",\"default\":\"\"},{\"label\":\"50% \\u0432\\u044b\\u0441\\u043e\\u0442\\u044b \\u044d\\u043a\\u0440\\u0430\\u043d\\u0430\",\"value\":\"height--50vh\",\"default\":\"\"},{\"label\":\"60% \\u0432\\u044b\\u0441\\u043e\\u0442\\u044b \\u044d\\u043a\\u0440\\u0430\\u043d\\u0430\",\"value\":\"height--60vh\",\"default\":\"\"},{\"label\":\"75% \\u0432\\u044b\\u0441\\u043e\\u0442\\u044b \\u044d\\u043a\\u0440\\u0430\\u043d\\u0430\",\"value\":\"height--75vh\",\"default\":\"\"}]}', '2017-05-02 15:19:55', '2017-05-02 15:19:55', 'b2d778e5-2884-4ee1-a5cd-814470f9003c'),
 ('45', '14', 'Именителльный падеж для Статуса', 'groupTeamStatus', 'global', '', '1', 'PlainText', '{\"placeholder\":\"\",\"maxLength\":\"\",\"multiline\":\"\",\"initialRows\":\"4\"}', '2017-05-03 10:44:06', '2017-05-03 10:44:39', 'b009ddb7-7900-4161-ac9d-0d1f5313c66a'),
 ('46', '2', 'Переопределение статуса', 'personStatusOver', 'global', 'Например, если нужно отобразить не Менеджер, а Главный Юрист', '1', 'PlainText', '{\"placeholder\":\"\",\"maxLength\":\"\",\"multiline\":\"\",\"initialRows\":\"4\"}', '2017-05-03 10:49:37', '2017-05-03 10:49:37', 'b6f6bd47-cf5e-4bdf-9710-2d347d4bd03d');



DROP TABLE IF EXISTS `craft_globalsets`;


--
-- Schema for table `craft_globalsets`
--
CREATE TABLE `craft_globalsets` (
  `id` int(11) NOT NULL,
  `name` varchar(255) COLLATE utf8_unicode_ci NOT NULL,
  `handle` varchar(255) COLLATE utf8_unicode_ci NOT NULL,
  `fieldLayoutId` int(10) DEFAULT NULL,
  `dateCreated` datetime NOT NULL,
  `dateUpdated` datetime NOT NULL,
  `uid` char(36) COLLATE utf8_unicode_ci NOT NULL DEFAULT '0',
  PRIMARY KEY (`id`),
  UNIQUE KEY `craft_globalsets_name_unq_idx` (`name`),
  UNIQUE KEY `craft_globalsets_handle_unq_idx` (`handle`),
  KEY `craft_globalsets_fieldLayoutId_fk` (`fieldLayoutId`)
) ENGINE=InnoDB DEFAULT CHARSET=utf8 COLLATE=utf8_unicode_ci;

--
-- Data for table `craft_globalsets`
--

INSERT INTO `craft_globalsets` (`id`, `name`, `handle`, `fieldLayoutId`, `dateCreated`, `dateUpdated`, `uid`) VALUES
 ('73', 'Контакты', 'globalContacts', '47', '2017-05-03 10:57:34', '2017-05-03 10:58:45', '12fbdc3e-80c7-47ef-b3a1-171dcb86b87f');



DROP TABLE IF EXISTS `craft_info`;


--
-- Schema for table `craft_info`
--
CREATE TABLE `craft_info` (
  `id` int(11) NOT NULL AUTO_INCREMENT,
  `version` varchar(50) COLLATE utf8_unicode_ci NOT NULL,
  `schemaVersion` varchar(15) COLLATE utf8_unicode_ci NOT NULL,
  `edition` tinyint(1) unsigned NOT NULL DEFAULT '0',
  `siteName` varchar(100) COLLATE utf8_unicode_ci NOT NULL,
  `siteUrl` varchar(255) COLLATE utf8_unicode_ci NOT NULL,
  `timezone` varchar(30) COLLATE utf8_unicode_ci DEFAULT NULL,
  `on` tinyint(1) unsigned NOT NULL DEFAULT '0',
  `maintenance` tinyint(1) unsigned NOT NULL DEFAULT '0',
  `dateCreated` datetime NOT NULL,
  `dateUpdated` datetime NOT NULL,
  `uid` char(36) COLLATE utf8_unicode_ci NOT NULL DEFAULT '0',
  PRIMARY KEY (`id`)
) ENGINE=InnoDB AUTO_INCREMENT=2 DEFAULT CHARSET=utf8 COLLATE=utf8_unicode_ci;

--
-- Data for table `craft_info`
--

INSERT INTO `craft_info` (`id`, `version`, `schemaVersion`, `edition`, `siteName`, `siteUrl`, `timezone`, `on`, `maintenance`, `dateCreated`, `dateUpdated`, `uid`) VALUES
 ('1', '2.6.2976', '2.6.9', '2', 'Бейкер Тилли Россия', 'http://bti2.dev', 'UTC', '1', '1', '2017-04-27 15:29:56', '2017-05-04 09:25:28', '4e2ee895-cbe9-47b6-972d-abeb691a17f2');



DROP TABLE IF EXISTS `craft_locales`;


--
-- Schema for table `craft_locales`
--
CREATE TABLE `craft_locales` (
  `locale` char(12) COLLATE utf8_unicode_ci NOT NULL,
  `sortOrder` smallint(6) unsigned DEFAULT NULL,
  `dateCreated` datetime NOT NULL,
  `dateUpdated` datetime NOT NULL,
  `uid` char(36) COLLATE utf8_unicode_ci NOT NULL DEFAULT '0',
  PRIMARY KEY (`locale`),
  KEY `craft_locales_sortOrder_idx` (`sortOrder`)
) ENGINE=InnoDB DEFAULT CHARSET=utf8 COLLATE=utf8_unicode_ci;

--
-- Data for table `craft_locales`
--

INSERT INTO `craft_locales` (`locale`, `sortOrder`, `dateCreated`, `dateUpdated`, `uid`) VALUES
 ('en_us', '2', '2017-04-27 15:38:54', '2017-04-27 15:38:54', 'b31edd95-8afd-4704-a210-84d7ac9ea834'),
 ('ru', '1', '2017-04-27 15:29:58', '2017-04-27 15:29:58', '717a3b5c-9803-41d2-b3c3-e16501880982');



DROP TABLE IF EXISTS `craft_matrixblocks`;


--
-- Schema for table `craft_matrixblocks`
--
CREATE TABLE `craft_matrixblocks` (
  `id` int(11) NOT NULL,
  `ownerId` int(11) NOT NULL,
  `fieldId` int(11) NOT NULL,
  `typeId` int(11) DEFAULT NULL,
  `sortOrder` smallint(6) unsigned DEFAULT NULL,
  `ownerLocale` char(12) COLLATE utf8_unicode_ci DEFAULT NULL,
  `dateCreated` datetime NOT NULL,
  `dateUpdated` datetime NOT NULL,
  `uid` char(36) COLLATE utf8_unicode_ci NOT NULL DEFAULT '0',
  PRIMARY KEY (`id`),
  KEY `craft_matrixblocks_ownerId_idx` (`ownerId`),
  KEY `craft_matrixblocks_fieldId_idx` (`fieldId`),
  KEY `craft_matrixblocks_typeId_idx` (`typeId`),
  KEY `craft_matrixblocks_sortOrder_idx` (`sortOrder`),
  KEY `craft_matrixblocks_ownerLocale_fk` (`ownerLocale`)
) ENGINE=InnoDB DEFAULT CHARSET=utf8 COLLATE=utf8_unicode_ci;

--
-- Data for table `craft_matrixblocks`
--

INSERT INTO `craft_matrixblocks` (`id`, `ownerId`, `fieldId`, `typeId`, `sortOrder`, `ownerLocale`, `dateCreated`, `dateUpdated`, `uid`) VALUES
 ('19', '18', '24', '2', '1', 'ru', '2017-04-27 22:24:30', '2017-04-27 22:24:30', '00e46692-ba7b-4330-9975-5bac4939597f');



DROP TABLE IF EXISTS `craft_matrixblocktypes`;


--
-- Schema for table `craft_matrixblocktypes`
--
CREATE TABLE `craft_matrixblocktypes` (
  `id` int(11) NOT NULL AUTO_INCREMENT,
  `fieldId` int(11) NOT NULL,
  `fieldLayoutId` int(11) DEFAULT NULL,
  `name` varchar(255) COLLATE utf8_unicode_ci NOT NULL,
  `handle` varchar(255) COLLATE utf8_unicode_ci NOT NULL,
  `sortOrder` smallint(6) unsigned DEFAULT NULL,
  `dateCreated` datetime NOT NULL,
  `dateUpdated` datetime NOT NULL,
  `uid` char(36) COLLATE utf8_unicode_ci NOT NULL DEFAULT '0',
  PRIMARY KEY (`id`),
  UNIQUE KEY `craft_matrixblocktypes_name_fieldId_unq_idx` (`name`,`fieldId`),
  UNIQUE KEY `craft_matrixblocktypes_handle_fieldId_unq_idx` (`handle`,`fieldId`),
  KEY `craft_matrixblocktypes_fieldId_fk` (`fieldId`),
  KEY `craft_matrixblocktypes_fieldLayoutId_fk` (`fieldLayoutId`)
) ENGINE=InnoDB AUTO_INCREMENT=4 DEFAULT CHARSET=utf8 COLLATE=utf8_unicode_ci;

--
-- Data for table `craft_matrixblocktypes`
--

INSERT INTO `craft_matrixblocktypes` (`id`, `fieldId`, `fieldLayoutId`, `name`, `handle`, `sortOrder`, `dateCreated`, `dateUpdated`, `uid`) VALUES
 ('1', '24', '20', 'Ссылка на Категорию', 'blockTypeCategoryLink', '1', '2017-04-27 22:18:50', '2017-04-27 22:23:33', 'ead1d667-8a48-48d2-bbe2-210cad39b278'),
 ('2', '24', '21', 'Ссылка на Объект', 'blockTypeEntryLink', '2', '2017-04-27 22:18:51', '2017-04-27 22:23:33', 'e1786bdb-fa5a-4145-9713-f7525db67841'),
 ('3', '24', '22', 'URL', 'blockTypeUrl', '3', '2017-04-27 22:18:51', '2017-04-27 22:23:34', '28b0ed4d-3c39-41c1-b939-72bcc841178e');



DROP TABLE IF EXISTS `craft_matrixcontent_menuitem`;


--
-- Schema for table `craft_matrixcontent_menuitem`
--
CREATE TABLE `craft_matrixcontent_menuitem` (
  `id` int(11) NOT NULL AUTO_INCREMENT,
  `elementId` int(11) NOT NULL,
  `locale` char(12) COLLATE utf8_unicode_ci NOT NULL,
  `field_blockTypeUrl_toUrl` text COLLATE utf8_unicode_ci,
  `dateCreated` datetime NOT NULL,
  `dateUpdated` datetime NOT NULL,
  `uid` char(36) COLLATE utf8_unicode_ci NOT NULL DEFAULT '0',
  PRIMARY KEY (`id`),
  UNIQUE KEY `craft_matrixcontent_menuitem_elementId_locale_unq_idx` (`elementId`,`locale`),
  KEY `craft_matrixcontent_menuitem_locale_fk` (`locale`)
) ENGINE=InnoDB AUTO_INCREMENT=2 DEFAULT CHARSET=utf8 COLLATE=utf8_unicode_ci;

--
-- Data for table `craft_matrixcontent_menuitem`
--

INSERT INTO `craft_matrixcontent_menuitem` (`id`, `elementId`, `locale`, `field_blockTypeUrl_toUrl`, `dateCreated`, `dateUpdated`, `uid`) VALUES
 ('1', '19', 'ru', NULL, '2017-04-27 22:24:30', '2017-04-27 22:24:30', '518bd578-e0d1-48c3-9cef-3d9702a6c52d');



DROP TABLE IF EXISTS `craft_migrations`;


--
-- Schema for table `craft_migrations`
--
CREATE TABLE `craft_migrations` (
  `id` int(11) NOT NULL AUTO_INCREMENT,
  `pluginId` int(11) DEFAULT NULL,
  `version` varchar(255) COLLATE utf8_unicode_ci NOT NULL,
  `applyTime` datetime NOT NULL,
  `dateCreated` datetime NOT NULL,
  `dateUpdated` datetime NOT NULL,
  `uid` char(36) COLLATE utf8_unicode_ci NOT NULL DEFAULT '0',
  PRIMARY KEY (`id`),
  UNIQUE KEY `craft_migrations_version_unq_idx` (`version`),
  KEY `craft_migrations_pluginId_fk` (`pluginId`)
) ENGINE=InnoDB AUTO_INCREMENT=40 DEFAULT CHARSET=utf8 COLLATE=utf8_unicode_ci;

--
-- Data for table `craft_migrations`
--

INSERT INTO `craft_migrations` (`id`, `pluginId`, `version`, `applyTime`, `dateCreated`, `dateUpdated`, `uid`) VALUES
 ('1', NULL, 'm000000_000000_base', '2017-04-27 15:29:57', '2017-04-27 15:29:57', '2017-04-27 15:29:57', 'a30f4846-9bc2-4f40-ae41-8073a3bdf1d9'),
 ('2', NULL, 'm140730_000001_add_filename_and_format_to_transformindex', '2017-04-27 15:29:57', '2017-04-27 15:29:57', '2017-04-27 15:29:57', 'c87f509c-9113-4c78-98cd-a061fa74881a'),
 ('3', NULL, 'm140815_000001_add_format_to_transforms', '2017-04-27 15:29:57', '2017-04-27 15:29:57', '2017-04-27 15:29:57', '6fb46b96-8f9a-414a-906f-fc94af32db10'),
 ('4', NULL, 'm140822_000001_allow_more_than_128_items_per_field', '2017-04-27 15:29:57', '2017-04-27 15:29:57', '2017-04-27 15:29:57', 'f310ef92-36a0-4d07-9953-8df8794b122b'),
 ('5', NULL, 'm140829_000001_single_title_formats', '2017-04-27 15:29:57', '2017-04-27 15:29:57', '2017-04-27 15:29:57', '42c0e366-1edd-4a1e-be4c-61038d7e5afb'),
 ('6', NULL, 'm140831_000001_extended_cache_keys', '2017-04-27 15:29:57', '2017-04-27 15:29:57', '2017-04-27 15:29:57', 'fc952d95-c277-41f3-a4f2-921babc3fcc2'),
 ('7', NULL, 'm140922_000001_delete_orphaned_matrix_blocks', '2017-04-27 15:29:57', '2017-04-27 15:29:57', '2017-04-27 15:29:57', 'f07af365-fbdb-437f-bf69-860a25172da0'),
 ('8', NULL, 'm141008_000001_elements_index_tune', '2017-04-27 15:29:57', '2017-04-27 15:29:57', '2017-04-27 15:29:57', '66fa14fb-f02a-41c8-885a-b3cfb1f37de9'),
 ('9', NULL, 'm141009_000001_assets_source_handle', '2017-04-27 15:29:57', '2017-04-27 15:29:57', '2017-04-27 15:29:57', 'f0aa527e-68ac-4f52-95f0-8e603f893b77'),
 ('10', NULL, 'm141024_000001_field_layout_tabs', '2017-04-27 15:29:57', '2017-04-27 15:29:57', '2017-04-27 15:29:57', '16426155-cd8e-4bd7-8297-da519f5d56e5'),
 ('11', NULL, 'm141030_000000_plugin_schema_versions', '2017-04-27 15:29:57', '2017-04-27 15:29:57', '2017-04-27 15:29:57', '8c4907f6-a7bc-4aa7-80a6-6f4634acd153'),
 ('12', NULL, 'm141030_000001_drop_structure_move_permission', '2017-04-27 15:29:57', '2017-04-27 15:29:57', '2017-04-27 15:29:57', '17d563d2-b1ff-4c1d-aaa3-b2919fd85004'),
 ('13', NULL, 'm141103_000001_tag_titles', '2017-04-27 15:29:57', '2017-04-27 15:29:57', '2017-04-27 15:29:57', '9b077ab6-e012-458b-aa53-820a1a3ecc14'),
 ('14', NULL, 'm141109_000001_user_status_shuffle', '2017-04-27 15:29:57', '2017-04-27 15:29:57', '2017-04-27 15:29:57', 'a4bd0743-0a5b-4942-a987-6314b1c20f5a'),
 ('15', NULL, 'm141126_000001_user_week_start_day', '2017-04-27 15:29:57', '2017-04-27 15:29:57', '2017-04-27 15:29:57', '3084e1a3-4649-4618-859d-00d6ad43b917'),
 ('16', NULL, 'm150210_000001_adjust_user_photo_size', '2017-04-27 15:29:57', '2017-04-27 15:29:57', '2017-04-27 15:29:57', '10d547f3-6389-4b54-8786-bbeb70d8bc6e'),
 ('17', NULL, 'm150724_000001_adjust_quality_settings', '2017-04-27 15:29:57', '2017-04-27 15:29:57', '2017-04-27 15:29:57', '4afe61e4-7ff8-4690-a46a-6c45109409af'),
 ('18', NULL, 'm150827_000000_element_index_settings', '2017-04-27 15:29:57', '2017-04-27 15:29:57', '2017-04-27 15:29:57', '9b1f8a95-7d1b-4ae0-8d21-4643adc4ff6a'),
 ('19', NULL, 'm150918_000001_add_colspan_to_widgets', '2017-04-27 15:29:57', '2017-04-27 15:29:57', '2017-04-27 15:29:57', 'bdde9cbb-ae46-4335-ade9-3ceae20201ad'),
 ('20', NULL, 'm151007_000000_clear_asset_caches', '2017-04-27 15:29:57', '2017-04-27 15:29:57', '2017-04-27 15:29:57', '9573c252-a7b7-45b8-a257-77b66f9b14f5'),
 ('21', NULL, 'm151109_000000_text_url_formats', '2017-04-27 15:29:57', '2017-04-27 15:29:57', '2017-04-27 15:29:57', '9706c049-4754-40f5-a46c-c66958dd9979'),
 ('22', NULL, 'm151110_000000_move_logo', '2017-04-27 15:29:57', '2017-04-27 15:29:57', '2017-04-27 15:29:57', '3bbf0f8e-ea7f-4c5b-86fc-f0de24fccd83'),
 ('23', NULL, 'm151117_000000_adjust_image_widthheight', '2017-04-27 15:29:57', '2017-04-27 15:29:57', '2017-04-27 15:29:57', '64ad42a4-baf4-4153-bb7e-1c47c5400b68'),
 ('24', NULL, 'm151127_000000_clear_license_key_status', '2017-04-27 15:29:57', '2017-04-27 15:29:57', '2017-04-27 15:29:57', '9fc84b32-12b5-477b-96de-d52dd3a61945'),
 ('25', NULL, 'm151127_000000_plugin_license_keys', '2017-04-27 15:29:57', '2017-04-27 15:29:57', '2017-04-27 15:29:57', '2580a810-dfbb-4c64-a4fb-22e81759c050'),
 ('26', NULL, 'm151130_000000_update_pt_widget_feeds', '2017-04-27 15:29:57', '2017-04-27 15:29:57', '2017-04-27 15:29:57', '7a64ebb1-cdcd-438b-8e4d-de5522f68e92'),
 ('27', NULL, 'm160114_000000_asset_sources_public_url_default_true', '2017-04-27 15:29:57', '2017-04-27 15:29:57', '2017-04-27 15:29:57', 'ffcac3df-1659-46d7-82e0-ba052f5a0bbe'),
 ('28', NULL, 'm160223_000000_sortorder_to_smallint', '2017-04-27 15:29:57', '2017-04-27 15:29:57', '2017-04-27 15:29:57', 'cc523bf4-d902-483f-9029-4648a1ef11e0'),
 ('29', NULL, 'm160229_000000_set_default_entry_statuses', '2017-04-27 15:29:57', '2017-04-27 15:29:57', '2017-04-27 15:29:57', '2b48bab0-31ce-4758-86f1-4f8b29869380'),
 ('30', NULL, 'm160304_000000_client_permissions', '2017-04-27 15:29:57', '2017-04-27 15:29:57', '2017-04-27 15:29:57', '048348e8-1152-41c8-b649-6ae779ac7edf'),
 ('31', NULL, 'm160322_000000_asset_filesize', '2017-04-27 15:29:57', '2017-04-27 15:29:57', '2017-04-27 15:29:57', '6ea05654-0bbc-4038-987a-3dd1847b8477'),
 ('32', NULL, 'm160503_000000_orphaned_fieldlayouts', '2017-04-27 15:29:57', '2017-04-27 15:29:57', '2017-04-27 15:29:57', 'c72f16e6-2c6e-431b-92d0-e3233a90f0e6'),
 ('33', NULL, 'm160510_000000_tasksettings', '2017-04-27 15:29:57', '2017-04-27 15:29:57', '2017-04-27 15:29:57', '26cabe88-886e-4e53-9cdf-fc27f80c6151'),
 ('34', NULL, 'm160829_000000_pending_user_content_cleanup', '2017-04-27 15:29:57', '2017-04-27 15:29:57', '2017-04-27 15:29:57', '8e2512b7-531c-4d15-905d-e8407440ae29'),
 ('35', NULL, 'm160830_000000_asset_index_uri_increase', '2017-04-27 15:29:57', '2017-04-27 15:29:57', '2017-04-27 15:29:57', '1b37b2e2-be3d-4e28-b1b5-a1a85fbb42cf'),
 ('36', NULL, 'm160919_000000_usergroup_handle_title_unique', '2017-04-27 15:29:57', '2017-04-27 15:29:57', '2017-04-27 15:29:57', '43aa3808-6a37-48b8-8d9b-afe0b9d829b8'),
 ('37', NULL, 'm161108_000000_new_version_format', '2017-04-27 15:29:57', '2017-04-27 15:29:57', '2017-04-27 15:29:57', '102102c5-71dc-4e01-a50e-7136e00fcc14'),
 ('38', NULL, 'm161109_000000_index_shuffle', '2017-04-27 15:29:57', '2017-04-27 15:29:57', '2017-04-27 15:29:57', '09699f1f-5c4f-44ec-b9bd-f7b9fe8e2000'),
 ('39', '3', 'm160922_150924_navee_AddRegexField', '2017-05-03 12:57:57', '2017-05-03 12:57:57', '2017-05-03 12:57:57', '476e4f9d-4f88-4d99-8dd8-42cd27d3e08f');



DROP TABLE IF EXISTS `craft_navee_navigations`;


--
-- Schema for table `craft_navee_navigations`
--
CREATE TABLE `craft_navee_navigations` (
  `id` int(11) NOT NULL AUTO_INCREMENT,
  `creatorId` int(11) DEFAULT NULL,
  `name` varchar(255) COLLATE utf8_unicode_ci NOT NULL,
  `handle` varchar(255) COLLATE utf8_unicode_ci NOT NULL,
  `maxLevels` int(10) DEFAULT NULL,
  `fieldLayoutId` int(10) DEFAULT NULL,
  `structureId` int(10) DEFAULT NULL,
  `dateCreated` datetime NOT NULL,
  `dateUpdated` datetime NOT NULL,
  `uid` char(36) COLLATE utf8_unicode_ci NOT NULL DEFAULT '0',
  PRIMARY KEY (`id`),
  UNIQUE KEY `craft_navee_navigations_name_unq_idx` (`name`),
  UNIQUE KEY `craft_navee_navigations_handle_unq_idx` (`handle`),
  KEY `craft_navee_navigations_fieldLayoutId_fk` (`fieldLayoutId`),
  KEY `craft_navee_navigations_creatorId_fk` (`creatorId`)
) ENGINE=InnoDB AUTO_INCREMENT=3 DEFAULT CHARSET=utf8 COLLATE=utf8_unicode_ci;

--
-- Data for table `craft_navee_navigations`
--

INSERT INTO `craft_navee_navigations` (`id`, `creatorId`, `name`, `handle`, `maxLevels`, `fieldLayoutId`, `structureId`, `dateCreated`, `dateUpdated`, `uid`) VALUES
 ('1', '1', 'Основное меню', 'menuTop', '3', '50', '7', '2017-05-03 12:58:39', '2017-05-03 13:23:38', '528fd50f-908a-4732-826a-22d7325dbc1b'),
 ('2', '1', 'Меню для подвала', 'menuFooter', '1', '49', '8', '2017-05-03 13:00:49', '2017-05-03 13:00:49', '16355256-06f9-4f93-931f-18f38bd9af3f');



DROP TABLE IF EXISTS `craft_navee_nodes`;


--
-- Schema for table `craft_navee_nodes`
--
CREATE TABLE `craft_navee_nodes` (
  `id` int(11) NOT NULL,
  `navigationId` int(11) NOT NULL,
  `linkType` enum('entryId','assetId','categoryId','customUri','none') COLLATE utf8_unicode_ci DEFAULT NULL,
  `entryId` int(10) DEFAULT NULL,
  `assetId` int(10) DEFAULT NULL,
  `categoryId` int(10) DEFAULT NULL,
  `customUri` varchar(255) COLLATE utf8_unicode_ci DEFAULT NULL,
  `class` varchar(255) COLLATE utf8_unicode_ci DEFAULT NULL,
  `idAttr` varchar(255) COLLATE utf8_unicode_ci DEFAULT NULL,
  `rel` varchar(255) COLLATE utf8_unicode_ci DEFAULT NULL,
  `name` varchar(255) COLLATE utf8_unicode_ci DEFAULT NULL,
  `titleAttr` varchar(255) COLLATE utf8_unicode_ci DEFAULT NULL,
  `accessKey` varchar(255) COLLATE utf8_unicode_ci DEFAULT NULL,
  `target` varchar(255) COLLATE utf8_unicode_ci DEFAULT NULL,
  `includeInNavigation` tinyint(1) unsigned NOT NULL DEFAULT '0',
  `passive` tinyint(1) unsigned NOT NULL DEFAULT '0',
  `userGroups` text COLLATE utf8_unicode_ci,
  `regex` varchar(255) COLLATE utf8_unicode_ci DEFAULT NULL,
  `dateCreated` datetime NOT NULL,
  `dateUpdated` datetime NOT NULL,
  `uid` char(36) COLLATE utf8_unicode_ci NOT NULL DEFAULT '0',
  PRIMARY KEY (`id`),
  KEY `craft_navee_nodes_navigationId_fk` (`navigationId`)
) ENGINE=InnoDB DEFAULT CHARSET=utf8 COLLATE=utf8_unicode_ci;

--
-- Data for table `craft_navee_nodes`
--

INSERT INTO `craft_navee_nodes` (`id`, `navigationId`, `linkType`, `entryId`, `assetId`, `categoryId`, `customUri`, `class`, `idAttr`, `rel`, `name`, `titleAttr`, `accessKey`, `target`, `includeInNavigation`, `passive`, `userGroups`, `regex`, `dateCreated`, `dateUpdated`, `uid`) VALUES
 ('74', '1', 'entryId', '2', NULL, NULL, '', '', '', '', '', '', '', '', '1', '0', '[]', '', '2017-05-03 13:01:25', '2017-05-03 13:01:25', '6229864c-807d-4962-b53e-bfb416020a77'),
 ('75', '1', 'customUri', NULL, NULL, NULL, '/services/', '', '', '', '', '', '', '', '1', '0', '[]', '', '2017-05-03 13:02:06', '2017-05-03 13:02:06', '341c317a-944d-4e7f-9a26-d42e12494194'),
 ('76', '1', 'entryId', NULL, NULL, NULL, '', '', '', '', '', '', '', '', '1', '0', '[]', '', '2017-05-03 13:11:14', '2017-05-03 13:11:14', '1e9c88a1-4a0a-417e-84e8-8171f10c8a4b'),
 ('77', '1', 'entryId', NULL, NULL, NULL, '', '', '', '', '', '', '', '', '1', '0', '[]', '', '2017-05-03 13:11:27', '2017-05-03 13:11:27', '79a35454-1a35-4566-bdc6-d0a72e92cd0a'),
 ('79', '1', 'entryId', NULL, NULL, NULL, '', '', '', '', '', '', '', '', '1', '0', '[]', '', '2017-05-03 13:11:56', '2017-05-03 13:11:56', '73efb665-643b-4fa1-809b-460903a16f33'),
 ('80', '1', 'entryId', NULL, NULL, NULL, '', '', '', '', '', '', '', '', '1', '0', '[]', '', '2017-05-03 13:12:23', '2017-05-03 13:12:23', '7c9c0e2b-1c0d-42a3-bd28-8838b5e529e6'),
 ('82', '1', 'categoryId', NULL, NULL, '4', '', '', '', '', '', '', '', '', '1', '0', '[]', '', '2017-05-03 13:17:50', '2017-05-03 13:22:47', 'c56288f1-9881-4b4f-bbac-0005601cb1b3'),
 ('83', '1', 'entryId', NULL, NULL, NULL, '', '', '', '', '', '', '', '', '1', '0', '[]', '', '2017-05-03 13:18:47', '2017-05-03 13:18:47', '5e82533c-b34e-46f6-b1db-5a0eb9b9a993');



DROP TABLE IF EXISTS `craft_plugins`;


--
-- Schema for table `craft_plugins`
--
CREATE TABLE `craft_plugins` (
  `id` int(11) NOT NULL AUTO_INCREMENT,
  `class` varchar(150) COLLATE utf8_unicode_ci NOT NULL,
  `version` varchar(15) COLLATE utf8_unicode_ci NOT NULL,
  `schemaVersion` varchar(15) COLLATE utf8_unicode_ci DEFAULT NULL,
  `licenseKey` char(24) COLLATE utf8_unicode_ci DEFAULT NULL,
  `licenseKeyStatus` enum('valid','invalid','mismatched','unknown') COLLATE utf8_unicode_ci NOT NULL DEFAULT 'unknown',
  `enabled` tinyint(1) unsigned NOT NULL DEFAULT '0',
  `settings` text COLLATE utf8_unicode_ci,
  `installDate` datetime NOT NULL,
  `dateCreated` datetime NOT NULL,
  `dateUpdated` datetime NOT NULL,
  `uid` char(36) COLLATE utf8_unicode_ci NOT NULL DEFAULT '0',
  PRIMARY KEY (`id`)
) ENGINE=InnoDB AUTO_INCREMENT=4 DEFAULT CHARSET=utf8 COLLATE=utf8_unicode_ci;

--
-- Data for table `craft_plugins`
--

INSERT INTO `craft_plugins` (`id`, `class`, `version`, `schemaVersion`, `licenseKey`, `licenseKeyStatus`, `enabled`, `settings`, `installDate`, `dateCreated`, `dateUpdated`, `uid`) VALUES
 ('1', 'SvgIcons', '0.0.6', '0.0.1', NULL, 'unknown', '1', NULL, '2017-05-02 14:35:18', '2017-05-02 14:35:18', '2017-05-04 09:25:26', 'de609d78-0890-4251-a333-5b787d63d294'),
 ('2', 'SlugCharMap', '1.0', NULL, NULL, 'unknown', '1', NULL, '2017-05-02 15:53:10', '2017-05-02 15:53:10', '2017-05-04 09:25:26', 'e96e5994-1d47-49eb-bc85-846ecc333efe'),
 ('3', 'Navee', '1.3.0', NULL, NULL, 'unknown', '1', NULL, '2017-05-03 12:57:57', '2017-05-03 12:57:57', '2017-05-04 09:25:26', 'b5c40aa8-6c66-4e86-81f4-5da3570811e9');



DROP TABLE IF EXISTS `craft_rackspaceaccess`;


--
-- Schema for table `craft_rackspaceaccess`
--
CREATE TABLE `craft_rackspaceaccess` (
  `id` int(11) NOT NULL AUTO_INCREMENT,
  `connectionKey` varchar(255) COLLATE utf8_unicode_ci NOT NULL,
  `token` varchar(255) COLLATE utf8_unicode_ci NOT NULL,
  `storageUrl` varchar(255) COLLATE utf8_unicode_ci NOT NULL,
  `cdnUrl` varchar(255) COLLATE utf8_unicode_ci NOT NULL,
  `dateCreated` datetime NOT NULL,
  `dateUpdated` datetime NOT NULL,
  `uid` char(36) COLLATE utf8_unicode_ci NOT NULL DEFAULT '0',
  PRIMARY KEY (`id`),
  UNIQUE KEY `craft_rackspaceaccess_connectionKey_unq_idx` (`connectionKey`)
) ENGINE=InnoDB DEFAULT CHARSET=utf8 COLLATE=utf8_unicode_ci;

DROP TABLE IF EXISTS `craft_relations`;


--
-- Schema for table `craft_relations`
--
CREATE TABLE `craft_relations` (
  `id` int(11) NOT NULL AUTO_INCREMENT,
  `fieldId` int(11) NOT NULL,
  `sourceId` int(11) NOT NULL,
  `sourceLocale` char(12) COLLATE utf8_unicode_ci DEFAULT NULL,
  `targetId` int(11) NOT NULL,
  `sortOrder` smallint(6) DEFAULT NULL,
  `dateCreated` datetime NOT NULL,
  `dateUpdated` datetime NOT NULL,
  `uid` char(36) COLLATE utf8_unicode_ci NOT NULL DEFAULT '0',
  PRIMARY KEY (`id`),
  UNIQUE KEY `craft_relations_fieldId_sourceId_sourceLocale_targetId_unq_idx` (`fieldId`,`sourceId`,`sourceLocale`,`targetId`),
  KEY `craft_relations_sourceId_fk` (`sourceId`),
  KEY `craft_relations_sourceLocale_fk` (`sourceLocale`),
  KEY `craft_relations_targetId_fk` (`targetId`)
) ENGINE=InnoDB AUTO_INCREMENT=112 DEFAULT CHARSET=utf8 COLLATE=utf8_unicode_ci;

--
-- Data for table `craft_relations`
--

INSERT INTO `craft_relations` (`id`, `fieldId`, `sourceId`, `sourceLocale`, `targetId`, `sortOrder`, `dateCreated`, `dateUpdated`, `uid`) VALUES
 ('82', '7', '53', NULL, '4', '1', '2017-05-03 10:11:33', '2017-05-03 10:11:33', 'ce3251bb-95d5-46a3-ba31-87b188e367f9'),
 ('83', '7', '56', NULL, '4', '1', '2017-05-03 10:11:54', '2017-05-03 10:11:54', '839718b0-aeeb-4e9e-a025-e88d47761a6e'),
 ('84', '7', '55', NULL, '4', '1', '2017-05-03 10:12:06', '2017-05-03 10:12:06', '6752cfc2-3c27-498a-b7a5-ba4f57b46c93'),
 ('85', '7', '57', NULL, '4', '1', '2017-05-03 10:12:24', '2017-05-03 10:12:24', '98c89e84-5f68-40e0-9f4e-bf9fbe1d4b7e'),
 ('86', '7', '58', NULL, '4', '1', '2017-05-03 10:12:39', '2017-05-03 10:12:39', 'eddcfcbb-7860-4c6a-9cb3-fde32edbcef7'),
 ('87', '7', '59', NULL, '4', '1', '2017-05-03 10:13:32', '2017-05-03 10:13:32', 'da30aee8-736d-4051-bf7d-eda3e78a0acd'),
 ('88', '7', '60', NULL, '4', '1', '2017-05-03 10:14:27', '2017-05-03 10:14:27', '3edc8c00-3f85-4aca-9b49-30ca28a87eb7'),
 ('89', '7', '61', NULL, '4', '1', '2017-05-03 10:22:35', '2017-05-03 10:22:35', '2c432bc1-1693-45be-ab33-08d1a11a09fc'),
 ('90', '37', '61', 'ru', '26', '1', '2017-05-03 10:22:35', '2017-05-03 10:22:35', '7148746a-1215-4d5f-8028-321144ba4b88'),
 ('91', '37', '61', 'ru', '27', '2', '2017-05-03 10:22:35', '2017-05-03 10:22:35', '35c1658c-e262-4b5f-bc95-0d7dc10dc4f0'),
 ('92', '37', '61', 'ru', '29', '3', '2017-05-03 10:22:35', '2017-05-03 10:22:35', 'e7319bdb-5b1c-4f24-b085-819c170f9d0a'),
 ('93', '37', '61', 'ru', '30', '4', '2017-05-03 10:22:35', '2017-05-03 10:22:35', '3f82ba85-ac84-48b4-b58f-b3b3dba76df8'),
 ('94', '7', '62', NULL, '5', '1', '2017-05-03 10:23:35', '2017-05-03 10:23:35', '423a26f4-25c9-4548-a95d-d7c4de13c7bc'),
 ('95', '38', '62', 'ru', '44', '1', '2017-05-03 10:23:35', '2017-05-03 10:23:35', 'dc92163a-68fb-42d5-ae52-8c0d28be4dde'),
 ('96', '7', '63', NULL, '5', '1', '2017-05-03 10:24:59', '2017-05-03 10:24:59', '19abc6a3-5da5-43f4-9d55-829b6836884a'),
 ('97', '7', '64', NULL, '5', '1', '2017-05-03 10:25:17', '2017-05-03 10:25:17', 'abc0bc93-f90b-4393-a557-2c7ea0b41593'),
 ('98', '7', '65', NULL, '5', '1', '2017-05-03 10:25:39', '2017-05-03 10:25:39', '5ab4b580-b346-4cee-87a0-a3e1426758a1'),
 ('99', '7', '66', NULL, '5', '1', '2017-05-03 10:25:49', '2017-05-03 10:25:49', '19d3ef52-41f4-4f2a-a2c9-4de5459a53bd'),
 ('100', '7', '67', NULL, '5', '1', '2017-05-03 10:26:01', '2017-05-03 10:26:01', '2585652c-f31e-4845-8747-ecf57c1e0cb2'),
 ('101', '7', '68', NULL, '5', '1', '2017-05-03 10:26:19', '2017-05-03 10:26:19', 'cf7873c1-8aaa-4ae2-a648-92c4915013b1'),
 ('102', '7', '69', NULL, '5', '1', '2017-05-03 10:27:26', '2017-05-03 10:27:26', 'b09a90ac-61d3-43ad-a1ca-d668b5723902'),
 ('103', '7', '70', NULL, '5', '1', '2017-05-03 10:52:22', '2017-05-03 10:52:22', '44a14eca-d513-409d-9372-3c3b098542ed'),
 ('104', '7', '71', NULL, '6', '1', '2017-05-03 10:54:26', '2017-05-03 10:54:26', '4c0f7d84-b336-4d29-bfdf-c7ab79af049a'),
 ('108', '7', '54', NULL, '4', '1', '2017-05-03 10:57:11', '2017-05-03 10:57:11', 'c4de7b52-333f-4431-bc07-fae888e4d80f'),
 ('110', '7', '72', NULL, '6', '1', '2017-05-03 11:32:01', '2017-05-03 11:32:01', '29b95a2c-060b-44ad-9067-641f0cec2fe1'),
 ('111', '7', '84', NULL, '6', '1', '2017-05-04 09:25:06', '2017-05-04 09:25:06', '30770bd0-4ae7-47d2-8ba0-3672a783ece2');



DROP TABLE IF EXISTS `craft_routes`;


--
-- Schema for table `craft_routes`
--
CREATE TABLE `craft_routes` (
  `id` int(11) NOT NULL AUTO_INCREMENT,
  `locale` char(12) COLLATE utf8_unicode_ci DEFAULT NULL,
  `urlParts` varchar(255) COLLATE utf8_unicode_ci NOT NULL,
  `urlPattern` varchar(255) COLLATE utf8_unicode_ci NOT NULL,
  `template` varchar(255) COLLATE utf8_unicode_ci NOT NULL,
  `sortOrder` smallint(6) unsigned DEFAULT NULL,
  `dateCreated` datetime NOT NULL,
  `dateUpdated` datetime NOT NULL,
  `uid` char(36) COLLATE utf8_unicode_ci NOT NULL DEFAULT '0',
  PRIMARY KEY (`id`),
  UNIQUE KEY `craft_routes_urlPattern_unq_idx` (`urlPattern`),
  KEY `craft_routes_locale_idx` (`locale`)
) ENGINE=InnoDB DEFAULT CHARSET=utf8 COLLATE=utf8_unicode_ci;

DROP TABLE IF EXISTS `craft_searchindex`;


--
-- Schema for table `craft_searchindex`
--
CREATE TABLE `craft_searchindex` (
  `elementId` int(11) NOT NULL,
  `attribute` varchar(25) COLLATE utf8_unicode_ci NOT NULL,
  `fieldId` int(11) NOT NULL,
  `locale` char(12) COLLATE utf8_unicode_ci NOT NULL,
  `keywords` text COLLATE utf8_unicode_ci NOT NULL,
  PRIMARY KEY (`elementId`,`attribute`,`fieldId`,`locale`),
  FULLTEXT KEY `craft_searchindex_keywords_idx` (`keywords`)
) ENGINE=MyISAM DEFAULT CHARSET=utf8 COLLATE=utf8_unicode_ci;

--
-- Data for table `craft_searchindex`
--

INSERT INTO `craft_searchindex` (`elementId`, `attribute`, `fieldId`, `locale`, `keywords`) VALUES
 ('1', 'username', '0', 'ru', ' admin '),
 ('1', 'firstname', '0', 'ru', ''),
 ('1', 'lastname', '0', 'ru', ''),
 ('1', 'fullname', '0', 'ru', ''),
 ('1', 'email', '0', 'ru', ' admin segmental ru '),
 ('1', 'slug', '0', 'ru', ''),
 ('2', 'slug', '0', 'ru', ' homepage '),
 ('2', 'title', '0', 'ru', ' welcome to bti2 dev '),
 ('2', 'field', '1', 'ru', ' it s true this site doesn t have a whole lot of content yet but don t worry our web developers have just installed the cms and they re setting things up for the content editors this very moment soon bti2 dev will be an oasis of fresh perspectives sharp analyses and astute opinions that will keep you coming back again and again '),
 ('3', 'field', '1', 'ru', ' craft is the cms that s powering bti2 dev it s beautiful powerful flexible and easy to use and it s made by pixel tonic we can t wait to dive in and see what it s capable of this is even more captivating content which you couldn t see on the news index page because it was entered after a page break and the news index template only likes to show the content on the first page craft a nice alternative to word if you re making a website '),
 ('3', 'field', '2', 'ru', ''),
 ('3', 'slug', '0', 'ru', ' we just installed craft '),
 ('3', 'title', '0', 'ru', ' we just installed craft '),
 ('4', 'slug', '0', 'ru', ' partners '),
 ('4', 'title', '0', 'ru', ' партнеры '),
 ('4', 'slug', '0', 'en_us', ' partners '),
 ('4', 'title', '0', 'en_us', ' partners '),
 ('5', 'slug', '0', 'ru', ' superintendents '),
 ('5', 'title', '0', 'ru', ' директора '),
 ('5', 'slug', '0', 'en_us', ' superintendents '),
 ('5', 'title', '0', 'en_us', ' superintendents '),
 ('6', 'slug', '0', 'ru', ' managers '),
 ('6', 'title', '0', 'ru', ' менеджеры '),
 ('6', 'slug', '0', 'en_us', ' managers '),
 ('6', 'title', '0', 'en_us', ' managers '),
 ('7', 'slug', '0', 'ru', ' news '),
 ('7', 'title', '0', 'ru', ' новости '),
 ('7', 'slug', '0', 'en_us', ' news '),
 ('7', 'title', '0', 'en_us', ' our news '),
 ('8', 'slug', '0', 'ru', ' insights '),
 ('8', 'title', '0', 'ru', ' точка зрения '),
 ('8', 'slug', '0', 'en_us', ' insights '),
 ('8', 'title', '0', 'en_us', ' insights '),
 ('9', 'slug', '0', 'ru', ' press releases '),
 ('9', 'title', '0', 'ru', ' пресс релизы '),
 ('9', 'slug', '0', 'en_us', ' press releases '),
 ('9', 'title', '0', 'en_us', ' press releases '),
 ('10', 'slug', '0', 'ru', ' tax reviews '),
 ('10', 'title', '0', 'ru', ' налоговые обзоры '),
 ('10', 'slug', '0', 'en_us', ' tax reviews '),
 ('10', 'title', '0', 'en_us', ' tax reviews '),
 ('13', 'field', '4', 'ru', ''),
 ('12', 'slug', '0', 'ru', ' ivan '),
 ('12', 'title', '0', 'ru', ' ivan '),
 ('13', 'field', '6', 'ru', ''),
 ('13', 'field', '7', 'ru', ' партнеры '),
 ('13', 'field', '5', 'ru', ''),
 ('13', 'field', '3', 'ru', ''),
 ('13', 'slug', '0', 'ru', ' ivan '),
 ('13', 'title', '0', 'ru', ' ivan '),
 ('14', 'field', '4', 'ru', ''),
 ('14', 'field', '6', 'ru', ''),
 ('14', 'field', '7', 'ru', ' партнеры '),
 ('14', 'field', '5', 'ru', ''),
 ('14', 'field', '3', 'ru', ''),
 ('14', 'slug', '0', 'ru', ' ivan '),
 ('14', 'title', '0', 'ru', ' ivan '),
 ('15', 'field', '4', 'ru', ''),
 ('15', 'field', '6', 'ru', ''),
 ('15', 'field', '7', 'ru', ' менеджеры '),
 ('15', 'field', '5', 'ru', ''),
 ('15', 'field', '3', 'ru', ''),
 ('15', 'slug', '0', 'ru', ' qweqwe '),
 ('15', 'title', '0', 'ru', ' qweqwe '),
 ('27', 'slug', '0', 'en_us', ' корпоративные финансы '),
 ('27', 'field', '36', 'en_us', ''),
 ('27', 'title', '0', 'ru', ' корпоративные финансы '),
 ('27', 'slug', '0', 'ru', ' корпоративные финансы '),
 ('27', 'field', '36', 'ru', ''),
 ('26', 'title', '0', 'en_us', ' консалтинг '),
 ('26', 'slug', '0', 'en_us', ' консалтинг '),
 ('26', 'field', '36', 'en_us', ''),
 ('26', 'title', '0', 'ru', ' консалтинг '),
 ('26', 'slug', '0', 'ru', ' консалтинг '),
 ('26', 'field', '36', 'ru', ''),
 ('25', 'title', '0', 'en_us', ' бухгалтерские услуги '),
 ('25', 'slug', '0', 'en_us', ' бухгалтерские услуги '),
 ('25', 'field', '36', 'en_us', ''),
 ('25', 'title', '0', 'ru', ' бухгалтерские услуги '),
 ('25', 'slug', '0', 'ru', ' бухгалтерские услуги '),
 ('25', 'field', '36', 'ru', ''),
 ('24', 'title', '0', 'en_us', ' аудиторские услуги '),
 ('24', 'slug', '0', 'en_us', ' аудиторские услуги '),
 ('24', 'field', '36', 'en_us', ''),
 ('24', 'title', '0', 'ru', ' аудиторские услуги '),
 ('24', 'slug', '0', 'ru', ' аудиторские услуги '),
 ('24', 'field', '36', 'ru', ''),
 ('18', 'field', '24', 'ru', ' wrewrwer asdasd '),
 ('18', 'field', '23', 'ru', ' test '),
 ('18', 'slug', '0', 'ru', ' test menu '),
 ('18', 'title', '0', 'ru', ' test menu '),
 ('18', 'field', '24', 'en_us', ' wrewrwer asdasd '),
 ('18', 'field', '23', 'en_us', ' test '),
 ('18', 'slug', '0', 'en_us', ' test menu '),
 ('18', 'title', '0', 'en_us', ' test menu '),
 ('19', 'field', '26', 'ru', ' wrewrwer asdasd '),
 ('19', 'slug', '0', 'ru', ''),
 ('27', 'title', '0', 'en_us', ' корпоративные финансы '),
 ('28', 'field', '36', 'ru', ''),
 ('28', 'slug', '0', 'ru', ' налоговое консультирование ');
INSERT INTO `craft_searchindex` (`elementId`, `attribute`, `fieldId`, `locale`, `keywords`) VALUES
 ('28', 'title', '0', 'ru', ' налоговое консультирование '),
 ('23', 'slug', '0', 'ru', ' тестовый '),
 ('23', 'title', '0', 'ru', ' тестовый '),
 ('23', 'slug', '0', 'en_us', ' тестовый '),
 ('23', 'title', '0', 'en_us', ' тестовый '),
 ('3', 'field', '33', 'ru', ''),
 ('28', 'field', '36', 'en_us', ''),
 ('28', 'slug', '0', 'en_us', ' налоговое консультирование '),
 ('28', 'title', '0', 'en_us', ' налоговое консультирование '),
 ('29', 'field', '36', 'ru', ''),
 ('29', 'slug', '0', 'ru', ' оценочные услуги '),
 ('29', 'title', '0', 'ru', ' оценочные услуги '),
 ('29', 'field', '36', 'en_us', ''),
 ('29', 'slug', '0', 'en_us', ' оценочные услуги '),
 ('29', 'title', '0', 'en_us', ' оценочные услуги '),
 ('30', 'field', '36', 'ru', ''),
 ('30', 'slug', '0', 'ru', ' финансовые расследования '),
 ('30', 'title', '0', 'ru', ' финансовые расследования '),
 ('30', 'field', '36', 'en_us', ''),
 ('30', 'slug', '0', 'en_us', ' финансовые расследования '),
 ('30', 'title', '0', 'en_us', ' финансовые расследования '),
 ('31', 'field', '36', 'ru', ''),
 ('31', 'slug', '0', 'ru', ' юридические услуги '),
 ('31', 'title', '0', 'ru', ' юридические услуги '),
 ('31', 'field', '36', 'en_us', ''),
 ('31', 'slug', '0', 'en_us', ' юридические услуги '),
 ('31', 'title', '0', 'en_us', ' юридические услуги '),
 ('32', 'field', '35', 'ru', ''),
 ('32', 'slug', '0', 'ru', ' авиационная промышленность оак воздушные суда производство комплектующих '),
 ('32', 'title', '0', 'ru', ' авиационная промышленность оак воздушные суда производство комплектующих '),
 ('32', 'field', '35', 'en_us', ''),
 ('32', 'slug', '0', 'en_us', ' авиационная промышленность оак воздушные суда производство комплектующих '),
 ('32', 'title', '0', 'en_us', ' авиационная промышленность оак воздушные суда производство комплектующих '),
 ('33', 'field', '35', 'ru', ''),
 ('33', 'slug', '0', 'ru', ' атомная промышленность включая производство оборудования '),
 ('33', 'title', '0', 'ru', ' атомная промышленность включая производство оборудования '),
 ('33', 'field', '35', 'en_us', ''),
 ('33', 'slug', '0', 'en_us', ' атомная промышленность включая производство оборудования '),
 ('33', 'title', '0', 'en_us', ' атомная промышленность включая производство оборудования '),
 ('34', 'field', '35', 'ru', ''),
 ('34', 'slug', '0', 'ru', ' атомная промышленность включая производство оборудования '),
 ('34', 'title', '0', 'ru', ' атомная промышленность включая производство оборудования '),
 ('34', 'field', '35', 'en_us', ''),
 ('34', 'slug', '0', 'en_us', ' атомная промышленность включая производство оборудования 1 '),
 ('34', 'title', '0', 'en_us', ' атомная промышленность включая производство оборудования '),
 ('35', 'field', '35', 'ru', ''),
 ('35', 'slug', '0', 'ru', ' машиностроение судостроение станкостроение '),
 ('35', 'title', '0', 'ru', ' машиностроение судостроение станкостроение '),
 ('35', 'field', '35', 'en_us', ''),
 ('35', 'slug', '0', 'en_us', ' машиностроение судостроение станкостроение '),
 ('35', 'title', '0', 'en_us', ' машиностроение судостроение станкостроение '),
 ('36', 'field', '35', 'ru', ''),
 ('36', 'slug', '0', 'ru', ' недвижимость и строительство включая производство строительных материалов '),
 ('36', 'title', '0', 'ru', ' недвижимость и строительство включая производство строительных материалов '),
 ('36', 'field', '35', 'en_us', ''),
 ('36', 'slug', '0', 'en_us', ' недвижимость и строительство включая производство строительных материалов '),
 ('36', 'title', '0', 'en_us', ' недвижимость и строительство включая производство строительных материалов '),
 ('37', 'field', '35', 'ru', ''),
 ('37', 'slug', '0', 'ru', ' нефтегазовая отрасль '),
 ('37', 'title', '0', 'ru', ' нефтегазовая отрасль '),
 ('37', 'field', '35', 'en_us', ''),
 ('37', 'slug', '0', 'en_us', ' нефтегазовая отрасль '),
 ('37', 'title', '0', 'en_us', ' нефтегазовая отрасль '),
 ('38', 'field', '35', 'ru', ''),
 ('38', 'slug', '0', 'ru', ' сельское хозяйство и пищевая промышленность '),
 ('38', 'title', '0', 'ru', ' сельское хозяйство и пищевая промышленность '),
 ('38', 'field', '35', 'en_us', ''),
 ('38', 'slug', '0', 'en_us', ' сельское хозяйство и пищевая промышленность '),
 ('38', 'title', '0', 'en_us', ' сельское хозяйство и пищевая промышленность '),
 ('39', 'field', '35', 'ru', ''),
 ('39', 'slug', '0', 'ru', ' сфера развлечений и гостеприимства '),
 ('39', 'title', '0', 'ru', ' сфера развлечений и гостеприимства '),
 ('39', 'field', '35', 'en_us', ''),
 ('39', 'slug', '0', 'en_us', ' сфера развлечений и гостеприимства '),
 ('39', 'title', '0', 'en_us', ' сфера развлечений и гостеприимства '),
 ('40', 'field', '35', 'ru', ''),
 ('40', 'slug', '0', 'ru', ' телеком ит и медиа '),
 ('40', 'title', '0', 'ru', ' телеком ит и медиа '),
 ('40', 'field', '35', 'en_us', ''),
 ('40', 'slug', '0', 'en_us', ' телеком ит и медиа '),
 ('40', 'title', '0', 'en_us', ' телеком ит и медиа '),
 ('41', 'field', '35', 'ru', ''),
 ('41', 'slug', '0', 'ru', ' торговля оптовая и розничная '),
 ('41', 'title', '0', 'ru', ' торговля оптовая и розничная '),
 ('41', 'field', '35', 'en_us', ''),
 ('41', 'slug', '0', 'en_us', ' торговля оптовая и розничная '),
 ('41', 'title', '0', 'en_us', ' торговля оптовая и розничная '),
 ('42', 'field', '35', 'ru', ''),
 ('42', 'slug', '0', 'ru', ' транспорт и логистика инфраструктурные проекты '),
 ('42', 'title', '0', 'ru', ' транспорт и логистика инфраструктурные проекты '),
 ('42', 'field', '35', 'en_us', ''),
 ('42', 'slug', '0', 'en_us', ' транспорт и логистика инфраструктурные проекты '),
 ('42', 'title', '0', 'en_us', ' транспорт и логистика инфраструктурные проекты '),
 ('43', 'field', '35', 'ru', ''),
 ('43', 'slug', '0', 'ru', ' фармацевтика медицина '),
 ('43', 'title', '0', 'ru', ' фармацевтика медицина '),
 ('43', 'field', '35', 'en_us', ''),
 ('43', 'slug', '0', 'en_us', ' фармацевтика медицина '),
 ('43', 'title', '0', 'en_us', ' фармацевтика медицина '),
 ('44', 'field', '35', 'ru', '');
INSERT INTO `craft_searchindex` (`elementId`, `attribute`, `fieldId`, `locale`, `keywords`) VALUES
 ('44', 'slug', '0', 'ru', ' финансовый сектор '),
 ('44', 'title', '0', 'ru', ' финансовый сектор '),
 ('44', 'field', '35', 'en_us', ''),
 ('44', 'slug', '0', 'en_us', ' финансовый сектор '),
 ('44', 'title', '0', 'en_us', ' финансовый сектор '),
 ('45', 'field', '35', 'ru', ''),
 ('45', 'slug', '0', 'ru', ' энергетика '),
 ('45', 'title', '0', 'ru', ' энергетика '),
 ('45', 'field', '35', 'en_us', ''),
 ('45', 'slug', '0', 'en_us', ' энергетика '),
 ('45', 'title', '0', 'en_us', ' энергетика '),
 ('46', 'filename', '0', 'ru', ' дина мария ийнбор jpg '),
 ('46', 'extension', '0', 'ru', ' jpg '),
 ('46', 'kind', '0', 'ru', ' image '),
 ('46', 'slug', '0', 'ru', ' дина мария ийнбор '),
 ('46', 'title', '0', 'ru', ' дина мария ийнбор '),
 ('46', 'filename', '0', 'en_us', ' дина мария ийнбор jpg '),
 ('46', 'extension', '0', 'en_us', ' jpg '),
 ('46', 'kind', '0', 'en_us', ' image '),
 ('46', 'slug', '0', 'en_us', ' дина мария ийнбор '),
 ('46', 'title', '0', 'en_us', ' дина мария ийнбор '),
 ('59', 'field', '11', 'en_us', ''),
 ('59', 'field', '9', 'en_us', ''),
 ('59', 'field', '15', 'en_us', ''),
 ('59', 'field', '3', 'en_us', ''),
 ('59', 'field', '8', 'en_us', ''),
 ('59', 'field', '7', 'en_us', ' partners '),
 ('54', 'field', '8', 'en_us', ''),
 ('54', 'field', '7', 'en_us', ' partners '),
 ('54', 'field', '5', 'en_us', ''),
 ('54', 'field', '13', 'en_us', ''),
 ('53', 'field', '16', 'en_us', ''),
 ('53', 'field', '9', 'en_us', ''),
 ('53', 'field', '11', 'en_us', ''),
 ('53', 'field', '10', 'en_us', ''),
 ('53', 'field', '38', 'en_us', ''),
 ('53', 'field', '37', 'en_us', ''),
 ('53', 'slug', '0', 'en_us', ' александр иванов '),
 ('53', 'title', '0', 'en_us', ' александр иванов '),
 ('54', 'field', '42', 'ru', ''),
 ('54', 'field', '4', 'ru', ''),
 ('54', 'field', '5', 'ru', ''),
 ('54', 'field', '6', 'ru', ''),
 ('54', 'field', '7', 'ru', ' партнеры '),
 ('54', 'field', '3', 'ru', ''),
 ('54', 'field', '8', 'ru', ''),
 ('54', 'field', '12', 'ru', ''),
 ('53', 'field', '7', 'en_us', ' partners '),
 ('53', 'field', '42', 'ru', ''),
 ('53', 'field', '4', 'ru', ' александр '),
 ('59', 'field', '16', 'en_us', ''),
 ('59', 'field', '12', 'en_us', ''),
 ('59', 'field', '13', 'en_us', ''),
 ('54', 'field', '12', 'en_us', ''),
 ('54', 'field', '3', 'en_us', ''),
 ('54', 'field', '6', 'en_us', ''),
 ('54', 'field', '15', 'en_us', ''),
 ('54', 'field', '13', 'ru', ''),
 ('54', 'field', '15', 'ru', ''),
 ('54', 'field', '16', 'ru', ''),
 ('54', 'field', '9', 'ru', ''),
 ('54', 'field', '11', 'ru', ''),
 ('54', 'field', '10', 'ru', ''),
 ('54', 'field', '38', 'ru', ''),
 ('54', 'field', '37', 'ru', ''),
 ('54', 'slug', '0', 'ru', ' малков александр '),
 ('54', 'title', '0', 'ru', ' малков александр '),
 ('54', 'field', '42', 'en_us', ''),
 ('54', 'field', '4', 'en_us', ''),
 ('53', 'field', '15', 'en_us', ''),
 ('53', 'field', '8', 'en_us', ''),
 ('53', 'field', '12', 'en_us', ''),
 ('53', 'field', '13', 'en_us', ''),
 ('53', 'field', '3', 'en_us', ''),
 ('53', 'field', '5', 'ru', ' иванов '),
 ('53', 'field', '6', 'ru', ''),
 ('53', 'field', '7', 'ru', ' партнеры '),
 ('53', 'field', '3', 'ru', ''),
 ('53', 'field', '8', 'ru', ''),
 ('53', 'field', '12', 'ru', ''),
 ('53', 'field', '13', 'ru', ''),
 ('53', 'field', '15', 'ru', ''),
 ('53', 'field', '16', 'ru', ''),
 ('53', 'field', '9', 'ru', ''),
 ('53', 'field', '11', 'ru', ''),
 ('53', 'field', '10', 'ru', ''),
 ('53', 'field', '38', 'ru', ''),
 ('53', 'field', '37', 'ru', ''),
 ('53', 'slug', '0', 'ru', ' александр иванов '),
 ('53', 'title', '0', 'ru', ' иванов александр '),
 ('53', 'field', '42', 'en_us', ''),
 ('53', 'field', '4', 'en_us', ' александр '),
 ('53', 'field', '5', 'en_us', ' иванов '),
 ('53', 'field', '6', 'en_us', ''),
 ('49', 'field', '4', 'ru', ''),
 ('49', 'field', '5', 'ru', ''),
 ('49', 'field', '6', 'ru', ''),
 ('49', 'field', '7', 'ru', ''),
 ('49', 'field', '3', 'ru', ''),
 ('49', 'field', '8', 'ru', '');
INSERT INTO `craft_searchindex` (`elementId`, `attribute`, `fieldId`, `locale`, `keywords`) VALUES
 ('49', 'field', '12', 'ru', ''),
 ('49', 'field', '13', 'ru', ''),
 ('49', 'field', '15', 'ru', ''),
 ('49', 'field', '16', 'ru', ''),
 ('49', 'field', '9', 'ru', ''),
 ('49', 'field', '11', 'ru', ''),
 ('49', 'field', '10', 'ru', ''),
 ('49', 'field', '38', 'ru', ''),
 ('49', 'field', '37', 'ru', ''),
 ('49', 'slug', '0', 'ru', ''),
 ('49', 'title', '0', 'ru', ' яж '),
 ('60', 'field', '4', 'ru', ''),
 ('60', 'field', '5', 'ru', ''),
 ('60', 'field', '6', 'ru', ''),
 ('59', 'slug', '0', 'en_us', ' тишаков сергей '),
 ('59', 'title', '0', 'en_us', ' тишаков сергей '),
 ('60', 'field', '42', 'ru', ''),
 ('59', 'field', '37', 'en_us', ''),
 ('59', 'field', '38', 'en_us', ''),
 ('59', 'field', '10', 'en_us', ''),
 ('54', 'field', '16', 'en_us', ''),
 ('54', 'field', '9', 'en_us', ''),
 ('54', 'field', '11', 'en_us', ''),
 ('54', 'field', '10', 'en_us', ''),
 ('54', 'field', '38', 'en_us', ''),
 ('54', 'field', '37', 'en_us', ''),
 ('54', 'slug', '0', 'en_us', ' малков александр '),
 ('54', 'title', '0', 'en_us', ' малков александр '),
 ('55', 'field', '42', 'ru', ''),
 ('55', 'field', '4', 'ru', ''),
 ('55', 'field', '5', 'ru', ''),
 ('55', 'field', '6', 'ru', ''),
 ('55', 'field', '7', 'ru', ' партнеры '),
 ('55', 'field', '3', 'ru', ''),
 ('55', 'field', '8', 'ru', ''),
 ('55', 'field', '12', 'ru', ''),
 ('55', 'field', '13', 'ru', ''),
 ('55', 'field', '15', 'ru', ''),
 ('55', 'field', '16', 'ru', ''),
 ('55', 'field', '9', 'ru', ''),
 ('55', 'field', '11', 'ru', ''),
 ('55', 'field', '10', 'ru', ''),
 ('55', 'field', '38', 'ru', ''),
 ('55', 'field', '37', 'ru', ''),
 ('55', 'slug', '0', 'ru', ' калинин сергей '),
 ('55', 'title', '0', 'ru', ' калинин сергей '),
 ('55', 'field', '42', 'en_us', ''),
 ('55', 'field', '4', 'en_us', ''),
 ('55', 'field', '5', 'en_us', ''),
 ('55', 'field', '6', 'en_us', ''),
 ('55', 'field', '7', 'en_us', ''),
 ('55', 'field', '3', 'en_us', ''),
 ('55', 'field', '8', 'en_us', ''),
 ('55', 'field', '12', 'en_us', ''),
 ('55', 'field', '13', 'en_us', ''),
 ('55', 'field', '15', 'en_us', ''),
 ('55', 'field', '16', 'en_us', ''),
 ('55', 'field', '9', 'en_us', ''),
 ('55', 'field', '11', 'en_us', ''),
 ('55', 'field', '10', 'en_us', ''),
 ('55', 'field', '38', 'en_us', ''),
 ('55', 'field', '37', 'en_us', ''),
 ('55', 'slug', '0', 'en_us', ' калинин сергей '),
 ('55', 'title', '0', 'en_us', ' калинин сергей '),
 ('56', 'field', '42', 'ru', ''),
 ('56', 'field', '4', 'ru', ''),
 ('56', 'field', '5', 'ru', ''),
 ('56', 'field', '6', 'ru', ''),
 ('56', 'field', '7', 'ru', ' партнеры '),
 ('56', 'field', '3', 'ru', ''),
 ('56', 'field', '8', 'ru', ''),
 ('56', 'field', '12', 'ru', ''),
 ('56', 'field', '13', 'ru', ''),
 ('56', 'field', '15', 'ru', ''),
 ('56', 'field', '16', 'ru', ''),
 ('56', 'field', '9', 'ru', ''),
 ('56', 'field', '11', 'ru', ''),
 ('56', 'field', '10', 'ru', ''),
 ('56', 'field', '38', 'ru', ''),
 ('56', 'field', '37', 'ru', ''),
 ('56', 'slug', '0', 'ru', ' засимова анна '),
 ('56', 'title', '0', 'ru', ' засимова анна '),
 ('56', 'field', '42', 'en_us', ''),
 ('56', 'field', '4', 'en_us', ''),
 ('56', 'field', '5', 'en_us', ''),
 ('56', 'field', '6', 'en_us', ''),
 ('56', 'field', '7', 'en_us', ' partners '),
 ('56', 'field', '3', 'en_us', ''),
 ('56', 'field', '8', 'en_us', ''),
 ('56', 'field', '12', 'en_us', ''),
 ('56', 'field', '13', 'en_us', ''),
 ('56', 'field', '15', 'en_us', ''),
 ('56', 'field', '16', 'en_us', ''),
 ('56', 'field', '9', 'en_us', ''),
 ('56', 'field', '11', 'en_us', ''),
 ('56', 'field', '10', 'en_us', ''),
 ('56', 'field', '38', 'en_us', ''),
 ('56', 'field', '37', 'en_us', ''),
 ('56', 'slug', '0', 'en_us', ' засимова анна '),
 ('56', 'title', '0', 'en_us', ' засимова анна ');
INSERT INTO `craft_searchindex` (`elementId`, `attribute`, `fieldId`, `locale`, `keywords`) VALUES
 ('57', 'field', '42', 'ru', ''),
 ('57', 'field', '4', 'ru', ''),
 ('57', 'field', '5', 'ru', ''),
 ('57', 'field', '6', 'ru', ''),
 ('57', 'field', '7', 'ru', ' партнеры '),
 ('57', 'field', '3', 'ru', ''),
 ('57', 'field', '8', 'ru', ''),
 ('57', 'field', '12', 'ru', ''),
 ('57', 'field', '13', 'ru', ''),
 ('57', 'field', '15', 'ru', ''),
 ('57', 'field', '16', 'ru', ''),
 ('57', 'field', '9', 'ru', ''),
 ('57', 'field', '11', 'ru', ''),
 ('57', 'field', '10', 'ru', ''),
 ('57', 'field', '38', 'ru', ''),
 ('57', 'field', '37', 'ru', ''),
 ('57', 'slug', '0', 'ru', ' дмитриева елена '),
 ('57', 'title', '0', 'ru', ' дмитриева елена '),
 ('57', 'field', '42', 'en_us', ''),
 ('57', 'field', '4', 'en_us', ''),
 ('57', 'field', '5', 'en_us', ''),
 ('57', 'field', '6', 'en_us', ''),
 ('57', 'field', '7', 'en_us', ' partners '),
 ('57', 'field', '3', 'en_us', ''),
 ('57', 'field', '8', 'en_us', ''),
 ('57', 'field', '12', 'en_us', ''),
 ('57', 'field', '13', 'en_us', ''),
 ('57', 'field', '15', 'en_us', ''),
 ('57', 'field', '16', 'en_us', ''),
 ('57', 'field', '9', 'en_us', ''),
 ('57', 'field', '11', 'en_us', ''),
 ('57', 'field', '10', 'en_us', ''),
 ('57', 'field', '38', 'en_us', ''),
 ('57', 'field', '37', 'en_us', ''),
 ('57', 'slug', '0', 'en_us', ' дмитриева елена '),
 ('57', 'title', '0', 'en_us', ' дмитриева елена '),
 ('58', 'field', '42', 'ru', ''),
 ('58', 'field', '4', 'ru', ''),
 ('58', 'field', '5', 'ru', ''),
 ('58', 'field', '6', 'ru', ''),
 ('58', 'field', '7', 'ru', ' партнеры '),
 ('58', 'field', '3', 'ru', ''),
 ('58', 'field', '8', 'ru', ''),
 ('58', 'field', '12', 'ru', ''),
 ('58', 'field', '13', 'ru', ''),
 ('58', 'field', '15', 'ru', ''),
 ('58', 'field', '16', 'ru', ''),
 ('58', 'field', '9', 'ru', ''),
 ('58', 'field', '11', 'ru', ''),
 ('58', 'field', '10', 'ru', ''),
 ('58', 'field', '38', 'ru', ''),
 ('58', 'field', '37', 'ru', ''),
 ('58', 'slug', '0', 'ru', ' князева татьяна '),
 ('58', 'title', '0', 'ru', ' князева татьяна '),
 ('58', 'field', '42', 'en_us', ''),
 ('58', 'field', '4', 'en_us', ''),
 ('58', 'field', '5', 'en_us', ''),
 ('58', 'field', '6', 'en_us', ''),
 ('58', 'field', '7', 'en_us', ' partners '),
 ('58', 'field', '3', 'en_us', ''),
 ('58', 'field', '8', 'en_us', ''),
 ('58', 'field', '12', 'en_us', ''),
 ('58', 'field', '13', 'en_us', ''),
 ('58', 'field', '15', 'en_us', ''),
 ('58', 'field', '16', 'en_us', ''),
 ('58', 'field', '9', 'en_us', ''),
 ('58', 'field', '11', 'en_us', ''),
 ('58', 'field', '10', 'en_us', ''),
 ('58', 'field', '38', 'en_us', ''),
 ('58', 'field', '37', 'en_us', ''),
 ('58', 'slug', '0', 'en_us', ' князева татьяна '),
 ('58', 'title', '0', 'en_us', ' князева татьяна '),
 ('59', 'field', '42', 'ru', ''),
 ('59', 'field', '4', 'ru', ''),
 ('59', 'field', '5', 'ru', ''),
 ('59', 'field', '6', 'ru', ''),
 ('59', 'field', '7', 'ru', ' партнеры '),
 ('59', 'field', '3', 'ru', ''),
 ('59', 'field', '8', 'ru', ''),
 ('59', 'field', '12', 'ru', ''),
 ('59', 'field', '13', 'ru', ''),
 ('59', 'field', '15', 'ru', ''),
 ('59', 'field', '16', 'ru', ''),
 ('59', 'field', '9', 'ru', ''),
 ('59', 'field', '11', 'ru', ''),
 ('59', 'field', '10', 'ru', ''),
 ('59', 'field', '38', 'ru', ''),
 ('59', 'field', '37', 'ru', ''),
 ('59', 'slug', '0', 'ru', ' тишаков сергей '),
 ('59', 'title', '0', 'ru', ' тишаков сергей '),
 ('59', 'field', '42', 'en_us', ''),
 ('59', 'field', '4', 'en_us', ''),
 ('59', 'field', '5', 'en_us', ''),
 ('59', 'field', '6', 'en_us', ''),
 ('60', 'field', '7', 'ru', ' партнеры '),
 ('60', 'field', '3', 'ru', ''),
 ('60', 'field', '8', 'ru', ''),
 ('60', 'field', '12', 'ru', ''),
 ('60', 'field', '13', 'ru', ''),
 ('60', 'field', '15', 'ru', '');
INSERT INTO `craft_searchindex` (`elementId`, `attribute`, `fieldId`, `locale`, `keywords`) VALUES
 ('60', 'field', '16', 'ru', ''),
 ('60', 'field', '9', 'ru', ''),
 ('60', 'field', '11', 'ru', ''),
 ('60', 'field', '10', 'ru', ''),
 ('60', 'field', '38', 'ru', ''),
 ('60', 'field', '37', 'ru', ''),
 ('60', 'slug', '0', 'ru', ' сидоренко александр '),
 ('60', 'title', '0', 'ru', ' сидоренко александр '),
 ('60', 'field', '42', 'en_us', ''),
 ('60', 'field', '4', 'en_us', ''),
 ('60', 'field', '5', 'en_us', ''),
 ('60', 'field', '6', 'en_us', ''),
 ('60', 'field', '7', 'en_us', ' partners '),
 ('60', 'field', '3', 'en_us', ''),
 ('60', 'field', '8', 'en_us', ''),
 ('60', 'field', '12', 'en_us', ''),
 ('60', 'field', '13', 'en_us', ''),
 ('60', 'field', '15', 'en_us', ''),
 ('60', 'field', '16', 'en_us', ''),
 ('60', 'field', '9', 'en_us', ''),
 ('60', 'field', '11', 'en_us', ''),
 ('60', 'field', '10', 'en_us', ''),
 ('60', 'field', '38', 'en_us', ''),
 ('60', 'field', '37', 'en_us', ''),
 ('60', 'slug', '0', 'en_us', ' сидоренко александр '),
 ('60', 'title', '0', 'en_us', ' сидоренко александр '),
 ('61', 'field', '4', 'ru', ''),
 ('61', 'field', '5', 'ru', ''),
 ('61', 'field', '6', 'ru', ''),
 ('61', 'field', '7', 'ru', ' партнеры '),
 ('61', 'field', '3', 'ru', ''),
 ('61', 'field', '8', 'ru', ''),
 ('61', 'field', '12', 'ru', ''),
 ('61', 'field', '13', 'ru', ''),
 ('61', 'field', '15', 'ru', ''),
 ('61', 'field', '16', 'ru', ''),
 ('61', 'field', '9', 'ru', ''),
 ('61', 'field', '11', 'ru', ''),
 ('61', 'field', '10', 'ru', ''),
 ('61', 'field', '38', 'ru', ''),
 ('61', 'field', '37', 'ru', ' консалтинг корпоративные финансы оценочные услуги финансовые расследования '),
 ('61', 'slug', '0', 'ru', ' писарев андрей '),
 ('61', 'title', '0', 'ru', ' писарев андрей '),
 ('61', 'field', '4', 'en_us', ''),
 ('61', 'field', '5', 'en_us', ''),
 ('61', 'field', '6', 'en_us', ''),
 ('61', 'field', '7', 'en_us', ' partners '),
 ('61', 'field', '3', 'en_us', ''),
 ('61', 'field', '8', 'en_us', ''),
 ('61', 'field', '12', 'en_us', ''),
 ('61', 'field', '13', 'en_us', ''),
 ('61', 'field', '15', 'en_us', ''),
 ('61', 'field', '16', 'en_us', ''),
 ('61', 'field', '9', 'en_us', ''),
 ('61', 'field', '11', 'en_us', ''),
 ('61', 'field', '10', 'en_us', ''),
 ('61', 'field', '38', 'en_us', ''),
 ('61', 'field', '37', 'en_us', ' консалтинг корпоративные финансы оценочные услуги финансовые расследования '),
 ('61', 'slug', '0', 'en_us', ' писарев андрей '),
 ('61', 'title', '0', 'en_us', ' писарев андрей '),
 ('62', 'field', '4', 'ru', ''),
 ('62', 'field', '5', 'ru', ''),
 ('62', 'field', '6', 'ru', ''),
 ('62', 'field', '7', 'ru', ' директора '),
 ('62', 'field', '3', 'ru', ''),
 ('62', 'field', '8', 'ru', ''),
 ('62', 'field', '12', 'ru', ''),
 ('62', 'field', '13', 'ru', ''),
 ('62', 'field', '15', 'ru', ''),
 ('62', 'field', '16', 'ru', ''),
 ('62', 'field', '9', 'ru', ''),
 ('62', 'field', '11', 'ru', ''),
 ('62', 'field', '10', 'ru', ''),
 ('62', 'field', '38', 'ru', ' финансовый сектор '),
 ('62', 'field', '37', 'ru', ''),
 ('62', 'slug', '0', 'ru', ' деев максим '),
 ('62', 'title', '0', 'ru', ' деев максим '),
 ('62', 'field', '4', 'en_us', ''),
 ('62', 'field', '5', 'en_us', ''),
 ('62', 'field', '6', 'en_us', ''),
 ('62', 'field', '7', 'en_us', ' superintendents '),
 ('62', 'field', '3', 'en_us', ''),
 ('62', 'field', '8', 'en_us', ''),
 ('62', 'field', '12', 'en_us', ''),
 ('62', 'field', '13', 'en_us', ''),
 ('62', 'field', '15', 'en_us', ''),
 ('62', 'field', '16', 'en_us', ''),
 ('62', 'field', '9', 'en_us', ''),
 ('62', 'field', '11', 'en_us', ''),
 ('62', 'field', '10', 'en_us', ''),
 ('62', 'field', '38', 'en_us', ' финансовый сектор '),
 ('62', 'field', '37', 'en_us', ''),
 ('62', 'slug', '0', 'en_us', ' деев максим '),
 ('62', 'title', '0', 'en_us', ' деев максим '),
 ('63', 'field', '4', 'ru', ''),
 ('63', 'field', '5', 'ru', ''),
 ('63', 'field', '6', 'ru', ''),
 ('63', 'field', '7', 'ru', ' директора '),
 ('63', 'field', '3', 'ru', ''),
 ('63', 'field', '8', 'ru', '');
INSERT INTO `craft_searchindex` (`elementId`, `attribute`, `fieldId`, `locale`, `keywords`) VALUES
 ('63', 'field', '12', 'ru', ''),
 ('63', 'field', '13', 'ru', ''),
 ('63', 'field', '15', 'ru', ''),
 ('63', 'field', '16', 'ru', ''),
 ('63', 'field', '9', 'ru', ''),
 ('63', 'field', '11', 'ru', ''),
 ('63', 'field', '10', 'ru', ''),
 ('63', 'field', '38', 'ru', ''),
 ('63', 'field', '37', 'ru', ''),
 ('63', 'slug', '0', 'ru', ' шалумов захар '),
 ('63', 'title', '0', 'ru', ' шалумов захар '),
 ('63', 'field', '4', 'en_us', ''),
 ('63', 'field', '5', 'en_us', ''),
 ('63', 'field', '6', 'en_us', ''),
 ('63', 'field', '7', 'en_us', ' superintendents '),
 ('63', 'field', '3', 'en_us', ''),
 ('63', 'field', '8', 'en_us', ''),
 ('63', 'field', '12', 'en_us', ''),
 ('63', 'field', '13', 'en_us', ''),
 ('63', 'field', '15', 'en_us', ''),
 ('63', 'field', '16', 'en_us', ''),
 ('63', 'field', '9', 'en_us', ''),
 ('63', 'field', '11', 'en_us', ''),
 ('63', 'field', '10', 'en_us', ''),
 ('63', 'field', '38', 'en_us', ''),
 ('63', 'field', '37', 'en_us', ''),
 ('63', 'slug', '0', 'en_us', ' шалумов захар '),
 ('63', 'title', '0', 'en_us', ' шалумов захар '),
 ('64', 'field', '4', 'ru', ''),
 ('64', 'field', '5', 'ru', ''),
 ('64', 'field', '6', 'ru', ''),
 ('64', 'field', '7', 'ru', ' директора '),
 ('64', 'field', '3', 'ru', ''),
 ('64', 'field', '8', 'ru', ''),
 ('64', 'field', '12', 'ru', ''),
 ('64', 'field', '13', 'ru', ''),
 ('64', 'field', '15', 'ru', ''),
 ('64', 'field', '16', 'ru', ''),
 ('64', 'field', '9', 'ru', ''),
 ('64', 'field', '11', 'ru', ''),
 ('64', 'field', '10', 'ru', ''),
 ('64', 'field', '38', 'ru', ''),
 ('64', 'field', '37', 'ru', ''),
 ('64', 'slug', '0', 'ru', ' карапетян мэри '),
 ('64', 'title', '0', 'ru', ' карапетян мэри '),
 ('64', 'field', '4', 'en_us', ''),
 ('64', 'field', '5', 'en_us', ''),
 ('64', 'field', '6', 'en_us', ''),
 ('64', 'field', '7', 'en_us', ' superintendents '),
 ('64', 'field', '3', 'en_us', ''),
 ('64', 'field', '8', 'en_us', ''),
 ('64', 'field', '12', 'en_us', ''),
 ('64', 'field', '13', 'en_us', ''),
 ('64', 'field', '15', 'en_us', ''),
 ('64', 'field', '16', 'en_us', ''),
 ('64', 'field', '9', 'en_us', ''),
 ('64', 'field', '11', 'en_us', ''),
 ('64', 'field', '10', 'en_us', ''),
 ('64', 'field', '38', 'en_us', ''),
 ('64', 'field', '37', 'en_us', ''),
 ('64', 'slug', '0', 'en_us', ' карапетян мэри '),
 ('64', 'title', '0', 'en_us', ' карапетян мэри '),
 ('65', 'field', '4', 'ru', ''),
 ('65', 'field', '5', 'ru', ''),
 ('65', 'field', '6', 'ru', ''),
 ('65', 'field', '7', 'ru', ' директора '),
 ('65', 'field', '3', 'ru', ''),
 ('65', 'field', '8', 'ru', ''),
 ('65', 'field', '12', 'ru', ''),
 ('65', 'field', '13', 'ru', ''),
 ('65', 'field', '15', 'ru', ''),
 ('65', 'field', '16', 'ru', ''),
 ('65', 'field', '9', 'ru', ''),
 ('65', 'field', '11', 'ru', ''),
 ('65', 'field', '10', 'ru', ''),
 ('65', 'field', '38', 'ru', ''),
 ('65', 'field', '37', 'ru', ''),
 ('65', 'slug', '0', 'ru', ' кучер дмитрий '),
 ('65', 'title', '0', 'ru', ' кучер дмитрий '),
 ('65', 'field', '4', 'en_us', ''),
 ('65', 'field', '5', 'en_us', ''),
 ('65', 'field', '6', 'en_us', ''),
 ('65', 'field', '7', 'en_us', ' superintendents '),
 ('65', 'field', '3', 'en_us', ''),
 ('65', 'field', '8', 'en_us', ''),
 ('65', 'field', '12', 'en_us', ''),
 ('65', 'field', '13', 'en_us', ''),
 ('65', 'field', '15', 'en_us', ''),
 ('65', 'field', '16', 'en_us', ''),
 ('65', 'field', '9', 'en_us', ''),
 ('65', 'field', '11', 'en_us', ''),
 ('65', 'field', '10', 'en_us', ''),
 ('65', 'field', '38', 'en_us', ''),
 ('65', 'field', '37', 'en_us', ''),
 ('65', 'slug', '0', 'en_us', ' кучер дмитрий '),
 ('65', 'title', '0', 'en_us', ' кучер дмитрий '),
 ('66', 'field', '4', 'ru', ''),
 ('66', 'field', '5', 'ru', ''),
 ('66', 'field', '6', 'ru', ''),
 ('66', 'field', '7', 'ru', ' директора ');
INSERT INTO `craft_searchindex` (`elementId`, `attribute`, `fieldId`, `locale`, `keywords`) VALUES
 ('66', 'field', '3', 'ru', ''),
 ('66', 'field', '8', 'ru', ''),
 ('66', 'field', '12', 'ru', ''),
 ('66', 'field', '13', 'ru', ''),
 ('66', 'field', '15', 'ru', ''),
 ('66', 'field', '16', 'ru', ''),
 ('66', 'field', '9', 'ru', ''),
 ('66', 'field', '11', 'ru', ''),
 ('66', 'field', '10', 'ru', ''),
 ('66', 'field', '38', 'ru', ''),
 ('66', 'field', '37', 'ru', ''),
 ('66', 'slug', '0', 'ru', ' ланда леонид '),
 ('66', 'title', '0', 'ru', ' ланда леонид '),
 ('66', 'field', '4', 'en_us', ''),
 ('66', 'field', '5', 'en_us', ''),
 ('66', 'field', '6', 'en_us', ''),
 ('66', 'field', '7', 'en_us', ' superintendents '),
 ('66', 'field', '3', 'en_us', ''),
 ('66', 'field', '8', 'en_us', ''),
 ('66', 'field', '12', 'en_us', ''),
 ('66', 'field', '13', 'en_us', ''),
 ('66', 'field', '15', 'en_us', ''),
 ('66', 'field', '16', 'en_us', ''),
 ('66', 'field', '9', 'en_us', ''),
 ('66', 'field', '11', 'en_us', ''),
 ('66', 'field', '10', 'en_us', ''),
 ('66', 'field', '38', 'en_us', ''),
 ('66', 'field', '37', 'en_us', ''),
 ('66', 'slug', '0', 'en_us', ' ланда леонид '),
 ('66', 'title', '0', 'en_us', ' ланда леонид '),
 ('67', 'field', '4', 'ru', ''),
 ('67', 'field', '5', 'ru', ''),
 ('67', 'field', '6', 'ru', ''),
 ('67', 'field', '7', 'ru', ' директора '),
 ('67', 'field', '3', 'ru', ''),
 ('67', 'field', '8', 'ru', ''),
 ('67', 'field', '12', 'ru', ''),
 ('67', 'field', '13', 'ru', ''),
 ('67', 'field', '15', 'ru', ''),
 ('67', 'field', '16', 'ru', ''),
 ('67', 'field', '9', 'ru', ''),
 ('67', 'field', '11', 'ru', ''),
 ('67', 'field', '10', 'ru', ''),
 ('67', 'field', '38', 'ru', ''),
 ('67', 'field', '37', 'ru', ''),
 ('67', 'slug', '0', 'ru', ' живчиков денис '),
 ('67', 'title', '0', 'ru', ' живчиков денис '),
 ('67', 'field', '4', 'en_us', ''),
 ('67', 'field', '5', 'en_us', ''),
 ('67', 'field', '6', 'en_us', ''),
 ('67', 'field', '7', 'en_us', ' superintendents '),
 ('67', 'field', '3', 'en_us', ''),
 ('67', 'field', '8', 'en_us', ''),
 ('67', 'field', '12', 'en_us', ''),
 ('67', 'field', '13', 'en_us', ''),
 ('67', 'field', '15', 'en_us', ''),
 ('67', 'field', '16', 'en_us', ''),
 ('67', 'field', '9', 'en_us', ''),
 ('67', 'field', '11', 'en_us', ''),
 ('67', 'field', '10', 'en_us', ''),
 ('67', 'field', '38', 'en_us', ''),
 ('67', 'field', '37', 'en_us', ''),
 ('67', 'slug', '0', 'en_us', ' живчиков денис '),
 ('67', 'title', '0', 'en_us', ' живчиков денис '),
 ('68', 'field', '4', 'ru', ''),
 ('68', 'field', '5', 'ru', ''),
 ('68', 'field', '6', 'ru', ''),
 ('68', 'field', '7', 'ru', ' директора '),
 ('68', 'field', '3', 'ru', ''),
 ('68', 'field', '8', 'ru', ''),
 ('68', 'field', '12', 'ru', ''),
 ('68', 'field', '13', 'ru', ''),
 ('68', 'field', '15', 'ru', ''),
 ('68', 'field', '16', 'ru', ''),
 ('68', 'field', '9', 'ru', ''),
 ('68', 'field', '11', 'ru', ''),
 ('68', 'field', '10', 'ru', ''),
 ('68', 'field', '38', 'ru', ''),
 ('68', 'field', '37', 'ru', ''),
 ('68', 'slug', '0', 'ru', ' трифаненкова марина '),
 ('68', 'title', '0', 'ru', ' трифаненкова марина '),
 ('68', 'field', '4', 'en_us', ''),
 ('68', 'field', '5', 'en_us', ''),
 ('68', 'field', '6', 'en_us', ''),
 ('68', 'field', '7', 'en_us', ' superintendents '),
 ('68', 'field', '3', 'en_us', ''),
 ('68', 'field', '8', 'en_us', ''),
 ('68', 'field', '12', 'en_us', ''),
 ('68', 'field', '13', 'en_us', ''),
 ('68', 'field', '15', 'en_us', ''),
 ('68', 'field', '16', 'en_us', ''),
 ('68', 'field', '9', 'en_us', ''),
 ('68', 'field', '11', 'en_us', ''),
 ('68', 'field', '10', 'en_us', ''),
 ('68', 'field', '38', 'en_us', ''),
 ('68', 'field', '37', 'en_us', ''),
 ('68', 'slug', '0', 'en_us', ' трифаненкова марина '),
 ('68', 'title', '0', 'en_us', ' трифаненкова марина '),
 ('69', 'field', '4', 'ru', ''),
 ('69', 'field', '5', 'ru', '');
INSERT INTO `craft_searchindex` (`elementId`, `attribute`, `fieldId`, `locale`, `keywords`) VALUES
 ('69', 'field', '6', 'ru', ''),
 ('69', 'field', '7', 'ru', ' директора '),
 ('69', 'field', '3', 'ru', ''),
 ('69', 'field', '8', 'ru', ''),
 ('69', 'field', '12', 'ru', ''),
 ('69', 'field', '13', 'ru', ''),
 ('69', 'field', '15', 'ru', ''),
 ('69', 'field', '16', 'ru', ''),
 ('69', 'field', '9', 'ru', ''),
 ('69', 'field', '11', 'ru', ''),
 ('69', 'field', '10', 'ru', ''),
 ('69', 'field', '38', 'ru', ''),
 ('69', 'field', '37', 'ru', ''),
 ('69', 'slug', '0', 'ru', ' боровикова алена '),
 ('69', 'title', '0', 'ru', ' боровикова алена '),
 ('69', 'field', '4', 'en_us', ''),
 ('69', 'field', '5', 'en_us', ''),
 ('69', 'field', '6', 'en_us', ''),
 ('69', 'field', '7', 'en_us', ' superintendents '),
 ('69', 'field', '3', 'en_us', ''),
 ('69', 'field', '8', 'en_us', ''),
 ('69', 'field', '12', 'en_us', ''),
 ('69', 'field', '13', 'en_us', ''),
 ('69', 'field', '15', 'en_us', ''),
 ('69', 'field', '16', 'en_us', ''),
 ('69', 'field', '9', 'en_us', ''),
 ('69', 'field', '11', 'en_us', ''),
 ('69', 'field', '10', 'en_us', ''),
 ('69', 'field', '38', 'en_us', ''),
 ('69', 'field', '37', 'en_us', ''),
 ('69', 'slug', '0', 'en_us', ' боровикова алена '),
 ('69', 'title', '0', 'en_us', ' боровикова алена '),
 ('4', 'field', '45', 'ru', ' партнер '),
 ('4', 'field', '45', 'en_us', ' partner '),
 ('5', 'field', '45', 'ru', ' директор '),
 ('5', 'field', '45', 'en_us', ' superintendent '),
 ('6', 'field', '45', 'ru', ' старший менеджер '),
 ('6', 'field', '45', 'en_us', ' manager '),
 ('70', 'field', '4', 'ru', ' марина '),
 ('70', 'field', '5', 'ru', ' закоян '),
 ('70', 'field', '7', 'ru', ' директора '),
 ('70', 'field', '46', 'ru', ' старший юрист '),
 ('70', 'field', '6', 'ru', ''),
 ('70', 'field', '3', 'ru', ''),
 ('70', 'field', '8', 'ru', ''),
 ('70', 'field', '12', 'ru', ''),
 ('70', 'field', '13', 'ru', ''),
 ('70', 'field', '15', 'ru', ''),
 ('70', 'field', '16', 'ru', ''),
 ('70', 'field', '9', 'ru', ''),
 ('70', 'field', '11', 'ru', ''),
 ('70', 'field', '10', 'ru', ''),
 ('70', 'field', '38', 'ru', ''),
 ('70', 'field', '37', 'ru', ''),
 ('70', 'slug', '0', 'ru', ' закоян марина '),
 ('70', 'title', '0', 'ru', ' закоян марина '),
 ('70', 'field', '4', 'en_us', ' марина '),
 ('70', 'field', '5', 'en_us', ' закоян '),
 ('70', 'field', '7', 'en_us', ' superintendents '),
 ('70', 'field', '46', 'en_us', ' старший юрист '),
 ('70', 'field', '6', 'en_us', ''),
 ('70', 'field', '3', 'en_us', ''),
 ('70', 'field', '8', 'en_us', ''),
 ('70', 'field', '12', 'en_us', ''),
 ('70', 'field', '13', 'en_us', ''),
 ('70', 'field', '15', 'en_us', ''),
 ('70', 'field', '16', 'en_us', ''),
 ('70', 'field', '9', 'en_us', ''),
 ('70', 'field', '11', 'en_us', ''),
 ('70', 'field', '10', 'en_us', ''),
 ('70', 'field', '38', 'en_us', ''),
 ('70', 'field', '37', 'en_us', ''),
 ('70', 'slug', '0', 'en_us', ' закоян марина '),
 ('70', 'title', '0', 'en_us', ' закоян марина '),
 ('71', 'field', '4', 'ru', ''),
 ('71', 'field', '5', 'ru', ''),
 ('71', 'field', '7', 'ru', ' менеджеры '),
 ('71', 'field', '46', 'ru', ''),
 ('71', 'field', '6', 'ru', ''),
 ('71', 'field', '3', 'ru', ''),
 ('71', 'field', '8', 'ru', ''),
 ('71', 'field', '12', 'ru', ''),
 ('71', 'field', '13', 'ru', ''),
 ('71', 'field', '15', 'ru', ''),
 ('71', 'field', '16', 'ru', ''),
 ('71', 'field', '9', 'ru', ''),
 ('71', 'field', '11', 'ru', ''),
 ('71', 'field', '10', 'ru', ''),
 ('71', 'field', '38', 'ru', ''),
 ('71', 'field', '37', 'ru', ''),
 ('71', 'slug', '0', 'ru', ' новикова анна '),
 ('71', 'title', '0', 'ru', ' новикова анна '),
 ('71', 'field', '4', 'en_us', ''),
 ('71', 'field', '5', 'en_us', ''),
 ('71', 'field', '7', 'en_us', ' managers '),
 ('71', 'field', '46', 'en_us', ''),
 ('71', 'field', '6', 'en_us', ''),
 ('71', 'field', '3', 'en_us', ''),
 ('71', 'field', '8', 'en_us', ''),
 ('71', 'field', '12', 'en_us', '');
INSERT INTO `craft_searchindex` (`elementId`, `attribute`, `fieldId`, `locale`, `keywords`) VALUES
 ('71', 'field', '13', 'en_us', ''),
 ('71', 'field', '15', 'en_us', ''),
 ('71', 'field', '16', 'en_us', ''),
 ('71', 'field', '9', 'en_us', ''),
 ('71', 'field', '11', 'en_us', ''),
 ('71', 'field', '10', 'en_us', ''),
 ('71', 'field', '38', 'en_us', ''),
 ('71', 'field', '37', 'en_us', ''),
 ('71', 'slug', '0', 'en_us', ' новикова анна '),
 ('71', 'title', '0', 'en_us', ' новикова анна '),
 ('72', 'field', '4', 'ru', ''),
 ('72', 'field', '5', 'ru', ''),
 ('72', 'field', '7', 'ru', ' менеджеры '),
 ('72', 'field', '46', 'ru', ''),
 ('72', 'field', '6', 'ru', ''),
 ('72', 'field', '3', 'ru', ''),
 ('72', 'field', '8', 'ru', ''),
 ('72', 'field', '12', 'ru', ' victoria egoshina bakertilly ru '),
 ('72', 'field', '13', 'ru', ''),
 ('72', 'field', '15', 'ru', ' 244 '),
 ('72', 'field', '16', 'ru', ' 2342342 '),
 ('72', 'field', '9', 'ru', ''),
 ('72', 'field', '11', 'ru', ''),
 ('72', 'field', '10', 'ru', ''),
 ('72', 'field', '38', 'ru', ''),
 ('72', 'field', '37', 'ru', ''),
 ('72', 'slug', '0', 'ru', ' егошина виктория '),
 ('72', 'title', '0', 'ru', ' егошина виктория '),
 ('72', 'field', '4', 'en_us', ''),
 ('72', 'field', '5', 'en_us', ''),
 ('72', 'field', '7', 'en_us', ' managers '),
 ('72', 'field', '46', 'en_us', ''),
 ('72', 'field', '6', 'en_us', ''),
 ('72', 'field', '3', 'en_us', ''),
 ('72', 'field', '8', 'en_us', ''),
 ('72', 'field', '12', 'en_us', ' victoria egoshina bakertilly ru '),
 ('72', 'field', '13', 'en_us', ''),
 ('72', 'field', '15', 'en_us', ' 244 '),
 ('72', 'field', '16', 'en_us', ' 2342342 '),
 ('72', 'field', '9', 'en_us', ''),
 ('72', 'field', '11', 'en_us', ''),
 ('72', 'field', '10', 'en_us', ''),
 ('72', 'field', '38', 'en_us', ''),
 ('72', 'field', '37', 'en_us', ''),
 ('72', 'slug', '0', 'en_us', ' егошина виктория '),
 ('72', 'title', '0', 'en_us', ' егошина виктория '),
 ('54', 'field', '46', 'ru', ''),
 ('73', 'slug', '0', 'ru', ''),
 ('73', 'slug', '0', 'en_us', ''),
 ('73', 'field', '12', 'ru', ' info bakertilly ru '),
 ('73', 'field', '15', 'ru', ' 7495 258 9990 '),
 ('73', 'field', '16', 'ru', ''),
 ('73', 'field', '12', 'en_us', ' info bakertilly ru '),
 ('73', 'field', '15', 'en_us', ' 7495 258 9990 '),
 ('73', 'field', '16', 'en_us', ''),
 ('74', 'slug', '0', 'ru', ' главная страница '),
 ('74', 'title', '0', 'ru', ' главная страница '),
 ('74', 'slug', '0', 'en_us', ' главная страница '),
 ('74', 'title', '0', 'en_us', ' главная страница '),
 ('75', 'slug', '0', 'ru', ' услуги '),
 ('75', 'title', '0', 'ru', ' услуги '),
 ('75', 'slug', '0', 'en_us', ' услуги '),
 ('75', 'title', '0', 'en_us', ' услуги '),
 ('76', 'slug', '0', 'ru', ' отрасли '),
 ('76', 'title', '0', 'ru', ' отрасли '),
 ('76', 'slug', '0', 'en_us', ' отрасли '),
 ('76', 'title', '0', 'en_us', ' отрасли '),
 ('77', 'slug', '0', 'ru', ' новости '),
 ('77', 'title', '0', 'ru', ' новости '),
 ('77', 'slug', '0', 'en_us', ' новости '),
 ('77', 'title', '0', 'en_us', ' новости '),
 ('84', 'field', '6', 'ru', ''),
 ('84', 'field', '4', 'ru', ''),
 ('84', 'field', '5', 'ru', ''),
 ('84', 'field', '7', 'ru', ' менеджеры '),
 ('84', 'field', '46', 'ru', ''),
 ('79', 'slug', '0', 'ru', ' точка зрения '),
 ('79', 'title', '0', 'ru', ' точка зрения '),
 ('79', 'slug', '0', 'en_us', ' точка зрения '),
 ('79', 'title', '0', 'en_us', ' точка зрения '),
 ('80', 'slug', '0', 'ru', ' налоговые обзоры '),
 ('80', 'title', '0', 'ru', ' налоговые обзоры '),
 ('80', 'slug', '0', 'en_us', ' налоговые обзоры '),
 ('80', 'title', '0', 'en_us', ' налоговые обзоры '),
 ('82', 'slug', '0', 'en_us', ' партнеры '),
 ('82', 'slug', '0', 'ru', ' партнеры '),
 ('82', 'title', '0', 'ru', ' партнеры '),
 ('82', 'title', '0', 'en_us', ' партнеры '),
 ('83', 'slug', '0', 'ru', ' команда '),
 ('83', 'title', '0', 'ru', ' команда '),
 ('83', 'slug', '0', 'en_us', ' команда '),
 ('83', 'title', '0', 'en_us', ' команда '),
 ('84', 'field', '3', 'ru', ''),
 ('84', 'field', '8', 'ru', ''),
 ('84', 'field', '12', 'ru', ''),
 ('84', 'field', '13', 'ru', ''),
 ('84', 'field', '15', 'ru', ''),
 ('84', 'field', '16', 'ru', ''),
 ('84', 'field', '9', 'ru', ''),
 ('84', 'field', '11', 'ru', '');
INSERT INTO `craft_searchindex` (`elementId`, `attribute`, `fieldId`, `locale`, `keywords`) VALUES
 ('84', 'field', '10', 'ru', ''),
 ('84', 'field', '38', 'ru', ''),
 ('84', 'field', '37', 'ru', ''),
 ('84', 'slug', '0', 'ru', ' юрасова екатерина '),
 ('84', 'title', '0', 'ru', ' юрасова екатерина '),
 ('84', 'field', '4', 'en_us', ''),
 ('84', 'field', '5', 'en_us', ''),
 ('84', 'field', '7', 'en_us', ' managers '),
 ('84', 'field', '46', 'en_us', ''),
 ('84', 'field', '6', 'en_us', ''),
 ('84', 'field', '3', 'en_us', ''),
 ('84', 'field', '8', 'en_us', ''),
 ('84', 'field', '12', 'en_us', ''),
 ('84', 'field', '13', 'en_us', ''),
 ('84', 'field', '15', 'en_us', ''),
 ('84', 'field', '16', 'en_us', ''),
 ('84', 'field', '9', 'en_us', ''),
 ('84', 'field', '11', 'en_us', ''),
 ('84', 'field', '10', 'en_us', ''),
 ('84', 'field', '38', 'en_us', ''),
 ('84', 'field', '37', 'en_us', ''),
 ('84', 'slug', '0', 'en_us', ' юрасова екатерина '),
 ('84', 'title', '0', 'en_us', ' юрасова екатерина ');



DROP TABLE IF EXISTS `craft_sections`;


--
-- Schema for table `craft_sections`
--
CREATE TABLE `craft_sections` (
  `id` int(11) NOT NULL AUTO_INCREMENT,
  `structureId` int(11) DEFAULT NULL,
  `name` varchar(255) COLLATE utf8_unicode_ci NOT NULL,
  `handle` varchar(255) COLLATE utf8_unicode_ci NOT NULL,
  `type` enum('single','channel','structure') COLLATE utf8_unicode_ci NOT NULL DEFAULT 'channel',
  `hasUrls` tinyint(1) unsigned NOT NULL DEFAULT '1',
  `template` varchar(500) COLLATE utf8_unicode_ci DEFAULT NULL,
  `enableVersioning` tinyint(1) unsigned NOT NULL DEFAULT '0',
  `dateCreated` datetime NOT NULL,
  `dateUpdated` datetime NOT NULL,
  `uid` char(36) COLLATE utf8_unicode_ci NOT NULL DEFAULT '0',
  PRIMARY KEY (`id`),
  UNIQUE KEY `craft_sections_name_unq_idx` (`name`),
  UNIQUE KEY `craft_sections_handle_unq_idx` (`handle`),
  KEY `craft_sections_structureId_fk` (`structureId`)
) ENGINE=InnoDB AUTO_INCREMENT=10 DEFAULT CHARSET=utf8 COLLATE=utf8_unicode_ci;

--
-- Data for table `craft_sections`
--

INSERT INTO `craft_sections` (`id`, `structureId`, `name`, `handle`, `type`, `hasUrls`, `template`, `enableVersioning`, `dateCreated`, `dateUpdated`, `uid`) VALUES
 ('1', NULL, 'Homepage', 'homepage', 'single', '1', 'index', '1', '2017-04-27 15:30:04', '2017-04-27 15:30:04', '585d0e7e-8fd8-46f8-a59a-4bb871449229'),
 ('2', NULL, 'News', 'news', 'channel', '1', 'news/_entry', '1', '2017-04-27 15:30:05', '2017-04-27 15:30:05', '4e7f1b1a-e4d6-48bd-8ec5-1976a56f0eee'),
 ('3', '1', 'Персоны', 'persons', 'structure', '1', 'persons/_entry', '1', '2017-04-27 16:03:14', '2017-05-02 19:47:30', 'acd7124a-7be6-4d28-bb75-0ef097d51607'),
 ('4', '4', 'Навигация', 'menu', 'structure', '0', NULL, '1', '2017-04-27 22:20:29', '2017-04-27 22:20:29', 'a4749f77-5234-4998-811b-0c6c2d357e2f'),
 ('5', NULL, 'Цитаты', 'qoutes', 'channel', '0', NULL, '1', '2017-04-28 09:28:10', '2017-04-28 09:45:31', '2326878a-40f7-4e06-8ec4-d8186eceb31e'),
 ('6', NULL, 'Проекты', 'projects', 'channel', '0', NULL, '1', '2017-04-28 09:38:17', '2017-04-28 09:45:25', '22352a3e-037a-43e0-868d-f1b26dfdaacc'),
 ('7', NULL, 'Тестовый', 'tester', 'single', '1', 'tester/_entry.html', '1', '2017-04-28 11:25:37', '2017-04-28 11:25:37', 'f84752f4-0a5f-45ad-ba97-fa5b338f9c12'),
 ('8', '5', 'Услуги', 'services', 'structure', '1', 'services/_entry', '1', '2017-05-02 14:22:00', '2017-05-02 14:23:45', 'cb69e027-bc4c-4cf9-81db-d79f02cddc0c'),
 ('9', '6', 'Отрасли', 'branches', 'structure', '1', 'branches/_entry', '1', '2017-05-02 14:22:38', '2017-05-02 14:22:38', '29ea94dd-7c0f-4f0e-b572-776e2ccd8a6c');



DROP TABLE IF EXISTS `craft_sections_i18n`;


--
-- Schema for table `craft_sections_i18n`
--
CREATE TABLE `craft_sections_i18n` (
  `id` int(11) NOT NULL AUTO_INCREMENT,
  `sectionId` int(11) NOT NULL,
  `locale` char(12) COLLATE utf8_unicode_ci NOT NULL,
  `enabledByDefault` tinyint(1) unsigned NOT NULL DEFAULT '1',
  `urlFormat` text COLLATE utf8_unicode_ci,
  `nestedUrlFormat` text COLLATE utf8_unicode_ci,
  `dateCreated` datetime NOT NULL,
  `dateUpdated` datetime NOT NULL,
  `uid` char(36) COLLATE utf8_unicode_ci NOT NULL DEFAULT '0',
  PRIMARY KEY (`id`),
  UNIQUE KEY `craft_sections_i18n_sectionId_locale_unq_idx` (`sectionId`,`locale`),
  KEY `craft_sections_i18n_locale_fk` (`locale`)
) ENGINE=InnoDB AUTO_INCREMENT=17 DEFAULT CHARSET=utf8 COLLATE=utf8_unicode_ci;

--
-- Data for table `craft_sections_i18n`
--

INSERT INTO `craft_sections_i18n` (`id`, `sectionId`, `locale`, `enabledByDefault`, `urlFormat`, `nestedUrlFormat`, `dateCreated`, `dateUpdated`, `uid`) VALUES
 ('1', '1', 'ru', '1', '__home__', NULL, '2017-04-27 15:30:04', '2017-04-27 15:30:04', 'b7355b10-6723-4185-be94-e5dff533cbd0'),
 ('2', '2', 'ru', '1', 'news/{postDate.year}/{slug}', NULL, '2017-04-27 15:30:05', '2017-04-27 15:30:05', '80533aeb-5f07-4b32-90c0-0dd0ca557720'),
 ('3', '3', 'ru', '1', 'team/{personStatus.first.slug}/{slug}', NULL, '2017-04-27 16:03:14', '2017-05-02 16:49:57', '60e551d8-2df8-464d-a6e8-cab08f532523'),
 ('4', '3', 'en_us', '1', 'team/{personStatus.first.slug}/{slug}', NULL, '2017-04-27 16:03:14', '2017-05-02 19:47:30', 'f2e224d8-4598-423d-b534-c8116fb091c1'),
 ('5', '4', 'ru', '1', NULL, NULL, '2017-04-27 22:20:29', '2017-04-27 22:20:29', '515682f9-0a3d-4d5f-9d17-e85873e64089'),
 ('6', '4', 'en_us', '1', NULL, NULL, '2017-04-27 22:20:29', '2017-04-27 22:20:29', '0b30ae83-d4ee-490b-9bc5-576692bdaab3'),
 ('7', '5', 'ru', '1', NULL, NULL, '2017-04-28 09:28:10', '2017-04-28 09:28:10', '04cb9226-e79d-40df-92c0-11940ad124f1'),
 ('8', '5', 'en_us', '0', NULL, NULL, '2017-04-28 09:28:10', '2017-04-28 09:45:31', '846afbf3-d9ec-4f87-b96e-e45c31701f45'),
 ('9', '6', 'ru', '1', NULL, NULL, '2017-04-28 09:38:17', '2017-04-28 09:38:17', 'b1871658-a916-4518-b62f-2f5b59c197bf'),
 ('10', '6', 'en_us', '0', NULL, NULL, '2017-04-28 09:38:17', '2017-04-28 09:45:25', '947dce77-2ac9-43a7-8b8b-8839621a6f3e'),
 ('11', '7', 'ru', '1', 'tester', NULL, '2017-04-28 11:25:37', '2017-04-28 11:25:37', '3876a3a5-6ab1-46e8-b86a-660a439375c8'),
 ('12', '7', 'en_us', '1', 'tester', NULL, '2017-04-28 11:25:37', '2017-04-28 11:25:37', '50c66297-aed5-4ded-82c2-8876dfa776a0'),
 ('13', '8', 'ru', '1', 'services/{slug}', '{parent.uri}/{slug}', '2017-05-02 14:22:00', '2017-05-02 14:23:45', '894d325b-c6fc-4e8e-b629-f9abacabad1d'),
 ('14', '8', 'en_us', '1', 'services/{slug}', '{parent.uri}/{slug}', '2017-05-02 14:22:00', '2017-05-02 14:23:45', '9ce334bc-cee9-4bba-8260-5f66ebc8d02a'),
 ('15', '9', 'ru', '1', 'branches/{slug}', NULL, '2017-05-02 14:22:38', '2017-05-02 14:22:38', '88c2c081-24d9-4b1a-af62-2c5b5b99727b'),
 ('16', '9', 'en_us', '1', 'branches/{slug}', NULL, '2017-05-02 14:22:38', '2017-05-02 14:22:38', '5ab91adb-83be-40cf-b6d1-4a85d3534e0e');



DROP TABLE IF EXISTS `craft_sessions`;


--
-- Schema for table `craft_sessions`
--
CREATE TABLE `craft_sessions` (
  `id` int(11) NOT NULL AUTO_INCREMENT,
  `userId` int(11) NOT NULL,
  `token` char(100) COLLATE utf8_unicode_ci NOT NULL,
  `dateCreated` datetime NOT NULL,
  `dateUpdated` datetime NOT NULL,
  `uid` char(36) COLLATE utf8_unicode_ci NOT NULL DEFAULT '0',
  PRIMARY KEY (`id`),
  KEY `craft_sessions_uid_idx` (`uid`),
  KEY `craft_sessions_token_idx` (`token`),
  KEY `craft_sessions_dateUpdated_idx` (`dateUpdated`),
  KEY `craft_sessions_userId_fk` (`userId`)
) ENGINE=InnoDB AUTO_INCREMENT=11 DEFAULT CHARSET=utf8 COLLATE=utf8_unicode_ci;

DROP TABLE IF EXISTS `craft_shunnedmessages`;


--
-- Schema for table `craft_shunnedmessages`
--
CREATE TABLE `craft_shunnedmessages` (
  `id` int(11) NOT NULL AUTO_INCREMENT,
  `userId` int(11) NOT NULL,
  `message` varchar(255) COLLATE utf8_unicode_ci NOT NULL,
  `expiryDate` datetime DEFAULT NULL,
  `dateCreated` datetime NOT NULL,
  `dateUpdated` datetime NOT NULL,
  `uid` char(36) COLLATE utf8_unicode_ci NOT NULL DEFAULT '0',
  PRIMARY KEY (`id`),
  UNIQUE KEY `craft_shunnedmessages_userId_message_unq_idx` (`userId`,`message`)
) ENGINE=InnoDB DEFAULT CHARSET=utf8 COLLATE=utf8_unicode_ci;

DROP TABLE IF EXISTS `craft_structureelements`;


--
-- Schema for table `craft_structureelements`
--
CREATE TABLE `craft_structureelements` (
  `id` int(11) NOT NULL AUTO_INCREMENT,
  `structureId` int(11) NOT NULL,
  `elementId` int(11) DEFAULT NULL,
  `root` int(11) unsigned DEFAULT NULL,
  `lft` int(11) unsigned NOT NULL,
  `rgt` int(11) unsigned NOT NULL,
  `level` smallint(6) unsigned NOT NULL,
  `dateCreated` datetime NOT NULL,
  `dateUpdated` datetime NOT NULL,
  `uid` char(36) COLLATE utf8_unicode_ci NOT NULL DEFAULT '0',
  PRIMARY KEY (`id`),
  UNIQUE KEY `craft_structureelements_structureId_elementId_unq_idx` (`structureId`,`elementId`),
  KEY `craft_structureelements_root_idx` (`root`),
  KEY `craft_structureelements_lft_idx` (`lft`),
  KEY `craft_structureelements_rgt_idx` (`rgt`),
  KEY `craft_structureelements_level_idx` (`level`),
  KEY `craft_structureelements_elementId_fk` (`elementId`)
) ENGINE=InnoDB AUTO_INCREMENT=77 DEFAULT CHARSET=utf8 COLLATE=utf8_unicode_ci;

--
-- Data for table `craft_structureelements`
--

INSERT INTO `craft_structureelements` (`id`, `structureId`, `elementId`, `root`, `lft`, `rgt`, `level`, `dateCreated`, `dateUpdated`, `uid`) VALUES
 ('1', '2', NULL, '1', '1', '8', '0', '2017-04-27 16:06:30', '2017-04-27 16:06:30', 'c1753305-2452-4e64-95e5-671af4e08cb0'),
 ('2', '2', '4', '1', '2', '3', '1', '2017-04-27 16:06:30', '2017-04-27 16:06:30', 'c8c12d2f-2078-43f2-ac9b-d16d666cec84'),
 ('3', '2', '5', '1', '4', '5', '1', '2017-04-27 16:06:56', '2017-04-27 16:06:56', '8fa235ce-4d37-4d60-9332-7656f8760638'),
 ('4', '2', '6', '1', '6', '7', '1', '2017-04-27 16:08:32', '2017-04-27 16:08:32', '624d8f9b-a5c3-4717-80ff-ef51a879fcb8'),
 ('5', '3', NULL, '5', '1', '10', '0', '2017-04-27 16:11:27', '2017-04-27 16:11:27', '442b0a4a-a86b-4db3-a932-ce5c84ca993f'),
 ('6', '3', '7', '5', '2', '3', '1', '2017-04-27 16:11:27', '2017-04-27 16:11:27', '6a737f76-c80e-4664-8870-7c62349aa12b'),
 ('7', '3', '8', '5', '4', '5', '1', '2017-04-27 16:12:12', '2017-04-27 16:12:12', 'b4939fe6-9dbf-42bd-9dfe-cfdf67f911d3'),
 ('8', '3', '9', '5', '6', '7', '1', '2017-04-27 16:13:21', '2017-04-27 16:13:21', '5aacb94e-eaae-46fa-8a0f-25d79731636f'),
 ('9', '3', '10', '5', '8', '9', '1', '2017-04-27 16:14:05', '2017-04-27 16:14:05', 'f3263b6d-46f9-4d8b-80c0-2da2cb593b81'),
 ('10', '1', NULL, '10', '1', '44', '0', '2017-04-27 16:14:56', '2017-04-27 16:14:56', 'd837a950-07d5-4aa0-bce8-1968a06bf425'),
 ('14', '4', NULL, '14', '1', '4', '0', '2017-04-27 22:24:30', '2017-04-27 22:24:30', '7be880f1-9904-4fb7-97ca-1e4f7d22bb26'),
 ('15', '4', '18', '14', '2', '3', '1', '2017-04-27 22:24:30', '2017-04-27 22:24:30', '14be53d3-4742-46ae-8a51-5556a9f91371'),
 ('16', '5', NULL, '16', '1', '18', '0', '2017-05-02 15:22:09', '2017-05-02 15:22:09', '6727c4c7-5e8a-40bc-81cc-afdbd17f3d28'),
 ('17', '5', '24', '16', '2', '3', '1', '2017-05-02 15:22:09', '2017-05-02 15:22:09', '2b1e9e06-8324-4385-be18-7289f7e1131b'),
 ('18', '5', '25', '16', '4', '5', '1', '2017-05-02 15:22:22', '2017-05-02 15:22:22', '483cd3eb-e681-4cc5-ad15-3dc01a462577'),
 ('19', '5', '26', '16', '6', '7', '1', '2017-05-02 15:22:31', '2017-05-02 15:22:31', 'a764ba6b-8ebd-431d-a0dd-48d9d8834a0e'),
 ('20', '5', '27', '16', '8', '9', '1', '2017-05-02 15:22:40', '2017-05-02 15:22:40', 'aacda232-8310-4455-9032-5f5cdf3738d2'),
 ('21', '5', '28', '16', '10', '11', '1', '2017-05-02 15:22:50', '2017-05-02 15:22:50', '72e7a365-b809-4384-98c0-7d131dcb0a25'),
 ('22', '5', '29', '16', '12', '13', '1', '2017-05-02 15:22:57', '2017-05-02 15:22:57', '41c5113f-cc52-4742-957c-932274c79f14'),
 ('23', '5', '30', '16', '14', '15', '1', '2017-05-02 15:23:06', '2017-05-02 15:23:06', 'dc5f8901-d9d0-4a3d-8650-d409eaf9781b'),
 ('24', '5', '31', '16', '16', '17', '1', '2017-05-02 15:23:16', '2017-05-02 15:23:16', '5abdb338-8588-4bf1-85d7-2cab28fab20b'),
 ('25', '6', NULL, '25', '1', '30', '0', '2017-05-02 15:24:52', '2017-05-02 15:24:52', '5d93b97b-efef-4b0f-9c3f-5721877f17de'),
 ('26', '6', '32', '25', '2', '3', '1', '2017-05-02 15:24:52', '2017-05-02 15:24:52', '009fea25-4b1f-479a-be91-1bc0152fcbc8'),
 ('27', '6', '33', '25', '4', '5', '1', '2017-05-02 15:25:02', '2017-05-02 15:25:02', '3ef6889d-3539-48a8-ab63-629bb6d61685'),
 ('28', '6', '34', '25', '6', '7', '1', '2017-05-02 15:25:15', '2017-05-02 15:25:15', '8c9d5303-dde3-42a0-8ca6-ac7212a16ff1'),
 ('29', '6', '35', '25', '8', '9', '1', '2017-05-02 15:25:39', '2017-05-02 15:25:39', '6e36bb69-ffd3-475e-bcb2-5ee93f10c68f'),
 ('30', '6', '36', '25', '10', '11', '1', '2017-05-02 15:25:48', '2017-05-02 15:25:48', '526908fb-b16e-4927-adba-87ce0366a29e'),
 ('31', '6', '37', '25', '12', '13', '1', '2017-05-02 15:25:56', '2017-05-02 15:25:56', '98aee135-3bf7-4b61-8c8a-dc40cb2f6d9a'),
 ('32', '6', '38', '25', '14', '15', '1', '2017-05-02 15:26:30', '2017-05-02 15:26:30', '55a86bff-26d3-407b-80da-6951fc170f9d'),
 ('33', '6', '39', '25', '16', '17', '1', '2017-05-02 15:27:07', '2017-05-02 15:27:07', 'e513c450-8cfc-432e-8329-40406028f2f8'),
 ('34', '6', '40', '25', '18', '19', '1', '2017-05-02 15:27:13', '2017-05-02 15:27:13', '332829f6-ea17-4aaa-8afa-67c66a1b9036'),
 ('35', '6', '41', '25', '20', '21', '1', '2017-05-02 15:27:21', '2017-05-02 15:27:21', '04fa723a-f713-4291-93c6-4bccf06efb30'),
 ('36', '6', '42', '25', '22', '23', '1', '2017-05-02 15:27:32', '2017-05-02 15:27:32', 'b3fde5fe-5dae-4de4-97cc-4752c44e2436'),
 ('37', '6', '43', '25', '24', '25', '1', '2017-05-02 15:27:41', '2017-05-02 15:27:41', '67f3c9fc-bb7d-4cb0-978a-1bea560044a9'),
 ('38', '6', '44', '25', '26', '27', '1', '2017-05-02 15:27:50', '2017-05-02 15:27:50', '6155f990-5a12-4e25-9857-0420937afe0e'),
 ('39', '6', '45', '25', '28', '29', '1', '2017-05-02 15:27:58', '2017-05-02 15:27:58', '83955dca-8fe1-46f9-baab-f1e579700272'),
 ('45', '1', '53', '10', '2', '3', '1', '2017-05-03 10:09:47', '2017-05-03 10:09:47', '2ce07fe2-1482-4c47-a150-7cb107c24bb6'),
 ('46', '1', '54', '10', '4', '5', '1', '2017-05-03 10:11:05', '2017-05-03 10:11:05', '22b032ea-5a74-4f17-b177-f2d3251cdef8'),
 ('47', '1', '55', '10', '6', '7', '1', '2017-05-03 10:11:17', '2017-05-03 10:11:17', '15e96c35-4ba2-4754-8d61-adb30d95ebd4'),
 ('48', '1', '56', '10', '8', '9', '1', '2017-05-03 10:11:54', '2017-05-03 10:11:54', 'e135b4bd-df72-4613-9677-c84bfb939396'),
 ('49', '1', '57', '10', '10', '11', '1', '2017-05-03 10:12:24', '2017-05-03 10:12:24', '72910517-0700-4849-9af5-b53e0d395b20'),
 ('50', '1', '58', '10', '12', '13', '1', '2017-05-03 10:12:39', '2017-05-03 10:12:39', '759b10dc-0992-4cb3-ad19-d854b658c6f3'),
 ('51', '1', '59', '10', '14', '15', '1', '2017-05-03 10:13:32', '2017-05-03 10:13:32', 'd02cf0a9-d69d-4e70-8d2e-298e55f81c9a'),
 ('52', '1', '60', '10', '16', '17', '1', '2017-05-03 10:14:27', '2017-05-03 10:14:27', 'c39f7934-75a3-43e4-9826-12ce1aceadb8'),
 ('53', '1', '61', '10', '18', '19', '1', '2017-05-03 10:22:35', '2017-05-03 10:22:35', '86dffc3a-2801-4c71-aa88-534ab597884e'),
 ('54', '1', '62', '10', '20', '21', '1', '2017-05-03 10:23:35', '2017-05-03 10:23:35', '6df4f4ef-39f5-4e14-9bd1-f9d1bc271305'),
 ('55', '1', '63', '10', '22', '23', '1', '2017-05-03 10:24:59', '2017-05-03 10:24:59', '1bbee3cb-279f-4a23-afbd-df62fd4f7e39'),
 ('56', '1', '64', '10', '24', '25', '1', '2017-05-03 10:25:17', '2017-05-03 10:25:17', 'a9d64723-ca13-40f6-a236-f16ca2eca93c'),
 ('57', '1', '65', '10', '26', '27', '1', '2017-05-03 10:25:39', '2017-05-03 10:25:39', '3a744a20-90e2-45a2-82a1-9c25b1d237d1'),
 ('58', '1', '66', '10', '28', '29', '1', '2017-05-03 10:25:49', '2017-05-03 10:25:49', 'ac6a9960-add8-4c84-b7ca-12b2b14ec30e'),
 ('59', '1', '67', '10', '30', '31', '1', '2017-05-03 10:26:01', '2017-05-03 10:26:01', '8775fbd7-9670-425d-bf25-811aee26746f'),
 ('60', '1', '68', '10', '32', '33', '1', '2017-05-03 10:26:19', '2017-05-03 10:26:19', '3317a767-c4b6-4690-bb8c-e7756b293f27'),
 ('61', '1', '69', '10', '34', '35', '1', '2017-05-03 10:27:27', '2017-05-03 10:27:27', '4181e9ef-42bc-4cc6-9b68-88509168a19d'),
 ('62', '1', '70', '10', '36', '37', '1', '2017-05-03 10:52:22', '2017-05-03 10:52:22', 'd435fac3-b09b-4a46-aab3-72e7324975e4'),
 ('63', '1', '71', '10', '38', '39', '1', '2017-05-03 10:54:26', '2017-05-03 10:54:26', 'b21c72fd-f2f2-474e-bd5f-63a7f374a75d'),
 ('64', '1', '72', '10', '40', '41', '1', '2017-05-03 10:54:43', '2017-05-03 10:54:43', '5ae4b918-e973-43ea-ac8d-fb0cabbf4850'),
 ('65', '7', NULL, '65', '1', '18', '0', '2017-05-03 13:01:25', '2017-05-03 13:01:25', 'e7ede75b-ec04-4554-9048-990dc59fe6b2'),
 ('66', '7', '74', '65', '2', '17', '1', '2017-05-03 13:01:25', '2017-05-03 13:01:25', 'd3f07930-297d-451f-8b01-7be003f943e7'),
 ('67', '7', '75', '65', '3', '4', '2', '2017-05-03 13:02:06', '2017-05-03 13:02:06', 'e058cda2-c5d8-4ff6-8b80-0dd55a2bc6f2'),
 ('68', '7', '76', '65', '5', '6', '2', '2017-05-03 13:11:14', '2017-05-03 13:11:14', 'f9770941-21dd-4205-9e36-55633cb4f2a9'),
 ('69', '7', '77', '65', '7', '8', '2', '2017-05-03 13:11:27', '2017-05-03 13:11:27', '4dbcdcba-9218-4fbd-8683-8e94d714dbac'),
 ('71', '7', '79', '65', '9', '10', '2', '2017-05-03 13:11:56', '2017-05-03 13:11:56', 'c626f1e8-6992-4b21-8324-b1d44c65547e'),
 ('72', '7', '80', '65', '11', '12', '2', '2017-05-03 13:12:23', '2017-05-03 13:12:23', '513098cf-8e3e-45d3-8705-122fa29e3710'),
 ('74', '7', '82', '65', '14', '15', '3', '2017-05-03 13:17:50', '2017-05-03 13:17:50', '8516f660-261e-4e75-b275-ac9b65dc45ca'),
 ('75', '7', '83', '65', '13', '16', '2', '2017-05-03 13:18:47', '2017-05-03 13:18:47', 'e26a0da5-b448-42ed-80fa-963c5e377d7c'),
 ('76', '1', '84', '10', '42', '43', '1', '2017-05-04 09:25:06', '2017-05-04 09:25:06', '38978d67-d12b-4ef0-9931-26acbbe89d3f');



DROP TABLE IF EXISTS `craft_structures`;


--
-- Schema for table `craft_structures`
--
CREATE TABLE `craft_structures` (
  `id` int(11) NOT NULL AUTO_INCREMENT,
  `maxLevels` smallint(6) unsigned DEFAULT NULL,
  `dateCreated` datetime NOT NULL,
  `dateUpdated` datetime NOT NULL,
  `uid` char(36) COLLATE utf8_unicode_ci NOT NULL DEFAULT '0',
  PRIMARY KEY (`id`)
) ENGINE=InnoDB AUTO_INCREMENT=9 DEFAULT CHARSET=utf8 COLLATE=utf8_unicode_ci;

--
-- Data for table `craft_structures`
--

INSERT INTO `craft_structures` (`id`, `maxLevels`, `dateCreated`, `dateUpdated`, `uid`) VALUES
 ('1', '1', '2017-04-27 16:03:14', '2017-05-02 19:47:30', '2e85d387-9ff0-45b2-920e-16f6a329fdf7'),
 ('2', NULL, '2017-04-27 16:04:31', '2017-05-03 10:45:09', '201a0748-87c3-46d0-9031-29d4932ab006'),
 ('3', NULL, '2017-04-27 16:05:29', '2017-04-27 16:05:29', 'af96c351-71a7-4a25-bb98-120ea2cb1462'),
 ('4', '2', '2017-04-27 22:20:29', '2017-04-27 22:20:29', '7e45993d-1848-4ff4-a4e7-99c937e2a554'),
 ('5', NULL, '2017-05-02 14:22:00', '2017-05-02 14:23:45', 'd96175aa-faf0-41e4-bb08-02f2a3b3ce85'),
 ('6', '1', '2017-05-02 14:22:38', '2017-05-02 14:22:38', '44bf8c37-7bf1-45bf-bf05-aeae9e88f810'),
 ('7', '3', '2017-05-03 12:58:39', '2017-05-03 13:23:38', 'bd8fd67a-3ea1-4c14-9530-df1389f573d1'),
 ('8', '1', '2017-05-03 13:00:49', '2017-05-03 13:00:49', 'ca5b5c40-6057-43ce-bd26-9ce7a2dd36ea');



DROP TABLE IF EXISTS `craft_systemsettings`;


--
-- Schema for table `craft_systemsettings`
--
CREATE TABLE `craft_systemsettings` (
  `id` int(11) NOT NULL AUTO_INCREMENT,
  `category` varchar(15) COLLATE utf8_unicode_ci NOT NULL,
  `settings` text COLLATE utf8_unicode_ci,
  `dateCreated` datetime NOT NULL,
  `dateUpdated` datetime NOT NULL,
  `uid` char(36) COLLATE utf8_unicode_ci NOT NULL DEFAULT '0',
  PRIMARY KEY (`id`),
  UNIQUE KEY `craft_systemsettings_category_unq_idx` (`category`)
) ENGINE=InnoDB AUTO_INCREMENT=2 DEFAULT CHARSET=utf8 COLLATE=utf8_unicode_ci;

--
-- Data for table `craft_systemsettings`
--

INSERT INTO `craft_systemsettings` (`id`, `category`, `settings`, `dateCreated`, `dateUpdated`, `uid`) VALUES
 ('1', 'email', '{\"protocol\":\"php\",\"emailAddress\":\"admin@segmental.ru\",\"senderName\":\"\\u0411\\u0435\\u0439\\u043a\\u0435\\u0440 \\u0422\\u0438\\u043b\\u043b\\u0438 \\u0420\\u043e\\u0441\\u0441\\u0438\\u044f\"}', '2017-04-27 15:30:04', '2017-04-27 15:30:04', '533125ef-059e-4b9c-ae01-6edbde680460');



DROP TABLE IF EXISTS `craft_taggroups`;


--
-- Schema for table `craft_taggroups`
--
CREATE TABLE `craft_taggroups` (
  `id` int(11) NOT NULL AUTO_INCREMENT,
  `name` varchar(255) COLLATE utf8_unicode_ci NOT NULL,
  `handle` varchar(255) COLLATE utf8_unicode_ci NOT NULL,
  `fieldLayoutId` int(10) DEFAULT NULL,
  `dateCreated` datetime NOT NULL,
  `dateUpdated` datetime NOT NULL,
  `uid` char(36) COLLATE utf8_unicode_ci NOT NULL DEFAULT '0',
  PRIMARY KEY (`id`),
  UNIQUE KEY `craft_taggroups_name_unq_idx` (`name`),
  UNIQUE KEY `craft_taggroups_handle_unq_idx` (`handle`),
  KEY `craft_taggroups_fieldLayoutId_fk` (`fieldLayoutId`)
) ENGINE=InnoDB AUTO_INCREMENT=2 DEFAULT CHARSET=utf8 COLLATE=utf8_unicode_ci;

--
-- Data for table `craft_taggroups`
--

INSERT INTO `craft_taggroups` (`id`, `name`, `handle`, `fieldLayoutId`, `dateCreated`, `dateUpdated`, `uid`) VALUES
 ('1', 'Default', 'default', '1', '2017-04-27 15:30:04', '2017-04-27 15:30:04', '72c9acf5-2b84-4d7b-8e22-10b2d6af607b');



DROP TABLE IF EXISTS `craft_tags`;


--
-- Schema for table `craft_tags`
--
CREATE TABLE `craft_tags` (
  `id` int(11) NOT NULL,
  `groupId` int(11) NOT NULL,
  `dateCreated` datetime NOT NULL,
  `dateUpdated` datetime NOT NULL,
  `uid` char(36) COLLATE utf8_unicode_ci NOT NULL DEFAULT '0',
  PRIMARY KEY (`id`),
  KEY `craft_tags_groupId_fk` (`groupId`)
) ENGINE=InnoDB DEFAULT CHARSET=utf8 COLLATE=utf8_unicode_ci;

DROP TABLE IF EXISTS `craft_tasks`;


--
-- Schema for table `craft_tasks`
--
CREATE TABLE `craft_tasks` (
  `id` int(11) NOT NULL AUTO_INCREMENT,
  `root` int(11) unsigned DEFAULT NULL,
  `lft` int(11) unsigned NOT NULL,
  `rgt` int(11) unsigned NOT NULL,
  `level` smallint(6) unsigned NOT NULL,
  `currentStep` int(11) unsigned DEFAULT NULL,
  `totalSteps` int(11) unsigned DEFAULT NULL,
  `status` enum('pending','error','running') COLLATE utf8_unicode_ci DEFAULT NULL,
  `type` varchar(150) COLLATE utf8_unicode_ci NOT NULL,
  `description` varchar(255) COLLATE utf8_unicode_ci DEFAULT NULL,
  `settings` mediumtext COLLATE utf8_unicode_ci,
  `dateCreated` datetime NOT NULL,
  `dateUpdated` datetime NOT NULL,
  `uid` char(36) COLLATE utf8_unicode_ci NOT NULL DEFAULT '0',
  PRIMARY KEY (`id`),
  KEY `craft_tasks_root_idx` (`root`),
  KEY `craft_tasks_lft_idx` (`lft`),
  KEY `craft_tasks_rgt_idx` (`rgt`),
  KEY `craft_tasks_level_idx` (`level`)
) ENGINE=InnoDB AUTO_INCREMENT=271 DEFAULT CHARSET=utf8 COLLATE=utf8_unicode_ci;

DROP TABLE IF EXISTS `craft_templatecachecriteria`;


--
-- Schema for table `craft_templatecachecriteria`
--
CREATE TABLE `craft_templatecachecriteria` (
  `id` int(11) NOT NULL AUTO_INCREMENT,
  `cacheId` int(11) NOT NULL,
  `type` varchar(150) COLLATE utf8_unicode_ci NOT NULL,
  `criteria` text COLLATE utf8_unicode_ci NOT NULL,
  PRIMARY KEY (`id`),
  KEY `craft_templatecachecriteria_cacheId_fk` (`cacheId`),
  KEY `craft_templatecachecriteria_type_idx` (`type`)
) ENGINE=InnoDB DEFAULT CHARSET=utf8 COLLATE=utf8_unicode_ci;

DROP TABLE IF EXISTS `craft_templatecacheelements`;


--
-- Schema for table `craft_templatecacheelements`
--
CREATE TABLE `craft_templatecacheelements` (
  `cacheId` int(11) NOT NULL,
  `elementId` int(11) NOT NULL,
  KEY `craft_templatecacheelements_cacheId_fk` (`cacheId`),
  KEY `craft_templatecacheelements_elementId_fk` (`elementId`)
) ENGINE=InnoDB DEFAULT CHARSET=utf8 COLLATE=utf8_unicode_ci;

DROP TABLE IF EXISTS `craft_templatecaches`;


--
-- Schema for table `craft_templatecaches`
--
CREATE TABLE `craft_templatecaches` (
  `id` int(11) NOT NULL AUTO_INCREMENT,
  `cacheKey` varchar(255) COLLATE utf8_unicode_ci NOT NULL,
  `locale` char(12) COLLATE utf8_unicode_ci NOT NULL,
  `path` varchar(255) COLLATE utf8_unicode_ci DEFAULT NULL,
  `expiryDate` datetime NOT NULL,
  `body` mediumtext COLLATE utf8_unicode_ci NOT NULL,
  PRIMARY KEY (`id`),
  KEY `craft_templatecaches_expiryDate_cacheKey_locale_path_idx` (`expiryDate`,`cacheKey`,`locale`,`path`),
  KEY `craft_templatecaches_locale_fk` (`locale`)
) ENGINE=InnoDB DEFAULT CHARSET=utf8 COLLATE=utf8_unicode_ci;

DROP TABLE IF EXISTS `craft_tokens`;


--
-- Schema for table `craft_tokens`
--
CREATE TABLE `craft_tokens` (
  `id` int(11) NOT NULL AUTO_INCREMENT,
  `token` char(32) COLLATE utf8_unicode_ci NOT NULL,
  `route` text COLLATE utf8_unicode_ci,
  `usageLimit` tinyint(3) unsigned DEFAULT NULL,
  `usageCount` tinyint(3) unsigned DEFAULT NULL,
  `expiryDate` datetime NOT NULL,
  `dateCreated` datetime NOT NULL,
  `dateUpdated` datetime NOT NULL,
  `uid` char(36) COLLATE utf8_unicode_ci NOT NULL DEFAULT '0',
  PRIMARY KEY (`id`),
  UNIQUE KEY `craft_tokens_token_unq_idx` (`token`),
  KEY `craft_tokens_expiryDate_idx` (`expiryDate`)
) ENGINE=InnoDB DEFAULT CHARSET=utf8 COLLATE=utf8_unicode_ci;

DROP TABLE IF EXISTS `craft_usergroups`;


--
-- Schema for table `craft_usergroups`
--
CREATE TABLE `craft_usergroups` (
  `id` int(11) NOT NULL AUTO_INCREMENT,
  `name` varchar(255) COLLATE utf8_unicode_ci NOT NULL,
  `handle` varchar(255) COLLATE utf8_unicode_ci NOT NULL,
  `dateCreated` datetime NOT NULL,
  `dateUpdated` datetime NOT NULL,
  `uid` char(36) COLLATE utf8_unicode_ci NOT NULL DEFAULT '0',
  PRIMARY KEY (`id`),
  UNIQUE KEY `craft_usergroups_name_unq_idx` (`name`),
  UNIQUE KEY `craft_usergroups_handle_unq_idx` (`handle`)
) ENGINE=InnoDB DEFAULT CHARSET=utf8 COLLATE=utf8_unicode_ci;

DROP TABLE IF EXISTS `craft_usergroups_users`;


--
-- Schema for table `craft_usergroups_users`
--
CREATE TABLE `craft_usergroups_users` (
  `id` int(11) NOT NULL AUTO_INCREMENT,
  `groupId` int(11) NOT NULL,
  `userId` int(11) NOT NULL,
  `dateCreated` datetime NOT NULL,
  `dateUpdated` datetime NOT NULL,
  `uid` char(36) COLLATE utf8_unicode_ci NOT NULL DEFAULT '0',
  PRIMARY KEY (`id`),
  UNIQUE KEY `craft_usergroups_users_groupId_userId_unq_idx` (`groupId`,`userId`),
  KEY `craft_usergroups_users_userId_fk` (`userId`)
) ENGINE=InnoDB DEFAULT CHARSET=utf8 COLLATE=utf8_unicode_ci;

DROP TABLE IF EXISTS `craft_userpermissions`;


--
-- Schema for table `craft_userpermissions`
--
CREATE TABLE `craft_userpermissions` (
  `id` int(11) NOT NULL AUTO_INCREMENT,
  `name` varchar(255) COLLATE utf8_unicode_ci NOT NULL,
  `dateCreated` datetime NOT NULL,
  `dateUpdated` datetime NOT NULL,
  `uid` char(36) COLLATE utf8_unicode_ci NOT NULL DEFAULT '0',
  PRIMARY KEY (`id`),
  UNIQUE KEY `craft_userpermissions_name_unq_idx` (`name`)
) ENGINE=InnoDB DEFAULT CHARSET=utf8 COLLATE=utf8_unicode_ci;

DROP TABLE IF EXISTS `craft_userpermissions_usergroups`;


--
-- Schema for table `craft_userpermissions_usergroups`
--
CREATE TABLE `craft_userpermissions_usergroups` (
  `id` int(11) NOT NULL AUTO_INCREMENT,
  `permissionId` int(11) NOT NULL,
  `groupId` int(11) NOT NULL,
  `dateCreated` datetime NOT NULL,
  `dateUpdated` datetime NOT NULL,
  `uid` char(36) COLLATE utf8_unicode_ci NOT NULL DEFAULT '0',
  PRIMARY KEY (`id`),
  UNIQUE KEY `craft_userpermissions_usergroups_permissionId_groupId_unq_idx` (`permissionId`,`groupId`),
  KEY `craft_userpermissions_usergroups_groupId_fk` (`groupId`)
) ENGINE=InnoDB DEFAULT CHARSET=utf8 COLLATE=utf8_unicode_ci;

DROP TABLE IF EXISTS `craft_userpermissions_users`;


--
-- Schema for table `craft_userpermissions_users`
--
CREATE TABLE `craft_userpermissions_users` (
  `id` int(11) NOT NULL AUTO_INCREMENT,
  `permissionId` int(11) NOT NULL,
  `userId` int(11) NOT NULL,
  `dateCreated` datetime NOT NULL,
  `dateUpdated` datetime NOT NULL,
  `uid` char(36) COLLATE utf8_unicode_ci NOT NULL DEFAULT '0',
  PRIMARY KEY (`id`),
  UNIQUE KEY `craft_userpermissions_users_permissionId_userId_unq_idx` (`permissionId`,`userId`),
  KEY `craft_userpermissions_users_userId_fk` (`userId`)
) ENGINE=InnoDB DEFAULT CHARSET=utf8 COLLATE=utf8_unicode_ci;

DROP TABLE IF EXISTS `craft_users`;


--
-- Schema for table `craft_users`
--
CREATE TABLE `craft_users` (
  `id` int(11) NOT NULL,
  `username` varchar(100) COLLATE utf8_unicode_ci NOT NULL,
  `photo` varchar(100) COLLATE utf8_unicode_ci DEFAULT NULL,
  `firstName` varchar(100) COLLATE utf8_unicode_ci DEFAULT NULL,
  `lastName` varchar(100) COLLATE utf8_unicode_ci DEFAULT NULL,
  `email` varchar(255) COLLATE utf8_unicode_ci NOT NULL,
  `password` char(255) COLLATE utf8_unicode_ci DEFAULT NULL,
  `preferredLocale` char(12) COLLATE utf8_unicode_ci DEFAULT NULL,
  `weekStartDay` tinyint(1) unsigned NOT NULL DEFAULT '0',
  `admin` tinyint(1) unsigned NOT NULL DEFAULT '0',
  `client` tinyint(1) unsigned NOT NULL DEFAULT '0',
  `locked` tinyint(1) unsigned NOT NULL DEFAULT '0',
  `suspended` tinyint(1) unsigned NOT NULL DEFAULT '0',
  `pending` tinyint(1) unsigned NOT NULL DEFAULT '0',
  `archived` tinyint(1) unsigned NOT NULL DEFAULT '0',
  `lastLoginDate` datetime DEFAULT NULL,
  `lastLoginAttemptIPAddress` varchar(45) COLLATE utf8_unicode_ci DEFAULT NULL,
  `invalidLoginWindowStart` datetime DEFAULT NULL,
  `invalidLoginCount` tinyint(4) unsigned DEFAULT NULL,
  `lastInvalidLoginDate` datetime DEFAULT NULL,
  `lockoutDate` datetime DEFAULT NULL,
  `verificationCode` char(100) COLLATE utf8_unicode_ci DEFAULT NULL,
  `verificationCodeIssuedDate` datetime DEFAULT NULL,
  `unverifiedEmail` varchar(255) COLLATE utf8_unicode_ci DEFAULT NULL,
  `passwordResetRequired` tinyint(1) unsigned NOT NULL DEFAULT '0',
  `lastPasswordChangeDate` datetime DEFAULT NULL,
  `dateCreated` datetime NOT NULL,
  `dateUpdated` datetime NOT NULL,
  `uid` char(36) COLLATE utf8_unicode_ci NOT NULL DEFAULT '0',
  PRIMARY KEY (`id`),
  UNIQUE KEY `craft_users_username_unq_idx` (`username`),
  UNIQUE KEY `craft_users_email_unq_idx` (`email`),
  KEY `craft_users_verificationCode_idx` (`verificationCode`),
  KEY `craft_users_uid_idx` (`uid`),
  KEY `craft_users_preferredLocale_fk` (`preferredLocale`)
) ENGINE=InnoDB DEFAULT CHARSET=utf8 COLLATE=utf8_unicode_ci;

--
-- Data for table `craft_users`
--

INSERT INTO `craft_users` (`id`, `username`, `photo`, `firstName`, `lastName`, `email`, `password`, `preferredLocale`, `weekStartDay`, `admin`, `client`, `locked`, `suspended`, `pending`, `archived`, `lastLoginDate`, `lastLoginAttemptIPAddress`, `invalidLoginWindowStart`, `invalidLoginCount`, `lastInvalidLoginDate`, `lockoutDate`, `verificationCode`, `verificationCodeIssuedDate`, `unverifiedEmail`, `passwordResetRequired`, `lastPasswordChangeDate`, `dateCreated`, `dateUpdated`, `uid`) VALUES
 ('1', 'admin', NULL, NULL, NULL, 'admin@segmental.ru', '$2y$13$/B6yQJUdZAPg3.JgfxbZhOJwXyJOPDnHWF1JI.SH7x1Qe6bNF7EHS', NULL, '0', '1', '0', '0', '0', '0', '0', '2017-05-04 09:24:31', '::1', NULL, NULL, NULL, NULL, NULL, NULL, NULL, '0', '2017-04-27 15:30:00', '2017-04-27 15:30:00', '2017-05-04 09:24:32', 'f166f5e1-9aed-4b3f-a13f-9e4a69aee873');



DROP TABLE IF EXISTS `craft_widgets`;


--
-- Schema for table `craft_widgets`
--
CREATE TABLE `craft_widgets` (
  `id` int(11) NOT NULL AUTO_INCREMENT,
  `userId` int(11) NOT NULL,
  `type` varchar(150) COLLATE utf8_unicode_ci NOT NULL,
  `sortOrder` smallint(6) unsigned DEFAULT NULL,
  `colspan` tinyint(4) unsigned DEFAULT NULL,
  `settings` text COLLATE utf8_unicode_ci,
  `enabled` tinyint(1) unsigned NOT NULL DEFAULT '1',
  `dateCreated` datetime NOT NULL,
  `dateUpdated` datetime NOT NULL,
  `uid` char(36) COLLATE utf8_unicode_ci NOT NULL DEFAULT '0',
  PRIMARY KEY (`id`),
  KEY `craft_widgets_userId_fk` (`userId`)
) ENGINE=InnoDB AUTO_INCREMENT=5 DEFAULT CHARSET=utf8 COLLATE=utf8_unicode_ci;

--
-- Data for table `craft_widgets`
--

INSERT INTO `craft_widgets` (`id`, `userId`, `type`, `sortOrder`, `colspan`, `settings`, `enabled`, `dateCreated`, `dateUpdated`, `uid`) VALUES
 ('1', '1', 'RecentEntries', '1', NULL, NULL, '1', '2017-04-27 15:36:33', '2017-04-27 15:36:33', '1debe177-f78b-4a37-ad3a-df422f59b590'),
 ('2', '1', 'GetHelp', '2', NULL, NULL, '1', '2017-04-27 15:36:33', '2017-04-27 15:36:33', '7c241abf-dd5e-4db1-97b8-215dc3dd5270'),
 ('3', '1', 'Updates', '3', NULL, NULL, '1', '2017-04-27 15:36:33', '2017-04-27 15:36:33', '42991c41-8ff6-43fc-98d8-77c9c66429e7'),
 ('4', '1', 'Feed', '4', NULL, '{\"url\":\"https:\\/\\/craftcms.com\\/news.rss\",\"title\":\"Craft News\"}', '1', '2017-04-27 15:36:33', '2017-04-27 15:36:33', 'b8321a55-0896-4b2a-9c52-6f00c70eecf5');


--
-- Constraints for tables
--


--
-- Constraints for table `craft_assetfiles`
--
ALTER TABLE `craft_assetfiles`
	ADD CONSTRAINT `craft_assetfiles_folderId_fk` FOREIGN KEY (`folderId`) REFERENCES `craft_assetfolders` (`id`) ON DELETE CASCADE,
	ADD CONSTRAINT `craft_assetfiles_id_fk` FOREIGN KEY (`id`) REFERENCES `craft_elements` (`id`) ON DELETE CASCADE,
	ADD CONSTRAINT `craft_assetfiles_sourceId_fk` FOREIGN KEY (`sourceId`) REFERENCES `craft_assetsources` (`id`) ON DELETE CASCADE;

--
-- Constraints for table `craft_assetfolders`
--
ALTER TABLE `craft_assetfolders`
	ADD CONSTRAINT `craft_assetfolders_sourceId_fk` FOREIGN KEY (`sourceId`) REFERENCES `craft_assetsources` (`id`) ON DELETE CASCADE,
	ADD CONSTRAINT `craft_assetfolders_parentId_fk` FOREIGN KEY (`parentId`) REFERENCES `craft_assetfolders` (`id`) ON DELETE CASCADE;

--
-- Constraints for table `craft_assetindexdata`
--
ALTER TABLE `craft_assetindexdata`
	ADD CONSTRAINT `craft_assetindexdata_sourceId_fk` FOREIGN KEY (`sourceId`) REFERENCES `craft_assetsources` (`id`) ON DELETE CASCADE;

--
-- Constraints for table `craft_assetsources`
--
ALTER TABLE `craft_assetsources`
	ADD CONSTRAINT `craft_assetsources_fieldLayoutId_fk` FOREIGN KEY (`fieldLayoutId`) REFERENCES `craft_fieldlayouts` (`id`) ON DELETE SET NULL;

--
-- Constraints for table `craft_categories`
--
ALTER TABLE `craft_categories`
	ADD CONSTRAINT `craft_categories_groupId_fk` FOREIGN KEY (`groupId`) REFERENCES `craft_categorygroups` (`id`) ON DELETE CASCADE,
	ADD CONSTRAINT `craft_categories_id_fk` FOREIGN KEY (`id`) REFERENCES `craft_elements` (`id`) ON DELETE CASCADE;

--
-- Constraints for table `craft_categorygroups`
--
ALTER TABLE `craft_categorygroups`
	ADD CONSTRAINT `craft_categorygroups_fieldLayoutId_fk` FOREIGN KEY (`fieldLayoutId`) REFERENCES `craft_fieldlayouts` (`id`) ON DELETE SET NULL,
	ADD CONSTRAINT `craft_categorygroups_structureId_fk` FOREIGN KEY (`structureId`) REFERENCES `craft_structures` (`id`) ON DELETE CASCADE;

--
-- Constraints for table `craft_categorygroups_i18n`
--
ALTER TABLE `craft_categorygroups_i18n`
	ADD CONSTRAINT `craft_categorygroups_i18n_locale_fk` FOREIGN KEY (`locale`) REFERENCES `craft_locales` (`locale`) ON DELETE CASCADE ON UPDATE CASCADE,
	ADD CONSTRAINT `craft_categorygroups_i18n_groupId_fk` FOREIGN KEY (`groupId`) REFERENCES `craft_categorygroups` (`id`) ON DELETE CASCADE;

--
-- Constraints for table `craft_content`
--
ALTER TABLE `craft_content`
	ADD CONSTRAINT `craft_content_elementId_fk` FOREIGN KEY (`elementId`) REFERENCES `craft_elements` (`id`) ON DELETE CASCADE,
	ADD CONSTRAINT `craft_content_locale_fk` FOREIGN KEY (`locale`) REFERENCES `craft_locales` (`locale`) ON DELETE CASCADE ON UPDATE CASCADE;

--
-- Constraints for table `craft_elements_i18n`
--
ALTER TABLE `craft_elements_i18n`
	ADD CONSTRAINT `craft_elements_i18n_locale_fk` FOREIGN KEY (`locale`) REFERENCES `craft_locales` (`locale`) ON DELETE CASCADE ON UPDATE CASCADE,
	ADD CONSTRAINT `craft_elements_i18n_elementId_fk` FOREIGN KEY (`elementId`) REFERENCES `craft_elements` (`id`) ON DELETE CASCADE;

--
-- Constraints for table `craft_emailmessages`
--
ALTER TABLE `craft_emailmessages`
	ADD CONSTRAINT `craft_emailmessages_locale_fk` FOREIGN KEY (`locale`) REFERENCES `craft_locales` (`locale`) ON DELETE CASCADE ON UPDATE CASCADE;

--
-- Constraints for table `craft_entries`
--
ALTER TABLE `craft_entries`
	ADD CONSTRAINT `craft_entries_authorId_fk` FOREIGN KEY (`authorId`) REFERENCES `craft_users` (`id`) ON DELETE CASCADE,
	ADD CONSTRAINT `craft_entries_id_fk` FOREIGN KEY (`id`) REFERENCES `craft_elements` (`id`) ON DELETE CASCADE,
	ADD CONSTRAINT `craft_entries_sectionId_fk` FOREIGN KEY (`sectionId`) REFERENCES `craft_sections` (`id`) ON DELETE CASCADE,
	ADD CONSTRAINT `craft_entries_typeId_fk` FOREIGN KEY (`typeId`) REFERENCES `craft_entrytypes` (`id`) ON DELETE CASCADE;

--
-- Constraints for table `craft_entrydrafts`
--
ALTER TABLE `craft_entrydrafts`
	ADD CONSTRAINT `craft_entrydrafts_locale_fk` FOREIGN KEY (`locale`) REFERENCES `craft_locales` (`locale`) ON DELETE CASCADE ON UPDATE CASCADE,
	ADD CONSTRAINT `craft_entrydrafts_creatorId_fk` FOREIGN KEY (`creatorId`) REFERENCES `craft_users` (`id`) ON DELETE CASCADE,
	ADD CONSTRAINT `craft_entrydrafts_entryId_fk` FOREIGN KEY (`entryId`) REFERENCES `craft_entries` (`id`) ON DELETE CASCADE,
	ADD CONSTRAINT `craft_entrydrafts_sectionId_fk` FOREIGN KEY (`sectionId`) REFERENCES `craft_sections` (`id`) ON DELETE CASCADE;

--
-- Constraints for table `craft_entrytypes`
--
ALTER TABLE `craft_entrytypes`
	ADD CONSTRAINT `craft_entrytypes_fieldLayoutId_fk` FOREIGN KEY (`fieldLayoutId`) REFERENCES `craft_fieldlayouts` (`id`) ON DELETE SET NULL,
	ADD CONSTRAINT `craft_entrytypes_sectionId_fk` FOREIGN KEY (`sectionId`) REFERENCES `craft_sections` (`id`) ON DELETE CASCADE;

--
-- Constraints for table `craft_entryversions`
--
ALTER TABLE `craft_entryversions`
	ADD CONSTRAINT `craft_entryversions_locale_fk` FOREIGN KEY (`locale`) REFERENCES `craft_locales` (`locale`) ON DELETE CASCADE ON UPDATE CASCADE,
	ADD CONSTRAINT `craft_entryversions_creatorId_fk` FOREIGN KEY (`creatorId`) REFERENCES `craft_users` (`id`) ON DELETE SET NULL,
	ADD CONSTRAINT `craft_entryversions_entryId_fk` FOREIGN KEY (`entryId`) REFERENCES `craft_entries` (`id`) ON DELETE CASCADE,
	ADD CONSTRAINT `craft_entryversions_sectionId_fk` FOREIGN KEY (`sectionId`) REFERENCES `craft_sections` (`id`) ON DELETE CASCADE;

--
-- Constraints for table `craft_fieldlayoutfields`
--
ALTER TABLE `craft_fieldlayoutfields`
	ADD CONSTRAINT `craft_fieldlayoutfields_fieldId_fk` FOREIGN KEY (`fieldId`) REFERENCES `craft_fields` (`id`) ON DELETE CASCADE,
	ADD CONSTRAINT `craft_fieldlayoutfields_layoutId_fk` FOREIGN KEY (`layoutId`) REFERENCES `craft_fieldlayouts` (`id`) ON DELETE CASCADE,
	ADD CONSTRAINT `craft_fieldlayoutfields_tabId_fk` FOREIGN KEY (`tabId`) REFERENCES `craft_fieldlayouttabs` (`id`) ON DELETE CASCADE;

--
-- Constraints for table `craft_fieldlayouttabs`
--
ALTER TABLE `craft_fieldlayouttabs`
	ADD CONSTRAINT `craft_fieldlayouttabs_layoutId_fk` FOREIGN KEY (`layoutId`) REFERENCES `craft_fieldlayouts` (`id`) ON DELETE CASCADE;

--
-- Constraints for table `craft_fields`
--
ALTER TABLE `craft_fields`
	ADD CONSTRAINT `craft_fields_groupId_fk` FOREIGN KEY (`groupId`) REFERENCES `craft_fieldgroups` (`id`) ON DELETE CASCADE;

--
-- Constraints for table `craft_globalsets`
--
ALTER TABLE `craft_globalsets`
	ADD CONSTRAINT `craft_globalsets_fieldLayoutId_fk` FOREIGN KEY (`fieldLayoutId`) REFERENCES `craft_fieldlayouts` (`id`) ON DELETE SET NULL,
	ADD CONSTRAINT `craft_globalsets_id_fk` FOREIGN KEY (`id`) REFERENCES `craft_elements` (`id`) ON DELETE CASCADE;

--
-- Constraints for table `craft_matrixblocks`
--
ALTER TABLE `craft_matrixblocks`
	ADD CONSTRAINT `craft_matrixblocks_typeId_fk` FOREIGN KEY (`typeId`) REFERENCES `craft_matrixblocktypes` (`id`) ON DELETE CASCADE,
	ADD CONSTRAINT `craft_matrixblocks_fieldId_fk` FOREIGN KEY (`fieldId`) REFERENCES `craft_fields` (`id`) ON DELETE CASCADE,
	ADD CONSTRAINT `craft_matrixblocks_id_fk` FOREIGN KEY (`id`) REFERENCES `craft_elements` (`id`) ON DELETE CASCADE,
	ADD CONSTRAINT `craft_matrixblocks_ownerId_fk` FOREIGN KEY (`ownerId`) REFERENCES `craft_elements` (`id`) ON DELETE CASCADE,
	ADD CONSTRAINT `craft_matrixblocks_ownerLocale_fk` FOREIGN KEY (`ownerLocale`) REFERENCES `craft_locales` (`locale`) ON DELETE CASCADE ON UPDATE CASCADE;

--
-- Constraints for table `craft_matrixblocktypes`
--
ALTER TABLE `craft_matrixblocktypes`
	ADD CONSTRAINT `craft_matrixblocktypes_fieldLayoutId_fk` FOREIGN KEY (`fieldLayoutId`) REFERENCES `craft_fieldlayouts` (`id`) ON DELETE SET NULL,
	ADD CONSTRAINT `craft_matrixblocktypes_fieldId_fk` FOREIGN KEY (`fieldId`) REFERENCES `craft_fields` (`id`) ON DELETE CASCADE;

--
-- Constraints for table `craft_matrixcontent_menuitem`
--
ALTER TABLE `craft_matrixcontent_menuitem`
	ADD CONSTRAINT `craft_matrixcontent_menuitem_elementId_fk` FOREIGN KEY (`elementId`) REFERENCES `craft_elements` (`id`) ON DELETE CASCADE,
	ADD CONSTRAINT `craft_matrixcontent_menuitem_locale_fk` FOREIGN KEY (`locale`) REFERENCES `craft_locales` (`locale`) ON DELETE CASCADE ON UPDATE CASCADE;

--
-- Constraints for table `craft_migrations`
--
ALTER TABLE `craft_migrations`
	ADD CONSTRAINT `craft_migrations_pluginId_fk` FOREIGN KEY (`pluginId`) REFERENCES `craft_plugins` (`id`) ON DELETE CASCADE;

--
-- Constraints for table `craft_navee_navigations`
--
ALTER TABLE `craft_navee_navigations`
	ADD CONSTRAINT `craft_navee_navigations_creatorId_fk` FOREIGN KEY (`creatorId`) REFERENCES `craft_users` (`id`) ON DELETE SET NULL,
	ADD CONSTRAINT `craft_navee_navigations_fieldLayoutId_fk` FOREIGN KEY (`fieldLayoutId`) REFERENCES `craft_fieldlayouts` (`id`) ON DELETE SET NULL;

--
-- Constraints for table `craft_navee_nodes`
--
ALTER TABLE `craft_navee_nodes`
	ADD CONSTRAINT `craft_navee_nodes_navigationId_fk` FOREIGN KEY (`navigationId`) REFERENCES `craft_navee_navigations` (`id`) ON DELETE CASCADE,
	ADD CONSTRAINT `craft_navee_nodes_id_fk` FOREIGN KEY (`id`) REFERENCES `craft_elements` (`id`) ON DELETE CASCADE;

--
-- Constraints for table `craft_relations`
--
ALTER TABLE `craft_relations`
	ADD CONSTRAINT `craft_relations_targetId_fk` FOREIGN KEY (`targetId`) REFERENCES `craft_elements` (`id`) ON DELETE CASCADE,
	ADD CONSTRAINT `craft_relations_fieldId_fk` FOREIGN KEY (`fieldId`) REFERENCES `craft_fields` (`id`) ON DELETE CASCADE,
	ADD CONSTRAINT `craft_relations_sourceId_fk` FOREIGN KEY (`sourceId`) REFERENCES `craft_elements` (`id`) ON DELETE CASCADE,
	ADD CONSTRAINT `craft_relations_sourceLocale_fk` FOREIGN KEY (`sourceLocale`) REFERENCES `craft_locales` (`locale`) ON DELETE CASCADE ON UPDATE CASCADE;

--
-- Constraints for table `craft_routes`
--
ALTER TABLE `craft_routes`
	ADD CONSTRAINT `craft_routes_locale_fk` FOREIGN KEY (`locale`) REFERENCES `craft_locales` (`locale`) ON DELETE CASCADE ON UPDATE CASCADE;

--
-- Constraints for table `craft_sections`
--
ALTER TABLE `craft_sections`
	ADD CONSTRAINT `craft_sections_structureId_fk` FOREIGN KEY (`structureId`) REFERENCES `craft_structures` (`id`) ON DELETE SET NULL;

--
-- Constraints for table `craft_sections_i18n`
--
ALTER TABLE `craft_sections_i18n`
	ADD CONSTRAINT `craft_sections_i18n_locale_fk` FOREIGN KEY (`locale`) REFERENCES `craft_locales` (`locale`) ON DELETE CASCADE ON UPDATE CASCADE,
	ADD CONSTRAINT `craft_sections_i18n_sectionId_fk` FOREIGN KEY (`sectionId`) REFERENCES `craft_sections` (`id`) ON DELETE CASCADE;

--
-- Constraints for table `craft_sessions`
--
ALTER TABLE `craft_sessions`
	ADD CONSTRAINT `craft_sessions_userId_fk` FOREIGN KEY (`userId`) REFERENCES `craft_users` (`id`) ON DELETE CASCADE;

--
-- Constraints for table `craft_shunnedmessages`
--
ALTER TABLE `craft_shunnedmessages`
	ADD CONSTRAINT `craft_shunnedmessages_userId_fk` FOREIGN KEY (`userId`) REFERENCES `craft_users` (`id`) ON DELETE CASCADE;

--
-- Constraints for table `craft_structureelements`
--
ALTER TABLE `craft_structureelements`
	ADD CONSTRAINT `craft_structureelements_elementId_fk` FOREIGN KEY (`elementId`) REFERENCES `craft_elements` (`id`) ON DELETE CASCADE,
	ADD CONSTRAINT `craft_structureelements_structureId_fk` FOREIGN KEY (`structureId`) REFERENCES `craft_structures` (`id`) ON DELETE CASCADE;

--
-- Constraints for table `craft_taggroups`
--
ALTER TABLE `craft_taggroups`
	ADD CONSTRAINT `craft_taggroups_fieldLayoutId_fk` FOREIGN KEY (`fieldLayoutId`) REFERENCES `craft_fieldlayouts` (`id`) ON DELETE SET NULL;

--
-- Constraints for table `craft_tags`
--
ALTER TABLE `craft_tags`
	ADD CONSTRAINT `craft_tags_groupId_fk` FOREIGN KEY (`groupId`) REFERENCES `craft_taggroups` (`id`) ON DELETE CASCADE,
	ADD CONSTRAINT `craft_tags_id_fk` FOREIGN KEY (`id`) REFERENCES `craft_elements` (`id`) ON DELETE CASCADE;

--
-- Constraints for table `craft_templatecachecriteria`
--
ALTER TABLE `craft_templatecachecriteria`
	ADD CONSTRAINT `craft_templatecachecriteria_cacheId_fk` FOREIGN KEY (`cacheId`) REFERENCES `craft_templatecaches` (`id`) ON DELETE CASCADE;

--
-- Constraints for table `craft_templatecacheelements`
--
ALTER TABLE `craft_templatecacheelements`
	ADD CONSTRAINT `craft_templatecacheelements_elementId_fk` FOREIGN KEY (`elementId`) REFERENCES `craft_elements` (`id`) ON DELETE CASCADE,
	ADD CONSTRAINT `craft_templatecacheelements_cacheId_fk` FOREIGN KEY (`cacheId`) REFERENCES `craft_templatecaches` (`id`) ON DELETE CASCADE;

--
-- Constraints for table `craft_templatecaches`
--
ALTER TABLE `craft_templatecaches`
	ADD CONSTRAINT `craft_templatecaches_locale_fk` FOREIGN KEY (`locale`) REFERENCES `craft_locales` (`locale`) ON DELETE CASCADE ON UPDATE CASCADE;

--
-- Constraints for table `craft_usergroups_users`
--
ALTER TABLE `craft_usergroups_users`
	ADD CONSTRAINT `craft_usergroups_users_userId_fk` FOREIGN KEY (`userId`) REFERENCES `craft_users` (`id`) ON DELETE CASCADE,
	ADD CONSTRAINT `craft_usergroups_users_groupId_fk` FOREIGN KEY (`groupId`) REFERENCES `craft_usergroups` (`id`) ON DELETE CASCADE;

--
-- Constraints for table `craft_userpermissions_usergroups`
--
ALTER TABLE `craft_userpermissions_usergroups`
	ADD CONSTRAINT `craft_userpermissions_usergroups_groupId_fk` FOREIGN KEY (`groupId`) REFERENCES `craft_usergroups` (`id`) ON DELETE CASCADE,
	ADD CONSTRAINT `craft_userpermissions_usergroups_permissionId_fk` FOREIGN KEY (`permissionId`) REFERENCES `craft_userpermissions` (`id`) ON DELETE CASCADE;

--
-- Constraints for table `craft_userpermissions_users`
--
ALTER TABLE `craft_userpermissions_users`
	ADD CONSTRAINT `craft_userpermissions_users_userId_fk` FOREIGN KEY (`userId`) REFERENCES `craft_users` (`id`) ON DELETE CASCADE,
	ADD CONSTRAINT `craft_userpermissions_users_permissionId_fk` FOREIGN KEY (`permissionId`) REFERENCES `craft_userpermissions` (`id`) ON DELETE CASCADE;

--
-- Constraints for table `craft_users`
--
ALTER TABLE `craft_users`
	ADD CONSTRAINT `craft_users_preferredLocale_fk` FOREIGN KEY (`preferredLocale`) REFERENCES `craft_locales` (`locale`) ON DELETE SET NULL ON UPDATE CASCADE,
	ADD CONSTRAINT `craft_users_id_fk` FOREIGN KEY (`id`) REFERENCES `craft_elements` (`id`) ON DELETE CASCADE;

--
-- Constraints for table `craft_widgets`
--
ALTER TABLE `craft_widgets`
	ADD CONSTRAINT `craft_widgets_userId_fk` FOREIGN KEY (`userId`) REFERENCES `craft_users` (`id`) ON DELETE CASCADE;

SET FOREIGN_KEY_CHECKS = 1;
